C[C@H]([NH2+]C[C@H](O)c1ccccc1)[C@@H](O)c1ccc(N(C)[C@@H](C)CC#N)cc1O,0.4542124542124542
Cc1ccc(O[C@@H](C)[C@@H](C)[C@@H]2[C@H](O)C(C)(C)c3ccccc3C2(C)C)c([C@@H](C)O)c1,0.3848797250859106
CCC(C[C@H]1[C@@H](O)C(C)(C)c2ccccc2C1(C)C)Oc1ccc(C)cc1[C@H](C)O,0.38095238095238093
CC[C@H](C)c1ccc2c(c1)[C@H](O)CC2(C)N(C)c1ccc([C@@H](C)O)c(O)c1,0.49612403100775193
C[C@@H](c1cccc([C@@](C)(O)C2(C)CC2)c1)[NH+](C)CCC(C)(C)O,0.4615384615384615
CCOC(=O)C(C)(C)[NH+](C)c1ccccc1C(C)(C)O,0.4144144144144144
Cc1cc(CO)c(O)c(CCNCc2c[nH]nc2C(C)(C)C)c1,0.5614035087719298
CC(C)=C[C@@H](O)c1ccc(CNCc2cc(Br)ccc2O)c(C)c1,0.5641025641025641
CC(C)[C@@H](CO)[NH2+][C@H](C)c1cc(O)ccc1-c1ccc(N(C)C[C@H]2C[C@@H]2C)cc1O,0.3636363636363636
Nc1cc(S(=O)(=O)c2ccc(O)c([C@@H]([NH3+])CO)c2)ccc1O,0.4219409282700422
CC(C)c1ccc([C@H](C)[C@H](O)C(C)(C)c2cccc(C(C)(C)O)c2)cc1,0.41379310344827586
C=C(C)C[C@H](c1cccc(C)c1)c1cc(Br)ccc1O,0.4444444444444444
C[C@H](c1ccc2c(c1)[C@H](O)CC2(C)C)c1ccc(O)c([C@@H]([NH3+])CO)c1,0.5499999999999999
Cc1ccccc1C(C)(C)O,0.49382716049382713
CC(C)=C[C@@H](O)c1ccc(CNC[C@](O)(C=C(C)C)c2cc(C)ccc2C)c(C)c1,0.45390070921985815
CC(O)=C[C@@H](O)c1ccc(F)c(C)c1,0.5847953216374269
CC[NH+](Cc1cc(C(C)=O)ccc1O)c1cc(/C=C/[C@@H](O)C(C)(C)C)ccc1O,0.4492753623188406
CC(C)(O)C(=O)[C@H](Oc1cc([C@H](O)CO)ccc1O)c1ccccc1,0.5040650406504065
CC(C)c1ccc([C@H]([C@H](N[C@H](C)C(=O)N(C)C)c2cc(F)ccc2O)[C@@H](C)O)cc1,0.43971631205673756
COc1cc([C@H](O)CO)ccc1C(C)[C@@H](C[C@H](O)c1ccccc1)[C@@H](C)O,0.41025641025641024
CC(C)c1ccc([C@@H]([C@@H](C)O)C(C)(O)c2cccc(C(C)(C)O)c2)cc1,0.43410852713178294
COc1ccc(C(C)(C)C)cc1[C@H](O)CO,0.6327683615819208
CC[C@@H](C)N(C)C(=O)c1ccc(C)c(Br)c1,0.4512820512820513
CC(C)(O)c1cccc(C(C)(O)c2cccc(C(C)(C)O)c2)c1,0.4786324786324786
CC[NH+](CC)Cc1cc(C(C)=O)ccc1C1(C)c2ccccc2C(C)(C)[C@@H](O)[C@H]1O,0.3636363636363636
CC(O)=C[C@@H](O)[C@H](O)C[C@H](C)CNC(=O)c1ccccc1O,0.5155555555555555
C[C@H](CNC(=O)c1ccccc1O)C[C@@H](O)c1ccc(O)c([C@@H]([NH3+])CO)c1,0.4904214559386973
CC(C)(C)c1n[nH]cc1CNC[C@H](O)Br,0.38383838383838387
CCC(C)(C)c1cccc([C@@H]([NH3+])CO)c1O,0.6
C[C@H]1C[C@@H]1CN(C)c1ccc([C@H](O)C(C)(O)c2cccc(C(C)(C)O)c2)c(O)c1,0.4740740740740741
C[C@H]1C[C@@H]1CN(C)c1ccc(O)c(O)c1,0.4375
CC(O)=C[C@@H](O)c1ccc(F)c([C@H](O)C[C@H](C)CNC(=O)c2ccccc2O)c1,0.48351648351648346
COc1ccc(C(C)(C)C)cc1[C@H](O)C(C)[C@@H](C[C@H](O)c1ccccc1)[C@@H](C)O,0.4301075268817204
C[C@@H]([NH2+][C@H](CO)c1cccc([C@@H]([NH3+])CO)c1O)c1cc(O)ccc1O,0.4392156862745098
Cc1ccc(O[C@@H](C)[C@@H](CO)[NH2+][C@H](C)c2cc(O)ccc2O)c([C@@H](C)O)c1,0.5176470588235293
CCC(CO)Oc1ccc(C)cc1[C@H](C)O,0.5901639344262295
CCC(CC(C)(O)c1cccc(C(C)(C)O)c1)Oc1ccc(C)cc1[C@H](C)O,0.42490842490842484
Cc1cc(CO)c(O)c([C@H](C)Oc2ccc(C)cc2[C@@H](C)O)c1,0.5945945945945945
CC(C)=C[C@@H](O)c1ccc(F)c(C)c1,0.5847953216374269
CCC(C)(C)c1cccc([C@@H]([NH3+])C[C@@H](O)c2cc(C(C)(C)C)ccc2OC)c1O,0.4157706093189964
CC1(C)c2ccccc2C(C)(O)[C@H](O)[C@@H]1O,0.6
C[C@@H](O)c1ccc(N(C)[C@@H](C)CC#N)cc1[C@@H](O)CNCc1c[nH]nc1C(C)(C)C,0.45390070921985815
C[C@H](O)c1cccc(C(C)(C)O)c1,0.6923076923076923
CC[C@@H](C)N(CN[C@H](C)c1cc(C)sc1C)C(=O)c1ccc(C)c(O)c1,0.44961240310077516
CCC(C)(C)c1cccc([C@H](CO)C(C)(O)c2cccc([C@H](C)O)c2)c1O,0.5019607843137255
C[C@H](CNC(=O)c1ccccc1O)C[C@H](C)c1cccc(C(C)(C)O)c1,0.46511627906976744
CC(C)[C@@H](C[C@@H](c1ccccc1)c1cccc([C@@H]([NH3+])CO)c1O)[C@@H](C)O,0.4444444444444444
Cc1cc([C@@H](O)c2ccc(O)cc2)c(O)c([C@H](C)Oc2ccc(C)cc2[C@@H](C)O)c1,0.4305555555555556
CC(C)=C[C@@H](O)c1ccc(F)c([C@H](C)[C@H](C)Oc2ccc(C)cc2[C@@H](C)O)c1,0.42490842490842484
CC[NH+](Cc1cc(C(C)=O)ccc1O)C(C)(C)C,0.5833333333333333
Cc1ccc(OC(C)(C)O)c([C@@H](C)O)c1,0.631578947368421
CC(C)[C@@H](C[C@@H](c1ccccc1)C(C)(C)[C@H](O)/C=C/c1ccc(O)c(O)c1)[C@@H](C)O,0.41666666666666663
CCC(CO)Oc1ccc(C)cc1-c1ccc(C)cc1[C@@H](C)O,0.4444444444444444
C[C@H](O)c1cccc(C(C)(O)[C@@H](O)c2ccc(O)cc2)c1,0.5555555555555556
CCCc1ccc(-c2cc(Br)ccc2O)c([C@@H]([NH3+])CO)c1,0.4273504273504274
Cc1cc([C@H](O)C=C(O)OC(C)(C)O)ccc1F,0.6137566137566137
CC[NH+](Cc1cc(C(C)=O)ccc1O)C(C)(C)C(C)(O)c1cccc([C@H](C)O)c1,0.5151515151515151
CC(C)[C@@H](C[C@H](O)c1ccccc1)[C@H](O)[C@H](C)[NH+](C)CCC(C)(C)O,0.4497991967871485
CC(C)[C@@H](CO)[NH2+][C@H](C)c1cc(O)ccc1C(C)(C)C,0.5410628019323671
CCCc1ccc([C@H](C)Oc2ccc(C)cc2[C@@H](C)O)c([C@@H]([NH3+])CO)c1,0.4242424242424242
Cc1ccc(O[C@@H](O)c2ccc(N(C)C[C@H]3C[C@@H]3C)cc2O)c([C@@H](C)O)c1,0.47509578544061304
COc1ccc(C(C)(C)C)cc1[C@H](O)[C@@H]1[C@H](O)C(C)(C)c2ccccc2C1(C)O,0.4157706093189964
CC(C)=C[C@@H](O)[C@H](C)[C@H](C)Oc1ccc(C)cc1[C@@H](C)O,0.5185185185185185
COc1ccc(-c2ccc([C@H](O)C=C(C)C)cc2C)cc1[C@H](O)CO,0.4603174603174603
Cc1cccc([C@@H](O)CN[C@H](C)c2cc(C(C)(C)C)sc2C)c1,0.5688888888888889
COc1ccc(C(C)(C)c2ccc(O)cc2[C@@H](C)[NH2+][C@H](CO)C(C)C)cc1[C@@H](C)O,0.45878136200716846
Cc1ccc(C(=O)N(C)c2ccc(F)c(C)c2)cc1O,0.40350877192982454
CC[NH+](CNCc1c[nH]nc1C(C)(C)C)Cc1cc(C(C)=O)ccc1O,0.46511627906976744
CC(C)=C[C@@H](O)c1ccc(CNCc2cc(C)ccc2O)c(C)c1,0.5641025641025641
Cc1cccc([C@@H](O)[C@H](C)[C@H](C)Oc2ccc(C)cc2[C@@H](C)O)c1,0.47736625514403286
CC[NH+](CC)Cc1cc(C(C)=O)ccc1C(C)(C)CC,0.40888888888888886
CC(=C[C@@H](O)c1ccc(F)c(C)c1)Cc1cc(C)cc(CO)c1O,0.5714285714285714
Cc1cc([C@H](O)C=C(O)OC(C)(C)O)ccc1N(C)c1ccc([C@@H](C)O)c(O)c1,0.4943820224719101
Cc1cc([C@H](O)c2cccc(C(C)(C)O)c2)ccc1F,0.42666666666666664
CCC(CO)Oc1ccc(C)cc1CN[C@H](C)c1cc(C)sc1C,0.40784313725490196
CC(C)(C)c1n[nH]cc1CNCF,0.3076923076923077
Cc1cc(CO)c(O)c(COc2cc([C@H](O)CO)ccc2O)c1,0.5367965367965368
CC(C)(C)c1n[nH]cc1CNC[C@H](O)C(C)(C)c1cccc(C(C)(C)O)c1,0.45977011494252873
CC(=C[C@@H](O)c1ccc(F)c(C)c1)C[C@H](O)c1cccc(C(C)(C)O)c1,0.47058823529411764
CC([C@@H](C[C@H](O)c1ccccc1)[C@@H](C)O)[C@H]1[C@@H](O)C(C)(C)c2ccccc2C1(C)C,0.3986254295532646
COc1ccc(C(C)(C)C2(O)c3ccccc3C(C)(C)[C@@H](O)[C@H]2O)cc1[C@H](O)CO,0.40277777777777773
COc1ccc([C@H]2[C@@H](O)C(C)(C)c3ccccc3C2(C)C)cc1[C@H](O)CO,0.4344569288389513
CC([NH2+]C[C@@H](O)c1ccc(O)cc1)c1cccc(C(C)(C)O)c1,0.5866666666666667
C[C@@H](CC#N)N(C)c1ccc([C@H](O)c2cccc([C@@H]([NH3+])CO)c2O)c(O)c1,0.4148148148148148
COc1ccc(C(C)(C)[C@@H](O)CNCc2c[nH]nc2C(C)(C)C)cc1[C@@H](C)O,0.46441947565543074
C[C@@H](O)c1ccc(N(C)[C@@H](C)CC#N)cc1-c1ccc(N(C)C[C@H]2C[C@@H]2C)cc1O,0.3636363636363636
Cc1ccc(OC(C)(O)CN[C@H](C)c2cc(C)sc2C)c([C@@H](C)O)c1,0.5102880658436213
Cc1sc(C(C)(C)C)cc1[C@@H](C)NC[C@H](C)O,0.4117647058823529
C=C(C)C[C@H](c1cccc(C)c1)C(C)(C)c1ccc(OC)c([C@H](O)CO)c1,0.4148148148148148
C[C@H](O)c1cccc(CNCc2c[nH]nc2C(C)(C)C)c1,0.5225225225225225
Cc1cc([C@H](O)N(C)c2ccc([C@@H](C)O)c(O)c2)ccc1F,0.49122807017543857
CC[NH+](CC)Cc1cc(C(C)=O)ccc1C1(O)c2ccccc2C(C)(C)[C@@H](O)[C@H]1O,0.38095238095238093
CCCc1ccc(C(C)[NH2+]C[C@@H](O)c2ccc(O)cc2)c([C@@H]([NH3+])CO)c1,0.5019607843137255
Cc1ccc(OC(CO)c2cc(N(C)[C@@H](C)CC#N)ccc2[C@@H](C)O)c([C@H](C)O)c1,0.3986254295532646
CC(C)(O)c1ccccc1C(C)(C)CO,0.5977011494252873
Cc1cc([C@H](O)C=C(O)[C@@H](O)c2ccc(N(C)C[C@H]3C[C@@H]3C)cc2O)ccc1F,0.4492753623188406
CC[NH+](Cc1cc(C(C)=O)ccc1O)c1ccc(OC)c([C@H](O)CO)c1,0.5079365079365079
Cc1ccc(O[C@@H](C)[C@@H](C[C@H](C(C)C)[C@@H](C)O)c2ccccc2)c([C@@H](C)O)c1,0.4014336917562724
CC[NH+](CC)Cc1cc(C(C)=O)ccc1[C@@H](C[C@H](C(C)C)[C@@H](C)O)c1ccccc1,0.326797385620915
CC(C)(C)c1n[nH]cc1CNC[C@H](O)F,0.38383838383838387
CC(C)(O)[NH2+]C[C@@H](O)c1ccc(O)c(O)c1,0.6327683615819208
COc1ccc(C(C)(C)c2ccc(O)c(O)c2)cc1[C@@H](C)O,0.5405405405405406
COc1ccc(C(C)(C)[C@H](C)[NH+](C)CCC(C)(C)O)cc1[C@H](O)CO,0.47736625514403286
CC(C)(O)c1cccc([C@@H](O)C(C)(O)c2ccccc2C(C)(C)CO)c1,0.47619047619047616
COc1ccc(C(C)(C)c2ccc([C@H](O)CO)cc2OC)cc1[C@@H](C)O,0.47058823529411764
C[C@H](O)c1cccc([NH2+][C@H](C)c2cc(O)ccc2O)c1,0.5185185185185185
CC[NH+](Cc1cc(C(C)=O)ccc1O)[C@H](O)c1cccc(C(C)(C)O)c1,0.5140562248995983
C=C(C)C[C@@H](Oc1cc([C@H](O)CO)ccc1O)c1cccc(C)c1,0.5166666666666666
COc1cc([C@H](O)CO)ccc1-c1cccc([C@H](C)O)c1,0.4273504273504274
CC(C)(O)c1cccc(C(C)(O)[C@@H](O)c2ccc(O)c(O)c2)c1,0.5765765765765766
Cc1cc(CO)c(O)c(CC(C)(C)c2cccc(C(C)(C)O)c2)c1,0.5789473684210527
CCC(CO)Oc1ccc(C)cc1[C@@H](O)c1ccc(O)c(O)c1,0.4666666666666666
Cc1ccc(O[C@@H](C)[C@@H](C)C(C)(O)c2cccc([C@H](C)O)c2)c([C@@H](C)O)c1,0.45977011494252873
CC(C)(O)c1cccc(C(C)(C)CC(C)(C)[C@H](O)/C=C/c2ccc(O)c(O)c2)c1,0.4542124542124542
CC(CC(C)(C)c1cccc(C(C)(C)O)c1)[C@@H](C[C@H](O)c1ccccc1)[C@@H](C)O,0.4301075268817204
CC(C)(O)[NH2+]CC=Cc1ccc(O)c(O)c1,0.5591397849462365
C[C@H](O)c1cccc(C(C)(O)[C@@H](O)c2ccc(O)cc2)c1,0.5555555555555556
CC[NH+](CC)Cc1cc(C(C)=O)ccc1-c1ccc(OC)c([C@H](O)CO)c1,0.41025641025641024
CC(C)=C[C@@H](O)c1ccc([NH2+][C@H](C)c2cc(O)ccc2O)c(C)c1,0.5714285714285714
CCC(C)(C)c1cccc([C@@H]([NH3+])Cc2ccc(F)c(C)c2)c1O,0.42798353909465014
COc1ccc(-c2cc(N(C)[C@@H](C)CC#N)ccc2[C@@H](C)O)cc1[C@H](O)CO,0.3829787234042553
CC(C)(C)c1n[nH]cc1CNC[C@H](O)F,0.38383838383838387
CC(C)[C@@H](C[C@H](CC(C)(C)c1cccc(C(C)(C)O)c1)c1ccccc1)[C@@H](C)O,0.375
CC(C)(O)c1ccccc1C(C)(O)CC(C)(C)c1cccc([C@@H]([NH3+])CO)c1O,0.42962962962962964
CC[NH+](CC)Cc1cc(C(C)=O)ccc1C1(O)c2ccccc2C(C)(C)[C@@H](O)[C@H]1O,0.38095238095238093
CC(O)=C[C@@H](O)c1cc(C)cc(CO)c1O,0.6666666666666666
CC(C)[C@@H](CO)[NH2+][C@H](C)c1cc(O)ccc1C=C(O)OC(C)(C)O,0.5128205128205128
C[C@@H]([NH2+][C@@H]1[C@H](O)C(C)(C)c2ccccc2C1(C)O)c1cc(O)ccc1O,0.4920634920634921
CC(C)(O)[NH2+]c1n[nH]cc1CNC[C@H](O)c1cccc(F)c1,0.5511111111111111
CC(C)=C[C@@H](O)[C@@H](O)c1cc(C)cc(CO)c1O,0.6775956284153005
C[C@@H]([NH2+]C=C(O)OC(C)(C)O)c1cc(O)ccc1O,0.5858585858585859
CC(C)(O)[NH2+]C=C(O)OC(C)(C)O,0.3225806451612903
CC(C)(O)c1cccc(C(C)(C)CC(C)(O)c2ccccc2C(C)(C)O)c1,0.4242424242424242
CC(=C[C@@H](O)[C@@H](O)c1cc(C)cc(CO)c1O)C(C)(O)c1cccc(C(C)(C)O)c1,0.5037037037037037
COc1ccc(C(C)(C)c2ccc(O)c([C@@H]([NH3+])CO)c2)cc1[C@H](O)CO,0.5140562248995983
CCC(CO)Oc1ccc(C)cc1CC(C)(C)c1cccc(C(C)(C)O)c1,0.3956043956043956
CC(O)=C[C@@H](O)c1cc(C)cc(CO)c1O,0.6666666666666666
CC(C)([NH2+]C[C@@H](O)c1ccc(O)c(O)c1)[C@@H]1[C@H](O)C(C)(C)c2ccccc2C1(C)O,0.45878136200716846
Cc1cc(CO)c(O)c([C@H](O)C=C(O)[C@@H](O)[C@H](C[C@H](O)c2ccccc2)C(C)C)c1,0.49275362318840576
CC(C)(O)c1ccccc1C(C)(CO)C(C)(O)c1ccccc1C(C)(C)CO,0.391304347826087
CCCc1ccc(-c2ccc(O)c(O)c2)c([C@@H]([NH3+])CO)c1,0.4502164502164502
COc1ccc(C(C)(CO)c2ccccc2C(C)(C)O)cc1[C@H](O)CO,0.44961240310077516
CC(C)=C[C@@H](O)c1ccccc1C(C)(C)O,0.6
CC(=C[C@@H](O)c1ccc(F)c(C)c1)c1ccc(O)c([C@@H]([NH3+])CO)c1,0.547008547008547
Cc1ccc(O[C@@H](C)[C@@H](C)c2ccc(F)c(C)c2)c([C@@H](C)O)c1,0.42798353909465014
Oc1ccc(C(O)O)cc1O,0.49382716049382713
CC(C)[C@@H](CO)[NH2+][C@H](C)c1cc(O)ccc1[C@H](C)O,0.6458333333333333
CC(O)=C[C@@H](O)c1cc(C)cc(CO)c1O,0.6666666666666666
Cc1cc(CO)c(O)c([C@H](O)c2cccc(C(C)(C)O)c2)c1,0.5662100456621004
CC(O)=CCc1cc(C)cc(CO)c1O,0.6549707602339181
Cc1cc(CO)c(O)c([C@H](O)[NH2+][C@H](C)c2cc(O)ccc2O)c1,0.5194805194805194
CC(C)(O)[NH2+]Cc1ccc(O)c([C@@H]([NH3+])CO)c1,0.6666666666666666
Cc1cc(CO)c(O)c(Cc2cc(/C=C/[C@@H](O)C(C)(C)C)ccc2O)c1,0.5833333333333333
CC(O)=Cc1ccc([C@H](O)C=C(O)OC(C)(C)O)cc1C,0.5714285714285714
CC(C)=C[C@@H](O)c1ccccc1C(C)(O)C(C)(C)O,0.5656565656565656
CC(O)=C[C@@H](O)c1ccc(F)c([NH2+][C@H](C)c2cc(O)ccc2O)c1,0.5232067510548523
CC([NH2+]C[C@@H](O)c1ccc([NH2+]C(C)(C)O)cc1)c1cccc(C(C)(C)O)c1,0.4545454545454545
CCC(C)(C)c1cccc([C@@H]([NH3+])CC(O)=C[C@@H](O)c2cc(C)cc(CO)c2O)c1O,0.4981684981684982
[NH3+][C@@H](CO)c1cc(C[C@@H](O)c2ccc(O)c(O)c2)ccc1O,0.48484848484848486
CC(C)[C@@H](C[C@@H](c1ccccc1)[C@H](O)C[NH2+]C(C)(C)O)[C@@H](C)O,0.43333333333333335
CC(C)=C[C@H](C)[C@H](C)Oc1ccc(C)cc1[C@@H](C)O,0.5024154589371981
CCC(CO)Oc1ccc(C)cc1-c1cc(CO)c(O)c(CC=C(C)O)c1,0.4696969696969697
C[C@@H]([NH2+][C@@H](C=C(O)OC(C)(C)O)CO)c1cc(O)ccc1O,0.5225225225225225
CC(O)=CCc1cc(C)cc(CO)c1CO,0.5591397849462365
COc1ccc(C(C)(C)c2cc(CO)c(O)c(CC=C(C)O)c2)cc1[C@@H](C)O,0.5271317829457364
CCCc1ccc([C@@H](O)[C@H](C[C@H](O)c2ccccc2)C(C)C)c([C@@H]([NH3+])CO)c1,0.43478260869565216
CCC(C)(C)c1cccc([C@@H]([NH3+])CC(C)=C[C@@H](O)c2ccccc2C(C)(C)O)c1O,0.42105263157894735
CCC(C)(C)c1cccc([C@@H]([NH3+])C[C@@H](O)[C@H](C[C@H](O)c2ccccc2)C(C)C)c1O,0.43508771929824563
CC([NH2+]C(C)(C)O)[C@@H](C[C@H](O)c1ccccc1)[C@@H](C)O,0.5333333333333333
Cc1ccc(O[C@@H](C)[C@H](O)c2cccc(C(C)(C)O)c2)c([C@@H](C)O)c1,0.4878048780487805
CC[NH+](CC)Cc1cc(C(C)=O)ccc1-c1cc(O)ccc1O,0.4666666666666666
Cc1cc(-c2cccc(C(C)(C)O)c2)ccc1F,0.36036036036036034
Cc1cc(CO)c(O)c([C@H](O)[C@H](O)C(C)(O)c2cccc(C(C)(C)O)c2)c1,0.5528455284552845
CC(C)=C[C@@H](O)c1ccccc1C(C)(O)c1cc(CO)c(O)c(CC=C(C)O)c1,0.5093632958801497
CC(O)=CCc1cc(C)cc(CO)c1C=C(O)OC(C)(C)O,0.49777777777777776
Cc1ccc(C(C)(O)c2ccccc2C(C)(C)O)c([C@@H](C)O)c1,0.5021645021645021
C[C@@H]([NH2+]C=C(O)OC(C)(C)O)c1cc(O)ccc1O,0.5858585858585859
CC(C)=CC(C)=C[C@@H](O)c1ccccc1C(C)(C)O,0.5294117647058822
CC(O)=C[C@@H](O)c1cc(C)cc([C@H](C)Oc2ccc(C)cc2[C@@H](C)O)c1O,0.48062015503875966
CC(C)=CC(C)(C)[NH2+]Cc1ccc(O)c([C@@H]([NH3+])CO)c1,0.588235294117647
C[C@@H]([NH2+]C(C)(C)c1cccc(C(C)(C)O)c1)c1cc(O)ccc1O,0.5299145299145298
CC[C@@H](CO)[NH2+][C@H](C)c1cc(O)ccc1O,0.5591397849462365
Cc1cc([C@H](O)CC(C)(C)c2cccc([C@@H]([NH3+])CO)c2O)ccc1F,0.5102880658436213
CC(C)=C[C@@H](O)c1ccccc1C(C)(O)C=C(O)OC(C)(C)O,0.48484848484848486
Cc1cc(CO)c(O)c([C@H](O)[C@H](O)CC(C)(C)c2cccc([C@@H]([NH3+])CO)c2O)c1,0.4943820224719101
Cc1cc(CO)c(O)c([C@H](O)c2ccccc2C(C)(C)O)c1,0.5662100456621004
C[C@H](c1cc(O)ccc1O)[C@H]([NH3+])c1cc(C[NH2+]C(C)(C)O)ccc1O,0.5102880658436213
Cc1cc(CO)c(O)c([C@@H](C)[NH2+]C=C(O)OC(C)(C)O)c1,0.5990338164251208
CC([NH2+]C[C@@H](O)c1ccc(O)cc1)C(C)(O)c1ccccc1C(C)(C)O,0.5140562248995983
C[C@@H]1[C@H](O)C(C)(C)c2ccccc2C1(C)O,0.5683060109289617
CC(C)(O)c1ccccc1C(C)(C)c1ccccc1C(C)(C)O,0.43333333333333335
C[C@H](O)c1cccc(C(C)(O)[C@@H](O)c2ccc(O)c(O)c2)c1,0.5405405405405406
CC(C)[C@@H](C[C@@H](c1ccccc1)c1cccc([C@H](C)O)c1)[C@@H](C)O,0.47154471544715443
CC([NH2+]C[C@@H](O)c1ccc(O)cc1)c1cccc(C(C)(O)c2ccc(O)c(O)c2)c1,0.42611683848797244
CC(C)(O)OCC(C)(C)c1cccc([C@@H]([NH3+])CO)c1O,0.5686274509803921
CC(C)(CO)c1ccccc1C(C)(O)C[C@@H](O)c1ccc(O)c(O)c1,0.5333333333333333
CC(O)=C[C@@H](O)c1cc(C)cc(C(C)(C)c2cccc(C(C)(C)O)c2)c1O,0.4862745098039215
CCC(C)(C)c1cccc([C@@H]([NH3+])CC(C)(C)c2ccc(OC)c([C@H](O)CO)c2)c1O,0.43971631205673756
C[C@@H]([NH2+]C=C(O)OC(C)(C)O)OC(C)(C)O,0.2857142857142857
C[C@@H](O)c1ccc(O)cc1,0.5866666666666667
C[C@H](O)C(C)(C)[NH2+]Cc1ccc(O)c([C@@H]([NH3+])CO)c1,0.6772486772486772
C[C@H](O)C(C)(C)[NH2+]Cc1ccc(O)c([C@@H]([NH3+])c2cccc(C(C)(C)O)c2)c1,0.5019607843137255
Cc1cc(CO)c(O)c([C@H](O)[C@H](O)c2cccc([C@@H]([NH3+])CO)c2O)c1,0.4878048780487805
CCCc1ccc(C(C)(C)[NH2+]Cc2ccc(O)c([C@@H]([NH3+])CO)c2)c([C@@H]([NH3+])CO)c1,0.46376811594202894
CCC(C)(C)c1cccc([C@@H]([NH3+])CO)c1-c1ccccc1C(C)(C)O,0.4031007751937984
CC(C)[C@@H](C[C@@H](c1ccccc1)C(C)[C@@H](C[C@H](O)c1ccccc1)[C@@H](C)O)[C@@H](C)O,0.3945578231292517
CC[NH+](CC)Cc1cc(C(C)=O)ccc1C(C)(C)[NH2+]C[C@@H](O)c1ccc(O)c(O)c1,0.45390070921985815
Cc1cc(CO)c(O)c([C@H](O)[C@H](O)c2ccc(O)c([C@@H]([NH3+])CO)c2)c1,0.5569620253164557
C[C@@H]([NH2+]C(C)(O)c1ccccc1C(C)(C)O)c1cc(O)ccc1O,0.5299145299145298
Cc1cc([C@H](O)c2ccc(O)cc2[C@@H](C)[NH2+][C@H](CO)C(C)C)ccc1F,0.4920634920634921
C[C@@H]([NH2+][C@H](CO)c1cc(O)ccc1O)c1cc(O)ccc1O,0.3950617283950617
C[C@H](O)c1cccc(C(C)(O)C(C)(C)[NH2+]C[C@@H](O)c2ccc(O)c(O)c2)c1,0.5238095238095237
COc1ccc(C(C)(C)[C@@H](O)[C@@H](O)c2cc(C)cc(CO)c2O)cc1[C@@H](C)O,0.5333333333333333
CC(O)=CC(C)(C)c1ccccc1C(C)(C)O,0.5502645502645502
Cc1cc(CO)c(O)c([C@H](O)C(C)[C@@H](C[C@H](O)c2ccccc2)[C@@H](C)O)c1,0.5396825396825397
CCC(CO)Oc1ccc(C)cc1C(C)(C)CC,0.4901960784313726
COc1ccc(C(C)(C)c2cccc(C(C)(C)O)c2)cc1[C@H](O)CO,0.46586345381526106
Cc1cc([C@H](O)c2cc(O)ccc2O)ccc1F,0.431924882629108
CCC(C)(C)c1cccc([C@@H]([NH3+])CO)c1-c1cc(O)ccc1O,0.49572649572649574
C[C@H](O)C(C)(C)[NH2+]Cc1ccc(O)c([C@@H]([NH3+])Cc2ccc(O)c([C@@H]([NH3+])CO)c2)c1,0.46886446886446886
CC([C@@H](C[C@H](O)c1ccccc1)[C@@H](C)O)C(C)(O)c1ccccc1C(C)(C)O,0.42490842490842484
C[C@@H]([NH2+]C(C)(O)c1ccccc1C(C)(C)O)c1cc(O)ccc1O,0.5299145299145298
CCC(CO)Oc1ccc(C)cc1CO,0.5777777777777777
CCC(C)=CC(C)(C)[NH2+]Cc1ccc(O)c([C@@H]([NH3+])CO)c1,0.5633802816901408
CC(C)(O)c1ccccc1C(C)(C)C(C)(C)C,0.5
CC(O)=C[C@@H](O)c1ccc(F)c(C)c1,0.5847953216374269
CC([NH2+]C[C@H](c1ccc(O)cc1)C(C)(C)C)c1cccc(C(C)(C)O)c1,0.44961240310077516
COc1ccc(CC(C)(C)c2cccc([C@@H]([NH3+])CO)c2O)cc1[C@H](O)CO,0.4545454545454545
Cc1cc(CO)c(O)c([C@H](O)[C@H](O)C=C(O)OC(C)(C)O)c1,0.5821596244131455
Cc1cc(CO)c(O)c(-c2ccc([C@H](O)C=C(O)OC(C)(C)O)cc2C)c1,0.5461847389558232
COc1ccc([C@H](C)c2ccc(O)cc2)cc1[C@H](O)CO,0.49777777777777776
CCC(C)(C)c1cccc([C@@H]([NH3+])CO)c1C=C(C)C,0.45070422535211263
Cc1ccc(OC(C)(C)O)c([C@@H](C)O)c1,0.631578947368421
Cc1ccc(OC(CO)[C@@H]2[C@H](O)C(C)(C)c3ccccc3C2(C)O)c([C@H](C)O)c1,0.41134751773049644
CC(C)(Cc1ccc(O)c([C@@H]([NH3+])CO)c1)c1cccc([C@@H]([NH3+])CO)c1O,0.4920634920634921
Cc1ccc([C@@H]2[C@H](O)C(C)(C)c3ccccc3C2(C)O)c([C@@H](C)O)c1,0.46586345381526106
CC(C)(Cc1ccc(O)c([C@@H]([NH3+])CO)c1)[NH2+]Cc1ccc(O)c([C@@H]([NH3+])CO)c1,0.45925925925925926
CCCc1ccc(-c2cc(C)cc([C@H](O)C=C(C)O)c2O)c([C@@H]([NH3+])CO)c1,0.4545454545454545
Cc1cc(CO)c(O)c([C@H](O)c2ccc(O)c([C@@H]([NH3+])CO)c2)c1,0.5194805194805194
Cc1cc(CO)c(O)c(C(C)(C)O)c1,0.7044025157232704
Cc1ccc([C@@H](CO)[NH2+][C@H](C)c2cc(O)ccc2O)c([C@@H](C)O)c1,0.547008547008547
Cc1ccc(O[C@@H](C)C(C)[C@@H](C[C@H](O)c2ccccc2)[C@@H](C)O)c([C@@H](C)O)c1,0.43956043956043955
C[C@H](O)C(C)([NH2+]Cc1ccc(O)c([C@@H]([NH3+])CO)c1)c1cccc(C(C)(C)O)c1,0.48484848484848486
Cc1cc(CO)c(O)c([C@H](O)[C@H]([NH3+])c2cc(C[NH2+]C(C)(C)[C@H](C)O)ccc2O)c1,0.5581395348837209
CC(C)[C@@H](C[C@H](O)c1ccccc1)[C@H](O)c1cccc(C(C)(C)O)c1,0.4819277108433735
Cc1ccc(OC(C)(O)[C@H](O)c2cccc(C(C)(C)O)c2)c([C@@H](C)O)c1,0.47619047619047616
CC(O)=CCc1cc(C(C)(O)Oc2ccc(C)cc2[C@@H](C)O)cc(CO)c1O,0.5271317829457364
Cc1cc(CO)c(O)c(C(C)(O)[NH2+]C(C)(C)O)c1,0.6888888888888889
CC(O)=CCc1cc(C)cc(CO)c1[C@@H](O)c1cc(C)cc(CO)c1O,0.47058823529411764
CC(O)=CCc1cc(C)cc(CO)c1-c1cc(CO)c(O)c(C(C)(C)O)c1,0.5019607843137255
CCc1cc(C)cc([C@H](O)C=C(C)O)c1O,0.6327683615819208
CC(C)(O)c1cccc([C@@H](O)C(C)(O)c2ccccc2C(C)(C)O)c1,0.49382716049382713
COc1ccc(C2(O)c3ccccc3C(C)(C)[C@@H](O)[C@H]2O)cc1[C@H](O)CO,0.4148148148148148
Cc1cc(CO)c(O)c([C@H](O)C(C)(C)[NH2+]Cc2ccc(O)c([C@@H]([NH3+])CO)c2)c1,0.5490196078431372
COc1ccc(C(C)(C)C)cc1[C@H](O)CO,0.6327683615819208
CC(O)=CCc1cc(C)cc(CO)c1C(C)(C)[C@H](O)/C=C/c1ccc(O)c(O)c1,0.4888888888888888
CC(O)=C[C@@H](O)c1cc(C)cc(C[C@@H](O)c2ccc(F)c(C)c2)c1O,0.4878048780487805
C[C@@H]([NH2+][C@@H](O)c1ccc(O)c(O)c1)c1cc(O)ccc1O,0.41025641025641024
CC(C)=CC(C)([NH2+]Cc1ccc(O)c([C@@H]([NH3+])CO)c1)[C@H](C)O,0.6009389671361502
OCC=Cc1ccc(O)c(O)c1,0.49122807017543857
Cc1cc(CO)c(O)c([C@H](O)[C@H]([NH3+])c2cc(C[NH2+]C(C)(C)O)ccc2O)c1,0.5691056910569106
CC(C)(C)[C@H](O)/C=C/c1ccc(O)c([C@@H](O)c2ccc(O)cc2)c1,0.547008547008547
Cc1cc(CO)c(O)c([C@H](C)Oc2ccc(-c3ccc(O)c(O)c3)cc2[C@@H](C)O)c1,0.4491228070175438
CC(C)([NH2+]Cc1ccc(O)c([C@@H]([NH3+])CO)c1)[C@@H](O)c1ccc(O)c(O)c1,0.5365853658536586
CC(C)(C)c1cccc(C(C)(C)O)c1,0.5952380952380952
Cc1ccc(OC(C)(C)O)c([C@@H](C)[C@@H](O)[C@@H](O)c2cc(C)cc(CO)c2O)c1,0.5333333333333333
COc1ccc(C(C)(C)C)cc1[C@H](O)[C@@H](O)[C@@H](O)c1cc(C)cc(CO)c1O,0.5333333333333333
CC(C)(O)[NH2+]Cc1ccc(O)c([C@@H]([NH3+])c2cccc(C(C)(C)O)c2)c1,0.5333333333333333
CCc1cc(C)cc([C@H](O)[NH2+][C@H](C)c2cc(O)ccc2O)c1O,0.47257383966244726
CC(C)(O)c1cccc(C(C)(O)c2ccccc2C(C)(C)O)c1,0.4786324786324786
Cc1cc(CO)c(O)c([C@H](O)[C@@H]([NH3+])CO)c1,0.6
CC(C)=Cc1cc(/C=C/[C@@H](O)C(C)(C)C)ccc1O,0.6153846153846154
CCCc1ccc(-c2c([C@@H]([NH3+])CO)cccc2C(C)(C)CC)c([C@@H]([NH3+])CO)c1,0.3829787234042553
Cc1cc(CO)c(O)c(C(O)(C=Cc2ccc(O)c(O)c2)[NH2+]C(C)(C)O)c1,0.5238095238095237
Cc1ccc(OC(C)(O)C(C)(O)c2cc(C)cc(CO)c2O)c([C@@H](C)O)c1,0.5528455284552845
Cc1cc(CO)c(O)c([C@@H](C)[NH2+]C=C(OC(C)(C)O)c2cccc(C(C)(C)O)c2)c1,0.47826086956521735
CC[NH+](CC)Cc1cc(C(C)=O)ccc1O,0.6222222222222222
CC(=O)c1ccc(O)c(CC(C)=C[C@@H](O)[C@@H](O)c2cc(C)cc(CO)c2O)c1,0.5490196078431372
CC(O)=C[C@@H](O)c1cc([C@H](C)[C@H](C)Oc2ccc(C)cc2[C@@H](C)O)cc(CO)c1O,0.4981684981684982
CC(C)[C@@H](CO)[NH2+][C@H](C)c1cc(O)ccc1-c1ccc(O)c([C@@H]([NH3+])CO)c1,0.4545454545454545
CC1(C)c2ccccc2C(C)(O)[C@H](Cc2ccc(O)c([C@@H]([NH3+])CO)c2)[C@@H]1O,0.49612403100775193
CC(=O)c1ccc(O)c([C@@H](c2cc(C)cc(CO)c2O)[C@@H]([NH3+])CO)c1,0.5569620253164557
CC(C)(O)OC(C)(C)[NH2+]Cc1ccc(O)c([C@@H]([NH3+])CO)c1,0.6274509803921569
Cc1cc(CO)c(O)c([C@H](O)C=C(O)c2cc(/C=C/[C@@H](O)C(C)(C)C)ccc2O)c1,0.5393258426966292
CC(C)(O)[NH2+]CC(C)([NH2+]Cc1ccc(O)c([C@@H]([NH3+])CO)c1)OC(C)(C)O,0.5267489711934156
CC(C)=Cc1cc(/C=C/[C@@H](O)C(C)(C)C)ccc1[C@@H](O)c1cc(C)cc(CO)c1O,0.47826086956521735
CC[NH+](CC)Cc1cc(C(C)=O)ccc1C(C)(C)c1ccc(OC)c([C@H](O)CO)c1,0.38095238095238093
CC(C)[C@@H](CO)[NH2+][C@H](C)c1cc(O)ccc1[NH2+][C@H](C)c1cc(O)ccc1O,0.4344569288389513
CC(O)=CCc1cc(C)cc(CO)c1C1(O)c2ccccc2C(C)(C)[C@@H](O)[C@H]1O,0.4301075268817204
CC(C)(O)c1cc([C@@H](O)c2ccc(O)c(O)c2)cc(CO)c1O,0.5511111111111111
CC[NH+](CC)Cc1cc(C(C)=O)ccc1Cc1cc(C)cc(CO)c1O,0.4862745098039215
CCc1cc(C)cc([C@H](O)c2cc(CO)c(O)c([C@H](O)C=C(C)O)c2)c1O,0.5019607843137255
CCc1cc(C)cc([C@H](O)c2ccc([C@H](O)C=C(O)OC(C)(C)O)cc2C)c1O,0.4740740740740741
CC(Cc1ccc(O)c([C@@H]([NH3+])CO)c1)[NH2+]C[C@@H](O)c1ccc(O)cc1,0.5203252032520325
CC(C)(O)c1cccc(C(C)(O)[C@H](O)[C@@H]([NH3+])CO)c1,0.5656565656565656
CC(=O)c1ccc(O)c(C2(O)c3ccccc3C(C)(C)[C@@H](O)[C@H]2O)c1,0.5333333333333333
CC(=C[C@@H](O)[C@@H](O)c1cc(C)cc(CO)c1O)[C@@H]([NH3+])CO,0.5714285714285714
CC(=O)c1ccc(O)c(CC(C)=C[C@@H](O)c2ccccc2C(C)(C)O)c1,0.5365853658536586
COc1ccc(-c2ccc([C@H](O)C=C(O)OC(C)(C)O)cc2C)cc1[C@H](O)CO,0.41134751773049644
CC(=C[C@@H](O)c1ccccc1C(C)(C)O)OC(C)(C)O,0.5410628019323671
CC(O)=C[C@@H](O)c1cc(C)cc(-c2cccc([C@H](C)O)c2)c1O,0.5438596491228069
CCc1cc(C)cc([C@@H](C=C(C)O)[NH2+]Cc2ccc(O)c([C@@H]([NH3+])CO)c2)c1O,0.45925925925925926
CC(C)(O)c1cc(CO)c(O)c(C(C)(C)O)c1,0.7251461988304093
CC(C)=CC(C)([C@H](C)O)[C@@H](O)c1ccc(F)c(C)c1,0.5948717948717949
CC(C)(C)c1cccc(C(C)(C)O)c1,0.5952380952380952
CC(C)=C[C@@H](c1cc(C)cc(CO)c1O)[C@@H]([NH3+])CO,0.6153846153846154
C[C@@H]([NH2+][C@@H]1[C@H](O)C(C)(C)c2ccccc2C1(C)O)c1cc(O)ccc1O,0.4920634920634921
Cc1cc(CO)c(O)c([C@H](O)C=C(O)[C@@H](O)c2ccc(F)c(C)c2)c1,0.5333333333333333
Cc1cc(CO)c(O)c(C(C)(O)C(O)([NH2+]C(C)(C)O)c2cc(C)cc(CO)c2O)c1,0.46886446886446886
Cc1cc(-c2ccc(O)c(O)c2)c(O)c(C(C)(O)[NH2+]C(C)(C)O)c1,0.48945147679324896
CC[NH+](CC)C[C@H](C)Oc1ccc(C)cc1[C@@H](C)O,0.49523809523809526
CC(O)=C[C@H](c1cc(C)cc(CO)c1O)[C@@H](c1cc(C)cc(CO)c1O)[C@@H]([NH3+])CO,0.42105263157894735
Cc1ccc(OC(C)(C)O)c([C@@H](C)C(C)(C)O)c1,0.5625
CCc1cc(C)cc([C@@H](C=C(C)O)[C@H](O)C[NH2+]C(C)(C)O)c1O,0.48484848484848486
CC(=O)c1ccc(O)c(Cc2cc(CO)c(O)c([C@H](O)C=C(C)O)c2)c1,0.5833333333333333
CC(=O)c1ccc(O)c(CC(C)(C)[C@H](O)/C=C/c2ccc(O)c(C=C(C)C)c2)c1,0.4492753623188406
CCCc1ccc(C(C)(C)[NH2+]Cc2ccc(O)c([C@@H]([NH3+])CO)c2)c([C@@H]([NH3+])CO)c1,0.46376811594202894
CC[NH+](CC)CC=C(C)C,0.21857923497267756
Cc1ccc([C@@H](O)c2ccc(O)cc2)c([C@@H](C)O)c1,0.5142857142857142
CC(C)=Cc1cc(/C=C/[C@@H](O)C(C)(C)C)ccc1C=Cc1ccc(O)c(O)c1,0.43956043956043955
CCC(C)(C)c1cccc([C@@H]([NH3+])Cc2c([C@@H]([NH3+])CO)cccc2C(C)(C)CC)c1O,0.36734693877551017
CCc1cc(C)cc([C@@H](C=C(C)O)[NH2+]C(C)(C)O)c1O,0.5410628019323671
CC(C)(O)c1cccc(C[C@@H](O)c2ccc(O)c(O)c2)c1,0.5555555555555556
CCCc1ccc([C@@H](C=C(C)C)c2cc(C)cc(CO)c2O)c([C@@H]([NH3+])CO)c1,0.5
CC(O)=C[C@@H](c1cc(CO)c(O)c([C@H](O)C=C(C)O)c1)c1cc(C)cc(CO)c1O,0.45878136200716846
CC(C)(O)OC(O)=C[C@@H](O)c1ccc(F)c(C=Cc2ccc(O)c(O)c2)c1,0.49612403100775193
CC(O)=C[C@@H](O)c1cc([NH3+])cc(CO)c1O,0.6
CC(O)=C[C@@H](O)c1cc(C)cc(C[C@H](C)[C@H](C)Oc2ccc(C)cc2[C@@H](C)O)c1O,0.43971631205673756
Cc1ccc(OC(C)(C)O)c([C@@H](C)[C@H](O)[C@@H]([NH3+])CO)c1,0.5410628019323671
CC[NH+](Cc1cc(C(C)=O)ccc1O)[C@@H](O)c1ccc(O)c(O)c1,0.47736625514403286
CC(=O)c1ccc(O)c(-c2cc(C)cc(CO)c2O)c1,0.5258215962441314
C[C@H](O)c1cccc(C(C)(O)c2cccc(C(C)(C)O)c2)c1,0.5405405405405406
CC(O)=C[C@@H](O)c1cc(C)cc([C@H](C)[C@H](C)Oc2ccc(C)cc2[C@@H](C)O)c1O,0.4542124542124542
CC(=O)c1ccc(O)c([C@H](O)[C@@H]([NH3+])CO)c1,0.6666666666666666
CC(=O)c1ccc(O)c(CC(C)(C)O)c1,0.7030303030303029
CCc1cc(C)cc([C@H](O)c2ccc(O)c(CC(C)(C)O)c2)c1O,0.5541125541125541
CC(O)=CCc1cc(C)cc(CO)c1-c1cc(C(C)(C)O)cc(C(C)(C)O)c1O,0.45925925925925926
Cc1cc(CO)c(O)c(C[C@@H](O)c2ccc(F)c(C)c2)c1,0.5555555555555556
CC[NH+](CC)C[C@@H]([NH3+])CO,0.2444444444444444
Cc1cc(C(C)(C)C)c(O)c(C(C)(O)[NH2+]C(C)(C)O)c1,0.5572139303482586
Cc1ccc(OC(C)(C)O)c([C@@H](C)[NH2+][C@H](C)c2cc(O)ccc2O)c1,0.5102880658436213
CCc1cc(C)cc([C@H](O)C=C(C)O)c1O,0.6327683615819208
CCCc1ccc(-c2cc([C@H](O)C=C(O)OC(C)(C)O)ccc2F)c([C@@H]([NH3+])CO)c1,0.41666666666666663
Cc1cc(CO)c(O)c(C(C)(C)C)c1,0.7044025157232704
CC(O)=C[C@@H](c1cc(CO)c(O)c([C@H](O)C=C(C)O)c1)c1cc(C)cc(CO)c1O,0.45878136200716846
CCc1cc(C)cc([C@H](O)C=C(O)[C@H](O)C[NH2+]C(C)(C)O)c1O,0.5087719298245614
CCc1cc(C)cc([C@H](O)C[NH2+]C(C)(C)O)c1O,0.6137566137566137
CC(C)(O)[NH2+]Cc1ccc(O)c([C@@H]([NH3+])Cc2ccc(O)c([C@@H]([NH3+])CO)c2)c1,0.47509578544061304
CCc1cc(C)cc([C@H](O)C=C(O)[C@H](C=C(C)O)c2cc(C)cc(CO)c2O)c1O,0.45878136200716846
CCc1cc(C(C)=O)ccc1O,0.6037735849056604
CC(C)=C[C@H](CO)c1cc(C)cc(CO)c1O,0.6666666666666666
CCCc1ccc(-c2ccc(O)c(CC(C)(C)O)c2)c([C@@H]([NH3+])CO)c1,0.5267489711934156
C[C@H](O)C(C)(Cc1ccc(O)c([C@@H]([NH3+])CO)c1)[NH2+]Cc1ccc(O)c([C@@H]([NH3+])CO)c1,0.43508771929824563
CC(=O)c1ccc(O)c(Cc2cc(CO)c(O)c(CC=C(C)O)c2)c1,0.5738396624472574
CC(=O)c1ccc(O)c(Cc2cccc([C@H](C)O)c2)c1,0.5446009389671361
Cc1ccc(OC(C)(C)O)c([C@@H](C)[C@@H](O)c2ccc(F)c(C)c2)c1,0.4833333333333333
CC(C)([NH2+]C[C@@H](O)c1ccc(O)c(O)c1)[C@@H](O)c1ccc(O)cc1,0.5
Cc1cc(CO)c(O)c(-c2cc(/C=C/[C@@H](O)C(C)(C)C)ccc2O)c1,0.5811965811965811
CCc1cc(C)cc([C@H](O)C[C@@H](O)c2ccc(O)c(O)c2)c1O,0.5194805194805194
CC[NH+](CC)CC(C)(C)c1cc(C)cc(CO)c1O,0.5858585858585859
CCc1cc(C)cc([C@H](O)C[NH2+]OC(C)(C)O)c1O,0.5858585858585859
CC(C)(O)c1cccc(C(C)(C)c2ccc(O)c([C@@H]([NH3+])CO)c2)c1,0.5541125541125541
CC[NH+](CC)Cc1cc(C(C)=O)ccc1O,0.6222222222222222
CCc1cc(C)cc([C@H](O)C[NH2+]C(C)(C)c2ccc(OC)c([C@H](O)CO)c2)c1O,0.4492753623188406
CC(O)=C[C@@H](c1ccc(O)c(O)c1)c1cc(C)cc(CO)c1O,0.5438596491228069
CC(=C[C@H](CO)c1cc(C)cc(CO)c1O)C(C)(O)c1cc(C)cc(CO)c1O,0.4542124542124542
Cc1cc(CO)c(O)c(C(C)(C)C(C)(O)c2cc(C)cc(CO)c2O)c1,0.5267489711934156
CC(C)(O)c1cc(C(=O)c2ccc(O)c([C@H](O)[C@@H]([NH3+])CO)c2)c(O)c(C(C)(C)O)c1,0.4888888888888888
CC(=O)C(C)(O)[NH2+]C(C)(O)c1cc(C)cc(CO)c1O,0.6358974358974359
CC[NH+](CC)Cc1cc(C(C)=O)ccc1[C@@H](O)c1cc(C)cc(CO)c1O,0.5176470588235293
CC(C)(O)[NH2+]C[C@@H](O)c1cccc(C(C)(C)O)c1,0.6451612903225806
Cc1ccc(C(C)[C@@H](CO)[NH2+][C@H](C)c2cc(O)ccc2[C@H](C)O)c([C@@H](C)O)c1,0.48484848484848486
CC(O)=Cc1cc(CO)c(O)c(C(C)(C)O)c1,0.7126436781609194
COc1ccc(C(C)(C)c2cc(CO)c(O)c([C@H](O)C=C(C)O)c2)cc1[C@H](O)CO,0.4981684981684982
C[C@H](O)C(C)(Cc1ccc(O)c([C@@H]([NH3+])CO)c1)[NH2+]Cc1ccc(O)c([C@@H]([NH3+])CO)c1,0.43508771929824563
CCc1cc(C)cc([C@H](O)C=C(O)C(C)(C)[NH2+]C[C@@H](O)c2ccc(O)c(O)c2)c1O,0.47826086956521735
COc1ccc(Cc2ccc(O)c([C@@H]([NH3+])CO)c2)cc1[C@H](O)CO,0.47154471544715443
Cc1cc(CO)c(O)c(C(C)(C)C=Cc2ccc(O)c(O)c2)c1,0.5688888888888889
CC(C)(O)c1cc(CO)c([C@@H](O)c2ccc(O)c(O)c2)c(C(C)(C)O)c1,0.5499999999999999
CC(C)=C[C@H](Cc1cc(C)cc([C@H](O)C=C(C)O)c1O)c1cc(C)cc(CO)c1O,0.47826086956521735
Cc1ccc(O[C@@H](C)[C@@H](C)c2cc(CO)c(O)c(C(C)(C)O)c2)c([C@@H](C)O)c1,0.5333333333333333
CC(O)=C[C@@H](O)c1cc(C)cc(Cc2cc(/C=C/[C@@H](O)C(C)(C)C)ccc2O)c1O,0.47826086956521735
Cc1ccc(O[C@@H](C)[C@@H](C)[C@@H](O)c2ccc(O)c(O)c2)c([C@@H](C)O)c1,0.5569620253164557
CC(C)(O)Cc1cc([C@H](O)c2cccc(C(C)(C)O)c2)ccc1O,0.5541125541125541
CC(O)=C[C@@H](c1ccc(O)c(CC(C)(C)O)c1)c1cc(C)cc(CO)c1O,0.5691056910569106
CCc1cc(C)cc([C@H](O)C[NH2+]C(C)(O)Cc2cc(C(C)=O)ccc2O)c1O,0.5057471264367815
CC(O)=C[C@@H](O)c1cc(C)cc([C@H](C)[C@H](C)Oc2ccc(C)cc2[C@@H](C)O)c1O,0.4542124542124542
Cc1cc(CO)c(O)c(C(C)(C)[NH3+])c1,0.6303030303030303
CC(=C[C@@H](O)[C@@H](O)c1cc(C)cc(CO)c1O)[C@@H](O)c1cc(C)cc(CO)c1O,0.4542124542124542
CC(C)(O)[NH2+]Cc1ccc(O)c([C@@H]([NH3+])O)c1,0.6666666666666666
CC(C)([NH2+]Cc1ccc(O)c([C@@H]([NH3+])O)c1)c1cc(/C=C/[C@@H](O)C(C)(C)C)ccc1O,0.45878136200716846
CC(C)(O)Cc1cc(C(=O)C(C)(C)[C@H](O)/C=C/c2ccc(O)c(O)c2)ccc1O,0.4740740740740741
CC(C)(O)c1cccc(CO)c1,0.641025641025641
CC(C)=Cc1cc(/C=C/[C@@H](C=C(C)O)C(C)(C)C)ccc1O,0.547945205479452
CCc1cc(Oc2ccc(C)cc2[C@@H](C)O)cc([C@H](O)C=C(C)O)c1O,0.4920634920634921
Cc1ccc(OC(C)(C)O)c([C@@H](C)[C@H](O)C[NH2+]C(C)(C)O)c1,0.5045045045045045
CC(O)=C[C@@H](O)c1cc(C)cc(Cc2cc(CO)c(O)c(C(C)(C)[NH3+])c2)c1O,0.5116279069767442
[NH3+][C@@H](O)c1cc(CCc2ccc(O)c([C@@H]([NH3+])CO)c2)ccc1O,0.4444444444444444
CC(C)(O)O[C@H](O)c1cccc(C(C)(C)O)c1,0.6120218579234973
CC[NH+](Cc1cc(C(C)=O)ccc1O)C(C)(O)Cc1cc(C(C)=O)ccc1O,0.46441947565543074
CC(=O)c1ccc(O)c(CC=C(C)C)c1,0.6549707602339181
Cc1cc(CO)c(O)c(C(C)([NH3+])c2cc(C(C)(C)O)cc(C(C)(C)O)c2O)c1,0.5019607843137255
CC[NH+](CC)Oc1ccc(C(C)(C)C)cc1[C@H](O)CO,0.5333333333333333
CC(=O)C(C)(O)[NH2+]C(C)(O)c1cc(C)cc(CO)c1[C@@H](O)c1ccc(O)c(O)c1,0.5
CC(C)(O)c1cccc([C@@H](O)c2cc(CO)c(O)c(C(C)(C)O)c2)c1,0.5641025641025641
CC(c1cccc(C(C)(C)O)c1)[C@@H](CO)[NH2+][C@H](C)c1cc(O)ccc1[C@H](C)O,0.48484848484848486
CC(C)(O)c1cccc([C@@H](O)Cc2ccc(O)c([C@@H]([NH3+])CO)c2)c1,0.5714285714285714
CC[NH+](CC)C[C@@H](O)c1ccc(O)c(O)c1,0.6222222222222222
Cc1cc(CO)c(O)c(C(C)([NH3+])CO)c1,0.631578947368421
CCc1cc(C)cc([C@H](O)C(C)=C[C@H](CO)c2cc(C)cc(CO)c2O)c1O,0.48484848484848486
Cc1cc(CO)c(O)c(C(C)([NH3+])C(C)(C)[NH2+]Cc2ccc(O)c([C@@H]([NH3+])CO)c2)c1,0.5363984674329502
CC(C)=CC[C@H]([NH3+])c1cc(C[NH2+]C(C)(C)O)ccc1O,0.588235294117647
Cc1cc(CO)c([C@H](O)C[NH2+]C(C)(C)O)c(C(C)([NH3+])CO)c1,0.5296803652968036
COc1ccc(C(C)(C)CO)cc1[C@H](O)CO,0.6021505376344085
Cc1cc(CO)c(O)c([C@H](O)[C@H](O)C(C)(C)O)c1,0.6888888888888889
CC(O)=CCc1cc(C(C)(C)[NH2+]Cc2ccc(O)c([C@@H]([NH3+])O)c2)cc(CO)c1O,0.5303030303030303
CCc1cc(C)cc([C@H](O)C=C(O)c2c(CO)cc(C)cc2C(C)([NH3+])CO)c1O,0.4542124542124542
CC(O)=Cc1cc(C(C)(C)O)c(O)c(C(C)(O)c2cccc([C@H](C)O)c2)c1,0.5079365079365079
Cc1ccc(O[C@@H](C)[C@@H](O)[C@@H](O)c2cc(C)cc(CO)c2O)c([C@@H](C)O)c1,0.5238095238095237
Cc1cc(CO)c(O)c(C(C)(C)C(C)(C)O)c1,0.7251461988304093
CC(=O)c1ccc(O)c(C(C)([NH3+])c2cc(C)cc(CO)c2O)c1,0.5765765765765766
C[C@H](O)c1cccc([NH3+])c1,0.4444444444444444
CC[NH+](CC)Cc1cc(C(C)=O)ccc1-c1ccc(O)c([C@@H]([NH3+])O)c1,0.4819277108433735
CC(O)=CCc1cc(C)cc(CO)c1C(C)(C)[NH2+]C[C@@H](O)c1ccc(O)c(O)c1,0.5303030303030303
COc1ccc(C(C)(C)C[C@@H](O)c2ccc(O)c(O)c2)cc1[C@H](O)CO,0.5140562248995983
C[C@H](O)c1cccc(C=Cc2ccc(O)c(O)c2)c1,0.5070422535211268
CCc1cc(C)cc([C@H](O)C=C(O)[C@H](C)Oc2ccc(C)cc2[C@@H](C)O)c1O,0.46441947565543074
CC(C)([NH2+]C[C@@H](O)c1ccc(O)c(O)c1)c1cc(/C=C/[C@@H](O)C(C)(C)C)ccc1O,0.4981684981684982
CC(=O)C(C)(O)[NH2+]C(O)(CO)c1cc(C)cc(CO)c1O,0.5797101449275361
Cc1cc(CO)c(Oc2ccc(C(C)(C)C)cc2[C@H](O)CO)c(C(C)([NH3+])CO)c1,0.4542124542124542
CC(C)(O)[NH2+][C@@H](CO)c1cc(C[NH2+]C(C)(C)OC(C)(C)O)ccc1O,0.547008547008547
CCc1cc(C)cc([C@H](O)c2cc(CC)c(O)c([C@H](O)C=C(C)O)c2)c1O,0.45977011494252873
CC(O)=CC(C)(O)c1cccc(C(C)(C)O)c1,0.6120218579234973
Cc1cc(CO)c(O)c([C@@H](CO)C(C)(O)c2cc(C)cc(CO)c2O)c1,0.47619047619047616
COc1ccc(C(C)(C)[C@H](O)c2cccc(C(C)(C)O)c2)cc1[C@H](O)CO,0.45977011494252873
CC(O)=C[C@@H](O)[C@@H](O)c1cc(C)cc(CO)c1O,0.6451612903225806
CC(O)=Cc1cc(CO)c(O)c(C(C)(C)[NH3+])c1,0.7126436781609194
CC(C)(O)OC(C)(C)[C@H](O)/C=C/c1ccc(O)c(O)c1,0.5686274509803921
COc1ccc(C(C)(C)C=C(C)C)cc1[C@H](O)CO,0.5572139303482586
CC(O)=C[C@@H](O)c1cc(C(O)=C[C@@H](O)c2cc(C)cc(CO)c2O)cc(CO)c1O,0.43971631205673756
CC(C)(O)c1cccc([C@@H](O)C(C)(C)[C@H](O)/C=C/c2ccc(O)c(O)c2)c1,0.5238095238095237
CC(C)(O)c1cc(CO)c(Cc2ccc(O)c([C@@H]([NH3+])O)c2)c(C(C)(C)O)c1,0.5528455284552845
CC(O)=C[C@@H](O)c1cc(C)cc(CC(C)(O)Oc2ccc(C)cc2[C@@H](C)O)c1O,0.4542124542124542
CC(=C[C@H](CO)c1cc(C)cc(CO)c1O)c1cccc([C@H](C)O)c1,0.5738396624472574
CC(C)(O)c1cc(CO)c(C(C)(O)c2cccc(CO)c2)c(C(C)(C)O)c1,0.46511627906976744
CCc1cc(C)cc([C@H](O)C=C(O)C=C(C)C)c1O,0.5858585858585859
CC(=O)c1ccc(O)c(CC(C)(O)[C@@H](O)[C@@H](O)c2cc(C)cc(CO)c2O)c1,0.5555555555555556
CC(=C[C@H](CO)c1cc(C)cc(CO)c1O)C(=O)c1ccc(O)c(CC(C)(C)O)c1,0.5185185185185185
CC(C)(O)Cc1ccc(O)c([C@@H]([NH3+])O)c1,0.7030303030303029
COc1ccc(C(C)(C)C=Cc2ccc(O)c(O)c2)cc1[C@H](O)CO,0.5040650406504065
Cc1cc(CO)c(O)c(-c2cccc(C(C)(C)O)c2)c1,0.5797101449275361
CC(O)=Cc1cc(-c2cc(/C=C/[C@@H](O)C(C)(C)C)ccc2O)c(O)c(C(C)(C)[NH3+])c1,0.4444444444444444
CC(C)(O)Cc1cc(C(=O)c2ccc(O)c([C@H](O)[C@@H]([NH3+])CO)c2)ccc1O,0.5019607843137255
CC(C)(O)Cc1cc(C(=O)C(C)(C)[NH2+]Cc2ccc(O)c([C@@H]([NH3+])O)c2)ccc1O,0.4740740740740741
CC(C)(O)c1cccc(Cc2cc(C(C)(C)O)cc(C(C)(C)O)c2O)c1,0.4819277108433735
CCc1cc(C)cc([C@H](O)c2cc(CC(C)(C)O)ccc2O)c1O,0.5541125541125541
CC(C)(O)[NH2+]CC(C)(O)c1cccc(CO)c1,0.6666666666666666
Cc1cc(CO)c(O)c([C@H](O)[C@H](O)c2cccc([C@H](C)O)c2)c1,0.5688888888888889
CC(C)=Cc1c(CO)cc(C(C)(C)O)cc1C(C)(C)O,0.5490196078431372
Cc1cc(C(=O)c2ccc(O)c(CC(C)(C)O)c2)c(O)c(C(C)([NH3+])CO)c1,0.5079365079365079
CC(=O)C(C)(O)[NH2+]C(O)(C[NH2+]C(C)(C)O)c1cc(C)cc(CO)c1O,0.5299145299145298
CC(C)(O)Cc1cc(C(=O)C(C)(C)[C@H](O)/C=C/c2ccc(O)c(O)c2)ccc1O,0.4740740740740741
Cc1cc(CO)c(O)c(C(C)(O)[NH2+]C(C)(C)O)c1,0.6888888888888889
COc1ccc(C(C)(C)C(C)=O)cc1[C@H](O)CO,0.5833333333333333
CCc1cc(C)cc([C@@H](C=C(C)O)[C@H](O)C[NH2+]C(C)(C)O)c1O,0.48484848484848486
Cc1ccc(Cc2ccc(O)c([C@@H]([NH3+])CO)c2)c([C@@H](C)O)c1,0.5333333333333333
CC(C=Cc1ccc(O)c(O)c1)=C[C@H](CO)c1cc(C)cc(CO)c1O,0.5079365079365079
Cc1ccc(O[C@@H](C)C(C)(O)c2cc(C(C)(C)O)cc(CO)c2O)c([C@@H](C)O)c1,0.5210727969348659
Cc1cc(CO)c(O)c(C(C)(C)C(C)(O)[NH2+]C[C@@H](O)c2cccc(C(C)(C)O)c2)c1,0.5243445692883895
CC(C)(O)c1cc(CO)cc(CO)c1O,0.6666666666666666
Cc1cc(CO)c(O)c([C@@H](O)[C@@H](O)c2cc(C)cc(CO)c2O)c1,0.4833333333333333
CC(=O)c1ccc(O)c(CC(C)(O)C[C@@H](C=C(C)C)c2cc(C)cc(CO)c2O)c1,0.5185185185185185
Cc1ccc(C(C)(C)C)c([C@@H](C)O)c1,0.6303030303030303
CC(C)(Cc1ccc(O)c([C@@H]([NH3+])CO)c1)c1cc(CO)cc(CO)c1O,0.559670781893004
CC(O)=C[C@@H](O)[C@H](CO)c1cc(C)cc(CO)c1O,0.5858585858585859
CC(O)=C[C@@H](O)c1cc(C(C)(O)c2cccc(CO)c2)cc(CO)c1O,0.5365853658536586
CC(O)=CCc1cc(C)cc(CO)c1C(C)(O)C(C)(C)c1cc(C)cc(CO)c1O,0.46376811594202894
CC(=O)C(C)(O)[NH2+]C(O)(c1cc(C)cc(CO)c1O)C(C)(O)c1cccc(CO)c1,0.48351648351648346
C[C@H](O)C(C)(C)[NH2+]Cc1ccc(O)c([C@@H]([NH3+])O)c1,0.711111111111111
Cc1cc(CC[NH2+]C(C)(C)O)c(O)c(C(C)(C)C)c1,0.5098039215686274
Cc1cc(CO)c(O)c([C@H](O)C=C(O)[C@@H](O)c2cc(C)cc(CO)c2O)c1,0.45977011494252873
CC(O)=CCc1cc(C)cc(CO)c1-c1cc(C=C(C)O)cc(C(C)(C)O)c1O,0.4542124542124542
CC(C)=Cc1c(CO)cc(C(C)(C)O)cc1C(C)(C)O,0.5490196078431372
CCc1cc(C)cc([C@H](O)C(C)(O)[NH2+]C(C)(O)c2cc(C)cc(CO)c2O)c1O,0.5
CCc1cc(C)cc([C@H](O)c2cc(C)cc(C(C)(O)[NH2+]C(C)(O)C(C)=O)c2O)c1O,0.41134751773049644
Cc1ccc(Oc2ccc(C(C)(C)C)cc2[C@H](O)CO)c([C@@H](C)O)c1,0.46586345381526106
CCc1cc(C)cc([C@H](O)C(C)([NH2+]Cc2ccc(O)c([C@@H]([NH3+])CO)c2)[C@H](C)O)c1O,0.47826086956521735
CC(C)(O)c1cccc([C@@H](O)C(C)(C)C)c1,0.6783625730994152
CC(C)(O)c1cccc([C@@H](O)c2cc(CO)c(O)c(C(C)(C)O)c2)c1,0.5641025641025641
CC(O)=C[C@@H](O)c1cc(C)cc([C@H](O)C=C(C)O)c1O,0.5410628019323671
Cc1cc(CO)c(O)c(C(O)([NH2+]C(C)(C)O)C(C)(O)c2cccc(CO)c2)c1,0.5116279069767442
Cc1ccc(O[C@@H](C)[C@@H](C)O)c([C@@H](C)O)c1,0.6327683615819208
CC(O)=C[C@@H](c1cc(CC(C)(C)O)ccc1O)c1cc(C)cc(CO)c1O,0.5691056910569106
CC(O)=C[C@@H](O)c1cc(C)cc(-c2ccc(CC(C)(C)O)cc2[C@@H]([NH3+])O)c1O,0.4696969696969697
Cc1cc(CO)c(C[C@@H](O)c2ccc(O)c(O)c2)c(C(C)(C)C(C)(C)O)c1,0.5761316872427983
CC(O)=Cc1cc(Cc2cccc(C(C)(C)O)c2)c(O)c(C(C)(C)O)c1,0.47619047619047616
CC(O)=C[C@@H](O)c1ccc(CC(C)(C)O)cc1[C@@H]([NH3+])O,0.5686274509803921
Cc1cc(CO)c(O)c([C@@H](CO)[C@@H](O)c2cc(C)cc(CO)c2O)c1,0.4878048780487805
CC(=C[C@@H](O)[C@@H](O)c1cc(C)cc(CO)c1O)c1ccc(O)c(O)c1,0.5569620253164557
CC(C)=CCc1cc(CO)ccc1O,0.7547169811320754
Cc1cc(CO)c(O)c(C(C)(O)c2cc(CO)ccc2O)c1,0.5662100456621004
CC(C)(O)c1cccc([C@H](O)C[NH2+]C(C)(O)c2cc(C(C)(C)O)cc(CO)c2O)c1,0.5243445692883895
CC(=C[C@H](CO)c1cc(C)cc(CO)c1O)c1cc(CO)c(O)c(C(C)(C)O)c1,0.4740740740740741
CC(O)=C[C@@H](O)c1cc(C(C)=CCc2cc(CO)ccc2O)cc(CO)c1O,0.5426356589147286
Cc1ccc(OC(C)(C)[NH2+]C[C@@H](O)c2ccc(O)c(O)c2)c([C@@H](C)O)c1,0.5365853658536586
CC(C)(O)[NH2+]c1cc(/C=C/[C@@H](O)C(C)(C)C)ccc1O,0.5686274509803921
CC(=O)c1cc(C=C(C)O)cc(C(C)(C)O)c1O,0.5925925925925926
CC(O)=CC(C)[C@@H](CO)[NH2+][C@H](C)c1cc(O)ccc1[C@H](C)O,0.5740740740740741
CC(C)(O)Cc1ccc(O)c([C@H](c2cccc(C(C)(C)O)c2)C(C)(C)C)c1,0.5079365079365079
CC(O)=CCc1cc(C)cc(CO)c1-c1ccc(CC(C)(C)O)cc1[C@@H]([NH3+])O,0.4444444444444444
CC(O)=Cc1cc(-c2cc(/C=C/[C@@H](O)C(C)(C)C)ccc2O)c(O)c(C(C)(C)O)c1,0.4444444444444444
COc1ccc(-c2ccc(O)c(CC(C)(C)O)c2)cc1[C@H](O)CO,0.5
CC(O)=C[C@@H](O)[C@H](O)C(C)(C)[NH2+]Cc1ccc(O)c([C@@H]([NH3+])O)c1,0.5844748858447488
CC(=O)C(C)(O)[NH2+]C(C)(O)c1cc(C)cc(CO)c1O,0.6358974358974359
[NH3+][C@@H](O)c1cc(CO)ccc1O,0.6797385620915032
CC(=CCc1cc(CO)ccc1O)C(C)(C)[C@H](O)c1cccc(C(C)(C)O)c1,0.5714285714285714
CC(O)=CC[C@@H](O)c1ccc(O)c(O)c1,0.6206896551724137
Cc1ccc(O[C@@H](C)[C@H](c2cccc(C(C)(C)O)c2)C(C)(C)C)c([C@@H](C)O)c1,0.41025641025641024
CC(C)=CCC(O)([NH2+]C(C)(C)O)c1cc(C)cc(CO)c1O,0.5821596244131455
CC(=O)[C@H](C)[C@H](C)Oc1ccc(C)cc1[C@@H](C)O,0.5252525252525252
Cc1cc(CO)c(O)c([C@H](O)C=C(O)C(C)(O)c2cc(C)cc(CO)c2O)c1,0.4696969696969697
OCc1ccc(O)c(O)c1,0.5490196078431372
CC(C)=CCc1cc(C(C)(C)c2cc(C)cc(CO)c2O)ccc1O,0.5811965811965811
CCc1cc(C)cc([C@@H](C=C(C)O)c2ccc(O)c(O)c2)c1O,0.49572649572649574
CC(C)(O)c1cccc([C@H](O)C[NH2+]Cc2ccc(O)c([C@@H]([NH3+])O)c2)c1,0.5499999999999999
Cc1cc(CO)c(O)c([C@@H](CO)C(C)(C)[NH2+]Cc2ccc(O)c([C@@H]([NH3+])O)c2)c1,0.5271317829457364
Cc1cc(CO)c(O)c(-c2c(CO)cc(C(C)(C)O)cc2C(C)(C)O)c1,0.5267489711934156
C[C@H](O)c1cccc(C(C)(O)c2cc(C(C)(C)O)cc(C(C)(C)O)c2O)c1,0.5140562248995983
CC(O)=CCc1cc(C)cc(CO)c1[C@H](CO)c1cc(C)cc(CO)c1O,0.4545454545454545
CC(C)(O)Cc1cc([NH2+]C(C)(C)O)ccc1O,0.6444444444444444
CC(=O)C(C)(O)[NH2+]C(C)(O)c1cc([NH2+]C(C)(C)O)cc(CO)c1O,0.5263157894736842
CC(C)(O)c1cc(C(=O)c2ccc(O)c([C@H](O)[C@@H]([NH3+])CO)c2)c(O)c(C(C)(C)O)c1,0.4888888888888888
Cc1ccc(O[C@@H](C)[C@@H](O)c2ccc(O)c(O)c2)c([C@@H](C)O)c1,0.5438596491228069
CC(O)=C[C@@H](O)[C@@H](O)c1cc(CO)c(O)c([C@H](O)[C@H](O)C(C)(C)O)c1,0.5789473684210527
CC(C)(O)c1cccc([C@H](C(C)(C)C)C(C)(C)O)c1,0.5454545454545454
CC(C)(C)c1ccc(O[C@@H]([NH3+])O)c([C@H](O)CO)c1,0.6137566137566137
CC(O)=Cc1cc(CO)c(CO)c(C(C)(C)[NH3+])c1,0.5833333333333333
CC(O)=C[C@@H](O)[C@@H](O)C(C)(O)[NH2+]CC(C)(O)c1cccc(CO)c1,0.5128205128205128
CCc1cc(C)cc([C@H](O)C(C)(C)O)c1O,0.6783625730994152
CC(=O)c1ccc(CC(C)(C)O)cc1[C@@H]([NH3+])O,0.5806451612903225
CC(C)(O)[NH2+]c1ccc(O)c(CCc2ccc(O)c([C@@H]([NH3+])CO)c2)c1,0.5040650406504065
Cc1cc(CO)c(O)c([C@@H](CO)C(C)(O)[NH2+]C(C)(O)c2cc(C)cc(CO)c2O)c1,0.4444444444444444
Cc1cc(Cc2cc(CO)cc(C(C)(C)O)c2O)c(O)c(C(C)(O)[NH2+]C(C)(C)O)c1,0.4492753623188406
CCc1cc(C)cc([C@H](O)[C@H](C)[C@H](C)Oc2ccc(C)cc2[C@@H](C)O)c1O,0.48062015503875966
CC(O)=C[C@@H](O)C(C)([NH2+]Cc1ccc(O)c([C@@H]([NH3+])CO)c1)[C@H](C)O,0.5614035087719298
CC(O)=Cc1cc(CO)c(O)c(C(C)([NH3+])[C@@H](O)[C@@H](O)c2cc(C)cc(CO)c2O)c1,0.46376811594202894
CC(=CCc1cc(CO)ccc1O)C(C)(C)[NH2+]Cc1ccc(O)c([C@@H]([NH3+])O)c1,0.5210727969348659
Cc1ccc(O[C@@H](C)c2cc(C)cc(C(C)(O)[NH2+]C(C)(C)O)c2O)c([C@@H](C)O)c1,0.45925925925925926
CC(=O)c1ccc(O)c(CC(C)(O)[C@H](C)Oc2ccc(C)cc2[C@@H](C)O)c1,0.5238095238095237
Cc1cc(CO)c(O)c([C@@H](CO)[C@H]([NH3+])c2cc(C[NH2+]C(C)(C)O)ccc2O)c1,0.5271317829457364
CCc1cc(C)cc([C@H](O)Cc2cc(CO)cc(C(C)(C)O)c2O)c1O,0.5203252032520325
CC(C)(O)Cc1cc([NH2+]C(C)(C)O)ccc1Cc1cc([NH2+]C(C)(C)O)ccc1O,0.4542124542124542
COc1ccc(-c2c(CO)cc(C(C)(C)O)cc2C(C)(C)O)cc1[C@H](O)CO,0.449438202247191
CC(C)=CCC(C)([NH2+]Cc1ccc(O)c([C@@H]([NH3+])CO)c1)[C@H](C)O,0.5765765765765766
CC(C)=CCc1cc(CO)c(O)c(C(C)(C)O)c1,0.6775956284153005
CC(C)=C[C@H](Cc1ccc(O)c([C@@H]([NH3+])O)c1)c1cc(C)cc(CO)c1O,0.559670781893004
Cc1cc(CC(C)(C)c2cc(CO)cc(CO)c2O)c(O)c(C(C)(C)C)c1,0.5079365079365079
CCc1cc(CC=C(C)C)cc(C(C)(C)O)c1O,0.5252525252525252
CC(=C[C@@H](O)[C@@H](O)c1cc(C)cc(CO)c1O)c1cc(CO)ccc1O,0.559670781893004
CC(=O)c1cc(C=C(C)O)cc(C(C)(C)O)c1O,0.5925925925925926
CC(C)(O)[NH2+]c1ccc(O)c(CC(C)(C)[NH2+]C[C@@H](O)c2ccc(O)c(O)c2)c1,0.5057471264367815
CCc1cc(C)cc([C@H](O)C(C)(C)c2ccc(O)c([C@@H]([NH3+])O)c2)c1O,0.5641025641025641
CC(C)(O)[NH2+]c1cc(CO)c(O)c(C(C)(C)O)c1,0.6557377049180327
Cc1cc(CO)c(O)c([C@H](O)[C@H](O)C=C(O)C(C)(O)c2cc(C)cc(CO)c2O)c1,0.4444444444444444
CC(O)=CCc1cc(C(C)(O)c2cc(C)cc(CO)c2O)cc(CO)c1O,0.48062015503875966
CC(O)=C[C@@H](O)c1cc(C(C)(C)[C@H](O)c2cccc(C(C)(C)O)c2)cc(CO)c1O,0.5243445692883895
CC(C)(O)Cc1cc(-c2cc(CO)c(O)c(C(C)(C)O)c2)ccc1O,0.5641025641025641
Cc1cc(CCO)c(O)c(C(C)(C)C)c1,0.5977011494252873
COc1ccc(Cc2cccc(C(C)(C)O)c2)cc1[C@H](O)CO,0.4666666666666666
CC([C@@H](CO)[NH2+][C@H](C)c1cc(O)ccc1[C@H](C)O)C(C)(O)c1cccc(CO)c1,0.5093632958801497
C[C@H](O)C(C)([NH2+]Cc1ccc(O)c([C@@H]([NH3+])CO)c1)[C@@H]([NH3+])O,0.5990338164251208
Cc1cc(CO)c(O)c(C(O)([NH2+]C(C)(C)O)c2cc(CC(C)(C)O)ccc2O)c1,0.5426356589147286
CC(C)=CCc1cc(C(C)(C)O)c(O)c(C(C)(O)c2cccc(CO)c2)c1,0.5019607843137255
Cc1cc(CO)c(O)c(C(C)(C)Cc2ccc(O)c([C@@H]([NH3+])CO)c2)c1,0.5811965811965811
[NH3+][C@@H](O)c1cc(Cc2ccc(O)c(O)c2)ccc1O,0.4144144144144144
Cc1cc(CO)c(O)c(C(C)(C)C(C)(C)[NH2+]CC(C)(O)c2cccc(CO)c2)c1,0.4943820224719101
CC(C)(O)Cc1ccc(O)c(C(C)(O)c2cc([NH2+]C(C)(C)O)cc(CO)c2O)c1,0.5426356589147286
CC(O)([NH2+]C[C@@H](O)c1cccc(C(C)(C)O)c1)[NH2+]CC(C)(O)c1cccc(CO)c1,0.45390070921985815
CC(C)(O)c1cc(CO)c(-c2ccc(O)c(O)c2)c(C(C)(C)O)c1,0.5614035087719298
CC(=O)[NH2+]C[C@@H](O)c1cccc(C(C)(C)O)c1,0.633879781420765
CC(C)(Cc1ccc(O)c([C@@H]([NH3+])CO)c1)c1cc(CO)cc(CO)c1O,0.559670781893004
CC(O)=C[C@@H](O)[C@@H](O)[C@@H](O)[C@@H](O)c1cc(C)cc(CO)c1O,0.5555555555555556
CC(C)=C[C@H](CCc1cc(C)cc(C(C)(C)C)c1O)c1cc(C)cc(CO)c1O,0.4542124542124542
CC(O)=Cc1cc(C(C)(C)[NH3+])c(O)c(C(C)(C)[NH2+]C[C@@H](O)c2ccc(O)c(O)c2)c1,0.48351648351648346
CC(C)(O)c1cc(C=C(O)C(C)(C)c2cc(CO)cc(CO)c2O)cc(CO)c1O,0.46376811594202894
OCc1ccc(O)c(O)c1,0.5490196078431372
COc1ccc(C(O)=Cc2cc(CO)c(O)c(C(C)(C)O)c2)cc1[C@H](O)CO,0.5057471264367815
Cc1cc(CO)c(O)c([C@@H](CO)[NH2+]C(C)(C)[C@H](C)O)c1,0.6262626262626263
CC(C)=Cc1c(CO)cc(C)cc1CC=C(C)O,0.5454545454545454
CCc1ccc(O)c([C@@H]([NH3+])O)c1,0.6037735849056604
Cc1cc(CO)c(O)c(C[NH2+]C(C)(C)[C@H](C)O)c1,0.6775956284153005
CC(=O)C(C)(O)[NH2+]C(C)(O)c1cc([C@@H]([NH3+])O)cc(CO)c1O,0.5904761904761904
CC(C)(O)c1cc(-c2cc(CO)c(O)c(C(C)(C)O)c2)c(O)c(C(C)(C)O)c1,0.5019607843137255
CC(=O)C(C)(O)c1cc(C(C)(C)O)cc(CO)c1O,0.6666666666666666
CC(O)=C[C@@H](O)[C@@H](O)C(C)(C)[C@H](O)c1cccc(C(C)(C)O)c1,0.5405405405405406
CC(O)=C[C@H](c1cc(C)cc(CO)c1O)C(C)(C)[NH2+]Cc1ccc(O)c([C@@H]([NH3+])O)c1,0.5185185185185185
C[C@H](O)C(C)([NH2+]Cc1ccc(O)c([C@@H]([NH3+])CO)c1)[C@@H]([NH3+])O,0.5990338164251208
CC(=O)C(O)([NH2+]C(C)(C)O)c1cc(C)cc(CO)c1O,0.6358974358974359
Cc1cc(CO)c(C[NH2+]C(C)(C)[C@H](C)O)c(C(C)(C)C(C)(C)O)c1,0.4786324786324786
CC(C)(O)c1cc(O)c(O)c(C(C)(C)O)c1,0.6206896551724137
C[C@H](O)C(C)(C)[NH2+]Cc1ccc(O)c([C@@H]([NH3+])c2cc(CC(C)(C)O)ccc2O)c1,0.4740740740740741
C[NH2+]C[C@@H](O)c1cccc(C(C)(C)O)c1,0.6206896551724137
CC(O)=CCc1cc(C)cc(CO)c1C(C)=CCc1cc(CO)ccc1O,0.5116279069767442
CC(O)(C[NH2+]C(C)(O)C(C)(O)c1cccc(CO)c1)c1cccc(CO)c1,0.4545454545454545
CC(C)(O)c1cc(C=C(O)Cc2ccc(O)c([C@@H]([NH3+])O)c2)cc(CO)c1O,0.5461847389558232
CC(O)=CCc1cc(-c2c(CO)cc(C)cc2C(C)(C)C(C)(C)O)cc(CO)c1O,0.46376811594202894
CC(O)=Cc1cc(CO)c(O)c(C(C)(O)C=C(C)O)c1,0.6262626262626263
CC(C)(O)c1cc(CO)c(Cc2ccc(O)c([C@@H]([NH3+])O)c2)c(C(C)(C)O)c1,0.5528455284552845
CC(O)=CC(C)(C)c1cc(C)cc(CO)c1O,0.7126436781609194
CC(=C[C@H](CO)c1cc(C)cc(CO)c1O)C(C)(O)c1cc(C)cc(CO)c1O,0.4542124542124542
Cc1cc(CO)c(O)c(-c2cc(CO)c(O)c(C(C)(C)O)c2)c1,0.5263157894736842
Cc1cc(CO)c(O)c(C(C)(O)c2ccc(O)c(CC(C)(C)O)c2)c1,0.6140350877192982
C[C@H](O)c1cccc(C(C)(O)C(=O)C(C)(O)c2cc(C(C)(C)O)cc(CO)c2O)c1,0.5303030303030303
Cc1cc(CO)c(O)c([C@@H](C)O)c1,0.6923076923076923
C[C@@H](O)c1cc(C(=O)c2ccc(O)c(CC(C)(C)O)c2)cc(CO)c1O,0.6153846153846154
CCc1cc(C)cc([C@H](O)C(C)(O)C(C)(C)c2cc(C)cc(CO)c2O)c1O,0.5176470588235293
C[C@H](O)C(C)(C)[NH2+]Cc1cc(-c2cc(CO)c(O)c([C@@H](C)O)c2)cc(CO)c1O,0.4740740740740741
Cc1cc(CO)c(O)c(C(C)(O)C(=O)c2ccc(O)c(CC(C)(C)O)c2)c1,0.5761316872427983
CC(C)=CCc1cc(CC[NH2+]C(C)(C)[C@H](C)O)c(O)c(C(C)(C)O)c1,0.4552845528455285
CC(=C[C@H](CO)c1cc(C)cc(CO)c1O)Cc1cccc(C(C)(C)O)c1,0.5176470588235293
CC(=CCc1cc(CO)ccc1O)C(C)(O)c1cc(C)cc(CO)c1O,0.559670781893004
CC(O)(C[NH2+]C(C)(O)c1cc(CO)ccc1O)c1cccc(CO)c1,0.5499999999999999
Cc1cc(CO)c(O)c(-c2ccc(O)c(CC(C)(C)O)c2)c1,0.5925925925925926
Cc1cc(Cc2cc(C(C)(C)O)cc(C(C)(C)O)c2O)c(O)c(C(C)(C)C)c1,0.43939393939393934
CCc1c(CO)cc(C)cc1C(C)(C)C(C)(C)O,0.5625
[NH3+][C@@H](CO)c1cc(Cc2cc(CO)ccc2O)ccc1O,0.49777777777777776
CC(O)=CC(C)(c1cc(C)cc(CO)c1O)C(C)(O)c1cccc(CO)c1,0.5238095238095237
CC(C)(O)c1cc(C(C)(O)c2cccc(CO)c2)cc(CO)c1O,0.5789473684210527
CC(O)=CCc1cc(Cc2cc(C)cc(C(C)(C)C)c2O)cc(CO)c1O,0.5019607843137255
Cc1cc(CO)c(O)c(C(C)(C)C(C)(C)O)c1,0.7251461988304093
CCc1cc(CO)c(O)c(CC=C(C)O)c1,0.6896551724137931
CC(=O)[C@H]([NH3+])c1cc(C[NH2+]C(C)(C)O)ccc1O,0.6451612903225806
CC(C)=CCc1cc([C@@H](O)c2cc(C)cc(CO)c2O)c(O)c(C(C)(C)O)c1,0.4904214559386973
CC(O)=Cc1cc([NH2+]C(C)(C)[C@H](C)O)c(O)c(C(C)(C)O)c1,0.5114155251141552
Cc1cc([C@H](O)C(C)(C)O)c(O)c(C(C)(C)[NH2+]CC(C)(O)c2cccc(CO)c2)c1,0.48351648351648346
Cc1cc(C[NH2+]C(C)(C)[C@H](C)O)c(O)c(Cc2cc(CO)c(O)c([C@@H](C)O)c2)c1,0.4943820224719101
C[C@H](O)c1cccc(C(C)(C)[NH2+]Cc2ccc(O)c([C@@H]([NH3+])CO)c2)c1,0.5738396624472574
CC(O)=Cc1cc(CO)c(O)c(C(C)(C)[NH3+])c1,0.7126436781609194
CC[C@@H](O)c1cc(C)cc(CO)c1O,0.691358024691358
Cc1cc(CO)c(O)c(C(C)(C(C)(C)O)C(C)(O)c2cccc([C@H](C)O)c2)c1,0.5622489959839357
CCc1cc(CO)c(O)c(CC=C(C)O)c1,0.6896551724137931
Cc1cc(C(=O)c2ccc(O)c([C@H](O)[C@@H]([NH3+])CO)c2)c(O)c([C@H](O)C(C)(C)O)c1,0.47940074906367036
CC(O)=CCc1cc(C)cc(CO)c1-c1c(CO)cc(C)cc1C(C)(C)C(C)(C)O,0.4070175438596491
CCc1cc(C)cc([C@H](O)C(C)(C)O)c1O,0.6783625730994152
Cc1cc(CO)c(O)c([C@H](O)[C@H](O)C(=O)c2ccc(O)c([C@H](O)[C@@H]([NH3+])CO)c2)c1,0.4943820224719101
CC(C)(O)c1cc(CO)cc(CO)c1O,0.6666666666666666
CCCc1cc(CC=C(C)C)cc(C(C)(C)O)c1O,0.5024154589371981
CC(C)(O)c1cc(Cc2ccc(O)c([C@@H]([NH3+])O)c2)cc(CO)c1O,0.5789473684210527
CC(C)=CCc1cc(C(C)(C)O)ccc1O,0.7017543859649122
CCc1cc(CO)c(O)c(CCc2cc(CO)cc(C(C)(C)O)c2O)c1,0.5140562248995983
CC(C)=CCc1cc(CO)cc(C(C)(C)O)c1O,0.6451612903225806
CC(=CCc1cc(C(C)(C)O)ccc1O)c1ccc(CC(C)(C)O)cc1[C@@H]([NH3+])O,0.4740740740740741
Cc1cc(CO)c(O)c(C(C)(O)C(C)(C)[NH2+]Cc2ccc(O)c([C@@H]([NH3+])CO)c2)c1,0.5363984674329502
CC[C@@H](O)[C@H]([NH3+])c1cc(C[NH2+]C(C)(C)O)ccc1O,0.6772486772486772
Cc1cc(CO)c(O)c(C(C)([C@H](O)c2cccc(C(C)(C)O)c2)C(C)(C)O)c1,0.5622489959839357
Cc1cc(CO)c(O)c(C(C)(O)[NH2+]C(C)(O)c2cccc([C@H](C)O)c2)c1,0.590717299578059
CCc1cc(CC=C(C)O)c(O)c(-c2cc(CC(C)(C)O)ccc2O)c1,0.4920634920634921
CC(O)=CC(C)([NH2+]C(C)(C)[C@H](C)O)c1cc(C)cc(CO)c1O,0.5662100456621004
CC(O)=Cc1cc(CO)c(O)c(C(C)([NH3+])c2cc(C)cc([C@H](O)C=C(C)O)c2O)c1,0.48351648351648346
CCc1cc(CO)c(O)c(CCc2cc(C)cc(C(C)(C)C)c2O)c1,0.5102880658436213
CCc1c(CO)cc(C)cc1C(C)(C)C(C)(C)O,0.5625
Cc1cc(C[NH2+]C(C)(C)O)c(O)c(C(C)(O)[NH2+]C(C)(C)O)c1,0.5114155251141552
CC(O)=C[C@@H](O)c1cc(C)cc(CO)c1O,0.6666666666666666
CC(=O)C(C)(O)c1cc(C(C)(C)O)cc(CC=C(C)O)c1O,0.5114155251141552
CC[C@@H](O)[C@H]([NH3+])c1cc([C@H](c2cccc(C(C)(C)O)c2)C(C)(C)C)ccc1O,0.4904214559386973
CC([NH3+])=C[C@H](CO)c1cc(C)cc(CO)c1O,0.633879781420765
Cc1cc(C[NH2+]C(C)(C)[C@H](C)O)c(O)c(C(C)(C)C)c1,0.49523809523809526
C[C@H](O)C(C)(C)[NH2+]Cc1cc(CC(C)(C)O)ccc1O,0.6564102564102564
CC(=O)c1ccc(O)c(CC(C)(O)Cc2cc(C)cc(C(C)(C)C)c2O)c1,0.4862745098039215
CC(C)=CCc1cc(C[NH2+]C(C)(C)[C@H](C)O)c(O)c(C(C)(C)O)c1,0.47257383966244726
CCc1cc(CO)c(O)c(C[C@H]([NH3+])c2cc(C[NH2+]C(C)(C)O)ccc2O)c1,0.5622489959839357
Cc1cc(CO)c(C(C)(O)[NH2+]CC(C)(O)c2cccc(CO)c2)c([C@@H](C)O)c1,0.46441947565543074
Cc1cc(CO)c(O)c([C@H](O)C=C(O)C[C@@H](O)c2cc(C)cc(CO)c2O)c1,0.4444444444444444
CC(C)=CCc1cc(C(C)(O)c2cc(CO)c(O)c(C(C)(C)O)c2)ccc1O,0.5555555555555556
CCc1cc(CO)c(O)c([C@H](CO)c2cc(C)cc(CO)c2O)c1,0.5
Cc1cc(CC[C@@H](O)c2cc(C)cc(CO)c2O)c(O)c(C[NH2+]C(C)(C)[C@H](C)O)c1,0.47826086956521735
CC(O)(C[NH2+]C(C)(O)C(C)(C)c1cc(CO)cc(CO)c1O)c1cccc(CO)c1,0.47826086956521735
CC[C@@H](O)[C@@H](c1cc(C[NH2+]C(C)(C)O)ccc1O)C(C)(C)O,0.6095238095238095
CCc1cc(CO)c(O)c(CC=C(C)C(=O)c2ccc(O)c(CC(C)(C)O)c2)c1,0.5303030303030303
CC(C)=CCc1cc(Cc2cc(C)cc(CO)c2O)c(O)c(C(C)(C)O)c1,0.5019607843137255
Cc1cc(CO)c(O)c(C(C)(O)[NH2+]C(C)(O)C(C)(C)O)c1,0.6169154228855721
CC(=O)C(C)(O)c1cc(C(C)(C)O)cc(CC[NH2+]C(C)(C)[C@H](C)O)c1O,0.4497991967871485
CC(C)([NH2+]Cc1ccc(O)c([C@@H]([NH3+])O)c1)[C@@H](O)c1cc(CO)ccc1O,0.559670781893004
C[C@H](O)C(C)([NH2+]Cc1ccc(O)c([C@@H]([NH3+])CO)c1)c1ccc(O)c([C@@H]([NH3+])O)c1,0.46441947565543074
CC(O)=CC(C=C(C)O)c1cc(C)cc(CO)c1O,0.6153846153846154
CC(C)=CC(O)=CC(C)(C)c1cc(C)cc(CO)c1O,0.6262626262626263
CC(C)(CO)[NH2+]CC(C)(O)c1cccc(CO)c1,0.6349206349206349
Cc1cc(CO)c(O)c([C@H](O)CO)c1,0.6190476190476191
CC(C)(O)Cc1ccc(O)c(-c2ccc(O)c([C@@H]([NH3+])O)c2)c1,0.49122807017543857
CC(O)=C[C@@H](O)c1cc([C@@H](O)c2cc(C)cc(CO)c2O)cc(CO)c1O,0.48062015503875966
CC(O)=Cc1cc(CO)c(O)c(C(C)([NH3+])Cc2cc(C)cc(CO)c2O)c1,0.48062015503875966
CC(C)=C[C@H](Cc1cccc([C@H](C)O)c1)c1cc(C)cc(CO)c1O,0.5982905982905983
CCc1cc(CO)c(O)c(CC=C(C)Cc2cc(C)cc(C(C)(C)C)c2O)c1,0.46441947565543074
CC(O)=Cc1cc(CO)c(O)c(C(C)([NH3+])C(C)=CCc2cc(CO)ccc2O)c1,0.5303030303030303
CC[C@@H](O)c1cc(C)cc(CO)c1[C@@H](O)[C@@H](O)c1cc(C)cc(CO)c1O,0.48062015503875966
Cc1cc(CO)c(O)c(C(C)(C)C=C(O)Cc2cc(CO)c(O)c(C(C)(C)O)c2)c1,0.46376811594202894
CC(O)=CCC(C)(C)[C@H](O)c1cccc(C(C)(C)O)c1,0.5970149253731343
C[C@H](O)C(C)(CO)[NH2+]Cc1ccc(O)c([C@@H]([NH3+])CO)c1,0.6169154228855721
CC(=CCc1cc(C(C)(C)O)ccc1O)Cc1cc(CO)cc(C(C)(C)O)c1O,0.5151515151515151
CC(C)(O)[NH2+]CC(C)(O)c1cccc(CO)c1,0.6666666666666666
CC(=O)c1ccc(O)c(CC(C)(O)c2cc(CO)c(O)c(C(C)(C)O)c2)c1,0.5761316872427983
CC[C@@H](O)[C@H]([NH3+])c1cc(C[NH2+]C(C)(C)O)ccc1O,0.6772486772486772
Cc1cc(Cc2c(CO)cc(C)cc2C(C)(C)C(C)(C)O)c(O)c(C(C)(C)C)c1,0.46441947565543074
Cc1cc(C[C@H]([NH3+])c2cc(C[NH2+]C(C)(C)O)ccc2O)c(O)c(C(C)(C)C)c1,0.4696969696969697
CC(C)=CC(C)(O)[NH2+]C(C)(O)c1cc(C)cc(CO)c1O,0.6078431372549019
CCc1cc(C)cc([C@H](O)C(C)(O)c2cc(CC(C)(C)O)ccc2O)c1O,0.5301204819277108
CC(=O)C(C)(O)c1cc(C(C)(C)O)cc(CCc2ccc(O)c([C@@H]([NH3+])CO)c2)c1O,0.46376811594202894
C[C@H](O)C(C)(C)[NH2+]c1cc(CO)c(O)c([C@H](O)[C@H](O)C(C)(C)O)c1,0.5511111111111111
CCc1cc(C)cc([C@H](O)C(C)(O)Cc2cc(C)cc(C(C)(C)C)c2O)c1O,0.4545454545454545
Cc1cc(CO)c(O)c([C@H](O)CC(O)([NH2+]C(C)(C)O)c2cc(C)cc(CO)c2O)c1,0.46376811594202894
Cc1cc(CO)c(O)c([C@H](O)[C@H](O)c2ccc(O)c([C@@H]([NH3+])O)c2)c1,0.5541125541125541
Cc1cc(CO)c(O)c(C(C)(C)C=C(O)c2cccc([C@H](C)O)c2)c1,0.606060606060606
Cc1cc(CO)c(O)c(C[NH2+]C(C)(C)[C@H](C)O)c1,0.6775956284153005
CC(=O)c1ccc(O)c(CC(C)(O)C(C)(C)c2cc(C)cc(CO)c2O)c1,0.5761316872427983
C[C@H](O)c1cccc(C(C)(O)c2cc(CO)c(O)c(C(C)(C)O)c2)c1,0.6140350877192982
CCc1cc(C)cc([C@H](O)C(C)(C)c2cc(C=C(C)O)cc(C(C)(C)[NH3+])c2O)c1O,0.4301075268817204
CC(O)=Cc1cc([NH2+]Cc2cc(C)cc(CO)c2O)c(O)c(C(C)(C)[NH3+])c1,0.5019607843137255
Cc1cc(C(C)(O)[NH2+]C(C)(C)O)c(O)c(C(C)(C)[C@H](C)O)c1,0.5185185185185185
CC(=O)c1ccc(O)c(CC(C)(O)[NH2+]Cc2cc(C)cc(CO)c2O)c1,0.559670781893004
CC(O)=Cc1cc(CO)c(O)c(C(C)([NH3+])[C@H](O)c2cccc(C(C)(C)O)c2)c1,0.5555555555555556
C[C@H](O)C(C)(C)[NH2+]C(O)=Cc1cc(CO)c(O)c(C(C)(C)O)c1,0.5662100456621004
Cc1cc(CO)c(O)c(C(C)(C)C(C)(O)c2ccc(O)c([C@@H]([NH3+])O)c2)c1,0.5982905982905983
CC(O)=C[C@@H](O)c1cc([NH2+]C(C)(C)[C@H](C)O)cc(CO)c1O,0.5821596244131455
CC(C)(O)Cc1ccc(-c2cc(CO)ccc2O)c([C@@H]([NH3+])O)c1,0.5438596491228069
Cc1cc(CO)c(O)c(C[NH2+]C(C)(C)[C@@H](O)Cc2ccc(O)c([C@@H]([NH3+])O)c2)c1,0.5271317829457364
Cc1cc(CO)c(O)c([C@@H](CO)C(O)=CC(C)(C)c2cc(C)cc(CO)c2O)c1,0.4542124542124542
CCc1cc(CC=C(C)O)c(O)c(C(O)=C[C@@H](O)c2cc(C)cc(CO)c2O)c1,0.46886446886446886
CCc1cc(CO)c(O)c(C(O)=Cc2cc(CO)c(O)c(C(C)(C)O)c2)c1,0.5019607843137255
CC(C)(O)[NH2+]Cc1ccc(O)c([C@@H]([NH3+])c2cc(CO)ccc2O)c1,0.547008547008547
CC(=O)c1ccc(O)c(CC(C)(O)C(=O)c2ccc(O)c(CC(C)(C)O)c2)c1,0.4904214559386973
Cc1cc(CO)c(O)c([C@H](O)[C@H](O)C(C)(C)O)c1,0.6888888888888889
CCc1cc(CO)c(O)c(Cc2cc(CC=C(C)C)cc(C(C)(C)O)c2O)c1,0.48484848484848486
CCc1cc(CO)c(O)c([C@H](O)C(C)(C)[NH2+]Cc2cc(C)cc(CO)c2O)c1,0.5057471264367815
CC(=CCc1cc(CO)c(O)c(C(C)(C)O)c1)C(C)(C)O,0.6078431372549019
CC(=O)C(O)([NH2+]C(C)(C)O)c1cc(C)cc(CO)c1O,0.6358974358974359
CC(O)=CCCc1ccc(O)c([C@@H]([NH3+])O)c1,0.655367231638418
CCc1cc(CO)c(O)c(CC=C(C)Cc2cc(CO)c(O)c(C(C)(C)O)c2)c1,0.46886446886446886
Cc1cc(CO)c(-c2ccc(CC(C)(C)O)cc2[C@@H]([NH3+])O)c([C@@H](C)O)c1,0.4979919678714859
CC(C)=C[C@H](CCc1ccc(O)c([C@@H]([NH3+])CO)c1)c1cc(C)cc(CO)c1O,0.5210727969348659
CCc1cc(C)cc([C@H](O)C(C)(C)C[NH2+]C(C)(C)O)c1O,0.5523809523809524
CCc1cc(CO)c(O)c(Cc2c(CO)cc(C)cc2[C@@H](C)O)c1,0.547008547008547
CCc1cc(CO)c(O)c(C[NH2+]Cc2cc(C)cc(CO)c2O)c1,0.49382716049382713
CC(=O)c1ccc(O)c(CC(C)(O)C(C)(C)[C@H](O)c2cccc(C(C)(C)O)c2)c1,0.5210727969348659
CC[C@@H](O)[C@H]([NH3+])c1cc(C[NH2+]CC=C(C)O)ccc1O,0.6078431372549019
CCc1cc(CO)c(O)c(CC(C)(O)[NH2+]C(C)(O)c2cc(C)cc(CO)c2O)c1,0.4740740740740741
CCc1cc(CO)c(O)c(Cc2cc(CO)c(O)c([C@@H](C)O)c2)c1,0.547008547008547
Cc1cc(CO)c(C(O)=CC(C)(C)c2cc(C)cc(CO)c2O)c([C@@H](C)O)c1,0.5116279069767442
CCc1cc(C)cc([C@H](O)C(C)(C)[C@H](O)c2cccc(C(C)(C)O)c2)c1O,0.5079365079365079
CCc1cc(CC=C(C)O)c(O)c(C[NH2+]C(C)(C)[C@H](C)O)c1,0.49777777777777776
CC(C)=CCc1cc(C(C)(C)O)ccc1Cc1ccc(O)c([C@@H]([NH3+])CO)c1,0.49612403100775193
CCc1cc(CO)c(O)c(C(C)(C)c2cc(C)cc(CO)c2O)c1,0.5541125541125541
CC(=O)c1ccc(O)c(CC(C)(O)c2cc(CC=C(C)C)cc(C(C)(C)O)c2O)c1,0.46376811594202894
CC(O)=Cc1cc(CO)c(O)c(C(C)([NH3+])c2ccc(O)c([C@@H]([NH3+])O)c2)c1,0.5666666666666667
CC([NH3+])=C[C@@H](O)[C@@H](O)c1cc(C)cc(CO)c1O,0.6451612903225806
CC[C@@H](O)[C@H]([NH3+])c1cc(C[NH2+]C(C)(O)C(C)=O)ccc1O,0.6274509803921569
Cc1cc(CO)c(O)c(C[NH2+]c2cc(C)cc(C(C)(O)[NH2+]C(C)(C)O)c2O)c1,0.4904214559386973
C[C@H](O)C(C)(C)[NH2+]Cc1cc(C(C)(C)O)cc(CO)c1O,0.6078431372549019
CC[C@@H](O)c1cc(C)cc(CO)c1C(C)(O)Cc1cc(C(C)=O)ccc1O,0.5691056910569106
Cc1cc(CO)c(O)c([C@H](O)[C@H](O)c2ccc(O)c([C@@H]([NH3+])O)c2)c1,0.5541125541125541
CC(O)=Cc1cc(Cc2cc(CO)ccc2O)c(O)c(C(C)(C)[NH3+])c1,0.5811965811965811
CC[C@@H](O)c1cc(C)cc(CO)c1C(C)(C)[C@H](O)c1cccc(C(C)(C)O)c1,0.4904214559386973
CC(=O)c1ccc(O)c(CC(C)(O)c2cc(C)cc(CO)c2O)c1,0.6044444444444443
CC(O)=C[C@@H](c1ccc(CC(C)(C)O)cc1[C@@H]([NH3+])O)c1cc(C)cc(CO)c1O,0.4943820224719101
CC[C@@H](O)C(C)(O)c1cc(C)cc(CO)c1O,0.6779661016949152
CC(=O)c1ccc(O)c(CC(C)(O)c2c(CO)cc(C)cc2C(C)(C)C(C)(C)O)c1,0.5093632958801497
CC(=CCc1cc(CO)ccc1O)C(C)(c1cc(C)cc(CO)c1O)C(C)(C)O,0.5363984674329502
CC(O)=CC(C)(c1cc(CO)ccc1O)c1cc(C)cc(CO)c1O,0.5811965811965811
CC(O)=Cc1cc(CO)c([C@H](CO)c2cc(C)cc(CO)c2O)c(C(C)(C)[NH3+])c1,0.4740740740740741
CCc1cc(C)cc([C@H](O)C(C)(O)c2ccc(CC(C)(C)O)cc2[C@@H]([NH3+])O)c1O,0.45925925925925926
CC(C)=CCc1cc(-c2cc(CO)ccc2O)c(O)c(C(C)(C)O)c1,0.5569620253164557
CC(=O)c1ccc(O)c(CC(C)(O)C(C)(O)c2cc(C)cc(CO)c2O)c1,0.5761316872427983
CC(=O)c1ccc(O)c(CC(C)(O)[C@H](O)[C@H](O)C(C)(C)O)c1,0.6183574879227053
CCc1cc(CO)c(O)c(CC=C(C)C(C)(C)[C@H](O)c2cccc(C(C)(C)O)c2)c1,0.5185185185185185
Cc1cc(CO)c(O)c(C(C)(O)[NH2+]C(C)(O)c2cc(CO)ccc2O)c1,0.5666666666666667
CCc1cc(CO)c(O)c(CC=C(C)c2cc(CC(C)(C)O)ccc2O)c1,0.5622489959839357
Cc1cc(CO)c(O)c(C(C)(Cc2ccc(O)c([C@@H]([NH3+])O)c2)C(C)(C)O)c1,0.5761316872427983
C[C@H](O)c1cccc(C(C)(C)[C@H](C)O)c1,0.7030303030303029
CC[C@@H](O)C(c1cc(C[NH2+]C(C)(C)O)ccc1O)[C@H](O)CC,0.6009389671361502
CC[C@@H](O)[C@H]([NH3+])c1cc(-c2cc(C)cc([C@H](O)C(C)(C)O)c2O)ccc1O,0.5079365079365079
CC(C)=C[NH2+]C(C)(C)[C@H](C)O,0.26666666666666666
Cc1cc(CO)c(O)c(C(C)(C)C=C(O)C(=O)c2ccc(O)c(CC(C)(C)O)c2)c1,0.5243445692883895
Cc1cc(CO)c(O)c(C[NH2+]C(C)([C@H](C)O)[C@@H](O)c2cc(C)cc(CO)c2O)c1,0.4740740740740741
CCc1cc(CC=C(C)O)c(O)c(Cc2cc(CC(C)(C)O)ccc2O)c1,0.49612403100775193
CC(C)=CCc1cc(C[NH3+])c(O)c(C(C)(C)O)c1,0.5252525252525252
C[C@H](O)c1cccc(C(C)(O)c2ccc(CC(C)(C)O)cc2[C@@H]([NH3+])O)c1,0.47619047619047616
Cc1cc(CO)c(O)c([C@H](O)[C@H](O)C(O)=CC(C)(C)c2cc(C)cc(CO)c2O)c1,0.46376811594202894
CC[C@@H](O)[C@H]([NH3+])c1cc(C[NH2+]C(C)(C)O)ccc1O,0.6772486772486772
CCC(C)(O)c1cc(C)cc(CO)c1O,0.7030303030303029
CCc1cc(CO)c(O)c(C(C)=O)c1,0.6190476190476191
CC(O)=Cc1cc(CO)c([NH2+]Cc2cc(C)cc(CO)c2O)c(C(C)(C)[NH3+])c1,0.48484848484848486
CCc1cc(C)cc([C@H](O)C(C)(O)[C@H](O)c2cccc(C(C)(C)O)c2)c1O,0.5079365079365079
C[C@H](O)C(C)(C)c1cccc([C@@H](O)[C@H](O)[C@H](O)C(C)(C)O)c1,0.5633802816901408
CCC(C)(O)c1cc(C)cc(CC(C)(C)O)c1O,0.5925925925925926
CC(O)=C[C@@H](O)c1cc(C)cc(-c2cc(C)cc([C@H](O)C(C)(C)O)c2O)c1O,0.4545454545454545
CC(O)=CCc1c(CO)cc(C)cc1C(C)(C)C(C)(C)O,0.5258215962441314
C[C@H](O)C(C)(C)[NH2+]Cc1cc(-c2cc(CO)ccc2O)cc(CO)c1O,0.5365853658536586
CCc1cc(CC=C(C)O)c(O)c(Cc2ccc(O)c([C@@H]([NH3+])O)c2)c1,0.5040650406504065
CC[C@@H](O)C(C)(C)[C@H](C)O,0.33939393939393936
CCc1cc(C)cc([C@H](O)C(C)(C)C[NH2+]C(C)(C)[C@H](C)O)c1O,0.5155555555555555
CC(O)=Cc1cc(C[NH3+])c(O)c(C(C)(C)[NH3+])c1,0.5502645502645502
CC(C)=CCc1cc(C(C)(O)c2ccc(O)c(CC(C)(C)O)c2)ccc1O,0.5019607843137255
Cc1cc(CO)c(O)c(C(C)(C)C(C)(O)C[NH2+]C(C)(C)[C@H](C)O)c1,0.5511111111111111
C[C@H](O)c1cccc(C(C)(O)c2c(CO)cc(C(C)(C)O)cc2C(C)(C)O)c1,0.49612403100775193
CC(C)=C[C@H](O)c1cccc(C(C)(C)O)c1,0.6666666666666666
CC(O)=C[C@@H](O)c1cc(-c2cc(CO)c(O)c(C(C)(C)O)c2)cc(CO)c1O,0.4904214559386973
CC[C@@H](O)[C@H]([NH3+])c1cc(C[NH2+]C(C)(C)O)ccc1-c1ccc(O)c(CC(C)(C)O)c1,0.45878136200716846
Cc1cc(Cc2ccc(O)c(CC(C)(C)O)c2)c(O)c(C(C)(C)C)c1,0.5166666666666666
CCc1cc(CO)c(O)c(CC(C)(O)c2cc(C(C)(C)O)cc(CO)c2O)c1,0.4904214559386973
CC(O)=C[C@@H](O)c1cc(C(C)(O)c2cccc([C@H](C)O)c2)cc(CO)c1O,0.5691056910569106
[NH3+]c1ccc(O)c([C@@H]([NH3+])O)c1,0.4285714285714286
CCc1cc(C)cc([C@H](O)C(C)(C)c2ccc(O)c(CC(C)(C)O)c2)c1O,0.5301204819277108
Cc1cc(CO)c([C@@H](O)[C@H]([NH3+])c2cc(C[NH2+]C(C)(C)O)ccc2O)c([C@@H](C)O)c1,0.5363984674329502
CCc1cc(C)cc([C@H](O)C(C)(C)C(C)(C)c2cc(C)cc(CO)c2O)c1O,0.5176470588235293
Cc1cc(CO)c(O)c(C[NH2+]C(C)(C)[C@H](C)O)c1,0.6775956284153005
CCC(C)([NH2+]Cc1cc(C)cc(CO)c1O)[C@H](C)O,0.6458333333333333
Cc1cc(CO)c(O)c(C[NH2+]C(C)(C)[C@@H](O)c2cc(CC(C)(C)O)ccc2O)c1,0.5581395348837209
CCC(C)(O)c1cc(C)cc(Cc2c(CO)cc(C(C)(C)O)cc2C(C)(C)O)c1O,0.4492753623188406
CC(C)(O)c1cccc([C@@H](O)C(C)(C)C)c1,0.6783625730994152
Cc1cc(CO)c(O)c(C(C)(c2cc(CO)ccc2O)C(C)(C)O)c1,0.6140350877192982
Cc1cc(CO)c(O)c(C(C)(C)C(C)(O)[NH2+]C(C)(C)[C@H](C)O)c1,0.5740740740740741
CCC(C)(O)c1cc(C)cc(Cc2cc(C)cc(C(C)(O)[NH2+]C(C)(C)O)c2O)c1O,0.41134751773049644
Cc1cc(CO)c(O)c(C[NH2+]C(C)(C)O)c1,0.6666666666666666
Cc1cc(CO)c(O)c(C(C)(C)C=C(O)C(C)(C)[C@H](C)O)c1,0.5904761904761904
CC(C)=Cc1cc(CO)c(O)c([C@H](O)[C@H](O)C(C)(C)O)c1,0.6368159203980099
CC(C)=CCc1cc(C(C)(C)O)ccc1Cc1cc(C)cc(CO)c1O,0.5365853658536586
C[C@H](O)c1cccc(C(C)(O)C(C)(C)[C@H](C)O)c1,0.6557377049180327
C[C@H](O)C(C)(C)[C@H](c1cccc(C(C)(C)O)c1)C(C)(C)C,0.5070422535211268
CC(C)(O)Cc1cc(-c2cc(CO)c(O)c(C(C)(C)O)c2)ccc1O,0.5641025641025641
Cc1cc(CO)c(O)c([C@H](O)Cc2cc(CO)c(O)c(C[NH2+]C(C)(C)[C@H](C)O)c2)c1,0.47826086956521735
CC[C@@H](O)c1cc(C)cc(CO)c1[NH3+],0.5517241379310345
CCc1cc(CO)c(O)c(Cc2cc(C)cc(C(C)(O)[NH2+]C(C)(C)O)c2O)c1,0.4904214559386973
Cc1cc(CO)c(O)c(C(O)([NH2+]C(C)(C)O)c2cc(CO)c(O)c([C@@H](C)O)c2)c1,0.5
CCc1cc(CO)c(O)c(CC[NH2+]C(C)(C)[C@H](C)O)c1,0.6169154228855721
CCC(C)(O)c1cc([C@@H](O)C(C)(O)c2cc(C)cc(CO)c2O)cc(CO)c1O,0.5210727969348659
CCc1cc(CC=C(C)O)c(O)c(Cc2cc(CO)c(O)c(C(C)(O)CC)c2)c1,0.46886446886446886
CC(O)=CCCc1cc(C=C(C)O)cc(C(C)(C)[NH3+])c1O,0.5185185185185185
CC(O)=CC[C@@H](O)C(C)(O)c1cc(C)cc(CO)c1O,0.5970149253731343
CCC(C)(O)c1cc(Cc2cc(C)cc(CO)c2O)cc(CO)c1O,0.5102880658436213
Cc1cc(CO)c(O)c(C[NH2+]C(C)(c2cc(CO)ccc2O)[C@H](C)O)c1,0.559670781893004
CCc1cc(C)cc([C@H](O)C(C)(C)[NH2+]C(C)(C)[C@H](C)O)c1O,0.537037037037037
CC(C)=Cc1cc(C)cc([C@H](O)C(C)(C)O)c1O,0.6236559139784945
CCc1cc(CO)c(O)c(-c2cccc([C@H](C)O)c2)c1,0.6274509803921569
Cc1cc(CO)c(O)c(C[NH2+]C(C)(C)[C@H](C)[NH2+]C(C)(C)O)c1,0.5821596244131455
CCC(C)(O)c1cc(C(C)=CCc2cc(CO)ccc2O)cc(CO)c1O,0.5622489959839357
CCc1cc(CO)c(O)c(CC=C(C)O)c1,0.6896551724137931
CC(C)(O)[NH2+]c1cc(C(C)(C)O)cc(C(C)(C)O)c1O,0.5572139303482586
CC(C)(O)[NH2+]Cc1ccc(O)c([C@@H]([NH3+])[C@H](O)[C@@H]([NH3+])O)c1,0.6262626262626263
Cc1cc(CO)c(O)c([C@H](O)[C@H](O)c2c(CO)cc(C)cc2C(C)(C)C(C)(C)O)c1,0.4888888888888888
Cc1cc(CO)c(O)c(C[NH2+][C@H](c2cccc(C(C)(C)O)c2)C(C)(C)C)c1,0.5238095238095237
Cc1cc(CO)c(O)c([C@H](O)CC[NH2+]C(C)(C)[C@H](C)O)c1,0.6274509803921569
CC(O)=Cc1cc(CO)c(O)c(C(C)([NH3+])[NH2+]Cc2cc(C)cc(CO)c2O)c1,0.46441947565543074
Cc1cc(CO)c(O)c(C(=O)c2ccc(O)c(CC(C)(C)O)c2)c1,0.6044444444444443
CCC(C)(O)c1cc(C)cc(CO)c1-c1cc(CO)c(O)c(CC=C(C)O)c1,0.48484848484848486
CCc1cc(CO)c(O)c([NH2+]C(C)(C)O)c1,0.7017543859649122
CCc1cc(CO)c(O)c([NH2+]C(C)(O)C[NH2+]C(C)(C)[C@H](C)O)c1,0.5585585585585585
CC[C@@H](O)C(C)(c1cc(C)cc(CO)c1O)[C@@H](O)[C@@H](O)c1cc(C)cc(CO)c1O,0.46376811594202894
CC[C@@H]([C@H](O)[C@H](O)C(C)(C)O)C(C)(O)c1cc(C)cc(CO)c1O,0.5511111111111111
CC(O)=Cc1cc([C@H](c2cccc(C(C)(C)O)c2)C(C)(C)C)c(O)c(C(C)(C)[NH3+])c1,0.4301075268817204
CCc1cc(CO)c(O)c([NH2+]C(C)(O)C[C@@H](O)c2cc(C)cc(CO)c2O)c1,0.48484848484848486
CC[C@@H](O)[C@H]([NH3+])c1cc(-c2c(CO)cc(C)cc2C(C)(C)C(C)(C)O)ccc1O,0.5
Cc1cc(CO)c(O)c(C[NH2+]Cc2cc(C)cc(CO)c2O)c1,0.4666666666666666
C[C@H](O)C(C)(C)[NH2+][NH2+]C(C)(C)O,0.3111111111111111
CCc1cc(CC=C(C)O)c(O)c(CCc2cc(C)cc(C(C)(O)CC)c2O)c1,0.41134751773049644
Cc1cc(CO)c(O)c([C@H](O)[C@H](O)c2c(CO)cc(C(C)(C)O)cc2C(C)(C)O)c1,0.4888888888888888
CC(=O)c1ccc(O)c(CC(C)(O)C(C)(c2cccc([C@H](C)O)c2)[C@H](C)O)c1,0.5333333333333333
CC(O)=Cc1cc(CO)c(O)c(C(C)([NH3+])C[C@@H](O)c2cc(C)cc(CO)c2O)c1,0.4740740740740741
CCc1cc(C[C@H](O)c2cccc(C(C)(C)O)c2)c(O)c([NH2+]C(C)(C)O)c1,0.5019607843137255
CC[C@@H](O)c1cc(C)cc(CO)c1[C@H](O)C(C)(C)[NH2+]Cc1cc(C)cc(CO)c1O,0.47826086956521735
Cc1cc(CO)c(O)c(C[NH2+]C(C)(C)[C@H](C)c2ccc(O)c(CC(C)(C)O)c2)c1,0.5363984674329502
CCc1cc(C)cc([C@H](O)C(C)([NH3+])O)c1O,0.6101694915254237
Cc1cc(CO)c(-c2cccc([C@@H](O)C(C)(C)C)c2)c([C@@H](C)O)c1,0.5541125541125541
CC(=CCc1cc(CO)ccc1O)C(C)(C)[C@H](O)c1cccc(C(C)(C)O)c1,0.5714285714285714
Cc1cc(CO)c(O)c(C(O)([NH2+]C(C)(C)O)c2cc(CO)c(O)c(C(C)(C)O)c2)c1,0.46886446886446886
C[C@H](O)c1cccc(C(C)(c2cc(CO)c(O)c([C@@H](C)O)c2)[C@H](C)O)c1,0.590717299578059
C[C@H](O)C(C)(C)[NH2+][C@H](O)c1cccc(C(C)(C)O)c1,0.5656565656565656
CCc1cc(CO)c(C(C)(C)[C@@H](O)c2cc(C)cc(CC)c2O)c(CC=C(C)O)c1,0.45878136200716846
CC(O)=Cc1cc([NH2+]C(C)(C)O)c(O)c(C(C)(C)[NH3+])c1,0.5490196078431372
CC(=O)[C@@H](O)C(C)(O)c1cc(C)cc(CO)c1O,0.6557377049180327
Cc1cc(C(O)=CC(C)(C)c2cc(C)cc(CO)c2O)c(O)c([C@H](O)C(C)(C)O)c1,0.4888888888888888
CC(O)=CC(C)(c1cc(C)cc(CO)c1O)[C@H](O)[C@H](O)C(C)(C)O,0.5511111111111111
Cc1cc(-c2c(CO)cc(C(C)(C)O)cc2C(C)(C)O)c(O)c([C@H](O)C(C)(C)O)c1,0.4740740740740741
CCC(C)(O)c1cc(C)cc(CO)c1[C@H](O)c1cccc(C(C)(C)O)c1,0.47619047619047616
Cc1cc(CO)c(O)c(C[NH2+]C(C)(C)c2cc(CC(C)(C)O)ccc2O)c1,0.5691056910569106
CC(=CCc1cc(CO)c(O)c(C(C)(C)O)c1)C(C)(O)c1cc(C)cc(CO)c1O,0.46376811594202894
CCc1cc(CO)c(O)c(-c2ccc(CC(C)(C)O)cc2[C@@H]([NH3+])O)c1,0.5569620253164557
Cc1cc(CO)c(O)c(C[NH2+]C(C)([NH2+]Cc2cc(C)cc(CO)c2O)[C@H](C)O)c1,0.4492753623188406
CC(C)(O)c1cccc([C@@H](O)c2cc(CO)c(O)c(C(C)(C)O)c2)c1,0.5641025641025641
CC(=O)c1ccc(O)c(CC(C)(C)O)c1,0.7030303030303029
CCc1cc(CO)c(O)c(CC=C(C)C(C)=CCc2cc(C(C)(C)O)ccc2O)c1,0.5128205128205128
CC(O)=CC(C)(c1cc(C)cc(CO)c1O)C(C)(c1cccc([C@H](C)O)c1)[C@H](C)O,0.5243445692883895
CC[C@@H](O)[C@H]([NH3+])c1cc(C[NH2+][NH2+]C(C)(C)O)ccc1O,0.6464646464646464
CC(O)=Cc1cc(CO)c(-c2cc(CO)ccc2O)c(C(C)(C)[NH3+])c1,0.5569620253164557
CC(C)=CCc1cc(C(C)(O)O)ccc1O,0.7757575757575756
CC(C)=CCc1cc(C(O)(O)CC(C)(C)O)ccc1O,0.6564102564102564
CC(O)=Cc1cc(CO)c([NH2+]C(C)(C)[C@H](C)O)c(C(C)(C)[NH3+])c1,0.49122807017543857
Cc1cc(CO)c(O)c(C[C@@H]([NH3+])O)c1,0.5847953216374269
Cc1cc(CO)c(O)c(Cc2cc(C)cc(C(C)(C)C)c2O)c1,0.5511111111111111
CCc1cc(CO)c(O)c(C(C)(O)C(C)(C)c2cc(C)cc(CO)c2O)c1,0.5079365079365079
CC[C@@H](O)c1cc(C)cc(CO)c1-c1cc(CO)c(O)c([C@H](O)[C@H](O)C(C)(C)O)c1,0.48351648351648346
CC(C)(O)[C@H](O)[C@H](O)C(C)(C)O,0.3448275862068966
CCc1cc(CO)c(C(C)(O)[C@@H](O)c2cc(C)cc(CC)c2O)c(CC=C(C)O)c1,0.45878136200716846
CCC(C)(O)c1cc(CC(C)(C)O)cc(CO)c1O,0.656084656084656
CC[C@@H](O)C(C)(C[C@@H](O)c1cc(C)cc(CO)c1O)c1cc(C)cc(CO)c1O,0.4740740740740741
CCC(C)(O)c1cc(C)cc(Cc2cc(CO)ccc2O)c1O,0.5945945945945945
CC(C)=CCc1cc(C(O)(O)C(C)=CCc2cc(C(C)(O)O)ccc2O)ccc1O,0.45878136200716846
CCC(C)(O)c1cc(C)cc(C[NH2+]Cc2cc(C)cc(CO)c2O)c1O,0.4920634920634921
CC(C)(O)Cc1ccc(O)c(O)c1,0.5818181818181818
CCC(C)(O)c1cc(C)cc(CO)c1C(C)(C)[C@H](O)c1cccc(C(C)(C)O)c1,0.47940074906367036
Cc1cc(CO)c(-c2c(CO)cc(C)cc2C(C)(C)C(C)(C)O)c([C@@H](C)O)c1,0.4545454545454545
CC[C@@H](O)c1cc(C)cc(CO)c1[C@@H]([NH3+])O,0.5683060109289617
CCc1ccc(O)c(CC(C)(C)O)c1,0.7295597484276729
CC[C@@H](O)[C@@H](C)C(C)(C)[NH2+]Cc1cc(C)cc(CO)c1O,0.5990338164251208
CC(O)=Cc1cc(C(C)(C)[NH3+])c(O)c(C(C)(O)c2cccc([C@H](C)O)c2)c1,0.5079365079365079
CCc1ccc(O)c(CC(C)=CCc2cc(CC)cc(CO)c2O)c1,0.5666666666666667
Cc1cc(CO)c(O)c(C[NH2+]C(C)(C)[C@H](C)C(C)(O)c2cc(C)cc(CO)c2O)c1,0.46376811594202894
CCc1cc(CO)c(O)c([NH2+]C(C)(O)c2cc(CC)cc(CC=C(C)O)c2O)c1,0.46886446886446886
Cc1cc(CO)c(O)c(C(C)(C)C(C)(O)O)c1,0.7251461988304093
CC(C)=CCc1cc(C(O)(O)[C@H](O)c2cccc(C(C)(C)O)c2)ccc1O,0.5461847389558232
CCc1cc(CC=C(C)O)c(O)c(CC(C)(O)[NH2+]c2cc(CC)cc(CO)c2O)c1,0.45390070921985815
CCc1cc(CO)c(O)c(Cc2cc(C)cc(C(C)(C)C)c2O)c1,0.5299145299145298
CCC(C)(O)c1cc(-c2ccc(O)c(CC(C)(C)O)c2)cc(CO)c1O,0.5432098765432098
CC(C)=CCc1cc(C(C)(O)c2c(CO)cc(C)cc2[C@@H](C)O)ccc1O,0.5691056910569106
CC[C@@H](O)[NH2+]Cc1cc(C)cc(CO)c1O,0.6222222222222222
CCc1ccc(O)c(CC(C)(O)Cc2cc(C=C(C)O)cc(C(C)(C)[NH3+])c2O)c1,0.4740740740740741
CC(O)=Cc1cc(CO)c(O)c(C(C)(O)C(C)(c2cccc([C@H](C)O)c2)[C@H](C)O)c1,0.5243445692883895
CC(O)=Cc1cc(Cc2cc(C)cc(C(C)(C)C)c2O)c(O)c(C(C)(C)O)c1,0.4344569288389513
CC(=O)c1ccc(O)c([C@H](O)C(C)(C)[NH2+]Cc2ccc(O)c([C@@H]([NH3+])O)c2)c1,0.5238095238095237
Cc1cc(CO)c(O)c(C(C)(O)c2cc(CO)c(O)c([C@H](O)[C@H](O)C(C)(C)O)c2)c1,0.4888888888888888
CCc1cc(CO)c(O)c(CC=C(C)C(C)(O)O)c1,0.6458333333333333
Cc1cc(CO)c(O)c(C(C)(C)C=C(O)C[NH2+]C(C)(C)[C@H](C)O)c1,0.5438596491228069
Cc1cc(CO)c(O)c([C@H](O)[C@H](O)c2cccc([C@H](C)O)c2)c1,0.5688888888888889
Cc1cc(CO)c(O)c(CCc2cc(C)cc(C(C)(C)C)c2O)c1,0.5299145299145298
Cc1cc(CO)c(O)c(C(C)(C)C(C)(O)c2cc(C)cc(CO)c2O)c1,0.5267489711934156
C[C@H](O)C(C)(C)[NH2+]Cc1cc([C@H](O)[C@H](O)C(C)(C)O)cc(CO)c1O,0.5789473684210527
CCc1cc(CC=C(C)O)c(O)c(CCc2cc(C)cc(C(C)(C)C)c2O)c1,0.4057971014492754
CC(=O)c1ccc(O)c(C(C)=C[C@@H](O)[C@@H](O)c2cc(C)cc(CO)c2O)c1,0.5691056910569106
Cc1cc(CO)c(O)c(C[NH2+]C(C)(C)C(O)O)c1,0.6451612903225806
CC(=CCc1cc(C(C)(O)O)ccc1O)[C@@H](O)[C@@H](O)c1cc(C)cc(CO)c1O,0.5363984674329502
CC(O)=Cc1cc(CO)c(O)c(C(C)(O)C(C)(C)O)c1,0.6358974358974359
CCc1ccc(O)c(CC(C)(O)C(C)(O)[NH2+]c2cc(CC)cc(CO)c2O)c1,0.5490196078431372
CCc1cc(CC=C(C)O)c(O)c(Cc2cc(CC)cc([NH2+]C(C)(C)O)c2O)c1,0.41134751773049644
CCc1cc(C[NH2+]C(C)(C)[C@H](C)O)c(O)c([NH2+]C(C)(C)O)c1,0.5045045045045045
CCc1cc(CC=C(C)O)c(O)c(CCC=C(C)O)c1,0.5258215962441314
CCc1cc(CO)c(O)c(CO)c1,0.6419753086419753
CC(C)=CCc1cc(C(O)(O)CC=C(C)O)ccc1O,0.6464646464646464
CC(C)=CCc1cc(C(O)(O)c2cc(C(C)(C)O)cc(C(C)(C)O)c2O)ccc1O,0.46886446886446886
CC(C)=CCc1cc(CCc2cc(C)cc(C(C)(C)C)c2O)c(O)c(C(C)(C)O)c1,0.3888888888888889
CC[C@@H](O)C(C)(c1cc(C)cc(CO)c1O)C(C)(O)c1cccc([C@H](C)O)c1,0.5555555555555556
CCc1cc(CO)c(O)c([NH2+]C(C)(O)c2ccc(CC(C)(C)O)cc2[C@@H]([NH3+])O)c1,0.4943820224719101
CC[C@@H](C(C)=O)C(C)(O)c1cc(C)cc(CO)c1O,0.656084656084656
CC(=CCc1cc(C(C)(C)O)ccc1O)C(C)(C)c1cc(C)cc(CO)c1O,0.5555555555555556
Cc1cc(CO)c(O)c([C@H](O)[C@H](O)c2cc(C)cc(C(C)(C)C(C)(O)O)c2O)c1,0.5057471264367815
CC(O)=Cc1cc(CO)c(Cc2cc(C)cc(CO)c2O)c(C(C)(C)[NH3+])c1,0.5019607843137255
Cc1cc(CC(O)([NH2+]C(C)(C)O)c2cc(C)cc(CO)c2O)c(O)c(C(C)(C)C)c1,0.46886446886446886
CC(O)=CC(C)(O)c1cc(C)cc(CO)c1O,0.6779661016949152
CCc1ccc(O)c(CC(C)(C)C(C)(c2cc(C)cc(CO)c2O)[C@H](O)CC)c1,0.5363984674329502
Cc1cc(CC(C)(O)c2cccc([C@H](C)O)c2)c(O)c(C(C)(C)C)c1,0.540084388185654
C[C@H](O)c1cccc(C(C)(O)c2cc(CO)c(O)c(C[NH2+]C(C)(C)[C@H](C)O)c2)c1,0.5363984674329502
Cc1cc(CO)c(O)c(C[NH2+]C(C)(C)[C@H](C)O)c1,0.6775956284153005
CC[C@H](C(C)(O)c1cc(C)cc(CO)c1O)C(C)(C)C(C)(O)O,0.5740740740740741
CCC(C)(O)[NH2+]C(C)(O)c1cc(C)cc(CO)c1O,0.656084656084656
CCc1cc(CO)c(-c2cc(CC(C)(C)O)ccc2O)c(CC=C(C)O)c1,0.5176470588235293
CC(=O)c1cc(C=C(C)O)cc(C(C)(C)[NH3+])c1O,0.5333333333333333
Cc1cc(CO)c(O)c(C(C)(O)[C@H](O)C(C)(c2cccc([C@H](C)O)c2)[C@H](C)O)c1,0.5426356589147286
CC(=O)c1ccc(O)c(CC(C)(O)c2cc(C(C)=O)ccc2O)c1,0.5299145299145298
CCc1cc(CC=C(C)O)c(O)c(C(C)(C)[C@H](O)c2cccc(C(C)(C)O)c2)c1,0.4740740740740741
CC[C@@H](O)C(C)(c1cc(C)cc(CO)c1O)C(C)(O)c1cc(C)cc(CO)c1O,0.47940074906367036
CC(=CCc1cc(C(C)(O)O)ccc1O)C(C)(C)C(C)(O)O,0.6183574879227053
Cc1cc(CO)c(O)c(C[NH2+]C(C)(C)[C@@H](O)C[C@@H](O)c2cc(C)cc(CO)c2O)c1,0.45878136200716846
CC(O)=Cc1cc(CO)c(O)c(C(C)(O)c2cccc([C@@H](O)C(C)(C)C)c2)c1,0.5555555555555556
CC(=CCc1cc(C(C)(C)O)ccc1O)CC(C)(C)O,0.6564102564102564
CC[C@@H](O)c1cc(C(C)=O)ccc1O,0.691358024691358
CC[C@@H](O)C(C)(c1cc(CC(C)(C)O)ccc1O)c1cc(C)cc(CO)c1O,0.5555555555555556
CCC(C)(O)c1cc(C)cc(CC(C)=O)c1O,0.5502645502645502
CCC(C)(O)[NH2+]C(C)(O)c1cc(C)cc(CO)c1O,0.656084656084656
CC(C)=CCc1cc(C(C)(C)O)ccc1C(C)=CCc1cc(C(C)(C)O)ccc1O,0.45878136200716846
CCc1cc(CO)c(O)c(C(C)(c2cc(C)cc(CO)c2O)[C@H](O)CC)c1,0.5019607843137255
CC(=O)c1ccc(O)c([C@@H](O)C(C)(O)c2cc(C)cc(CO)c2O)c1,0.6140350877192982
Cc1cc(CO)c(O)c([C@@H](O)[C@@H](O)c2cc(C)cc(CO)c2O)c1,0.4833333333333333
CC(O)=Cc1cc(CO)c(O)c(C(C)([NH3+])c2cc(CO)c(O)c(C(C)(C)O)c2)c1,0.47940074906367036
Cc1cc(CO)c([NH2+]C(C)(C)[C@H](C)O)c([C@@H](C)O)c1,0.5948717948717949
CCc1cc(CC=C(C)O)c(O)c(C(C)(C)c2cc(C)cc(CO)c2O)c1,0.5019607843137255
CCc1cc(CC=C(C)O)c(O)c(Cc2cc(C=C(C)O)cc(C(C)(C)[NH3+])c2O)c1,0.40277777777777773
Cc1cc(CO)c(O)c(C(O)([NH2+]C(C)(C)O)C(C)(C)C(C)(O)O)c1,0.5585585585585585
CCc1cc(CO)c([C@@H](O)[C@@H](O)c2cc(C)cc(CO)c2O)c(CC=C(C)O)c1,0.46886446886446886
CCc1cc(CO)c(O)c(C(C)(O)[C@@H](O)c2cc(C)cc(CC)c2O)c1,0.5432098765432098
Cc1cc(CO)c(C(C)(C)c2cc(C)cc(CO)c2O)c([C@@H](C)O)c1,0.5641025641025641
CC(=O)c1ccc(O)c(C(C)(C)O)c1,0.7044025157232704
Cc1cc(CO)c(O)c(C(C)(O)[C@H](O)c2cccc(C(C)(C)O)c2)c1,0.6140350877192982
CCc1ccc(O)c(CC(C)(C)[C@@H](O)C(C)(O)c2cc(C)cc(CO)c2O)c1,0.5555555555555556
Cc1cc(CO)c(CO)c([C@H](O)[C@H](O)C(C)(C)O)c1,0.5656565656565656
CC(C)=CCc1cc(C(C)(O)c2cc(C)cc(CO)c2O)ccc1O,0.606060606060606
Cc1cc(CO)c(O)c(C(C)(C)C=C(O)[NH2+]C(C)(C)[C@H](C)O)c1,0.5662100456621004
CCc1cc(C)cc([C@H](O)C(C)(O)C(C)=O)c1O,0.6236559139784945
Cc1cc(CO)c(O)c(C(C)(C)C(O)([NH2+]C(C)(C)O)c2cc(C)cc(CO)c2O)c1,0.46886446886446886
CCc1cc(C)cc([C@H](O)C(C)(C)C(O)(O)c2ccc(O)c(CC=C(C)C)c2)c1O,0.48351648351648346
CCc1cc(C)cc([C@H](O)C(C)(O)C(C)=CCc2cc(C(C)(O)O)ccc2O)c1O,0.48351648351648346
CC(=CCc1cc(C(C)(O)O)ccc1O)[C@H](O)[C@H](O)C(C)(C)O,0.5925925925925926
CC(O)=Cc1cc(Cc2cc(CC(C)(C)O)ccc2O)c(O)c(C(C)(C)[NH3+])c1,0.4904214559386973
CC(C)=CCc1cc(C(C)(C)O)ccc1-c1cc(CO)c(O)c(C(C)(C)O)c1,0.5116279069767442
CC(=O)c1ccc(O)c([C@H](O)c2cc(CC=C(C)C)cc(C(C)(C)O)c2O)c1,0.4904214559386973
Cc1cc(CO)c(O)c(-c2c(CO)cc(C)cc2C(C)(C)C(C)(C)O)c1,0.5267489711934156
CC(O)=CC(C)(O)c1cc(C)cc(CC(C)(O)CCO)c1O,0.5045045045045045
CC(C)=CCc1cc(C)c(O)c(CC(C)(C)O)c1,0.5252525252525252
CC(O)=Cc1ccc(O)c(CO)c1,0.7999999999999999
CC(O)=CCc1cc(C)cc(CO)c1C,0.5555555555555556
Cc1cc(CO)c(CC=CO)c(C(O)C(O)C(C)(C)O)c1,0.5185185185185185
CC1(O)[NH2+]c2cc3cc(c2O)CC(=CCc2cc-3ccc2O)O1,0.4126984126984127
Cc1cc(CO)c(CCCCF)c(C(O)(CO)[NH2+]C(C)(C)O)c1,0.45569620253164556
CC(C)(O)Cc1cc(C(=O)C(=O)c2ccc(O)c(C(C)(C)O)c2)ccc1O,0.5079365079365079
CCCCCc1cc(C)cc(CO)c1-c1cc(C)cc(C(C)(O)[NH2+]C(C)(C)O)c1O,0.43971631205673756
CC(O)(O)Cc1ccc(O)c(CO)c1,0.7692307692307692
CC(O)=CCc1cc(C)cc(CC(=O)c2ccc(O)c(C(C)(C)O)c2)c1O,0.5019607843137255
CCc1ccc(O)c([NH2+]C(C)(C)O)c1,0.5847953216374269
CC(O)=CC1(C)c2cc(C)cc(CO)c2OCC(=O)C1c1cccc(C(C)(C)O)c1,0.41666666666666663
CC(=O)c1ccc(C(C)(C)O)cc1CC=C(C)C1CCC1,0.4385964912280702
CCc1cc(C)c(-c2ccc(O)c(O)c2)c(CC=C(C)O)c1,0.48484848484848486
CC(C)(NCO)c1ccc(O)cc1,0.606060606060606
CC(C)(O)c1cc(-c2cccc(C(O)C(C)(C)C)c2)cc(CO)c1O,0.5887445887445887
CCc1cccc(CC(C)(C=O)C(O)C(C)(C)[NH2+]Cc2ccc(O)c(C(O)O)c2)c1,0.45390070921985815
Cc1cc(CC(C)(O)O)ccc1O,0.6923076923076923
CCc1ccc(O)c(CC(C)(C)c2cc(C(C)(C)CCO)cc(C(C)(C)O)c2O)c1,0.46376811594202894
CCc1cc(CO)cc([NH2+]C(C)(O)C(C)=Cc2ccc(O)c(CO)c2)c1,0.5761316872427983
CC(O)c1cc(C(C)(C)O)cc(CC(C)(O)O)c1O,0.6041666666666666
Cc1cc(CO)c(O)c(C(O)CC=O)c1,0.6206896551724137
CCc1cc(CO)c(O)c(Cc2cc(C)ccc2O)c1,0.5714285714285714
CC(C)(C)C(O)c1cccc(COO)c1,0.6206896551724137
Cc1cc(OCCC(C)(C)O)c(O)c(C(C)(O)O)c1,0.5656565656565656
Cc1cc(CO)c(C(C)(O)Cc2ccc(O)c(C)c2)c(C(C)(C)C(C)C)c1,0.5528455284552845
CC(O)=Cc1cc(C(C)=CCc2cccc(CO)c2O)c(C(F)F)c(C(C)(C)O)c1,0.47826086956521735
CC1=CCc2cc(ccc2O)C(C)(O)C(O)c2cc(ccc2O)N1,0.5641025641025641
Cc1cc(C(C)(O)O)ccc1O,0.6933333333333334
CCc1ccc(O)c(CC(C)(O)C(=O)c2ccc(O)c(C(C)(C)O)c2)c1,0.5203252032520325
Cc1cc(CO)c(C(F)F)c(C(C)(C)C(C)(C)O)c1,0.5454545454545454
CC(=O)C(C)(O)c1cc(C=C(C)C)cc(-c2ccccc2O)c1O,0.4833333333333333
CC(C)(O)c1cc(C(=O)c2cc(CO)c(O)c([C@H](O)[C@H](O)C(C)(C)O)c2)ccc1O,0.5517241379310345
OCc1cccc(C2CO2)c1O,0.5575757575757575
CC1(CO)C(=O)c2ccc(O)c(c2)OC(=O)c2ccc(O)c1c2,0.4444444444444444
CC(O)=Cc1cc(CCc2cc(CC(C)(O)O)ccc2O)c(O)c(C(C)(C)[NH3+])c1,0.4740740740740741
CCc1cc(O)cc(C(C)(O)CC)c1O,0.5649717514124293
Cc1ccc(O)c(Cc2c(CO)cc(C)cc2C(C)(C)C)c1,0.5925925925925926
Cc1cc(C(=O)CCO)cc2c1N(c1cccc(C(C)(C)C(C)O)c1)C2,0.4044943820224719
COc1cc(CC(C)(O)O)ccc1-c1ccc(O)c(C(=O)C(=O)O)c1,0.4235294117647058
CCC(C)(O)c1cc(Cc2cc(C)cc(C(C)(C)C)c2O)cc(C)c1C,0.41860465116279066
CCC(O)c1cc(C)cc(CO)c1C(O)c1cc(C(=O)O)ccc1O,0.5102880658436213
CC(O)=CCc1cc(C(C)=CCc2cc(C(C)(C)O)ccc2O)cc(CO)c1C,0.5093632958801497
CC(C)(O)c1cc(C=C(O)C(C)(C)C(O)c2cccc(C(C)(C)O)c2)cc(CO)c1,0.46376811594202894
CNc1ccc(C)c(CO)c1,0.48484848484848486
CC=C(C)C1CCC(c2ccccc2O)CC1,0.4901960784313726
CCc1cc(C)cc(C(C)C(C)(O)C(C)O)c1O,0.5925925925925926
CC(=Cc1ccc(O)c(CO)c1)c1cccc(C2CC2=O)c1,0.5511111111111111
CC(C)=CCc1cc(C(O)(O)C(C=O)c2cccc(C(C)O)c2)ccc1O,0.5396825396825397
Cc1cc(CO)c(O)c(C(C)C(C)(O)c2cc(CC(C)(C)O)ccc2O)c1,0.5761316872427983
CCc1cc(CO)c(O)c([NH2+]C(C)(O)c2ccc(O)c(O)c2)c1,0.5438596491228069
CCc1cc(CO)c(-c2ccc(C=C(C)O)cc2C)c(CC=C(C)O)c1,0.46511627906976744
CCc1cc(CO)cc(CC(O)(O)[NH2+]c2cc(CC)cc(CO)c2O)c1,0.4862745098039215
Cc1cc(CO)c(O)c(C(O)(CO)[NH2+]C(C)(C)O)c1,0.625
