COC(=O)C1=C(C)Nc2[nH]ncc2[C@@H]1OC(=O)C1=NC2=C(C(=O)C[C@H](c3ccccc3Cl)C2)[C@H]1C,0.011098544214578487
COC(=O)C1=C(C)Nc2[nH]c(=S)[nH]c(=O)c2[C@H]1C1=C(C)OC(=O)[C@@]12C(C(=O)OC)=C(N)N(C)c1ccccc12,0.01015061328189724
CCOC(=O)C1=C(C2=C(N)Oc3[nH]nc(C)c3[C@@H]2c2ccccc2Cl)Oc2[nH]nc(C)c2[C@@H]1c1ccccc1Cl,6.87498759127191e-05
CC1=C(C(=O)C2=C(C)NC3=C(C(=O)CC(C)(C)C3)[C@@H]2c2ccccn2)[C@@H](c2ccccc2)C2=C(CCCC2=O)N1,5.5538750973429644e-05
CC1=C(C(=O)OCCOC2=C(N)Oc3[nH]nc(C)c3[C@@H]2c2ccccc2Cl)[C@@H](c2cccc(Cl)c2Cl)CC(=O)N1,0.010537238965212201
CCOC(=O)C1=C(CC)NC2=C(C(=O)CCC2)[C@@H]1C(=O)C1=C(C)NC2=C(C(=O)CC(C)(C)C2)[C@H]1c1ccccn1,0.009974067409453932
CCOC(=O)C1=C([C@H]2C(C(=O)OC)=C(C)Nc3[nH]c(=S)[nH]c(=O)c32)Oc2[nH]nc(C)c2[C@@H]1c1ccccc1C,0.011452437325027752
CCOC(=O)C1=C(CC)NC2=C(C(=O)CCC2)[C@@H]1C1=C(C[NH+]2CCOCC2)NC(=O)N[C@@H]1c1ccccc1OC,0.010168383128570851
COC(=O)C1=C(C)Nc2[nH]ncc2[C@@H]1C(=O)C1=C(C)NC2=C(C(=O)CC(C)(C)C2)[C@@H]1c1ccccn1,0.009736768237540595
CCOC(=O)C1=C(C)NC2=C(C(=O)CCC2)[C@@H]1OC(=O)C1=C(CC)NC2=C(C(=O)CCC2)[C@@H]1c1ccccc1Cl,0.01188475587779328
COC(=O)C1=C(C)Nc2[nH]c(=S)[nH]c(=O)c2[C@H]1c1nc(NC(=O)[C@H]2C[C@@H]2c2ccccc2Cl)sc1C(=O)OC,0.010993871543896581
CCOC(=O)C1=C(C)NC2=NC(SC[C@@H]3C(C(=O)OC)=C(C)Nc4[nH]ncc43)=NC(=O)[C@H]2[C@@H]1c1ccccc1,0.011064882106141686
CC1=C(C2=C(N)Oc3[nH]nc(C)c3[C@@H]2c2ccccc2Cl)[C@@H](c2cccc(Cl)c2)C2=C(CC(C)(C)CC2=O)N1,5.9414878232619214e-05
CCOC(=O)C1=C(C)NC(C)=C(C(=O)C2=C(C)NC(=O)C[C@@H]2c2cccc(Cl)c2Cl)C1c1nc2ccccc2[nH]1,0.011024719062155776
CCOC(=O)C1=C(CC)NC2=C(C(=O)CCC2)[C@@H]1[C@H]1C(C(=O)OC)=C(C)Nc2[nH]c(=S)[nH]c(=O)c21,0.2017482114494238
COC(=O)C1=C(C)Nc2[nH]c(=S)[nH]c(=O)c2[C@H]1OC(=O)C1=C(N)Oc2[nH]nc(C)c2[C@@H]1c1ccccc1C,0.010497068848994616
COc1ccc2ccccc2c1[C@@H]1NC(=O)NC(C)=C1C1=C(C)NC2=C(C(=O)CCC2)[C@@H]1c1ccccc1,5.303942846556032e-05
CC1=C(C(=O)OOC(=O)C2=C(N)Oc3[nH]nc(C)c3[C@@H]2c2ccccc2C)[C@@H](c2ccccc2)c2cn[nH]c2N1,6.552109908025116e-05
COC(=O)C1=C(C)Nc2[nH]c(=S)[nH]c(=O)c2[C@H]1c1ccccc1[C@H]1C(C(=O)OC)=C(C)Nc2[nH]c(=S)[nH]c(=O)c21,0.010310605184220787
CCOC(=O)C1=C(C)NC(C)=C(C(=O)OCC)C1C1=C(C)OC(=O)[C@@]12C(C(=O)OC)=C(N)N(C)c1ccccc12,0.23002835275233752
CCOC(=O)C1=C(N)Oc2ccccc2[C@]12C(=O)NC(C)=C2[C@@H]1C(C(=O)OC)=C(C)NC2=C1C(=O)CC(C)(C)C2,0.010953674438395473
CCOC(=O)C1=C(N)Oc2ccccc2[C@]12C(=O)NC(C)=C2C1=C(C)NC2=C(C(=O)CCC2)[C@@H]1c1ccccc1,6.170490204333977e-05
COC(=O)C1=C(C(=O)C2=C(C)NC3=C(C(=O)CCC3)[C@@H]2c2cccc(Cl)c2)Nc2[nH]ncc2[C@@H]1c1ccccc1,6.552109908025116e-05
COC(=O)C1=C(C)Nc2[nH]c(=S)[nH]c(=O)c2[C@H]1C1=C(N)Oc2[nH]nc(C)c2[C@@H]1c1ccccc1C,0.010169232582072899
CCOC(=O)C1=C(C)NC2=C(C(=O)CCC2)[C@@H]1OC(=O)C1=C(C)Nc2[nH]ncc2[C@@H]1c1ccccc1,0.01092909084058011
CCOC(=O)C1=C(C)NC2=C(C(=O)CCC2)[C@@H]1C1=C(C)NC2=C(C(=O)CCC2)[C@@H]1c1ccc(CC)cc1,0.009441605536504964
COC(=O)C1=C(C)Nc2[nH]ncc2[C@@H]1C1=C(C[NH+]2CCOCC2)NC(=O)N[C@@H]1c1ccccc1OC,0.010261149534999504
CCOC(=O)C1=C(CC)NC2=C(C(=O)CCC2)[C@@H]1C(=O)C1=C(C)NC2=C(C(=O)CC(C)(C)C2)[C@@H]1c1ccccn1,0.009974067409453932
COC(=O)C1=C(C)NC2=C(C(=O)CC(C)(C)C2)[C@@H]1C1=C(N)Oc2[nH]nc(C)c2[C@@H]1c1ccccc1Cl,0.011055442909172361
CCOC(=O)C1=C(C)NC2=C(C(=O)CCC2)[C@@H]1[C@@H]1C(C(=O)OC)=C(C)Nc2[nH]ncc21,0.209789118457771
C=CCOC(=O)C1=C(C)OC(N)=C(C(=O)O[C@@H]2C(C(=O)OC)=C(C)Nc3[nH]ncc32)[C@@]12C(=O)Nc1ccccc12,0.01027449086946232
COC(=O)C1=C(C)NC2=C(C(=O)CC(C)(C)C2)[C@@H]1C1=C(C)NC(=O)N[C@H]1c1c(OC)ccc2ccccc12,0.009565030455245602
COC(=O)C1=C(C)Nc2[nH]ncc2[C@@H]1C1=C(C)NC2=C(C(=O)[C@H](C(=O)OC)[C@@H](C)C2)[C@@H]1c1ccc(Cl)cc1,0.009720931791866252
CCCCOC(=O)C1=C([C@@H]2C(C(=O)OCC)=C(C)NC3=C2C(=O)CCC3)Nc2ncnn2[C@@H]1c1ccccc1C,0.011243051525962127
CCOC(=O)C1=C(C)NC(C)=C(C(=O)OCC)C1C1=C(C)OC(=O)[C@@]12C(C(=O)OC)=C(N)N(C)c1ccccc12,0.23002835275233752
CC1=C(C(=O)C2=C(C)NC(=O)C[C@@H]2c2cccc(Cl)c2Cl)[C@H](c2ccccc2Cl)c2c([nH]c(=S)[nH]c2=O)N1,0.009565030455245602
CC1=C(C(=O)C2=C(C[NH+]3CCSCC3)NC(=O)N[C@@H]2c2ccccc2Cl)[C@@H](c2cccc(Cl)c2Cl)CC(=O)N1,0.009249552813531316
CCOC(=O)C1=C(C)NC(C)=C(C(=O)OCC)C1C1=C(N)Oc2[nH]nc(C)c2[C@@H]1c1ccccc1Cl,0.25130950143283337
COC(=O)C1=C(N)N(C)c2ccccc2[C@]12C(=O)OC(C)=C2C1=C(N)Oc2[nH]nc(C)c2[C@@H]1c1ccccc1C,5.9025268271665683e-05
COc1ccc2ccccc2c1[C@@H]1NC(=O)NC(C)=C1C1=C(N)Oc2[nH]nc(C)c2[C@@H]1c1ccccc1Cl,6.170490204333977e-05
COC(=O)C1=C(C)Nc2[nH]c(=S)[nH]c(=O)c2[C@H]1COC(=O)C1=C(C)Nc2ncnn2[C@@H]1c1ccccc1C,0.010613062081274624
CCOC(=O)C1=C(C)NC2=C(C(=O)CCC2)[C@@H]1[C@@H]1C(C(=O)OC)=C(C)NC2=C1C(=O)CC(C)(C)C2,0.19590472789185745
COC(=O)C1=C(C)Nc2[nH]ncc2[C@@H]1C(=O)C1=C(C)NC(=O)C[C@@H]1c1cccc(Cl)c1Cl,0.21496987680708457
COC(=O)C1=C(C)Nc2[nH]ncc2[C@@H]1C(=O)C1=C(C)NC2=C(C(=O)CC(C)(C)C2)[C@H]1c1ccccn1,0.009736768237540595
CCOC(=O)C1=C(N)N2C(=O)[C@@H](C)SC2=C([C@@H]2C(C(=O)OC)=C(C)Nc3[nH]ncc32)[C@@H]1c1ccccc1F,0.01173992039341271
CCOC(=O)C1=C(C)NC2=C(C(=O)CCC2)[C@@H]1C1=C(C(=O)OCC)[C@@H](c2ccccc2C)c2c(C)n[nH]c2O1,0.010953674438395473
CCOC(=O)C1=C(C)NC(C)=C(C(=O)OCC)C1C1=C(C[NH+]2CCOCC2)NC(=O)N[C@@H]1c1ccccc1OC,0.22965399183817678
COc1ccccc1[C@H]1NC(=O)NC(C[NH+]2CCOCC2)=C1C1=C(N)Oc2[nH]nc(C)c2[C@@H]1c1ccccc1Cl,6.0295468751504515e-05
COC(=O)C1=C(C)Nc2[nH]ncc2[C@@H]1C(=O)C1=C(C)NC2=C(C(=O)CCC2)[C@@H]1c1cccc(Cl)c1,0.00996977102010557
CCOC(=O)C1=C(C(=O)C2=C(C)NC(=O)C[C@@H]2c2cccc(Cl)c2Cl)NC(=O)N[C@H]1c1cc(Cl)cc(Cl)c1OC,0.2139178607931948
CCOC(=O)C1=C(C)NC2=C(C(=O)CCC2)[C@@H]1OC(=O)C1=C(CC)NC2=C(C(=O)CCC2)[C@@H]1c1ccccc1Cl,0.01188475587779328
CCOC(=O)C1=C(C)NC2=C(C(=O)CCC2)[C@@H]1C1=C(COC(=O)c2oc3c(F)cccc3c2C)NC(=O)N[C@H]1C,0.010124350331595531
COC(=O)C1=NC2=C(C(=O)C[C@H](c3ccccc3Cl)C2)[C@H]1C1=C(C(=O)OC)[C@@H](c2ccccc2)c2cn[nH]c2N1,6.75176524545634e-05
CCOC(=O)C1=C(N)N2C(=O)[C@H](C)SC2=C([C@@H]2C(C(=O)OC)=C(C)NC3=C2C(=O)CC(C)(C)C3)[C@H]1c1ccco1,0.010498734918181997
CCOC(=O)C1=C([C@@H]2C(C(=O)OC)=C(C)Nc3[nH]ncc32)NC2=C(C(=O)CCC2)[C@@H]1c1ccc(CC)cc1,0.010881110906236906
CCCCOC(=O)C1=C([C@@H]2C(C(=O)OC)=C(C)Nc3[nH]ncc32)Nc2ncnn2[C@@H]1c1ccccc1C,0.011583827137911064
CC1=C(C2=C(N)Oc3[nH]nc(C)c3[C@@H]2c2ccccc2Cl)[C@@H](c2ccccc2)C2=C(CCCC2=O)N1,5.955424092188899e-05
CCOC(=O)C1=C(N)N2C(=O)[C@H](C)SC2=C([C@@H]2C(C(=O)OC)=C(C)Nc3[nH]ncc32)[C@H]1c1ccco1,0.011172434981040879
CC1=C(C(=O)C2=C(C)NC(=O)C[C@@H]2c2cccc(Cl)c2Cl)[C@@H](c2ccccc2)C2=C(CCCC2=O)N1,0.009382387768033098
CCC1=C(C(=O)O[C@H]2C(C(=O)OC)=C(C)Nc3[nH]c(=S)[nH]c(=O)c32)[C@@H](c2ccccc2Cl)C2=C(CCCC2=O)N1,0.01162697003263611
CCOC(=O)C1=C(C)Nc2nc(SC[C@@H]3C(C(=O)OC)=C(C)Nc4[nH]ncc43)nn2[C@@H]1c1ccccc1C,0.011341783161651684
COC(=O)C1=C(C)NC2=C(C(=O)CC(C)(C)C2)[C@@H]1C1=C(N)Oc2[nH]nc(C)c2[C@@H]1c1ccccc1Cl,0.011055442909172361
CCOC(=O)C1=C(C)NC2=C(C(=O)CCC2)[C@@H]1[C@H]1C(C(=O)OC(C)C)=C(C)NC2=C1C(=O)[C@@H](C(=O)OC)[C@@H](C)C2,0.18393972058572117
COC(=O)C1=C(C)Nc2[nH]c(=S)[nH]c(=O)c2[C@H]1C(=O)C1=C(C)NC2=C(C(=O)CCC2)[C@@H]1c1cccc(Cl)c1,0.009565030455245602
COc1ccc2ccccc2c1[C@@H]1NC(=O)NC(C)=C1C1=C(C)NC2=C(C(=O)CCC2)[C@@H]1c1ccccc1,5.303942846556032e-05
CCOC(=O)C1=C(C)NC2=C(C(=O)CCC2)[C@@H]1c1ccccc1[C@H]1C(C(=O)OC)=C(C)Nc2[nH]c(=S)[nH]c(=O)c21,0.011325419304966744
COC(=O)C1=C(C2=C(C)NC3=C(C(=O)CC(C)(C)C3)[C@@H]2c2cccc(Cl)c2)Nc2[nH]ncc2[C@@H]1c1ccccc1,6.271818657648142e-05
COC(=O)C1=C(C)Nc2[nH]ncc2[C@@H]1C(=O)C1=C(C)NC2=C(C(=O)CCC2)[C@@H]1c1cccc(Cl)c1,0.00996977102010557
CC1=C(C(=O)COC(=O)C2=C(C)Nc3ncnn3[C@@H]2c2ccccc2C)[C@@H](c2cccc(Cl)c2Cl)CC(=O)N1,0.010195399275767847
COC(=O)C1=C(C)Nc2[nH]c(=S)[nH]c(=O)c2[C@H]1C1=C(COC(=O)c2oc3c(F)cccc3c2C)NC(=O)N[C@H]1C,0.009857407637076097
COC(=O)C1=C(C)Nc2[nH]ncc2[C@@H]1C1=C(C[NH+]2CCOCC2)NC(=O)N[C@@H]1c1ccccc1OC,0.010261149534999504
CCOC(=O)c1c(C)[nH]c(C(=O)N2CC[C@@H]([C@@H]3C(C(=O)OC)=C(C)Nc4[nH]ncc43)c3ccccc32)c1C,0.010921336961746225
CCOC(=O)C1=C(CC)NC2=C(C(=O)CCC2)[C@@H]1C(=O)C1=C(C)NC2=C(C(=O)CC(C)(C)C2)[C@H]1c1ccccn1,0.009974067409453932
COC(=O)C1=C(C)Nc2[nH]ncc2[C@@H]1C1=C(C(=O)OC)[C@@H](c2ccccc2)c2cn[nH]c2N1,0.010780689804420587
COC(=O)C1=C(C)Nc2[nH]ncc2[C@@H]1CCOC(=O)C1=C(C)NC2=C(C(=O)CC(C)(C)C2)[C@@H]1c1ccccn1,0.010650343160417986
COC(=O)C1=C(C)Nc2[nH]c(=S)[nH]c(=O)c2[C@H]1C1=C(N)Oc2[nH]nc(C)c2[C@@H]1c1ccccc1Cl,0.011142153593631677
CCOC(=O)C1=C(C)NC(C)=C([C@@H]2C(C(=O)OC)=C(C)NC3=C2C(=O)CC(C)(C)C3)C1c1nc2ccccc2[nH]1,0.011064882106141686
COC(=O)C1=C(C)Nc2[nH]c(=S)[nH]c(=O)c2[C@H]1C(=O)C1=C(C)NC2=C(C(=O)CC(C)(C)C2)[C@H]1c1ccccn1,0.009344099251610153
COC(=O)C1=C(C)Nc2[nH]ncc2[C@@H]1[C@H]1C(C(=O)OC(C)C)=C(C)NC2=C1C(=O)[C@@H](C(=O)OC)[C@@H](C)C2,0.1793812135941869
CCOC(=O)C1=C(N)Oc2ccccc2[C@]12C(=O)NC(C)=C2C1=C(N)Oc2[nH]nc(C)c2[C@@H]1c1ccccc1Cl,6.999395919273315e-05
CC1=C(C2=C(C[NH+]3CCSCC3)NC(=O)N[C@@H]2c2ccccc2Cl)[C@@H](c2ccccc2)C2=C(CCCC2=O)N1,5.7613840001731013e-05
COC(=O)c1sc(NC(=O)[C@H]2C[C@@H]2c2ccccc2Cl)nc1C1=C(N)Oc2[nH]nc(C)c2[C@@H]1c1ccccc1Cl,6.574208149203168e-05
CCOC(=O)C1=C(C)NC(C)=C(C(=O)OCC)C1C1=C(N)Oc2[nH]nc(C)c2[C@@H]1c1ccccc1Cl,0.25130950143283337
COC(=O)C1=C(C)Nc2[nH]ncc2[C@@H]1C(=O)C1=C(C)NC2=C(C(=O)[C@H](C(=O)OC)[C@H](C)C2)[C@@H]1c1ccc(Br)cc1,0.009249552813531316
CCOC(=O)C1=C(C)NC2=C(C(=O)CCC2)[C@@H]1C1=C(C)NC2=C(C(=O)CCC2)[C@@H]1c1ccccc1,0.010093623856087083
COC(=O)C1=C(C)Nc2[nH]ncc2[C@@H]1C(=O)C1=C(C)NC(C)=C(C(=O)OC[C@@H]2CCCO2)[C@@H]1c1cccc(Br)c1,0.010089378377936673
CC1=C(C(=O)C2=C(C)NC(=O)C[C@@H]2c2cccc(Cl)c2Cl)[C@H](c2ccccc2Cl)c2c([nH]c(=S)[nH]c2=O)N1,0.009565030455245602
CCOC(=O)C1=C(CC)NC2=C(C(=O)CCC2)[C@@H]1C1=C(C[NH+]2CCSCC2)NC(=O)N[C@@H]1c1ccccc1Cl,0.01057453904279066
CCOC(=O)C1=C(C)NC2=C(C(=O)CCC2)[C@@H]1OC(=O)c1sc(NC(=O)[C@H]2C[C@@H]2c2ccccc2Cl)nc1C,0.011105487314547274
CC1=C(C2=C(C)Nc3[nH]c(=S)[nH]c(=O)c3[C@H]2c2ccccc2Cl)[C@@H](c2ccccc2)C2=C(CCCC2=O)N1,5.855994332635258e-05
Cc1n[nH]c2c1[C@H](c1ccccc1Cl)C(OC(=O)C1=C(N)Oc3[nH]nc(C)c3[C@@H]1c1ccccc1Cl)=C(N)O2,6.129215559130805e-05
COC(=O)C1=C(C)Nc2[nH]c(=S)[nH]c(=O)c2[C@H]1C1=C(C(=O)OC)[C@@H](c2ccccc2)c2cn[nH]c2N1,0.010495327897187465
COC(=O)C1=C(C)Nc2[nH]ncc2[C@@H]1C(=O)C1=C(C)NC2=C(C(=O)[C@H](C(=O)OC)[C@@H](C)C2)[C@@H]1c1ccc(Cl)cc1,0.009554179594741488
COC(=O)C1=C(C)Nc2[nH]ncc2[C@@H]1C1=C(C)NC(=O)N[C@H]1c1c(OC)ccc2ccccc12,0.01004445199652673
COC(=O)C1=C(C)NC2=C(C(=O)CC(C)(C)C2)[C@@H]1C1=C(C[NH+]2CCSCC2)NC(=O)N[C@@H]1c1ccccc1Cl,0.010650343160417986
CC1=C(OC(=O)C2=C(C)Nc3[nH]ncc3[C@@H]2c2ccccc2)[C@H](c2ccccc2Cl)c2c([nH]c(=S)[nH]c2=O)N1,6.51752827367692e-05
CC1=C(C(=O)OC(=O)C2=C(N)Oc3[nH]nc(C)c3[C@@H]2c2ccccc2Cl)[C@@H](c2cccc(Cl)c2Cl)CC(=O)N1,0.010383991200611585
CCOC(=O)C1=C(CC)NC2=C(C(=O)CCC2)[C@@H]1c1nc(NC(=O)[C@H]2C[C@@H]2c2ccccc2Cl)sc1C(=O)OC,0.011583827137911064
COC(=O)C1=C(C2=C(C)Nc3[nH]c(=S)[nH]c(=O)c3[C@H]2c2ccccc2Cl)Nc2[nH]ncc2[C@@H]1c1ccccc1,6.720473757020627e-05
CCOC(=O)C1=C(C)NC2=C(C(=O)CCC2)[C@@H]1[C@@H]1C(C(=O)OC)=C(C)NC2=C1C(=O)CC(C)(C)C2,0.19590472789185745
COC(=O)C1=C(C)Nc2[nH]ncc2[C@@H]1C(=O)C1=C(C)NC(=O)C[C@@H]1c1cccc(Cl)c1Cl,0.21496987680708457
CCOC(=O)C1=C(CC)NC2=C(C(=O)CCC2)[C@@H]1C1=C(C)NC2=C(C(=O)CCC2)[C@@H]1c1ccccc1,0.01014113196143134
CCOC(=O)C1=C(C)Nc2nc(SC[C@@H]3C(C(=O)OC)=C(C)Nc4[nH]ncc43)nn2[C@@H]1c1ccccc1C,0.011341783161651684
CCOC(=O)C1=C([C@H]2C(C(=O)OC)=C(C)Nc3[nH]c(=S)[nH]c(=O)c32)NC(=O)N[C@H]1c1cc(Cl)cc(Cl)c1OC,0.21626437919077324
CCOC(=O)C1=C(C2=C(C)NC3=C(C(=O)CCC3)[C@@H]2c2ccccc2)Oc2[nH]nc(C)c2[C@@H]1c1ccccc1Cl,7.050458259345307e-05
COC(=O)C1=C(C)Nc2[nH]ncc2[C@@H]1OC(=O)C1=C(C)NC2=C(C(=O)CCC2)[C@@H]1c1ccccc1,0.01057453904279066
CCOC(=O)C1=C(C)NC(C)=C(C(=O)OCC)C1OC(=O)C1=C(C)NC2=C(C(=O)CCC2)[C@@H]1c1ccccc1,0.21775385546977552
CCOC(=O)C1=C(c2ccccc2)NC(=O)N[C@H]1c1cc(Cl)cc(Cl)c1[C@@H]1C(C(=O)OC)=C(C)Nc2[nH]ncc21,0.011583827137911064
CCOC(=O)C1=C(C2=C(C)NC3=C(C(=O)CCC3)[C@@H]2c2ccccc2)Oc2[nH]nc(C)c2[C@@H]1c1ccccc1Cl,7.050458259345307e-05
CCC1=C(C(=O)O[C@H]2C(C(=O)OC)=C(C)Nc3[nH]c(=S)[nH]c(=O)c32)[C@@H](c2ccccc2Cl)C2=C(CCCC2=O)N1,0.01162697003263611
CC1=C(C(=O)OOC(=O)C2=C(N)Oc3[nH]nc(C)c3[C@@H]2c2ccccc2C)[C@@H](c2ccccc2)c2cn[nH]c2N1,6.552109908025116e-05
COC(=O)C1=C(C)Nc2[nH]c(=S)[nH]c(=O)c2[C@H]1OC(=O)C1=NC2=C(C(=O)C[C@H](c3ccccc3Cl)C2)[C@H]1C,0.010806974260965496
CCOC(=O)C1=C(C)NC(C)=C(C(=O)OCC)C1[C@@H]1C(C(=O)OC)=C(C)NC2=C1C(=O)CC(C)(C)C2,0.5484084971070818
CCOC(=O)C1=C(C)NC2=C(C(=O)CCC2)[C@@H]1OC(=O)c1sc(NC(=O)[C@H]2C[C@@H]2c2ccccc2Cl)nc1C,0.011105487314547274
CC1=C(C(=O)OC2=C(N)Oc3[nH]nc(C)c3[C@@H]2c2ccccc2Cl)[C@@H](c2ccccc2)c2cn[nH]c2N1,6.63128080979803e-05
CCOC(=O)C1=C(C(=O)C2=C(C)NC(=O)C[C@@H]2c2cccc(Cl)c2Cl)NC(=O)N[C@H]1c1cc(Cl)cc(Cl)c1OC,0.2139178607931948
COC(=O)C1=C(C)Nc2[nH]ncc2[C@@H]1CCOC(=O)C1=C(C)NC2=C(C(=O)CC(C)(C)C2)[C@@H]1c1ccccn1,0.010650343160417986
CCOC(=O)C1=C(C)NC(C)=C(C(=O)OCC)C1C1=C(C)NC(=O)N[C@H]1c1c(OC)ccc2ccccc12,0.22329435171590373
CCOC(=O)C1=C(CC)NC2=C(C(=O)CCC2)[C@@H]1[C@H]1C(C(=O)OC)=C(C)Nc2[nH]c(=S)[nH]c(=O)c21,0.2017482114494238
CCOC(=O)C1=C(C)NC2=NC(SC[C@@H]3C(C(=O)OC)=C(C)Nc4[nH]ncc43)=NC(=O)[C@H]2[C@@H]1c1ccccc1,0.011064882106141686
CCOC(=O)C1=C(C2=C(C)NC3=C(C(=O)CCC3)[C@@H]2c2ccccc2)Oc2[nH]nc(C)c2[C@@H]1c1ccccc1Cl,7.050458259345307e-05
COC(=O)C1=C(C)Nc2[nH]ncc2[C@@H]1C(=O)C1=C(C)NC2=C(C(=O)CC(C)(C)C2)[C@H]1c1ccccn1,0.009736768237540595
COC(=O)C1=C(C)Nc2[nH]ncc2[C@@H]1C1=C(C)NC2=C(C(=O)CCC2)[C@@H]1c1ccccc1,0.010070696798982605
CCOC(=O)C1=C(C)NC(C)=C(C(=O)C2=C(C)NC(=O)C[C@@H]2c2cccc(Cl)c2Cl)C1c1nc2ccccc2[nH]1,0.011024719062155776
CCOC(=O)C1=C(C(=O)C2=C(C)NC(=O)C[C@@H]2c2cccc(Cl)c2Cl)Oc2[nH]nc(C)c2[C@@H]1c1ccccc1C,0.01087458550180821
CC1=C(C(=O)OC(=O)c2sc(NC(=O)[C@H]3C[C@@H]3c3ccccc3Cl)nc2C)[C@@H](c2cccc(Cl)c2Cl)CC(=O)N1,0.009672869606367542
CC1=C(C(=O)OC(=O)c2sc(NC(=O)[C@H]3C[C@@H]3c3ccccc3Cl)nc2C)[C@@H](c2cccc(Cl)c2Cl)CC(=O)N1,0.009672869606367542
CCOC(=O)C1=C([C@@H]2C(C(=O)OC)=C(C)Nc3[nH]ncc32)NC(=O)N[C@H]1c1cc(Cl)cc(Cl)c1OC,0.2252792294325639
CCOC(=O)C1=C(C)NC2=C(C(=O)CCC2)[C@@H]1C1=C(C)NC2=C(C(=O)CC(C)(C)C2)[C@@H]1c1cccc(Cl)c1,0.009720931791866252
COC(=O)C1=C(C)Nc2[nH]ncc2[C@@H]1C1=C(N)Oc2[nH]nc(C)c2[C@@H]1c1ccccc1C,0.010278984414776407
CC1=C(C2=C(C)NC3=C(C(=O)CC(C)(C)C3)[C@@H]2c2cccc(Cl)c2)[C@@H](c2ccccc2)C2=C(CCCC2=O)N1,5.287131574958985e-05
COC(=O)C1=C(C)Nc2[nH]c(=S)[nH]c(=O)c2[C@H]1OC(=O)C1=C(N)Oc2[nH]nc(C)c2[C@@H]1c1ccccc1C,0.010497068848994616
CCOC(=O)C1=C(CC)NC2=C(C(=O)CCC2)[C@@H]1C1=C(C(=O)OCC)[C@H](c2cc(Cl)cc(Cl)c2OC)NC(=O)N1,0.2040627982050267
COC(=O)C1=C(OC(=O)C2=C(C)Nc3[nH]ncc3[C@@H]2c2ccccc2)Nc2[nH]ncc2[C@@H]1c1ccccc1,6.743768363287959e-05
CCOC(=O)C1=C(C)NC2=C(C(=O)CCC2)[C@@H]1Oc1ccc2ccccc2c1[C@@H]1NC(=O)NC(C)=C1C(=O)OC,0.010835678094419335
CCOC(=O)C1=C(C)NC(C)=C(C(=O)OCC)C1C(=O)C1=C(C)NC2=C(C(=O)CCC2)[C@@H]1c1cccc(Cl)c1,0.2093169388844089
CCOC(=O)C1=C(CC)NC2=C(C(=O)CCC2)[C@@H]1C1=C(C[NH+]2CCOCC2)NC(=O)N[C@@H]1c1ccccc1OC,0.010168383128570851
COC(=O)C1=C(C)Nc2[nH]ncc2[C@@H]1OC(=O)C1=C(N)Oc2[nH]nc(C)c2[C@@H]1c1ccccc1C,0.010775976934335518
CCOC(=O)C1=C(C)NC2=C(C(=O)CCC2)[C@@H]1[C@H]1C(C(=O)OC)=NC2=C1C(=O)C[C@H](c1ccccc1Cl)C2,0.011694679684117089
COC(=O)C1=C(C)Nc2[nH]c(=S)[nH]c(=O)c2[C@H]1C1=C(C[NH+]2CCOCC2)NC(=O)N[C@@H]1c1ccccc1OC,0.010008639670515785
COC(=O)C1=C(C)Nc2[nH]ncc2[C@@H]1C1=C(COC(=O)c2oc3c(F)cccc3c2C)NC(=O)N[C@H]1C,0.010417870544134351
COC(=O)C1=C(C)Nc2[nH]ncc2[C@@H]1c1ccccc1[C@H]1C(C(=O)OC)=C(C)Nc2[nH]c(=S)[nH]c(=O)c21,0.01057453904279066
COC(=O)C1=C(C)Nc2[nH]ncc2[C@@H]1C1=C(C)NC2=C(C(=O)CC(C)(C)C2)[C@@H]1c1cccc(Cl)c1,0.0096815393845769
CCOC(=O)C1=C(C)NC(C)=C([C@H]2C(C(=O)OC)=C(C)Nc3[nH]c(=S)[nH]c(=O)c32)C1c1nc2ccccc2[nH]1,0.011146542860531735
COC(=O)C1=C(C)Nc2[nH]c(=S)[nH]c(=O)c2[C@H]1COC(=O)C1=C(C)Nc2ncnn2[C@@H]1c1ccccc1C,0.010613062081274624
COc1ccc2ccccc2c1[C@@H]1NC(=O)NC(C)=C1C(=O)C1=C(C)NC(=O)C[C@@H]1c1cccc(Cl)c1Cl,0.0095317606832944
COC(=O)C1=C(C)Nc2[nH]c(=S)[nH]c(=O)c2[C@H]1OC(=O)C1=NC2=C(C(=O)C[C@H](c3ccccc3Cl)C2)[C@H]1C,0.010806974260965496
CCOC(=O)C1=C(C)Nc2nc(SC[C@@H]3C(C(=O)OC)=C(C)Nc4[nH]ncc43)nn2[C@@H]1c1ccccc1C,0.011341783161651684
CCOC(=O)C1=C(C2=C(N)Oc3[nH]nc(C)c3[C@@H]2c2ccccc2C)NC(=O)N[C@H]1c1cc(Cl)cc(Cl)c1OC,0.010424537981965125
CCCCOC(=O)C1=C(C)Nc2ncnn2[C@@H]1c1ccccc1[C@@H]1C(C(=O)OCC)=C(C)NC2=C1C(=O)CCC2,0.011243051525962127
COC(=O)C1=C2S[C@@H](C)C(=O)N2C(N)=C(C(=O)[C@@H]2C(C(=O)OC)=C(C)Nc3[nH]ncc32)[C@@H]1c1ccco1,0.009825273941702581
CCOC(=O)C1=C(CC)NC2=C(C(=O)CCC2)[C@@H]1[C@H]1C(C(=O)OC)=C(C)Nc2[nH]c(=S)[nH]c(=O)c21,0.2017482114494238
CC1=C(C(=O)C2=C(N)Oc3[nH]nc(C)c3[C@@H]2c2ccccc2Cl)[C@@H](c2cccc(Cl)c2)C2=C(CCCC2=O)N1,6.437555572911201e-05
CCOc1ccccc1[C@@H]1C(C(=O)OC[C@@H]2C(C(=O)OC)=C(C)Nc3[nH]ncc32)=C(C)Nc2nnnn21,0.0112724964952667
CCOC(=O)C1=C(CC)NC2=C(C(=O)CCC2)[C@@H]1C(=O)C1=C(C)NC2=C(C(=O)CC(C)(C)C2)[C@@H]1c1ccccn1,0.009974067409453932
CCOC(=O)C1=C(CC)NC2=C(C(=O)CCC2)[C@@H]1[C@H]1C(C(=O)OC)=C(C)Nc2[nH]c(=S)[nH]c(=O)c21,0.2017482114494238
CC1=C(C(=O)OC(=O)C2=C(N)Oc3[nH]nc(C)c3[C@@H]2c2ccccc2Cl)[C@@H](c2cccc(Cl)c2Cl)CC(=O)N1,0.010383991200611585
CC1=C(C(=O)OC2=C(N)Oc3[nH]nc(C)c3[C@@H]2c2ccccc2C)[C@@H](c2ccccc2)C2=C(CCCC2=O)N1,6.108886429963854e-05
C=CCSC1=NC(=O)[C@@H]2C(=N1)NC(C)=C(C(=O)[C@@H]1C(C(=O)OC)=C(C)Nc3[nH]ncc31)[C@H]2c1ccccc1,0.009807221452348542
COC(=O)C1=C(C)Nc2[nH]ncc2[C@@H]1C1=C(C)NC2=C(C(=O)CC(C)(C)C2)[C@@H]1c1cccc(Cl)c1,0.0096815393845769
COC(=O)C1=C(C)NC2=C(C(=O)CC(C)(C)C2)[C@@H]1c1nc(NC(=O)[C@H]2C[C@@H]2c2ccccc2Cl)sc1C(=O)OC,0.01091391505333772
COc1ccc2ccccc2c1[C@@H]1NC(=O)NC(C)=C1C1=C(N)Oc2[nH]nc(C)c2[C@@H]1c1ccccc1C,5.5369442325313155e-05
COC(=O)C1=C(OC(=O)C2=C(C)Nc3[nH]ncc3[C@@H]2c2ccccc2)Nc2[nH]ncc2[C@@H]1c1ccccc1,6.743768363287959e-05
CCOC(=O)C1=C(C)NC(C)=C(C2=C(N)Oc3[nH]nc(C)c3[C@@H]2c2ccccc2C)C1c1nc2ccccc2[nH]1,6.674599679823064e-05
COC(=O)C1=C(C)Nc2[nH]c(=S)[nH]c(=O)c2[C@H]1C1=C(C)Nc2[nH]c(=S)[nH]c(=O)c2[C@H]1c1ccccc1Cl,0.010771474750335228
CCOC(=O)C1=C(CC)NC2=C(C(=O)CCC2)[C@@H]1C1=C2S[C@@H](C)C(=O)N2C(N)=C(C(=O)OCC)[C@@H]1c1ccco1,0.009823591387714442
COC(=O)C1=C(C)Nc2[nH]ncc2[C@@H]1C1=C(C)Nc2[nH]c(=S)[nH]c(=O)c2[C@H]1c1ccccc1Cl,0.011066638297265535
CCOC(=O)C1=C(C)NC(C)=C(C(=O)OCC)C1[C@@H]1C(C(=O)OC)=C(C)Nc2[nH]ncc21,0.5867386940384681
CCOC(=O)C1=C(C)NC(C)=C(C(=O)OCC)C1C1=C(N)Oc2[nH]nc(C)c2[C@@H]1c1ccccc1Cl,0.25130950143283337
COC(=O)[C@H]1C(=O)C2=C(C[C@H]1C)NC(C)=C(C(C)=O)[C@H]2c1ccc(Br)cc1,0.5207556439232955
CCOC(=O)C1=C(C)NC(C)=C(C(=O)OCC)C1[C@H]1C2=C(CCCC2=O)NC(CC)=C1C(=O)OCC,0.5355041604715625
CCOC(=O)C1=C(C)NC(C)=C(C(=O)OCC)C1c1nc(NC(=O)[C@H]2C[C@@H]2c2ccccc2Cl)sc1C(=O)OC,0.24667472898604245
CCOC(=O)C1=C(N)N2C(=O)[C@@H](C)SC2=C(C(=O)OCC)[C@@H]1c1ccccc1F,0.6367145399670133
COC(=O)C1=C(C)Nc2[nH]ncc2[C@@H]1OC(=O)c1sc(NC(=O)[C@H]2C[C@@H]2c2ccccc2Cl)nc1C,0.010970725623123005
CC1=C(C(=O)C2=C(N)Oc3[nH]nc(C)c3[C@@H]2c2ccccc2C)[C@@H](c2ccccn2)C2=C(CC(C)(C)CC2=O)N1,5.883331567138836e-05
CCOC(=O)C1=C(N)N2C(=O)[C@@H](C)SC2=C(C(=O)OCC)[C@@H]1c1ccccc1F,0.6367145399670133
CCOC(=O)C1=C(N)N2C(=O)[C@@H](C)SC2=C(C(=O)OCC)[C@@H]1[C@H]1C(C(=O)OC)=C(C)Nc2[nH]c(=S)[nH]c(=O)c21,0.19837543410421643
COC(=O)C1=C(N)N(C)c2ccccc2[C@]12C(=O)OC(C)=C2C(=O)C1=C(C)NC(=O)C[C@@H]1c1cccc(Cl)c1Cl,0.010195399275767847
COC(=O)C1=C(N)N(C)c2ccccc2[C@]12C(=O)OC(C)=C2c1ccccc1F,0.17879867042034103
Cc1ccccc1[C@@H]1C(OC(=O)c2sc(NC(=O)[C@H]3C[C@@H]3c3ccccc3Cl)nc2C)=C(N)Oc2[nH]nc(C)c21,6.271818657648142e-05
CCOC(=O)C1=C(N)N2C(=O)[C@H](C)SC2=C(C2=C(N)Oc3[nH]nc(C)c3[C@@H]2c2ccccc2Cl)[C@H]1c1ccco1,6.999395919273315e-05
CC1=C(C(=O)OCCOC(=O)C2=C(C)NC(=O)C[C@@H]2c2cccc(Cl)c2Cl)[C@@H](c2cccc(Cl)c2Cl)CC(=O)N1,0.20709404112807678
COC(=O)C1=C(C)Nc2[nH]c(=S)[nH]c(=O)c2[C@H]1COC(=O)C1=C(C)Nc2ncnn2[C@@H]1c1ccccc1C,0.010613062081274624
COCC1=C(C(=O)[C@@H]2C(C(=O)OC)=C(C)Nc3[nH]ncc32)[C@H](c2cc([N+](=O)[O-])ccc2Cl)n2ncnc2N1,0.010458966839966305
COC(=O)C1=C(C)Nc2[nH]c(=S)[nH]c(=O)c2[C@H]1c1nc(NC(=O)[C@H]2C[C@@H]2c2ccccc2Cl)sc1C(=O)OC,0.010993871543896581
CCOC(=O)C1=C(C)OC(=O)[C@@]12C(C(=O)OC)=C(N)N(CC)c1ccccc12,0.6050383695034792
CC1=C(C2=C(N)Oc3[nH]nc(C)c3[C@@H]2c2ccccc2Cl)[C@H](c2ccccc2Cl)c2c([nH]c(=S)[nH]c2=O)N1,5.8754818884367786e-05
CCOC(=O)C1=C(C)NC(C)=C(C(=O)OCC)C1[C@@H]1C(C(=O)OCC)=C(N)N2C(=O)[C@@H](C)SC2=C1C(=O)OCC,0.5186188554626406
CCOC(=O)C1=C(C)NC(C)=C(C(=O)OCC)C1[C@@H]1C(C(=O)OCC)=C(N)N2C(=O)[C@@H](C)SC2=C1C(=O)OCC,0.5186188554626406
Cc1n[nH]c2c1[C@H](c1ccccc1Cl)C(C(=O)Oc1ccccc1F)=C(N)O2,0.2014958683719937
CCc1ccc([C@H]2C3=C(CCCC3=O)NC(C)=C2[C@H]2C(C(=O)OC)=C(C)Nc3[nH]c(=S)[nH]c(=O)c32)cc1,0.00915781944436709
COc1ccccc1[C@H]1NC(=O)NC(C[NH+]2CCOCC2)=C1C1=C(N)Oc2[nH]nc(C)c2[C@@H]1c1ccccc1Cl,6.0295468751504515e-05
CCOC(=O)C1=C(C2=C(C)NC3=C(C(=O)CCC3)[C@@H]2c2ccccc2)Oc2[nH]nc(C)c2[C@@H]1c1ccccc1C,6.452023814448804e-05
CCOC(=O)C1=C(CC)NC2=C(C(=O)CCC2)[C@@H]1OCC,0.19242060881519196
CCOC(=O)C1=C(C)NC2=C(C(=O)CCC2)[C@@H]1c1ccc(CC)cc1,0.5904437765029023
CCOc1nc(NC(=O)[C@H]2C[C@@H]2c2ccccc2Cl)sc1C(=O)OC,0.611417840515743
CCOc1nc(NC(=O)C2=C(C)NC3=C(C(=O)CCC3)[C@@H]2c2ccccc2)sc1C(=O)OC,0.21072942322327354
CCc1ccc([C@@H]2C(C3=C(N)Oc4[nH]nc(C)c4[C@@H]3c3ccccc3C)=C(C)NC3=C2C(=O)CCC3)cc1,5.5369442325313155e-05
CCOc1nc(NC(=O)[C@H]2C(C(=O)OC)=C(C)Nc3[nH]c(=S)[nH]c(=O)c32)sc1C(=O)OC,0.5114083119567588
CCC(=O)C1=C(C)NC(C)=C(C(=O)OC[C@@H]2CCCO2)[C@@H]1c1cccc(Br)c1,0.5798335076138013
CCOc1nc(NOC(=O)C2=C(N)Oc3[nH]nc(C)c3[C@@H]2c2ccccc2Cl)sc1C(=O)OC,0.23551067919524415
CCOC(=O)C1=C(CC)NC2=C(C(=O)CCC2)[C@@H]1C1=C(C)NC2=C(C(=O)CCC2)[C@@H]1c1ccc(CC)cc1,0.009498835677542356
COCCOC(=O)C1=C(C)NC2=C(C(=O)CCC2)[C@@H]1c1ccccc1,0.6085806194501846
CCOC(=O)C1=C(N)N2C(=O)[C@@H](C)SC2=C(C(=O)OC)[C@@H]1c1ccccc1F,0.6761234037828132
CCc1nc(NC(=O)[C@H]2C[C@@H]2c2ccccc2Cl)sc1C(=O)OC,0.5987408170800917
CCOC(=O)C1=C(Cc2nc(OCC)c(C(=O)OC)s2)Nc2ncnn2[C@H]1c1cc([N+](=O)[O-])ccc1Cl,0.22183964990023575
CCOc1nc(NOC(=O)C2=C(N)Oc3[nH]nc(C)c3[C@@H]2c2ccccc2Cl)sc1C(=O)OC,0.23551067919524415
CCOc1nc(NOCCOC(=O)C2=C(C)NC3=C(C(=O)CCC3)[C@@H]2c2ccccc2)sc1C(=O)OC,0.22641414457218276
CCOC(=O)C1=C(C)NC(C)=C(C(=O)c2ccccc2F)C1c1nc2ccccc2[nH]1,0.22276206406558094
COC(=O)C1=C2S[C@@H](C)C(=O)N2C(N)=C(C(=O)OCC(=O)[C@H]2C[C@@H]2c2ccccc2Cl)[C@@H]1c1ccco1,0.010887926510354149
COC(=O)C1=C(C)Nc2[nH]ncc2[C@@H]1c1ccccc1F,0.6226998490772391
CCOC(=O)OC(=O)C1=C(N)N2C(=O)[C@@H](C)SC2=C(C(=O)OCC)[C@@H]1c1ccccc1F,0.6243640832675885
O=C1NC(C[NH+]2CCSCC2)=C(NC(=O)[C@H]2C[C@@H]2c2ccccc2Cl)[C@@H](c2ccccc2Cl)N1,0.008664211452294585
COC(=O)C1=C2S[C@@H](C)C(=O)N2C(N)=C(C(=O)OCC(=O)[C@H]2C[C@@H]2c2ccccc2Cl)[C@@H]1c1ccco1,0.010887926510354149
CCCCOC(=O)C1=C(OC(=O)OCC)Nc2ncnn2[C@@H]1c1ccccc1C,0.6282808624375432
CCOC(=O)OC1=C(C(=O)OC)[C@@]2(C(=O)OC(C)=C2C(=O)OCC)c2ccccc2N1C,0.5773502691896257
CCC1=C(C(=O)OCOC)[C@@H](c2ccccc2Cl)C2=C(CCCC2=O)N1,0.6650621717611762
CCCCOC(=O)OC(=O)[C@@H]1C(=O)C2=C(C[C@@H]1C)NC(C)=C(C(=O)O[C@@H](C)CC)[C@@H]2c1ccccc1C,0.5989813235437299
CC1=C(C(=O)OCC2=C(N)Oc3[nH]nc(C)c3[C@@H]2c2ccccc2C)[C@@H](c2ccccc2)C2=C(CCCC2=O)N1,6.452023814448804e-05
COC(=O)C1=C(C)Nc2[nH]c(=S)[nH]c(=O)c2[C@H]1c1ccccc1C,0.6231769528497558
CCOC(=O)C1=C(OC)Oc2[nH]nc(C)c2[C@@H]1c1ccccc1C,0.6201736729460423
CCOC(=O)C1=C(OCC)Oc2cc(C)[nH]c(=O)c2[C@H]1c1ccccc1OC,0.6196196990320526
CCOC(=O)OC1=C(C(=O)OCC)[C@@H](c2ccccc2C)c2c(C)n[nH]c2O1,0.6296001877353568
CCCOC(=O)C1=C(C)NC2=C(C(=O)[C@H](C(=O)OC)[C@H](C)C2)[C@@H]1c1ccc(Br)cc1,0.5894553648230237
COC(=O)C1=C(C)Nc2[nH]ncc2[C@@H]1C1=C(C)Nc2[nH]c(=S)[nH]c(=O)c2[C@H]1c1ccccc1Cl,0.011066638297265535
CCOC(=O)OC1=C(C(=O)OF)[C@@H](c2ccccc2C)c2c(C)n[nH]c2O1,0.6077576567756011
CCOC(=O)OC1=C(C(=O)C(=O)OCC)[C@@H](c2ccccc2C)n2ncnc2N1,0.582222509739582
CCOC(=O)C1=C(C)NC(C)=C(C(=O)OCC)C1C1=C(C)NC(C)=C(C(=O)OCC)C1c1nc2ccccc2[nH]1,0.2192118437803484
CC1=C(c2ccccc2F)[C@H](c2ccccc2Cl)c2c([nH]c(=S)[nH]c2=O)N1,0.18918548909923236
CCOC(=O)C1=C(Nc2nc(OCC)c(C(=O)OC)s2)Oc2[nH]nc(C)c2[C@@H]1c1ccccc1C,0.22616441645522128
CCOC(=O)C1=C(C)NC(C)=C(C(=O)OCC)C1[C@@H]1C(C(=O)OCC)=C(N)N2C(=O)[C@@H](C)SC2=C1C(=O)OC,0.5496892516515991
CCOC(=O)C1=C(C)NC(C)=C(C(=O)OCC)C1[C@H]1C[C@@H]1c1ccccc1Cl,0.7140055472954167
COC(=O)[C@H]1C(=O)C2=C(C[C@@H]1C)NC(C)=C(C(C)=O)[C@H]2c1ccc(Cl)cc1,0.5413902920037097
COC(=O)C1=C2S[C@H](C)C(=O)N2C(c2ccccc2C)=C(C(=O)OC)[C@@H]1c1ccccc1Cl,0.22927767120545126
CCOC(=O)OCOC(=O)C1=C(CC)NC2=C(C(=O)CCC2)[C@@H]1c1ccccc1Cl,0.6809084840390547
CC1=C(C(=O)ONC(=O)[C@H]2C[C@@H]2c2ccccc2Cl)[C@@H](c2ccccc2)C2=C(CCCC2=O)N1,0.010169232582072899
CCOc1nc(NC(=O)OC(=O)C2=C(C)Nc3[nH]c(=S)[nH]c(=O)c3[C@H]2c2ccccc2C)sc1C(=O)OC,0.21706388054656128
CCOC(=O)C1=C(N)N2C(=O)[C@@H](C)SC2=C(C(=O)OC)[C@@H]1[C@H]1C2=C(CCCC2=O)NC(CC)=C1C(=O)OCOC,0.1925569001382521
CC1=C(C(=O)Oc2ccccc2Cl)[C@@H](c2ccccc2F)c2cn[nH]c2N1,0.20687759045822388
CCOC(=O)OC1=C(C(=O)OF)[C@@H](OC(=O)C2=C(C)Nc3[nH]ncc3[C@@H]2c2ccccc2F)c2c(C)n[nH]c2O1,0.010537238965212201
CCOC(=O)C1=C(C)NC2=C(C(=O)[C@H](C(=O)OC)[C@H](C(=O)[C@H]3C[C@@H]3c3ccccc3Cl)C2)[C@@H]1c1ccc(Br)cc1,0.0114760682642694
CCOC(=O)[C@H]1C(C(=O)OC)=C(C)Nc2[nH]c(=S)[nH]c(=O)c21,0.2123952943896613
CCCCOOC(=O)C1=C(C[NH+]2CCSCC2)NC(=O)N[C@@H]1c1ccccc1Cl,0.5869734364739603
CCCCOC(=O)CSc1nc2n(n1)[C@H](c1ccccc1C)C(C(=O)OCC)=C(C)N2,0.6432675209026769
CCOC(=O)OC1=C(C(=O)OCC)[C@@H](c2ccccc2C)c2c(Cl)n[nH]c2O1,0.649629393288091
CCO[C@@H]1C(C(=O)OCCOC)=C(C)NC2=C1C(=O)CCC2,0.2021285100177515
CCOC(=O)C1=C(C)NC(C)=C(C(=O)OCC)C1[C@@H]1C(C(=O)OCC)=C(N)N2C(=O)[C@@H](C)SC2=C1C(=O)OC,0.5496892516515991
CCOC(=O)C1=C(COC)Nc2ncnn2[C@H]1c1cc([N+](=O)[O-])ccc1Cl,0.6179143806533247
CCOC(=O)C1=C(C(=O)Nc2nc(OCC)c(C(=O)OC)s2)Nc2ncnn2[C@H]1c1cc([N+](=O)[O-])ccc1Cl,0.21162990345208307
CCOC(=O)C1=C2S[C@H](C)C(=O)N2C(N)=C(C(=O)OOC)[C@H]1c1ccccc1F,0.6466697906828632
COC(=O)C1=C2S[C@H](C)C(=O)N2C([C@H]2C[C@@H]2c2ccccc2Cl)=C(C(=O)OC)[C@@H]1c1ccccc1Cl,0.010853388285634338
CCOC(=O)OCC1=C2S[C@H](C)C(=O)N2C(N)=C(C(=O)OCC)[C@H]1c1ccccc1F,0.6201736729460423
CCCCOC(=O)CSOC(=O)C1=C2S[C@H](C)C(=O)N2C(N)=C(C(=O)OCC)[C@H]1c1ccccc1F,0.6211495565912796
COC(=O)[C@H]1C(=O)C2=C(C[C@@H]1C)NC(C)=C(C(=O)OCF)[C@H]2c1ccc(Cl)cc1,0.5872202195147035
CCC1=C(C(=O)OCOC)[C@@H](C2=C(C)Nc3[nH]c(=S)[nH]c(=O)c3[C@H]2c2ccccc2Cl)C2=C(CCCC2=O)N1,0.010953674438395473
CC1=C(C(=O)OCl)[C@H](c2ccccc2C)c2c([nH]c(=S)[nH]c2=O)N1,0.5800418934273981
CCOC(=O)C1=C([C@H]2C[C@@H]2c2ccccc2Cl)N2C(=O)[C@@H](C)SC2=C(C(=O)OC)[C@@H]1c1ccccc1F,0.011673975012196813
CCCCOC(=O)C(=O)C1=C(OC(=O)OCC)Nc2ncnn2[C@@H]1c1ccccc1C,0.5961307749365454
COC(=O)C1=C2S[C@H](C)C(=O)N2C(N)=C(c2ccccc2F)[C@H]1c1ccccc1F,0.19109956745868237
CCOC(=O)c1ccccc1[C@H]1C2=C(CCCC2=O)NC(CC)=C1C(=O)OCOC,0.6614378277661477
CCCCOC(=O)CSOC(=O)C1=C(N)N2C(=O)[C@@H](C)SC2=C(COC(=O)OCC)[C@@H]1c1ccccc1F,0.5731205399256525
CCCCC(=O)C1=C(C)NC2=C(C(=O)[C@H](C(=O)OC)[C@@H](C)C2)[C@@H]1c1ccc(Cl)cc1,0.5604012729971797
CCOC(=O)C1=C(N)N2C(=O)[C@@H](C)SC2=C(C(=O)OSc2ccccc2C)[C@@H]1c1ccccc1F,0.21727858275587075
COCC1=C(C(N)=O)[C@H](c2cc([N+](=O)[O-])ccc2Cl)n2ncnc2N1,0.540402996133523
CC1=C(C(=O)OF)[C@H](c2ccccc2C)c2c([nH]c(=S)[nH]c2=O)N1,0.5692750425533111
CCCCOC(=O)CC1=C(C)Nc2[nH]ncc2[C@@H]1c1ccccc1F,0.5773502691896257
COC(=O)C1=C(C)Nc2[nH]ncc2[C@@H]1c1ccccc1C1=C(N)Oc2[nH]nc(C)c2[C@@H]1c1ccccc1C,6.481800461815646e-05
CCCCOC(=O)CSc1n[nH]c2c1[C@H](c1ccccc1C)C(C(=O)OCC)=C(OC(=O)OCC)O2,0.5989813235437299
CCCCCOC(=O)CSOC(=O)C1=C2S[C@H](C)C(=O)N2C(N)=C(C(=O)OCC)[C@H]1c1ccccc1F,0.6139406135149205
CCOC(=O)C1=C(C)Nc2nc(SCC(=O)OCOCOC)nn2[C@@H]1c1ccccc1C,0.6537204504606134
CCOC(=O)OC(=O)C1=C(C)NC(C)=C(C(=O)OCC)C1[C@H]1C[C@@H]1c1ccccc1Cl,0.6973080611251327
COC1=C(C(=O)c2ccccc2Cl)[C@@H](c2ccccc2C)c2c(C)n[nH]c2O1,0.19785492041203223
CCCCOC(=O)CSOC(=O)C1=C(N)Oc2[nH]nc(C)c2[C@@H]1c1ccccc1Cl,0.651750535912282
CCCCOC(=O)CSC1=C(C)NC(C)=C(C(=O)OCC)C1c1nc2ccccc2[nH]1,0.6432675209026769
CCC1=C(C(=O)OCOC)[C@@H](c2ccccc2-c2ccccc2C)C2=C(CCCC2=O)N1,0.2123952943896613
CCCCOC(=O)OC(=O)C1=C(C)NC(C)=C(C(=O)OCC)C1[C@H]1C[C@@H]1c1ccccc1Cl,0.7071067811865476
CCCCOC1=C(C(=O)OCC)[C@H](c2ccccc2OC)c2c(cc(C)[nH]c2=O)O1,0.6324555320336759
CCOC(=O)C1=C(N)N2C(=O)[C@@H](C)SC2=C(C(=O)OSCC(=O)OCl)[C@@H]1c1ccccc1F,0.616575453011388
CCOC(=O)C1=C(c2ccccc2F)Nc2nc(SCC(=O)OCOCOC)nn2[C@@H]1c1ccccc1C,0.21775385546977552
CCC1=C(C(=O)OCOC)[C@@H](CC)C2=C(CCCC2=O)N1,0.18393972058572117
CCOC(=O)C1=C(C)Nc2nc(SCC(=O)OCCOC)nn2[C@@H]1c1ccccc1C,0.6622661785325219
CCOC(=O)C1=C(OC(=O)OCOC)Oc2[nH]nc(Cl)c2[C@@H]1c1ccccc1C,0.6507099380088055
COCCOOC(=O)C1=C(C)Nc2[nH]c(=S)[nH]c(=O)c2[C@H]1c1ccccc1C,0.6096568017575164
CCOC(=O)C1=C(OC(=O)OCOC)Oc2[nH]nc(Cl)c2[C@@H]1c1ccccc1OC(=O)OCOC,0.6059599821770412
CCOC(=O)OC1=C(OC(=O)OCC)[C@@H](c2ccccc2C)n2ncnc2N1,0.5773502691896257
COC(=O)C1=C2S[C@H](C)C(=O)N2C(N)=C([C@H]2C(C(=O)OC)=C(C)Nc3[nH]c(=S)[nH]c(=O)c32)[C@H]1c1ccccc1F,0.010498734918181997
CCOC(=O)C1=C2S[C@H](C)C(=O)N2C(C(=O)OCC)=C(C(=O)OOC)[C@H]1c1ccccc1F,0.616575453011388
CCOC(=O)OC(=O)C1=C(C)NC(C)=C(C(=O)OCC)C1[C@H]1C[C@@H]1c1ccccc1Cl,0.6973080611251327
CCOC(=O)C1=C(N)N2C(=O)[C@@H](C)SC2=C(OCC)[C@@H]1c1ccccc1F,0.6003002251876641
CCOC(=O)OC1=C(C(=O)OCC)[C@@H](c2ccccc2C)c2c(N)n[nH]c2O1,0.6396021490668313
CCOC(=O)OC1=C([C@H]2C3=C(CCCC3=O)NC(CC)=C2C(=O)OCC)[C@@H](c2ccccc2C)n2ncnc2N1,0.010648747244748524
CCOC(=O)C(=O)C1=C2S[C@H](C)C(=O)N2C(N)=C(C(=O)OCC)[C@H]1c1ccccc1F,0.6132441406718665
CCOC(=O)C1=C(OOCOC)Oc2[nH]nc(N)c2[C@@H]1c1ccccc1C,0.6252272314199782
CCCCOC(=O)CSC1=C(C)NC(C)=C(C(=O)c2ccccc2F)C1c1nc2ccccc2[nH]1,0.20273585465020497
CCOC(=O)C1=C(N)N2C(=O)[C@@H](C)SC2=C(C(=O)OCC)[C@@H]1OC(=O)OCOC,0.1913297802484063
CCOC(=O)C1=C(CC)NC2=C(C(=O)CCC2)[C@@H]1[C@H]1C2=C(CCCC2=O)NC(CC)=C1C(=O)OCOC,0.187127821386201
CCCCOC1=C(N)N2C(=O)[C@@H](C)SC2=C(C(=O)OC)[C@@H]1c1ccccc1F,0.6023552593005889
CCOC(=O)OCCOC(=O)C1=C(N)N2C(=O)[C@@H](C)SC2=C(C(=O)OC)[C@@H]1c1ccccc1F,0.6546536707079771
CCOC(=O)C1=C(C)NC(C)=C(C(=O)OCC)C1OCOC,0.01098938333324051
CCC1=C(C(=O)OCOC(=O)OOCOC)[C@@H](c2ccccc2Cl)C2=C(CCCC2=O)N1,0.6537204504606134
CCOC(=O)C1=C(SCC(=O)OCCOC)Oc2[nH]nc(Cl)c2[C@@H]1c1ccccc1C,0.6622661785325219
CCOC(=O)C1=C(SCC(=O)OCCOC)Oc2[nH]nc(Cl)c2[C@@H]1c1ccccc1C,0.6622661785325219
CCC1=C(C(=O)OCOC(=O)OOc2ccccc2Cl)[C@@H](c2ccccc2Cl)C2=C(CCCC2=O)N1,0.21951665761534384
CCCCOC(=O)CSOC(=O)C1=C(C)NC(C)=C(C(=O)OCC)C1[C@H]1C[C@@H]1c1ccccc1Cl,0.6888949638271721
CCOC(=O)C1=C(C)NC(C)=C(SCC(=O)OCCCc2ccccc2F)C1c1nc2ccccc2[nH]1,0.22017790627834347
CCCCC(=O)C1=C(CC)NC2=C(C(=O)CCC2)[C@@H]1c1ccccc1C(=O)OCC,0.6132441406718665
CCOC(=O)C1=C(C)NC(C)=C(C(=O)OCC)C1[C@H]1C[C@@H]1c1ccccc1Cl,0.7140055472954167
CCOC(=O)C1=C(C)NC(C)=C(C(=O)OCOC)C1[C@H]1C[C@@H]1c1ccccc1Cl,0.7240661880382168
CCOC(=O)C1=C(C(=O)OCC)[C@@H](c2ccccc2Cl)c2c(C)n[nH]c2O1,0.7001400420140048
CCOC(=O)OC(=O)OC(=O)C1=C(C)NC(C)=C(C(=O)OCC)C1[C@H]1C[C@@H]1c1ccccc1Cl,0.6730463973541891
CCCCOC(=O)CSOC(=O)C1=C(C)NC(C)=C(C(=O)OCC)C1[C@H]1C[C@@H]1C(=O)OCCOC(=O)OCC,0.18456430547501307
CCOC(=O)OC(=O)C1=C(C)NC(C)=C([C@H]2C[C@@H]2c2ccccc2Cl)C1[C@H]1C[C@@H]1c1ccccc1Cl,0.010970725623123005
CCOC(=O)C1=C(C)Nc2nc(-c3ccccc3Cl)nn2[C@@H]1c1ccccc1C,0.22755319420934944
Cc1n[nH]c2c1[C@H](c1ccccc1Cl)C(C(=O)Oc1ccccc1Cl)=C(N)O2,0.2014958683719937
CCOC(=O)C1=C(C(=O)OC(=O)OCOC)Oc2[nH]nc(C)c2[C@@H]1c1ccccc1Cl,0.6844475644404533
CCOC(=O)C1=C(C)NC(C)=C(C(=O)[C@H]2C[C@@H]2c2ccccc2Cl)C1[C@H]1C[C@@H]1c1ccccc1Cl,0.011421807590252716
CCCCOC(=O)OC(=O)C1=C(C)NC(C)=C(C(=O)OCOC)C1[C@H]1C[C@@H]1c1ccccc1Cl,0.6793662204867574
CCOC(=O)C1=C(N)N2C(=O)[C@@H](C)SC2=C(C(=O)OC)[C@@H]1C(=O)OCC,0.20657513767886018
CCOC(=O)C1=C(C(=O)OC(=O)OCOCOC)Oc2[nH]nc(C)c2[C@@H]1c1ccccc1Cl,0.6852482888641929
CCC1=C(C(=O)Oc2ccccc2C)[C@@H](c2ccccc2Cl)C2=C(CCCC2=O)N1,0.21764041245323543
COC(=O)C1=C(C)Nc2[nH]c(=S)[nH]c(=O)c2[C@H]1SOC(=O)C1=C(N)Oc2[nH]nc(C)c2[C@@H]1c1ccccc1Cl,0.011299383823851511
CCOC(=O)OCC1=C(C)Nc2[nH]c(=S)[nH]c(=O)c2[C@H]1c1ccccc1Cl,0.6485065517506754
CCCCOC(=O)CSOSOC(=O)C1=C(N)Oc2[nH]nc(C)c2[C@@H]1c1ccccc1Cl,0.6444022325288263
CCCCOC(=O)COC(=O)OC(=O)C1=C(C(=O)OCC)[C@@H](c2ccccc2Cl)c2c(C)n[nH]c2O1,0.6625891564490792
CCCCOC(=O)OOC(=O)OC(=O)C1=C(C)NC(C)=C(C(=O)OCC)C1[C@H]1C[C@@H]1c1ccccc1Cl,0.6747477697966319
CCOC(=O)C(=O)C1=C(C)NC(C)=C(C(=O)OCOC)C1[C@H]1C[C@@H]1c1ccccc1Cl,0.6875516509523286
CCCCOC(=O)OOOC(=O)OCOC(=O)C1=C(CC)NC2=C(C(=O)CCC2)[C@@H]1c1ccccc1Cl,0.6263447072560702
CCOC(=O)C1=C(C)NC(C)=C(C(=O)OC(=O)OOCl)C1[C@H]1C[C@@H]1c1ccccc1Cl,0.6875516509523286
CCCCOC(=O)COC(=O)C1=C(C)NC(C)=C(C(=O)OC(=O)OC(=O)OCC)C1[C@H]1C[C@@H]1c1ccccc1Cl,0.6454972243679028
CCOC(=O)OCCOC(=O)C1=C(N)N2C(=O)[C@@H](c3ccccc3Cl)SC2=C(C(=O)OC)[C@@H]1c1ccccc1F,0.23657074762464173
CCOC(=O)C1=C(C)NC(C)=C(C(=O)OCOC)C1[C@H]1C[C@@H]1c1ccccc1SCC(=O)OCCOC,0.6373774391990981
CCOC(=O)C(=O)C1=C(C)NC(C)=C(C(=O)OCOC)C1[C@H]1C[C@@H]1Cl,0.2054621023570976
CCOC(=O)C1=C(C)NC(C)=C(C(=O)OCOC)C1[C@H]1C[C@@H]1CC,0.21438966015702768
COCOC(=O)C1=C(C)NC(C)=C(C(=O)OC(=O)OC)C1[C@H]1C[C@@H]1c1ccccc1Cl,0.6681531047810609
CCCCCOC(=O)OC(=O)C1=C(C)NC(C)=C(C(=O)OCC)C1[C@H]1C[C@@H]1c1ccccc1Cl,0.6978227007909176
CCCCOC(=O)COC(=O)OC(=O)C1=C(C(=O)OCOC)[C@@H](c2ccccc2Cl)c2c(C)n[nH]c2O1,0.6373774391990981
CCOC(=O)C1=C(C)NC(C)=C(C(=O)OCOC)C1[C@H]1C[C@@H]1[C@H]1C(C(=O)OC)=C(C)Nc2[nH]c(=S)[nH]c(=O)c21,0.19456624394526553
CCOC(=O)COC(=O)C1=C(CC)NC2=C(C(=O)CCC2)[C@@H]1c1ccccc1Cl,0.6804138174397717
CCOC(=O)C1=C(C)NC(C)=C(C(=O)OCOC)C1[C@H]1C[C@@H]1OCOC,0.20856803866993984
CCCCOC(=O)OOC(=O)OC(=O)C1=C(C)NC(C)=C(C(=O)OCOC)C1[C@H]1C[C@@H]1c1ccccc1Cl,0.649519052838329
CCOC(=O)C1=C(C)NC(C)=C(C(=O)OC(=O)OC(=O)OCCl)C1[C@H]1C[C@@H]1c1ccccc1Cl,0.6730463973541891
CCCCOC(=O)OC(=O)C1=C(C)NC(C)=C(C(=O)OCOC)C1[C@H]1C[C@@H]1c1ccccc1Cl,0.6793662204867574
CCOC(=O)C1=C(C)NC(C)=C(C(=O)OCC)C1CC,0.010899985353910934
CCCCOC1=C(C(=O)OCC)[C@@H](c2ccccc2F)C(C(=O)OC)=C2S[C@H](C)C(=O)N12,0.6783634653712142
CCOC(=O)C1=C(C)NC(C)=C(C(=O)OOCl)C1c1nc2ccccc2[nH]1,0.6793662204867574
CCCCOCOC(=O)C1=C(C)NC(C)=C(C(=O)OCC)C1[C@H]1C[C@@H]1c1ccccc1Cl,0.7231429871170112
CCCCOC[C@H]1C[C@@H]1C1C(C(=O)OCC)=C(C)NC(C)=C1C(=O)OSCC(=O)OCCCC,0.19663983264305668
CCOC(=O)OCc1ccccc1[C@H]1C[C@@H]1C1C(C(=O)OCC)=C(C)NC(C)=C1C(=O)OCC,0.6519202405202649
CCOC(=O)COC(=O)C1=C(CC)NC2=C(C(=O)CCC2)[C@@H]1c1ccccc1Cl,0.6804138174397717
CCCCOC(=O)OC(=O)C1=C(C)NC(OCCCC)=C(C(=O)OCOC)C1[C@H]1C[C@@H]1c1ccccc1Cl,0.6469966392206306
CCOC(=O)C1=C(C)NC(C)=C([C@H]2C(C(=O)OC)=C(C)Nc3[nH]c(=S)[nH]c(=O)c32)C1[C@H]1C[C@@H]1c1ccccc1Cl,0.012127961903241863
CCOC(=O)C1=C(C)NC(C)=C(C(=O)OCOC)C1[C@H]1C[C@@H]1C(=O)OCOC,0.2040627982050267
COC(=O)C1=C(OOCl)N2C(=O)[C@@H](C)SC2=C(C(=O)OC)[C@H]1c1ccccc1Cl,0.6566526178661429
CCC1=C(C(=O)OCC(=O)c2ccccc2Cl)[C@@H](c2ccccc2Cl)C2=C(CCCC2=O)N1,0.2207276647028654
CCOC(=O)C1=C(C)NC(C)=C(C(=O)OCC)C1[C@H]1C[C@@H]1c1ccccc1-c1ccccc1Cl,0.23883497267801776
COC(=O)C1=C2S[C@H](C)C(=O)N2C(N)=C(OOCl)[C@H]1c1ccccc1F,0.5773502691896257
CCOC(=O)OC(=O)C1=C(C)NC(C)=C(C(=O)OCC)C1[C@H]1C[C@@H]1c1ccccc1Cl,0.6973080611251327
CCCCc1ccccc1[C@H]1C[C@@H]1C1C(C(=O)OCOC)=C(C)NC(C)=C1C(=O)C(=O)OCC,0.6337502222976297
CCOC(=O)C(=O)C1=C(C)NC(C)=C(C(=O)OCOC)C1[C@H]1C[C@@H]1c1ccccc1Cl,0.6875516509523286
CCC1=C(C(=O)O[C@H]2C[C@@H]2c2ccccc2Cl)[C@@H](c2ccccc2Cl)C2=C(CCCC2=O)N1,0.010120836762053113
CCOC(=O)C1=C(C)NC(C)=C(C(=O)OC(=O)OOOCl)C1[C@H]1C[C@@H]1c1ccccc1Cl,0.6783634653712142
CCCCOC(=O)C1=C(C(=O)OC)[C@H](c2ccccc2Cl)C(C(=O)OC)=C2S[C@H](C)C(=O)N21,0.6818447629055711
COCC1=C(N)N2C(=O)[C@@H](C)SC2=C(C(=O)OC)[C@@H]1c1ccccc1F,0.5877538136452586
CCCCOCOC(=O)C1=C(C)NC(C)=C(C(=O)OCC)C1COC,0.011109677274068003
CCCCOC(=O)COC(=O)C1=C(C)NC(C)=C(C(=O)OC(=O)OCCCC)C1[C@H]1C[C@@H]1c1ccccc1Cl,0.6336522323129238
COCOC(=O)C1=C(C)NC(C)=C(C(=O)OC(=O)O[C@H]2C[C@@H]2c2ccccc2Cl)C1[C@H]1C[C@@H]1c1ccccc1Cl,0.010835678094419335
CCOC(=O)C1=C(C)NC(C)=C(C(=O)OC(=O)OCCCOOCl)C1[C@H]1C[C@@H]1c1ccccc1Cl,0.6888949638271721
CCOC(=O)C1=C(C)NC(C)=C(C(=O)OSCC(=O)OCCCOOCl)C1[C@H]1C[C@@H]1c1ccccc1Cl,0.672021505032247
CCOC(=O)OCCOC(=O)C1=C(C)NC(C)=C(C(=O)OCC)C1[C@H]1C[C@@H]1c1ccccc1Cl,0.6978227007909176
CCOC(=O)C(=O)C1=C(C)NC(C)=C(C(=O)OCOC)C1[C@H]1C[C@@H]1c1ccccc1OCCCOOCl,0.6287677132370127
CCOC(=O)C1=C(C(=O)OCC)[C@@H](c2ccccc2[C@H]2C[C@@H]2c2ccccc2Cl)c2c(C)n[nH]c2O1,0.011244714576267197
CCOC(=O)C1=C(C(=O)OC(=O)OCc2ccccc2F)Oc2[nH]nc(C)c2[C@@H]1c1ccccc1Cl,0.2331249444502646
CCOC(=O)OCOCOC(=O)C1=C(C)NC(C)=C(C(=O)C(=O)OCC)C1[C@H]1C[C@@H]1c1ccccc1Cl,0.6572670690061994
CCCCOC(=O)OOC(=O)[C@H]1C2=C(CCCC2=O)NC(CC)=C1C(=O)OCC,0.19341601042777037
CCCCOC(=O)OC(=O)C1=C(C)NC(C(=O)OCCCC)=C(C(=O)OCOC)C1[C@H]1C[C@@H]1c1ccccc1Cl,0.6348110542727384
CCCCOCOC(=O)C1=C(C)NC(C)=C(C(=O)OCC)C1Cl,0.011438112819953284
CCCCOC(=O)OC(=O)C1=C(C)NC(C)=C(C(=O)OCC(=O)C(=O)OCC)C1[C@H]1C[C@@H]1c1ccccc1Cl,0.6529598679454096
CCOC(=O)C1=C(C(=O)OC(=O)OCOCOC)Oc2[nH]nc(C)c2[C@@H]1c1ccccc1F,0.6298366572977736
CCOC(=O)C1=C(CC)NC2=C(C(=O)CCC2)[C@@H]1C(=O)OCC,0.1961883054509975
CCCCOC1=C([C@H]2C[C@@H]2c2ccccc2Cl)[C@@H](c2ccccc2F)C(C(=O)OC)=C2S[C@H](C)C(=O)N12,0.010535590332022858
CCCc1ccccc1[C@H]1C2=C(CCCC2=O)NC(CC)=C1C(=O)OCC(=O)OCC,0.6243640832675885
CCCCC1=C(C)NC(C)=C(C(=O)OCCOC(=O)OCC)C1[C@H]1C[C@@H]1c1ccccc1Cl,0.6759412339280227
CCOC(=O)COC(=O)C1=C(CC)NC2=C(C(=O)CCC2)[C@@H]1c1ccccc1[C@H]1C[C@@H]1c1ccccc1Cl,0.010993871543896581
CCOC(=O)C1=C(C)NC(C)=C(C(=O)[C@H]2C[C@@H]2c2ccccc2Cl)C1[C@H]1C[C@@H]1c1ccccc1Cl,0.011421807590252716
COCOC(=O)C1=C(C)NC(C)=C(C(=O)OC(=O)O[C@H]2C[C@@H]2c2ccccc2Cl)C1[C@H]1C[C@@H]1c1ccccc1Cl,0.010835678094419335
CCOC(=O)C1=C(C)Nc2[nH]c(=S)[nH]c(=O)c2[C@H]1c1ccccc1Cl,0.6998542122237652
CCC[C@@H]1C(C(=O)OCC)=C(N)N2C(=O)[C@@H](C)SC2=C1C(=O)OC,0.21139105569343145
CCCCOc1ccccc1[C@H]1C[C@@H]1C1C(C(=O)OCOC)=C(C)NC(C)=C1C(=O)C(=O)OCC,0.6350006350009525
CCCCOC(=O)CSOC(=O)C1=C(C)NC(C)=C(C(=O)OCC)C1[C@H]1C[C@@H]1COC(=O)OCC,0.1918831882666446
CCOC(=O)C1=C(N)N2C(=O)[C@@H](C)SC2=C(C(=O)OCC)[C@@H]1c1ccccc1F,0.6367145399670133
CCCCOC(=O)OC(=O)C1=C(C)NC(C)=C(C(=O)OCC)C1CC,0.01077038047748735
CCCCOCC(=O)C1=C2S[C@H](C)C(=O)N2C(OCCCC)=C(C(=O)OCC)[C@H]1c1ccccc1F,0.6099942813304187
COCOCOC(=O)OC(=O)C1=C(C(=O)OC)[C@@H](c2ccccc2Cl)c2c(C)n[nH]c2O1,0.6659416347320276
CCOC(=O)C1=C(N)N2C(=O)[C@@H](C)SC2=C(C(=O)OOCCCOOCl)[C@@H]1c1ccccc1F,0.6337502222976297
CCOC(=O)C(=O)C1=C(C)NC(C)=C(C(=O)OCOC)C1[C@H]1C[C@@H]1OCC,0.19916635807796867
CCOC(=O)OC(=O)C1=C(C)NC(C)=C(c2ccccc2F)C1[C@H]1C[C@@H]1c1ccccc1Cl,0.2283360751482448
CCCCCOC(=O)OC(=O)C1=C(C)NC(C)=C(OCC)C1[C@H]1C[C@@H]1c1ccccc1Cl,0.6659416347320276
CCOC(=O)C1=C(C)NC(C)=C(C(=O)OC(=O)C(=O)OOCl)C1[C@H]1C[C@@H]1c1ccccc1Cl,0.6724387801454332
CCCCOC(=O)C(=O)C1=C(C)NC(C)=C(C(=O)OCOC)C1[C@H]1C[C@@H]1c1ccccc1Cl,0.6788737476271941
CCCCOC(=O)O[C@@H]1C(C(=O)OCC)=C(OCCCC)N2C(=O)[C@@H](C)SC2=C1C(=O)OC,0.19626131480865133
CCCCCOC(=O)OC(=O)C1=C(C)NC(C)=C(Cl)C1[C@H]1C[C@@H]1c1ccccc1Cl,0.6644105970267493
CCOC(=O)C1=C(c2ccccc2F)N2C(=O)[C@@H](C)SC2=C(C(=O)OC)[C@@H]1c1ccccc1F,0.22648716961667867
CCOC(=O)OC(=O)OC(=O)C1=C(C)NC(C)=C(C(=O)OCC)C1[C@H]1C[C@@H]1c1ccccc1Cl,0.6730463973541891
CCOC(=O)C1=C(C(=O)OC(=O)OCOCOC)Oc2[nH]nc(C)c2[C@@H]1OC(=O)OOOCl,0.1887181714095419
CCCCOC(=O)C(=O)C(=O)C1=C(C)NC(C)=C(C(=O)OCOC)C1[C@H]1C[C@@H]1c1ccccc1Cl,0.6645800679125629
CCOOC(=O)C1=C(C)NC(C)=C(C(=O)OCC)C1[C@H]1C[C@@H]1c1ccccc1Cl,0.7138735074334841
CCOC(=O)C1=C(C)NC(OOCl)=C(C(=O)OCC)C1[C@H]1C[C@@H]1c1ccccc1Cl,0.7037947874229663
CCCCc1ccccc1[C@H]1C(C(=O)OC)=C(C)Nc2[nH]c(=S)[nH]c(=O)c21,0.6382847385042254
CCCCOC(=O)C1=C2S[C@H](C)C(=O)N2C(N)=C(C(=O)OCC)[C@H]1c1ccccc1F,0.6488856845230502
CCCCCOC(=O)OC(=O)C1=C(C)NC(C)=C([C@H]2C[C@@H]2c2ccccc2Cl)C1[C@H]1C[C@@H]1c1ccccc1Cl,0.01091391505333772
CCOC(=O)OCC1=C(C(=O)OCC)C([C@H]2C[C@@H]2c2ccccc2Cl)C(C(=O)OCC)=C(C)N1,0.7258000511750563
CCOC(=O)C(=O)CSOC(=O)C1=C(C)NC(C)=C(C(=O)OCC)C1[C@H]1C[C@@H]1c1ccccc1Cl,0.6736330697086078
CCOC(=O)COC(=O)C1=C(COC(=O)OOOCl)NC2=C(C(=O)CCC2)[C@@H]1c1ccccc1Cl,0.650203220264462
CCCCOC(=O)OOC(=O)OC(=O)C1=C(C(=O)OCC)[C@@H](c2ccccc2Cl)c2c(C)n[nH]c2O1,0.6625891564490792
CCOC(=O)C1=C(C(=O)OCC)[C@@H](c2ccccc2CC)c2c(C)n[nH]c2O1,0.6396021490668313
CCCCOC(=O)OC(=O)C1=C(C)NC(C)=C(C(=O)OCC)C1[C@H]1C[C@@H]1c1ccccc1Cl,0.7071067811865476
CCOC(=O)C1=C(C)NC(C)=C(C(=O)OC(=O)Oc2ccccc2F)C1[C@H]1C[C@@H]1c1ccccc1Cl,0.23727511000193613
CCOC(=O)OC(=O)C1=C(C)NC(C)=C(C(=O)OC)C1[C@H]1C[C@@H]1c1ccccc1Cl,0.7171371656006362
CCCCOCOC(=O)C1=C(C)NC(C)=C(COC)C1[C@H]1C[C@@H]1c1ccccc1Cl,0.6809084840390547
CCCCOC(=O)OC(=O)C1=C(C)NC(C)=C(C(=O)OCOC)C1OOCl,0.0102925005079454
CCOC(=O)C(=O)c1ccccc1[C@H]1C[C@@H]1C1C(C(=O)OCC)=C(C)NC(C)=C1C(=O)OCC,0.6363636363636364
CCCCC1C(C(=O)OCC)=C(C)NC(C)=C1C(=O)OC(=O)OOCl,0.01077038047748735
CCCCCC(=O)OC(=O)C1=C(C)NC(C)=C(C(=O)OCC)C1[C@H]1C[C@@H]1c1ccccc1Cl,0.6882472016116853
CCOC(=O)OC(=O)C1=C(C)NC(C)=C(C(=O)OCC)C1[C@H]1C[C@@H]1C(=O)OCC,0.19867760554227554
CCCC[C@@H]1C(C(=O)OCC)=C(C(=O)OC(=O)OCOCOC)Oc2[nH]nc(C)c21,0.19466350275861047
CCCCOC(=O)OC(=O)C1=C(C)NC(OC)=C(C(=O)OCOC)C1[C@H]1C[C@@H]1c1ccccc1Cl,0.6708203932499369
CCOC(=O)OCCC(=O)C1=C(C)NC(C)=C(C(=O)OC(=O)OCC)C1[C@H]1C[C@@H]1c1ccccc1Cl,0.6564254024206326
CCOC(=O)OC(=O)C1=C(C)NC(C)=C(C(=O)OC)C1C,0.011001964199791034
CCOC(=O)COC(=O)C1=C(CC)NC2=C(C(=O)CCC2)[C@@H]1OC(=O)OCC,0.18840854335619533
CCOOC(=O)[C@H]1C2=C(CCCC2=O)NC(CC)=C1C(=O)OCC,0.19752361162477194
CCCCOCOOCCCOC(=O)OC(=O)C1=C(C)NC(C)=C(C(=O)OCC)C1[C@H]1C[C@@H]1c1ccccc1Cl,0.6571287406727709
CCOOC(=O)OC(=O)C1=C(C)NC(C)=C(C(=O)OCCOC(=O)OCC)C1[C@H]1C[C@@H]1c1ccccc1Cl,0.6580812002646271
CCOC(=O)C(=O)C1=C(C)NC(C)=C(C(=O)OCOC)C1[C@H]1C[C@@H]1c1ccccc1OCC,0.6324555320336759
CCOC(=O)C(=O)COC(=O)C1=C(C)NC(C)=C(C(=O)C(=O)OCC)C1[C@H]1C[C@@H]1c1ccccc1Cl,0.650203220264462
CCCCCOC(=O)OC(=O)C1=C(C)NC(C)=C(CCCCC)C1[C@H]1C[C@@H]1c1ccccc1Cl,0.6311687442672026
CCCCC(=O)C1=C(C(=O)OCC)[C@@H](c2ccccc2Cl)c2c(C)n[nH]c2O1,0.6900655593423541
CCOC(=O)OCCCCCOCOC(=O)C1=C(C)NC(C)=C(COC)C1[C@H]1C[C@@H]1c1ccccc1Cl,0.6693280212272604
CCCCC(=O)C1=C(C(=O)OCC)[C@@H](c2ccccc2Cl)c2c(C)n[nH]c2O1,0.6900655593423541
CCOOC(=O)C1=C(C(=O)OC(=O)OCCCOOCl)C([C@H]2C[C@@H]2c2ccccc2Cl)C(C(=O)OCC)=C(C)N1,0.6513389472789296
CCCCOCC1=C(C(=O)OCC)Oc2[nH]nc(C)c2[C@@H]1c1ccccc1Cl,0.686802819743445
CCOC(=O)C1=C(C(=O)OCC)[C@@H](c2ccccc2C(=O)OCC)c2c(C)n[nH]c2O1,0.6270266287506402
CCOC(=O)C1=C(C)NC(C)=C(C(=O)OC(=O)OCCCOOOOCl)C1[C@H]1C[C@@H]1c1ccccc1Cl,0.672021505032247
CCCCOC(=O)OOC(=O)OC(=O)C1=C(C(=O)OCC)[C@@H](c2ccccc2Cl)c2c(C)n[nH]c2O1,0.6625891564490792
CCOC(=O)OCCOC(=O)C1=C(C)NC(C)=C(C(=O)OC(=O)C(=O)OCC)C1[C@H]1C[C@@H]1c1ccccc1Cl,0.6529598679454096
CCOC(=O)C(=O)C(=O)CSOC(=O)C1=C(C)NC(C)=C(C(=O)OCC)C1[C@H]1C[C@@H]1c1ccccc1Cl,0.6599120175960899
CCCCO[C@H]1C[C@@H]1C1C(C(=O)OCOC)=C(C)NC(C)=C1C(=O)C(=O)OCC,0.2014958683719937
CCCCCOC(=O)OC(=O)C1=C(C)NC(C)=C(OCC)C1[C@H]1C[C@@H]1c1ccccc1Cl,0.6659416347320276
CCCCOC(=O)OC(=O)C1=C(C)NC(C)=C(C(=O)OCOOCl)C1[C@H]1C[C@@H]1c1ccccc1Cl,0.6618281717527744
CCOC(=O)COC(=O)C1=C(CC)NC2=C(C(=O)CCC2)[C@@H]1c1ccccc1COC(=O)OCC,0.6147786234942719
CCCCCOC(=O)OC(=O)C1=C(C)NC(C)=C(C)C1[C@H]1C[C@@H]1c1ccccc1Cl,0.6644105970267493
CCOC(=O)OCCOC(=O)C1=C(C)NC(OOCl)=C(C(=O)OCC)C1[C@H]1C[C@@H]1c1ccccc1Cl,0.6803013430498075
CCCCCC(=O)OC(=O)C1=C(C)NC(C)=C(C(=O)OOCCCOOCl)C1[C@H]1C[C@@H]1c1ccccc1Cl,0.621581560508061
CCCCOC(=O)OC(=O)C1=C(C)NC(C)=C(C(=O)OCC)C1[C@H]1C[C@@H]1c1ccccc1Cl,0.7071067811865476
CCOC(=O)OC(=O)C1=C(C)NC(C)=C(C(=O)OCOC)C1[C@H]1C[C@@H]1c1ccccc1Cl,0.6879057244377936
CCCCOC(=O)OC(=O)C1=C(c2ccccc2Cl)NC(C)=C(C(=O)OCC)C1[C@H]1C[C@@H]1c1ccccc1Cl,0.24145035898869904
CCCCOCC1=C(C)NC(COC(=O)OCC)=C(C(=O)OCC)C1[C@H]1C[C@@H]1c1ccccc1Cl,0.7131764786188426
CCCCCC(=O)OC(=O)C1=C(C)NC(C)=C(C(=O)OOCC)C1[C@H]1C[C@@H]1c1ccccc1Cl,0.6519202405202649
CCOC(=O)C1=C(C)NC(C)=C(C)C1[C@H]1C[C@@H]1c1ccccc1Cl,0.6776309271789384
CCCCOCC1=C(C)NC(COC(=O)OCC)=C(C(=O)OCC)C1[C@H]1C[C@@H]1c1ccccc1OCOC,0.6529598679454096
CCCC(=O)C1=C(C)NC(COC(=O)OCC)=C(C(=O)OCC)C1[C@H]1C[C@@H]1c1ccccc1Cl,0.7164316689560742
CCOC(=O)OC(=O)C1=C(C)NC(C)=C(C(=O)OC)C1OCOC,0.010724539996568807
CCCCCC1=C(C)NC(C)=C(C(=O)OCCOC(=O)OCC)C1[C@H]1C[C@@H]1c1ccccc1Cl,0.6673665793703669
CCCCCC1=C(C)NC(C)=C(C(=O)OOCC)C1[C@H]1C[C@@H]1c1ccccc1Cl,0.6310547428675068
CCCCOC(=O)OC(=O)C1=C(C)NC(C)=C(C(=O)OCOCOC)C1[C@H]1C[C@@H]1c1ccccc1Cl,0.6714310628286031
CCCCOOCC1=C(C(=O)OCC)C([C@H]2C[C@@H]2c2ccccc2Cl)C(C(=O)CCC)=C(C)N1,0.7225814098115934
CCOC(=O)C1=C(C)NC(C)=C(C(=O)OSCC(=O)OOCl)C1[C@H]1C[C@@H]1c1ccccc1Cl,0.6788737476271941
CCOC(=O)O[C@H]1C[C@@H]1C1C(C(=O)OCOC)=C(C)NC(C)=C1C(=O)C(=O)OCC,0.1926345284018927
CCOC(=O)OCCOC(=O)C1=C(C)NC(C)=C(C(=O)OOC(=O)OCC)C1[C@H]1C[C@@H]1c1ccccc1Cl,0.6580812002646271
CCOC(=O)C1=C(C)NC(C)=C([C@H]2C[C@@H]2c2ccccc2Cl)C1[C@H]1C[C@@H]1c1ccccc1Cl,0.01098938333324051
CCCCOOCC1=C(C(=O)OCOC)C([C@H]2C[C@@H]2c2ccccc2Cl)C(C(=O)CCC)=C(C)N1,0.6950185950444974
CCCCCC(=O)OOC(=O)C1=C(C)NC(C)=C(C(=O)OCC)C1[C@H]1C[C@@H]1c1ccccc1Cl,0.6885767430246847
CCCCOC(=O)[C@H]1C[C@@H]1C1C(C(=O)OCC)=C(C)NC(C)=C1C(=O)OC(=O)OCC,0.20095348281651168
CCOC(=O)OC(=O)C1=C(C)NC(C)=C(C(=O)OCOC)C1[C@H]1C[C@@H]1c1ccccc1Cl,0.6879057244377936
CCCCOCc1ccccc1[C@H]1C[C@@H]1C1C(C(=O)OCC)=C(C)NC(C)=C1C(=O)OC(=O)OCC,0.6625891564490792
CCOC(=O)C1=C(OOCl)NC(C)=C(C(=O)OCc2ccccc2Cl)C1[C@H]1C[C@@H]1c1ccccc1Cl,0.23954573695293305
CCCCOC(=O)OC(=O)C1=C(OOCl)NC(C)=C(C(=O)OCC)C1[C@H]1C[C@@H]1c1ccccc1Cl,0.6888949638271721
CCOC(=O)C1=C(C)NC(C)=C(C(=O)OC(=O)OOCl)C1OCOC,0.01057453904279066
CCOC(=O)OCCOC(=O)C1=C(C)NC(C)=C(C(=O)Oc2ccccc2Cl)C1[C@H]1C[C@@H]1c1ccccc1Cl,0.23529648117075944
CCCCCOC(=O)OC(=O)C1=C(C)NC(C)=C(OCOC)C1[C@H]1C[C@@H]1c1ccccc1Cl,0.6574217746854059
CCCCCOC(=O)OC(=O)C1=C(C)NC(C)=C([C@H]2C[C@@H]2c2ccccc2Cl)C1[C@H]1C[C@@H]1c1ccccc1Cl,0.01091391505333772
CCOC(=O)C1=C(C)NC(C)=C(C(=O)OSCC(=O)OOCl)C1[C@H]1C[C@@H]1c1ccccc1Cl,0.6788737476271941
CCCCOOCC1=C(C(=O)CCCC)C([C@H]2C[C@@H]2c2ccccc2Cl)C(C(=O)CCC)=C(C)N1,0.650203220264462
CCOOC(=O)C1=C(C)NC(C)=C(C(=O)OCOCCCOOCl)C1[C@H]1C[C@@H]1c1ccccc1Cl,0.67700320038633
CCCCOCC1C(C(=O)OC)=C(C)NC(C)=C1C(=O)OC(=O)OCC,0.011198508377016022
CCCCOCCCOC(=O)OC(=O)C1=C(C)NC(C)=C(C(=O)OCC)C1[C@H]1C[C@@H]1c1ccccc1Cl,0.6807456457050177
CCOC(=O)C1=C(C(=O)OCC)[C@@H](c2ccccc2[C@H]2C[C@@H]2c2ccccc2Cl)c2c(C)n[nH]c2O1,0.011244714576267197
CCCCOCCOC(=O)C1=C(C)NC(OOCl)=C(C(=O)OC(=O)OCCCC)C1[C@H]1C[C@@H]1c1ccccc1Cl,0.6324555320336759
CCOC(=O)C1=C(OOCl)NC(C)=C(C(=O)OCCOC)C1[C@H]1C[C@@H]1c1ccccc1Cl,0.7135060680126758
CCCCCCCCOC(=O)OC(=O)C1=C(OOCl)NC(C)=C(C(=O)OCC)C1[C@H]1C[C@@H]1c1ccccc1Cl,0.6563301233138936
CCOC(=O)C1=C(C)NC(C)=C(C(=O)OSCC(=O)OCCCOOCl)C1[C@H]1C[C@@H]1c1ccccc1Cl,0.672021505032247
CCCC(=O)C1=C(C)NC(COC(=O)OCC)=C(OCC)C1[C@H]1C[C@@H]1c1ccccc1Cl,0.6848551296971983
CCOOC(=O)COC(=O)C1=C(C)NC(C)=C(C(=O)OCC)C1[C@H]1C[C@@H]1c1ccccc1Cl,0.6882472016116853
CCOOC(=O)C1=C(C)NC(C)=C(C(=O)OCC)C1[C@H]1C[C@@H]1c1ccccc1Cl,0.7138735074334841
CCOC(=O)C1=C(C)NC(C(=O)OCOC)=C(C(=O)OC(=O)OCCCOOCl)C1[C@H]1C[C@@H]1c1ccccc1Cl,0.6596320973215251
CCCCOOCC1=C(C(=O)OCOCl)C([C@H]2C[C@@H]2c2ccccc2Cl)C(C(=O)CCC)=C(C)N1,0.6859943405700353
CCOOC(=O)C1=C(C)NC(OCCCOOCl)=C(C(=O)OCC)C1[C@H]1C[C@@H]1c1ccccc1Cl,0.6859943405700353
COCOC(=O)C1=C(C)NC(C)=C(C(=O)OCCCOOCl)C1[C@H]1C[C@@H]1c1ccccc1Cl,0.6759412339280227
CCOC(=O)O[C@H]1C[C@@H]1C1C(C(=O)OCC)=C(C)NC(C)=C1C(=O)OCOC,0.2040627982050267
CCCCOC(=O)C(=O)C1=C(C)NC(C)=C(C(=O)OC)C1[C@H]1C[C@@H]1c1ccccc1Cl,0.6973080611251327
CCCCOC(=O)CSOC(=O)C1=C(C)NC(C)=C(C(=O)OCC)C1[C@H]1C[C@@H]1[C@H]1C[C@@H]1c1ccccc1Cl,0.2442854897088362
CCCCOCOC(=O)C1=C(C)NC(C)=C(C(=O)OCC)C1OC(=O)OCC,0.010528462400764337
CCCC(=O)C1=C(C)NC(COC(=O)OOCC)=C(C(=O)OCC)C1[C@H]1C[C@@H]1c1ccccc1Cl,0.7071067811865476
CCCCCC(=O)O[C@@H]1C(C(=O)OCC)=C(C(=O)CCCC)Oc2[nH]nc(C)c21,0.1824740420838118
CCOC(=O)OCCC1=C(OOCl)NC(C)=C(C(=O)OCCOC)C1[C@H]1C[C@@H]1c1ccccc1Cl,0.668042657122685
CCOOC(=O)C1=C(C)NC(Cl)=C(C(=O)OCC)C1[C@H]1C[C@@H]1c1ccccc1Cl,0.7138735074334841
CCOOC(=O)C1=C(C)NC(Cl)=C(C(=O)OCC)C1[C@H]1C[C@@H]1c1ccccc1CCOC(=O)OCC,0.6537731677261691
CCCCOOCC1=C(C(=O)C(=O)OCCCC)C([C@H]2C[C@@H]2c2ccccc2Cl)C(C(=O)CCC)=C(C)N1,0.6469966392206306
CCOC(=O)OCCCC1=C(C)NC(COC(=O)OCC)=C(C(=O)OCC)C1[C@H]1C[C@@H]1c1ccccc1Cl,0.6725927091345493
CCCCOC(=O)OC(=O)C1=C(C)NC(C)=C(C(=O)OCC)C1[C@H]1C[C@@H]1c1ccccc1-c1ccccc1Cl,0.2383697906280786
CCCCCC(=O)OC(=O)C1=C(C)NC(C)=C(C(=O)OOCC(=O)OOCC)C1[C@H]1C[C@@H]1c1ccccc1Cl,0.6169254532967279
COC(=O)C1=C(C)NC(C)=C(C(=O)C(=O)OCCCOOCl)C1[C@H]1C[C@@H]1c1ccccc1Cl,0.6788737476271941
CCCCOOCCCOC(=O)OC(=O)C1=C(C)NC(C)=C(C(=O)OCC)C1[C@H]1C[C@@H]1c1ccccc1Cl,0.6640368076317485
CCCCOC(=O)OC(=O)C1=C(C)NC(C)=C(C(=O)OCCCOC(=O)OCC)C1[C@H]1C[C@@H]1c1ccccc1Cl,0.6430659644130344
CCOC(=O)C1=C(C)NC(C)=C(C(=O)OCOC)C1[C@H]1C[C@@H]1c1ccccc1Cl,0.7240661880382168
CCCCCC(=O)OOC(=O)C1=C(C)NC(C)=C(C(=O)OOCC)C1[C@H]1C[C@@H]1c1ccccc1Cl,0.6439209162167846
CCCCOC(=O)OC(=O)C1=C(C)NC(C)=C(C(=O)OCC)C1[C@H]1C[C@@H]1c1ccccc1OCC,0.6439209162167846
CCOC(=O)C1=C(C)NC(C)=C(C(=O)OSCOCCCOOCl)C1[C@H]1C[C@@H]1c1ccccc1Cl,0.6950185950444974
CCOC(=O)OC(=O)C1=C(C)NC(C)=C(C(=O)Oc2ccccc2Cl)C1[C@H]1C[C@@H]1c1ccccc1Cl,0.23082809095400317
CCCCOCOC(=O)C1=C(C)NC(C)=C(c2ccccc2Cl)C1[C@H]1C[C@@H]1c1ccccc1Cl,0.227966551851054
CCCCCC(=O)OOC(=O)C(=O)C1=C(C)NC(C)=C(C(=O)OC)C1[C@H]1C[C@@H]1c1ccccc1Cl,0.6645800679125629
CCCCOOCC1=C(C(=O)OCOC)C([C@H]2C[C@@H]2c2ccccc2Cl)C(C(=O)CCC)=C(C)N1,0.6950185950444974
CCOC(=O)OOC(=O)C1=C(C)NC(C)=C(C(=O)OCC)C1[C@H]1C[C@@H]1c1ccccc1Cl,0.6879057244377936
CCOOC(=O)C1=C(C)NC(C)=C(C(=O)OCOC)C1[C@H]1C[C@@H]1c1ccccc1Cl,0.6938886664887108
CCCC(=O)C1=C(C)NC(COOC(=O)OCC)=C(C(=O)OCC)C1[C@H]1C[C@@H]1c1ccccc1Cl,0.7071067811865476
CCCCC(=O)C1=C(C(=O)OCC)[C@@H](OOCC)c2c(C)n[nH]c2O1,0.19490728933223267
CCCCC[C@@H]1C(C(=O)OCC)=C(C(=O)CCCC)Oc2[nH]nc(C)c21,0.18471095969400095
CCOC(=O)OC(=O)C1=C(C)NC(C)=C(OCCCOOCl)C1[C@H]1C[C@@H]1c1ccccc1Cl,0.6666666666666666
CCOOC1=C(C(=O)OCC)Oc2[nH]nc(C)c2[C@@H]1c1ccccc1Cl,0.6546536707079771
CCCCOc1ccccc1[C@H]1C[C@@H]1C1C(C(=O)OCC)=C(C)NC(C)=C1C(=O)OSCOCCCOOCl,0.6289057068112051
CCOC(=O)C1=C(OOCl)NC(C(=O)OCOC)=C(C(=O)OCCOC)C1[C@H]1C[C@@H]1c1ccccc1Cl,0.6546536707079771
CCOOC(=O)COC(=O)C1=C(C)NC(OOCl)=C(C(=O)OCC)C1[C@H]1C[C@@H]1c1ccccc1Cl,0.6708203932499369
CCCC(=O)C1=C(C)NC(COOC(=O)OCC)=C(C(C)=O)C1[C@H]1C[C@@H]1c1ccccc1Cl,0.6976572680885752
CCCCOC(=O)OC(=O)C1=C(C)NC(C)=C(C(=O)OCC)C1C(=O)OCOC,0.01043808766104305
CCCCOOCC1=C(C(=O)OCOOC(=O)OCC)C([C@H]2C[C@@H]2c2ccccc2Cl)C(C(=O)CCC)=C(C)N1,0.6653931857203329
CCCC(=O)C1=C(C)NC(COC(=O)OOCC)=C(C(C)=O)C1[C@H]1C[C@@H]1c1ccccc1Cl,0.6882472016116853
CCOOC(=O)C1=C(C)NC(C(=O)OCC)=C(C(=O)OCC)C1[C@H]1C[C@@H]1c1ccccc1Cl,0.6882472016116853
CCCC(=O)C1=C(C)NC(COOC(=O)OCC)=C(C(=O)COC)C1[C@H]1C[C@@H]1c1ccccc1Cl,0.6888949638271721
CCOCCCOC(=O)OC(=O)C1=C(C)NC(C)=C(C(=O)OCC)C1[C@H]1C[C@@H]1c1ccccc1Cl,0.6979824404521128
CCOC(=O)OC(=O)C1=C(C)NC(C)=C(C(=O)OC(=O)OCC)C1[C@H]1C[C@@H]1c1ccccc1Cl,0.6546536707079771
CCOCCCOC(=O)OC1=C(C)NC(C)=C(C(=O)OOCC)C1[C@H]1C[C@@H]1c1ccccc1Cl,0.6582805886043833
CCOOC(=O)C(=O)C1=C(C)NC(C)=C(C(=O)OC(=O)OCC)C1[C@H]1C[C@@H]1c1ccccc1Cl,0.6454972243679028
CCOC(=O)OCCOOC(=O)C1=C(C)NC(Cl)=C(C(=O)OCC)C1[C@H]1C[C@@H]1c1ccccc1Cl,0.6888949638271721
CCOC(=O)C1=C(OOCl)NC(C)=C(C(=O)OCCOC)C1[C@H]1C[C@@H]1c1ccccc1Cl,0.7135060680126758
COC(=O)C(=O)C1=C(C)NC(C)=C(C(=O)OC)C1[C@H]1C[C@@H]1c1ccccc1Cl,0.6658800390574073
CCCCOCOC(=O)C1=C(C)NC(C)=C(OC(=O)OCCCOCC)C1[C@H]1C[C@@H]1c1ccccc1Cl,0.6434768838116874
CCOCCCOC(=O)OC(=O)C1=C(C)NC(C)=C(C(=O)OCC)C1[C@H]1C[C@@H]1c1ccccc1Cl,0.6979824404521128
CCOC(=O)C1=C(OOCl)NC(C)=C(C(=O)OCCOC)C1COC,0.011109677274068003
CCCCC1=C(C(=O)OOCC)C([C@H]2C[C@@H]2c2ccccc2Cl)C(C(=O)OCC)=C(Cl)N1,0.6848551296971983
CCOCCCOC(=O)Oc1ccccc1[C@H]1C[C@@H]1C1C(C(=O)OCC)=C(C)NC(C)=C1C(=O)OCC,0.6373774391990981
CCCCOOCC1=C(C(=O)OCOC)C([C@H]2C[C@@H]2OOCC)C(C(=O)CCC)=C(C)N1,0.203861850053673
CCCCCc1ccccc1[C@H]1C[C@@H]1C1C(C(=O)OCC)=C(C)NC(C)=C1C(=O)OCOC,0.6574217746854059
CCOOCCOC(=O)C(=O)C1=C(C)NC(C)=C(C(=O)OC)C1[C@H]1C[C@@H]1c1ccccc1Cl,0.6976572680885752
CCOOC(=O)OCC1=C(C(=O)OCC)C([C@H]2C[C@@H]2c2ccccc2Cl)C(C(=O)CC)=C(C)N1,0.7164316689560742
CCOC(=O)OC(=O)C1=C(C)NC(C)=C(C(=O)OCC)C1[C@H]1C[C@@H]1c1ccccc1Cl,0.6973080611251327
CCOOCCOC(=O)C(=O)C1=C(C)NC(C)=C(C(=O)OCOC)C1[C@H]1C[C@@H]1c1ccccc1Cl,0.6708203932499369
CCCCOC(=O)OC(=O)C1=C(Cl)NC(C)=C(C(=O)OCC)C1[C@H]1C[C@@H]1c1ccccc1Cl,0.7071067811865476
CCCCOC1=C(C(=O)OCC)Oc2[nH]nc(C)c2[C@@H]1c1ccccc1Cl,0.6658800390574073
CCOC(=O)C1=C(C)NC(OOCl)=C(C(=O)OCC)C1OCl,0.010781902685090949
CCOC(=O)C1=C(C)NC(C)=C(OCC)C1[C@H]1C[C@@H]1c1ccccc1Cl,0.6788109558083828
CCOOCCOC(=O)C(=O)c1ccccc1[C@H]1C[C@@H]1C1C(C(=O)OCC)=C(C)NC(C)=C1C(=O)OCC,0.6239494988372349
CCOC(=O)C1=C(C)NC(Cl)=C(C(=O)OC(=O)COC)C1[C@H]1C[C@@H]1c1ccccc1Cl,0.7071067811865476
CCCCOC(=O)OC(=O)C1=C(C)NC(C)=C(C(=O)OCC(=O)OOCC)C1[C@H]1C[C@@H]1c1ccccc1Cl,0.649519052838329
CCOC(=O)OCC1=C(C(=O)OCC)C([C@H]2C[C@@H]2c2ccccc2Cl)C(OCC)=C(C)N1,0.7135060680126758
CCCCOC1=C(C(=O)OCCOC)C([C@H]2C[C@@H]2c2ccccc2Cl)C(C(=O)OCC)=C(OOCl)N1,0.6599120175960899
CCCCCCOC(=O)C1=C(C)NC(C)=C(C(=O)OCC)C1[C@H]1C[C@@H]1c1ccccc1Cl,0.7039144092114434
CCCC(=O)C1=C(C)NC(COC(=O)OC)=C(C(C)=O)C1[C@H]1C[C@@H]1c1ccccc1Cl,0.6973080611251327
CCOC(=O)C1=C(C)NC(OOCl)=C(C(=O)OC)C1[C@H]1C[C@@H]1c1ccccc1Cl,0.7446176505727987
CCOC(=O)OCC1=C(C(=O)OCC)C([C@H]2C[C@@H]2c2ccccc2Cl)C(C(=O)COC)=C(C)N1,0.7258000511750563
CCOCCCOC(=O)OC(=O)C1=C(C)NC(C)=C(C(=O)OCC)C1[C@H]1C[C@@H]1c1ccccc1Cl,0.6979824404521128
CCOC(=O)C1=C(C)NC(OOCl)=C(C(=O)OC(=O)OCOC)C1[C@H]1C[C@@H]1c1ccccc1Cl,0.6793662204867574
CCOCCCOC(=O)OC(=O)C1=C(C)NC(C)=C(C(=O)OCC)C1[C@H]1C[C@@H]1OC(=O)OCCCOCC,0.18898009821347006
CCOOC(=O)C1=C(C)NC(C)=C(C(=O)OCC)C1[C@H]1C[C@@H]1c1ccccc1Cl,0.7138735074334841
CCCCOC(=O)C1=C(C)NC(COC(=O)OCC)=C(C(=O)OCC)C1[C@H]1C[C@@H]1c1ccccc1Cl,0.7161148740394329
CCOC(=O)OC(=O)C1=C(C)NC(C)=C(C(C)=O)C1[C@H]1C[C@@H]1c1ccccc1Cl,0.6666666666666666
CCOC(=O)OCCOC(=O)C1=C(C)NC(C)=C(C(=O)OCOC)C1[C@H]1C[C@@H]1c1ccccc1Cl,0.6888949638271721
CCOC(=O)OCC1=C(C(=O)OCC)C([C@H]2C[C@@H]2c2ccccc2Cl)C(C(=O)OC)=C(C)N1,0.7647912528117451
CCOC(=O)C1=C(C)NC(Cl)=C(C(=O)OC(=O)OCl)C1[C@H]1C[C@@H]1c1ccccc1Cl,0.6871842709362767
CCCCOC(=O)C1C(C(=O)OC)=C(C)NC(C)=C1C(=O)OC(=O)OCC,0.010905812665395856
CCCCOCOC(=O)C1=C(C)NC(C)=C(Cl)C1[C@H]1C[C@@H]1c1ccccc1Cl,0.6697746866231371
CCCCOC(=O)OC(=O)C1=C(C)NC(C)=C(C(=O)OCC)C1[C@H]1C[C@@H]1c1ccccc1C(=O)OCC,0.6312190586476298
CCCCC1=C(C(=O)OOCC)C([C@H]2C[C@@H]2c2ccccc2Cl)C(C(=O)OCC)=C(Cl)N1,0.6848551296971983
CCCCCCOC(=O)C1=C(C)NC(C)=C(C(=O)OCOCCCC)C1[C@H]1C[C@@H]1c1ccccc1Cl,0.6599120175960899
CCCCC1=C(C(=O)OOCC)C([C@H]2C[C@@H]2c2ccccc2Cl)C(C(=O)OCC)=C(Cl)N1,0.6848551296971983
CCOOC(=O)OCC1=C(C(=O)C(=O)OCC)C([C@H]2C[C@@H]2c2ccccc2Cl)C(C(=O)CC)=C(C)N1,0.6741998624632421
CCOCCCOC(=O)OC(=O)C1=C(C)NC(C)=C(C(=O)OCC)C1[C@H]1C[C@@H]1c1ccccc1Cl,0.6979824404521128
CCCCOC(=O)C1=C(C)NC(COC(=O)OCC)=C(C(=O)CCCC)C1[C@H]1C[C@@H]1c1ccccc1Cl,0.6894996998299374
CCOC(=O)OCC1=C(OC(=O)OCC)C([C@H]2C[C@@H]2c2ccccc2Cl)C(C(=O)OC)=C(C)N1,0.7071067811865476
CCOC(=O)C1=C(COC(=O)OCCl)NC(C)=C(OCC)C1[C@H]1C[C@@H]1c1ccccc1Cl,0.7135060680126758
CCOC(=O)C1=C(OOCl)NC(C)=C(C(=O)OCCOc2ccccc2Cl)C1[C@H]1C[C@@H]1c1ccccc1Cl,0.23709954570856598
CCOC(=O)OCC1=C(C(=O)OCC)C([C@H]2C[C@@H]2c2ccccc2Cl)C(C(=O)OOC)=C(C)N1,0.7258000511750563
CCOOC(=O)OCC1=C(C(=O)OCC)C(COC)C(C(=O)CC)=C(C)N1,0.011044745816286039
CCOC(=O)C1=C(OCCl)[C@@H](c2ccccc2Cl)c2c(C)n[nH]c2O1,0.6430097498961725
CCCC(=O)C1=C(C)NC(COCC)=C(C(=O)OCC)C1[C@H]1C[C@@H]1c1ccccc1Cl,0.7531983087525438
CCOC(=O)C1=C(COC(=O)OCOCl)NC(C)=C(OCC)C1[C@H]1C[C@@H]1c1ccccc1Cl,0.7039710372159768
CCOC(=O)OCC1=C(C(=O)OCC)C([C@H]2C[C@@H]2c2ccccc2CC)C(C(=O)COC)=C(C)N1,0.6708203932499369
CCOC(=O)C1=C(OOCl)NC(C)=C(C(=O)OCCOC)C1C(=O)OC,0.011006329192702231
CCOOC(=O)C1=C(C)NC(Cl)=C(C(=O)OCC)C1[C@H]1C[C@@H]1c1ccccc1COC(=O)OCC,0.6618281717527744
CCOOC(=O)C1=C(C(=O)OCC)C([C@H]2C[C@@H]2c2ccccc2Cl)C(C(=O)OOCC)=C(C)N1,0.6793662204867574
CCCCOCC(=O)C1=C(OOCl)NC(C)=C(C(=O)OCC)C1[C@H]1C[C@@H]1c1ccccc1Cl,0.7039710372159768
CCCCOCC(=O)C1=C(OOCl)NC(C)=C(C(=O)OCC)C1[C@H]1C[C@@H]1c1ccccc1Cl,0.7039710372159768
CCOCC1=C(C(=O)OCC)C([C@H]2C[C@@H]2c2ccccc2Cl)C(C(=O)CCCOC(=O)OCOCl)=C(C)N1,0.7071067811865476
CCCCOCC(=O)C1=C(OOCl)NC(C)=C(C(=O)OC(=O)OCC)C1[C@H]1C[C@@H]1c1ccccc1Cl,0.6625891564490792
CCOOC(=O)C1C(C(=O)OC)=C(C)NC(C)=C1C(=O)OC(=O)OCC,0.01047796588712385
CCCCC(=O)C1=C(C)NC(COC(=O)OCC)=C(C(=O)OCC)C1[C@H]1C[C@@H]1c1ccccc1Cl,0.7071067811865476
CCOC(=O)C1=C(C)NC(OOCl)=C(C(C)=O)C1[C@H]1C[C@@H]1c1ccccc1Cl,0.7036658518558089
CCOOC(=O)OCC1=C(C(C)=O)C([C@H]2C[C@@H]2c2ccccc2Cl)C(C(=O)CC)=C(C)N1,0.6879057244377936
CCOC(=O)OOC(=O)C1=C(C)NC(C)=C(C(=O)OCC)C1[C@H]1C[C@@H]1c1ccccc1Cl,0.6879057244377936
CCCCOOCC1=C(C(=O)OCCl)C([C@H]2C[C@@H]2c2ccccc2Cl)C(C(=O)CCC)=C(C)N1,0.6948083337796512
CCOOC(=O)C1=C(C)NC(C)=C(C(=O)OCC)C1[C@H]1C[C@@H]1c1ccccc1Cl,0.7138735074334841
COCOC(=O)C1=C(C)NC(C)=C(C(=O)COC)C1[C@H]1C[C@@H]1c1ccccc1Cl,0.6735753140545634
CCCCC1C(C(=O)OC)=C(C)NC(C)=C1C(=O)OC(=O)OCC,0.011124878033713644
CCCCOOCC1=C(C(=O)OCC)C([C@H]2C[C@@H]2c2ccccc2Cl)C(C(=O)CCC)=C(OCCl)N1,0.6686960980480711
CCCCOc1ccccc1[C@H]1C[C@@H]1C1C(OC(=O)OCC)=C(COC(=O)OCC)NC(C)=C1C(=O)OC,0.6469966392206306
CCCCOCOC(=O)C1=C(C)NC(C)=C(OCCl)C1[C@H]1C[C@@H]1c1ccccc1Cl,0.6614378277661477
CCOC(=O)C1=C(OOCl)NC(C)=C(C(=O)OCCOC)C1C(=O)OCC,0.010856576239377821
CCCCOC(=O)OC(=O)C1=C(C)NC(C)=C(C(=O)OCC)C1CC,0.01077038047748735
CCOC(=O)C1=C(C(=O)OC(=O)COC)C([C@H]2C[C@@H]2c2ccccc2Cl)C(C(=O)OCC)=C(C)N1,0.6827164088516213
CCCCOCOC(=O)C1=C(C)NC(C)=C(C(=O)OCC)C1COCCCC,0.010482982868923
CCOC(=O)OC(=O)OCC1=C(C(=O)OCC)C([C@H]2C[C@@H]2c2ccccc2Cl)C(C(=O)OOC)=C(C)N1,0.7011894655987543
CCCCOCC1=C(C(=O)OCC)C([C@H]2C[C@@H]2c2ccccc2Cl)C(C(=O)CCCC)=C(C)N1,0.7413160928710165
CCOOC(=O)OOC(=O)C1=C(C)NC(C)=C(C(=O)OCC)C1[C@H]1C[C@@H]1c1ccccc1Cl,0.6788737476271941
CCOC(=O)OC(=O)C1=C(Cl)NC(C)=C(C(=O)OCC)C1[C@H]1C[C@@H]1c1ccccc1Cl,0.6973080611251327
CCOC(=O)C1=C(C)NC(OOCl)=C(C(=O)[C@H]2C[C@@H]2c2ccccc2Cl)C1[C@H]1C[C@@H]1c1ccccc1Cl,0.011315439494564818
CCCCOCOC(=O)C1=C(C)NC(C)=C([C@H]2C[C@@H]2c2ccccc2Cl)C1[C@H]1C[C@@H]1c1ccccc1Cl,0.010962012472973029
CCOC(=O)OCC1=C(OC(=O)OCC)C([C@H]2C[C@@H]2c2ccccc2C(=O)OCOC)C(C(=O)OC)=C(C)N1,0.6420387375057796
CCCCOOC(=O)C1=C(C)NC(COC(=O)OCC)=C(C(=O)OCC)C1[C@H]1C[C@@H]1c1ccccc1Cl,0.7071067811865476
CCCCOC(=O)C1=C(C)NC(COC(=O)OCC)=C(C(=O)c2ccccc2Cl)C1[C@H]1C[C@@H]1c1ccccc1Cl,0.24478447332208184
CCCCC(=O)C1=C(C)NC(CCC)=C(C(=O)OCC)C1[C@H]1C[C@@H]1c1ccccc1Cl,0.7038556983051976
CCOC(=O)C1=C(C)NC(C)=C(C(=O)OCC(=O)OC)C1[C@H]1C[C@@H]1c1ccccc1Cl,0.7169509687480623
CCOC(=O)C1=C(C)NC(Cl)=C(C(=O)OC(=O)COCl)C1[C@H]1C[C@@H]1c1ccccc1Cl,0.6875516509523286
COCCOC(=O)C1=C(C)NC(OOCl)=C(OC)C1[C@H]1C[C@@H]1c1ccccc1Cl,0.6408699444616557
CCCCOC[C@H]1C[C@@H]1C1C(C(=O)OCC)=C(C)NC(C)=C1C(=O)OCOC,0.214234249002021
CCCCOCC1=C(C)NC(COC(=O)OCC)=C(C(=O)OCC)C1[C@H]1C[C@@H]1c1ccccc1OCC,0.6520712004019966
CCOOC(=O)C1=C(C)NC(C)=C(OCC)C1[C@H]1C[C@@H]1c1ccccc1Cl,0.6382847385042254
CCOC(=O)C1=C(C)NC(C)=C(C(=O)OOCOC)C1[C@H]1C[C@@H]1c1ccccc1Cl,0.7137464271463297
COCOCOC(=O)C1=C(C)NC(OOCl)=C(C(=O)OC)C1[C@H]1C[C@@H]1c1ccccc1Cl,0.6943650748294136
CCOC(=O)C1=C(COC(=O)OCl)NC(C)=C(OCC)C1[C@H]1C[C@@H]1c1ccccc1Cl,0.7136240321480628
CCCCOCOC(=O)C1=C(C)NC(C)=C(C(=O)OCC)C1C,0.011234485390222525
CCCCC(=O)C1=C(C)NC(COOC)=C(C(=O)OCC)C1[C@H]1C[C@@H]1c1ccccc1Cl,0.7425643872142527
CCOC(=O)C1=C(OOCOC)NC(C)=C(C(=O)OCCOC)C1[C@H]1C[C@@H]1c1ccccc1Cl,0.7040256912308268
CCOOC(=O)C1=C(COC(=O)OCl)NC(C)=C(OCC)C1[C@H]1C[C@@H]1c1ccccc1Cl,0.6753816335059705
CCCCOCOC(=O)C1=C(C)NC(C)=C(CCCC)C1[C@H]1C[C@@H]1c1ccccc1Cl,0.6432675209026769
CCCCOC(=O)C1=C(C)NC(COC(=O)OCOC)=C(C(=O)OCC)C1[C@H]1C[C@@H]1c1ccccc1Cl,0.7159644139318705
CCCCOOCC1=C(C(=O)OCCCC)C([C@H]2C[C@@H]2c2ccccc2Cl)C(C(=O)CCC)=C(C)N1,0.6775074858941581
CCCCOC1C(C(=O)CC)=C(C)NC(COC(=O)OOCC)=C1C(=O)OCC,0.010755313488794528
CCCC(=O)C1=C(C)NC(COC(=O)OCC)=C(COC)C1[C@H]1C[C@@H]1c1ccccc1Cl,0.6943650748294136
CCOOC(=O)OCC1=C(C(=O)C(=O)OC)C([C@H]2C[C@@H]2c2ccccc2Cl)C(C(=O)CC)=C(C)N1,0.6827164088516213
CCCOC(=O)C1=C(COC(=O)OCl)NC(C)=C(OCC)C1[C@H]1C[C@@H]1c1ccccc1Cl,0.7039144092114434
CCOC(=O)OCC1=C(C(=O)OCC)C([C@H]2C[C@@H]2c2ccccc2Cl)C(COCl)=C(C)N1,0.7135060680126758
CCOC(=O)OC(=O)C1=C(C)NC(C)=C(C(=O)OCCl)C1[C@H]1C[C@@H]1c1ccccc1Cl,0.6875516509523286
CCCCC(=O)C1=C(C)NC(COOC)=C(COC)C1[C@H]1C[C@@H]1c1ccccc1Cl,0.651750535912282
CCOC(=O)OC(=O)C1=C(C)NC(C)=C(C(=O)c2ccccc2Cl)C1[C@H]1C[C@@H]1c1ccccc1Cl,0.22706012061974346
CCOC(=O)OC(=O)C1=C(C)NC(C)=C(C(=O)OCOC)C1[C@H]1C[C@@H]1c1ccccc1Cl,0.6879057244377936
CCCCOCC1C(C(=O)OCC)=C(C)NC(C)=C1C(=O)OOCOC,0.010955725112276276
CCOC(=O)C1=C(OOCl)NC(C)=C(C(=O)OCCOC)C1[C@H]1C[C@@H]1c1ccccc1Cl,0.7135060680126758
CCOOC(=O)C1=C(OCCOC)NC(Cl)=C(C(=O)OCC)C1[C@H]1C[C@@H]1c1ccccc1Cl,0.6852482888641929
CCOC(=O)C1=C(OOCl)NC(C)=C(C(=O)Cl)C1[C@H]1C[C@@H]1c1ccccc1Cl,0.6933752452815364
CCOC(=O)OCC1=C(OCC(=O)OC)C([C@H]2C[C@@H]2c2ccccc2Cl)C(C(=O)OC)=C(C)N1,0.7071067811865476
CCCCOOCC1=C(C(=O)OCC)C([C@H]2C[C@@H]2c2ccccc2Cl)C(C(=O)CCC)=C(OCC)N1,0.6686960980480711
CCOOC(=O)C1=C(C)NC(C)=C(C(=O)OOCC)C1[C@H]1C[C@@H]1c1ccccc1Cl,0.6644105970267493
CCCCc1ccccc1[C@H]1C[C@@H]1C1C(C(=O)OCC)=C(C)NC(C)=C1C(=O)OCOC,0.6659416347320276
COCCC(=O)C1=C(C)NC(C)=C(C(=O)OC)C1[C@H]1C[C@@H]1c1ccccc1Cl,0.6933752452815364
CCOC(=O)C1=C(COC(=O)OCOC)NC(C)=C(C(=O)OCOCCOC)C1[C@H]1C[C@@H]1c1ccccc1Cl,0.7071067811865476
CCOC(=O)C1=C(C)NC(OOCl)=C(C(=O)OCl)C1[C@H]1C[C@@H]1c1ccccc1Cl,0.6936368469679924
CCOC(=O)C1=C(C)NC(C)=C(C(=O)OOCl)C1[C@H]1C[C@@H]1c1ccccc1Cl,0.7140055472954167
COC(=O)C1=C(C)NC(C)=C(C(=O)OCCl)C1[C@H]1C[C@@H]1c1ccccc1Cl,0.7141428428542851
CCCC1=C(C(=O)OCC)C([C@H]2C[C@@H]2c2ccccc2Cl)C(OCC)=C(C)N1,0.6900655593423541
CCOC(=O)OCC1=C(C(=O)OCC)C([C@H]2C[C@@H]2c2ccccc2C(=O)OCCl)C(C(=O)COC)=C(C)N1,0.6666666666666666
CCOC(=O)OCC1=C(C(=O)OCC)C([C@H]2C[C@@H]2c2ccccc2Cl)C(C(=O)CCOCl)=C(C)N1,0.7162705342682119
CCCC(=O)C1=C(C)NC(COC(=O)OCC)=C(C(=O)OCC)C1[C@H]1C[C@@H]1c1ccccc1Cl,0.7164316689560742
CCOOC(=O)OC(=O)C1=C(C)NC(C)=C(C(=O)OOCl)C1[C@H]1C[C@@H]1c1ccccc1Cl,0.6405126152203485
CCCCOC(=O)C1=C(C)NC(COC(=O)OCC)=C(C(=O)C(=O)OCOC)C1[C@H]1C[C@@H]1c1ccccc1Cl,0.6842908506285673
CCCCC(=O)C1=C(C)NC(COOC)=C(C(=O)OCC)C1[C@H]1C[C@@H]1OCC(=O)OC,0.2141434332925558
CCOC(=O)C1=C(C)NC(COC)=C(C(=O)OCC)C1[C@H]1C[C@@H]1c1ccccc1Cl,0.7643025682552586
CCCCOCC(=O)C1=C(C)NC(C)=C(C(=O)OC)C1[C@H]1C[C@@H]1c1ccccc1Cl,0.7137464271463297
CCOC(=O)C1=C(COCl)NC(C)=C(COCl)C1[C@H]1C[C@@H]1c1ccccc1Cl,0.7002746713858894
CCOOC(=O)C1=C(C)NC(C)=C(OCOC)C1[C@H]1C[C@@H]1c1ccccc1Cl,0.6396021490668313
COCOC(=O)C1=C(C)NC(C)=C(C(=O)[C@H]2C[C@@H]2c2ccccc2Cl)C1[C@H]1C[C@@H]1c1ccccc1Cl,0.010970725623123005
CCOC(=O)C1=C(C)NC(C)=C(C(=O)OOCl)C1[C@H]1C[C@@H]1c1ccccc1Cl,0.7140055472954167
CCOC(=O)OC(=O)C1=C(C)NC(C)=C(C(=O)OC(=O)OCl)C1[C@H]1C[C@@H]1c1ccccc1Cl,0.6537204504606134
COC(=O)C1=C(OOCl)NC(C)=C(C(=O)OCCl)C1[C@H]1C[C@@H]1c1ccccc1Cl,0.6936368469679924
CCOC(=O)C1=C(C)NC(C)=C(C(=O)OCOC)C1[C@H]1C[C@@H]1c1ccccc1OCl,0.6741998624632421
CCOC(=O)OCC1C(C(=O)OC)=C(C)NC(C)=C1C(=O)OCCl,0.011325419304966744
CCOC(=O)OCCCOCC(=O)C1=C(C)NC(C)=C(C(=O)OC)C1[C@H]1C[C@@H]1c1ccccc1Cl,0.7071067811865476
CCOOC(=O)C1=C(C)NC(C)=C(c2ccccc2Cl)C1[C@H]1C[C@@H]1c1ccccc1Cl,0.21584910287653356
CCCOOC(=O)C1=C(C)NC(C)=C(C(=O)OCC)C1[C@H]1C[C@@H]1c1ccccc1Cl,0.723746864455746
CCCC(=O)C1=C(C)NC(COC(=O)OCCl)=C(C(=O)OCC)C1[C@H]1C[C@@H]1c1ccccc1Cl,0.7164316689560742
CCOOC(=O)C1=C(C)NC(C)=C(Cl)C1[C@H]1C[C@@H]1c1ccccc1Cl,0.6354889093022426
CCCCC(=O)C1=C(C)NC(COOC)=C(C(=O)OCl)C1[C@H]1C[C@@H]1c1ccccc1Cl,0.7038556983051976
CCOOC(=O)C1=C(C)NC(Cl)=C(C(=O)OCC)C1[C@H]1C[C@@H]1c1ccccc1Cl,0.7138735074334841
CCCC(=O)C1=C(C)NC(COC(=O)OCCl)=C(C(=O)OCC)C1[C@H]1C[C@@H]1c1ccccc1C(=O)OCCl,0.6580812002646271
CCOOC(=O)C1=C(C)NC(C)=C(c2ccccc2Cl)C1[C@H]1C[C@@H]1c1ccccc1Cl,0.21584910287653356
COC(=O)C1=C(C)NC(C)=C(C(=O)OCCl)C1[C@H]1C[C@@H]1c1ccccc1Cl,0.7141428428542851
CCCCOCCOC(=O)C1=C(C)NC(COC(=O)OCOC)=C(C(=O)OCC)C1[C@H]1C[C@@H]1c1ccccc1Cl,0.6987052142198116
COC(=O)C1=C(C)NC(C)=C(C(=O)OCCl)C1CCOCl,0.011370703049390852
CCOC(=O)OCC1=C(C(=O)OCC)C([C@H]2C[C@@H]2c2ccccc2Cl)C(C(=O)OC(=O)OCC)=C(C)N1,0.7011894655987543
CCOOC(=O)C1=C(C)NC(C)=C(C(=O)OCCOC(=O)OCC)C1[C@H]1C[C@@H]1c1ccccc1Cl,0.6798418006783489
CCOOC(=O)C1=C(C)NC(Cl)=C(C(=O)OCC(=O)OC)C1[C@H]1C[C@@H]1c1ccccc1Cl,0.6879057244377936
CCCCOC(=O)C1=C(C)NC(COC(=O)OC(=O)OOCC)=C(C(=O)OCC)C1[C@H]1C[C@@H]1c1ccccc1Cl,0.6846531968814576
COC(=O)C1=C(C)NC(C)=C(C(=O)[C@H]2C[C@@H]2c2ccccc2Cl)C1[C@H]1C[C@@H]1c1ccccc1Cl,0.011066638297265535
CCCCC(=O)C1=C(C)NC(COCCC(=O)CCOCl)=C(C(=O)OCC)C1[C@H]1C[C@@H]1c1ccccc1Cl,0.7158188976374374
CCOC(=O)C1=C(C)NC(C)=C(C(=O)OOCl)C1[C@H]1C[C@@H]1c1ccccc1Cl,0.7140055472954167
CCOOC(=O)C1=C(C)NC(C)=C(C(=O)OCC)C1[C@H]1C[C@@H]1c1ccccc1Cl,0.7138735074334841
CCOC(=O)C(=O)C1=C(C)NC(C)=C(C(=O)OC)C1[C@H]1C[C@@H]1c1ccccc1Cl,0.7071067811865476
COC(=O)C1=C(C)NC(C)=C(C(=O)OOCl)C1[C@H]1C[C@@H]1c1ccccc1Cl,0.6931032800836721
CCCC(=O)C1=C(C)NC(COC(=O)OCCl)=C(C(=O)CCOCl)C1[C@H]1C[C@@H]1c1ccccc1Cl,0.6618281717527744
CCOC(=O)OCC(=O)C1=C(COC(=O)OCC)NC(C)=C(C(=O)COC)C1[C@H]1C[C@@H]1c1ccccc1Cl,0.6666666666666666
CCOCC1=C(C(=O)OCC)C([C@H]2C[C@@H]2c2ccccc2Cl)C(C(=O)CC(=O)CCOCl)=C(C)N1,0.7347264857411618
CCOCC1=C(C(=O)OCC)C([C@H]2C[C@@H]2c2ccccc2Cl)C(C(=O)CC(=O)Cc2ccccc2Cl)=C(C)N1,0.2507434883236135
CCCCOC(=O)C1=C(C)NC(COC(=O)OC(=O)OCC)=C(C(=O)OCC)C1[C@H]1C[C@@H]1c1ccccc1Cl,0.6928203230275509
CCOC(=O)C1=C(C)NC(C)=C(C(=O)OCC)C1[C@H]1C[C@@H]1c1ccccc1Cl,0.7140055472954167
CCCC(=O)C1=C(C)NC(COC(=O)OCCl)=C(OC)C1[C@H]1C[C@@H]1c1ccccc1Cl,0.6844475644404533
CCOC(=O)OCC1=C(C(=O)OCC)C([C@H]2C[C@@H]2c2ccccc2Cl)C(C(=O)Oc2ccccc2Cl)=C(C)N1,0.24763642748309495
CCCCC(=O)C1=C(C)NC(COOC)=C(C(=O)OCC)C1[C@H]1C[C@@H]1C(=O)OCCl,0.21684851020660262
CCCC(=O)C1=C(C)NC(COC(=O)OCCl)=C(OCC)C1[C@H]1C[C@@H]1c1ccccc1Cl,0.6753816335059705
CCOC(=O)OCC1=C(C(=O)OCC)C([C@H]2C[C@@H]2c2ccccc2Cl)C(C(=O)OCC)=C(C)N1,0.7258000511750563
CCCCOC(=O)C1=C(C)NC(COC(=O)OCOC)=C(C(=O)OCC)C1[C@H]1C[C@@H]1c1ccccc1Cl,0.7159644139318705
CCCCOCc1ccccc1[C@H]1C[C@@H]1C1C(C(=O)COC)=C(C)NC(COC(=O)OCC)=C1C(=O)OCC,0.6647258571142536
CCOC(=O)OCC1=C(C(=O)OCC(=O)OCCl)C([C@H]2C[C@@H]2c2ccccc2Cl)C(C(=O)OCC)=C(C)N1,0.6925855880307988
CCOC(=O)OC(=O)C1=C(C)NC(C)=C(C(=O)OC)C1OC,0.010835678094419335
CCCCC(=O)C1=C(C)NC(COOC)=C(COC)C1[C@H]1C[C@@H]1c1ccccc1Cl,0.651750535912282
CCOC(=O)C1=C(C)NC(COC)=C(COCl)C1[C@H]1C[C@@H]1c1ccccc1Cl,0.7208382919471295
CCOC(=O)C1=C(C)NC(COCCl)=C(C(=O)OCC)C1[C@H]1C[C@@H]1c1ccccc1Cl,0.773329952663334
CCCC(=O)C1=C(C)NC(COC(=O)OCCl)=C(C(=O)OCC)C1[C@H]1C[C@@H]1c1ccccc1OC(=O)OCC,0.6420387375057796
CCCCC(=O)C1=C(C)NC(COOC)=C(C(=O)OC(=O)OC)C1[C@H]1C[C@@H]1c1ccccc1Cl,0.6885767430246847
CCOC(=O)OC(=O)C1=C(COCCl)NC(C)=C(C(=O)OCC)C1[C@H]1C[C@@H]1c1ccccc1Cl,0.7446780878644508
CCCCOOCC1=C(C(=O)OCC(=O)OC)C([C@H]2C[C@@H]2c2ccccc2Cl)C(C(=O)CCC)=C(C)N1,0.6894996998299374
COCOC(=O)C1=C(C)NC(C)=C(C(=O)OCOCl)C1[C@H]1C[C@@H]1c1ccccc1Cl,0.6741998624632421
CCCOOC(=O)C1=C(C)NC(C)=C(C(=O)OCC)C1[C@H]1C[C@@H]1Cl,0.21942682063281524
COC(=O)C1=C(C)NC(C)=C(C(=O)CCOCl)C1[C@H]1C[C@@H]1c1ccccc1Cl,0.6933752452815364
CCCCOOCC1=C(C(=O)OCC(=O)OCC)C([C@H]2C[C@@H]2c2ccccc2Cl)C(C(=O)CCC)=C(C)N1,0.681175454637056
CCOCC1=C(C(=O)OOC(=O)OCC)C([C@H]2C[C@@H]2c2ccccc2Cl)C(C(=O)CC(=O)CCOCl)=C(C)N1,0.6842908506285673
CCOCC1=C(C(=O)OCC)C([C@H]2C[C@@H]2c2ccccc2Cl)C(C(=O)C[C@H]2C[C@@H]2c2ccccc2Cl)=C(C)N1,0.012434922800275605
CCOC(=O)C1=C(C)NC(C)=C(C(=O)OOCl)C1[C@H]1C[C@@H]1c1ccccc1C,0.6729265849104531
CCOC(=O)OCC1=C(C(=O)OCC)C([C@H]2C[C@@H]2c2ccccc2OCOC)C(C(=O)COC)=C(C)N1,0.6546536707079771
CCOC(=O)OCC1=C(C(=O)OCC)C([C@H]2C[C@@H]2c2ccccc2Cl)C(OCC)=C(C)N1,0.7135060680126758
CCCC(=O)C1=C(C)NC(COC(=O)OCCl)=C(c2ccccc2Cl)C1[C@H]1C[C@@H]1c1ccccc1Cl,0.22672985117857228
CCCCC(=O)C1=C(C)NC(COOC)=C([C@H]2C[C@@H]2c2ccccc2Cl)C1[C@H]1C[C@@H]1c1ccccc1Cl,0.010806974260965496
CCOC(=O)C1=C(C)NC(CCl)=C(C(=O)OCC)C1[C@H]1C[C@@H]1c1ccccc1Cl,0.7343130710225101
COC(=O)COCOC(=O)C1=C(C)NC(OOCl)=C(C(=O)OC)C1[C@H]1C[C@@H]1c1ccccc1Cl,0.6793662204867574
CCCCC(=O)C1=C(C)NC(COOC)=C(C(=O)OCCOCl)C1[C@H]1C[C@@H]1c1ccccc1Cl,0.7040256912308268
CCCC(=O)C1=C(C)NC(COC(=O)OCCl)=C(C(=O)OCC)C1[C@H]1C[C@@H]1c1ccccc1CC,0.6708203932499369
CCOC(=O)C1=C(CCl)NC(C)=C(C(=O)C(=O)OCOC)C1[C@H]1C[C@@H]1c1ccccc1Cl,0.7167715590687931
CCOOC(=O)OCC1=C(C(=O)OCC)C([C@H]2C[C@@H]2c2ccccc2Cl)C(C(=O)CC)=C(OCOC)N1,0.66332495807108
CCOC(=O)OOC(=O)C1=C(COC)NC(C)=C(C(=O)OCC)C1[C@H]1C[C@@H]1c1ccccc1Cl,0.7258000511750563
CCCCC(=O)C1=C(C)NC(COCCC(=O)OCC)=C(C(=O)OCC)C1[C@H]1C[C@@H]1c1ccccc1Cl,0.7248611789946814
CCOC(=O)OOC(=O)OC(=O)C1=C(CCl)NC(C)=C(C(=O)C(=O)OCOC)C1[C@H]1C[C@@H]1c1ccccc1Cl,0.6445033866354897
CCOC(=O)C1=C(COOCC(=O)OC)NC(C)=C(C(=O)CC(=O)CCOCl)C1[C@H]1C[C@@H]1c1ccccc1Cl,0.7013811259728677
CCOC(=O)C1=C(C)NC(COCOCCl)=C(C(=O)OCC)C1[C@H]1C[C@@H]1c1ccccc1Cl,0.7515416254704824
CCOC(=O)C1=C(COCOCCl)NC(C)=C(C(=O)OCOCl)C1[C@H]1C[C@@H]1c1ccccc1Cl,0.7319250547113999
CCCCC(=O)C1=C(C)NC(COCCC(=O)OCC)=C(C(=O)CCOCl)C1[C@H]1C[C@@H]1c1ccccc1Cl,0.6897872509788096
CCOC(=O)C1=C(C)NC(C)=C(C(=O)c2ccccc2Cl)C1[C@H]1C[C@@H]1c1ccccc1Cl,0.23807326457253117
CCCCOC(=O)C1=C(C)NC(COC(=O)OC(=O)OCOC)=C(C(=O)OCC)C1[C@H]1C[C@@H]1c1ccccc1Cl,0.6930475890080863
CCOC(=O)C1=C(C)NC(C)=C(C(=O)COCl)C1[C@H]1C[C@@H]1c1ccccc1Cl,0.7036658518558089
CCOC(=O)C1=C(C)NC(CCCOCl)=C(C(=O)OCC)C1[C@H]1C[C@@H]1c1ccccc1Cl,0.73282810879294
CCCCOCCC(=O)C1=C(C)NC(COCC)=C(C(=O)OCC)C1[C@H]1C[C@@H]1c1ccccc1Cl,0.7314969031364696
CCOC(=O)C1=C(C)NC(CCCOCl)=C(C(=O)OCC)C1[C@H]1C[C@@H]1c1ccccc1C(=O)OC,0.6979824404521128
CCCCOOCC1=C(C(=O)OCC)C([C@H]2C[C@@H]2c2ccccc2Cl)C(C(=O)CCC)=C(Cl)N1,0.6856277926728686
CCCCOCCC(=O)[C@H]1C[C@@H]1C1C(C(=O)OCC)=C(C)NC(C)=C1C(=O)OOCCC,0.20123126435978297
CCOCC1=C(C(=O)OCC)C([C@H]2C[C@@H]2c2ccccc2Cl)C(C(=O)CC(=O)OOC(=O)OCC)=C(C)N1,0.7012868733182765
COCOC(=O)C(=O)C1=C(C)NC(CCl)=C(C(=O)Oc2ccccc2Cl)C1[C@H]1C[C@@H]1c1ccccc1Cl,0.22499243207957934
CCOC(=O)OCOC(=O)C1=C(CCCOCl)NC(C)=C(C(=O)OCC)C1[C@H]1C[C@@H]1c1ccccc1Cl,0.6894996998299374
CCOC(=O)OCC1=C(C(=O)OCC)C([C@H]2C[C@@H]2c2ccccc2Cl)C(C(=O)OCC(=O)OC)=C(C)N1,0.7189917611088272
CCCCOCC(=O)C1=C(C)NC(COC(=O)OCC)=C(C(=O)OCC)C1[C@H]1C[C@@H]1c1ccccc1Cl,0.7071067811865476
CCOC(=O)OCC1=C(C(=O)OCC)C([C@H]2C[C@@H]2c2ccccc2Cl)C(C(=O)OCC(=O)OC)=C(OCC)N1,0.667317390751957
CCCC(=O)C1=C(C)NC(COC(=O)OCCl)=C(CC)C1[C@H]1C[C@@H]1c1ccccc1Cl,0.6651901052377394
CCOC(=O)C1=C(COCCl)NC(C)=C(C(=O)C(=O)OC)C1[C@H]1C[C@@H]1c1ccccc1Cl,0.7658579904515338
COC(=O)COC(=O)OC(=O)C1=C(COCOCCl)NC(C)=C(C(=O)OCOCl)C1[C@H]1C[C@@H]1c1ccccc1Cl,0.6679474875720742
COCOC(=O)C1=C(C)NC(C)=C(C(=O)C(=O)OCC(=O)OC)C1[C@H]1C[C@@H]1c1ccccc1Cl,0.6454972243679028
CCCCC(=O)C1=C(C)NC(COCCC)=C(C(=O)OCC)C1[C@H]1C[C@@H]1c1ccccc1Cl,0.7515416254704824
CCOC(=O)C1=C(COCOCCl)NC(C)=C(C(=O)OCOCl)C1[C@H]1C[C@@H]1c1ccccc1Cl,0.7319250547113999
CCOC(=O)C1=C(CCl)NC(C)=C(C(=O)OCC(=O)OC)C1[C@H]1C[C@@H]1c1ccccc1Cl,0.7362445753731264
CCOC(=O)C1=C(C)NC(CCl)=C(OC)C1[C@H]1C[C@@H]1c1ccccc1Cl,0.7106690545187015
CCOC(=O)C1=C(C)NC(CCOCl)=C(C(=O)OCC)C1[C@H]1C[C@@H]1c1ccccc1Cl,0.7432233529572065
COCOC(=O)COC(=O)C1=C(C)NC(OOCl)=C(C(=O)OC)C1[C@H]1C[C@@H]1c1ccccc1Cl,0.6701884379582218
CCOC(=O)OCOC(=O)C1=C(COC(=O)OCC)NC(C)=C(C(=O)OCC)C1[C@H]1C[C@@H]1c1ccccc1Cl,0.6842908506285673
CCCCOCC1=C(COC(=O)OCC)NC(C)=C(C(=O)OC)C1[C@H]1C[C@@H]1c1ccccc1Cl,0.7413160928710165
CCOC(=O)COC(=O)C1=C(COCOCCl)NC(C)=C(C(=O)OCC)C1[C@H]1C[C@@H]1c1ccccc1Cl,0.7159644139318705
CCCCOCC1=C(COC(=O)OCC)NC(C(=O)OCOC)=C(C(=O)OC)C1[C@H]1C[C@@H]1c1ccccc1Cl,0.673145600891813
CCCC1=C(C(=O)OC(=O)OCC)C([C@H]2C[C@@H]2c2ccccc2Cl)C(C(=O)OCC)=C(C)N1,0.7165985720844785
CCOC(=O)C1=C(COCCOC)NC(C)=C(C(=O)C(=O)OC)C1[C@H]1C[C@@H]1c1ccccc1Cl,0.7733891912365308
CCOC(=O)C1=C(CCOCl)NC(C)=C(COC)C1[C@H]1C[C@@H]1c1ccccc1Cl,0.7205766921228922
CCCOOC(=O)C1=C(C)NC(C)=C(C(=O)C(=O)OCOC)C1[C@H]1C[C@@H]1c1ccccc1Cl,0.6602252917735247
CCOC(=O)C1=C(C)NC(OOCl)=C(C(=O)OC)C1[C@H]1C[C@@H]1c1ccccc1Cl,0.7446176505727987
CCOC(=O)C1=C(C)NC(COCCl)=C(C(=O)OC(=O)Oc2ccccc2Cl)C1[C@H]1C[C@@H]1c1ccccc1Cl,0.2507434883236135
CCCCOCC1=C(COC(=O)OC)NC(C)=C(C(=O)OC)C1[C@H]1C[C@@H]1c1ccccc1Cl,0.7323685113135575
CCOC(=O)OOC(=O)OC(=O)C1=C(CCl)NC(C)=C(C(=O)OCC(=O)OC)C1[C@H]1C[C@@H]1c1ccccc1Cl,0.6699394731151429
CCOC(=O)C1=C(C)NC(CCl)=C(COC)C1[C@H]1C[C@@H]1c1ccccc1Cl,0.7211102550927979
CCOC(=O)C1=C(CCOCl)NC(C)=C(C(=O)OC[C@H]2C[C@@H]2c2ccccc2Cl)C1[C@H]1C[C@@H]1c1ccccc1Cl,0.011990400229871603
COCOC(=O)C1=C(C)NC(C)=C(C(=O)[C@H]2C[C@@H]2c2ccccc2Cl)C1[C@H]1C[C@@H]1c1ccccc1Cl,0.010970725623123005
CCCCOCC1=C(COC(=O)OC)NC(C)=C(C(=O)OC)C1C(=O)OCC,0.011266401606205146
CCCOCC1=C(C(=O)OCC)C([C@H]2C[C@@H]2c2ccccc2Cl)C(C(=O)CCCl)=C(C)N1,0.7622023228463563
CCOC(=O)C1=C(C)NC(COCCl)=C(C(=O)OC(=O)OC(=O)OCOC)C1[C@H]1C[C@@H]1c1ccccc1Cl,0.7187952884282609
CCOC(=O)OCc1ccccc1[C@H]1C[C@@H]1C1C(C(=O)OCC)=C(C)NC(CCCOCl)=C1C(=O)OCC,0.6555055301063447
CCCOOC(=O)C1=C(C)NC(C)=C(C(=O)OCC)C1[C@H]1C[C@@H]1c1ccccc1C(=O)OCC,0.6519202405202649
CCCCOCCC(=O)C1=C(COCl)NC(COCC)=C(C(=O)OCC)C1[C@H]1C[C@@H]1c1ccccc1Cl,0.6779951469994743
CCOCC1=C(C(=O)OCC)C([C@H]2C[C@@H]2c2ccccc2Cl)C(C(=O)CCC(=O)OOC(=O)OCC)=C(C)N1,0.6928203230275509
CCOC(=O)C1=C(COCOCCl)NC(C)=C(C(=O)OCOCl)C1[C@H]1C[C@@H]1c1ccccc1OC,0.7040784727049221
CCOC(=O)C1=C(C(=O)OCOC)NC(OOCl)=C(C(=O)OC)C1[C@H]1C[C@@H]1c1ccccc1Cl,0.6793662204867574
CCCCOCC1=C(COC(=O)OC)NC(C)=C(C(=O)OC)C1OCCCC,0.010849248141182481
CCOC(=O)C1=C(C)NC(COC)=C(C(=O)OC(=O)OC)C1[C@H]1C[C@@H]1c1ccccc1Cl,0.7460588271610394
CCCCOCCC(=O)C1=C(CC)NC(COCC)=C(C(=O)OCC)C1[C@H]1C[C@@H]1c1ccccc1Cl,0.6863485850246136
CCCCOCC1=C(COC(=O)OCOC)NC(C)=C(C(=O)OC)C1[C@H]1C[C@@H]1c1ccccc1Cl,0.7131764786188426
CCOC(=O)C1=C(c2ccccc2Cl)NC(C)=C(C(=O)OCOCl)C1[C@H]1C[C@@H]1c1ccccc1Cl,0.2391963973187625
CCCCC(=O)C1=C(C)NC(COOC)=C(c2ccccc2Cl)C1[C@H]1C[C@@H]1c1ccccc1Cl,0.22468246221357716
CCOC(=O)OOC(=O)C(=O)C1=C(COCCl)NC(C)=C(C(=O)C(=O)OC)C1[C@H]1C[C@@H]1c1ccccc1Cl,0.6866911354074366
CCOC(=O)C1=C(C)NC(CCCOCl)=C(C(=O)OC(=O)OCOC)C1[C@H]1C[C@@H]1c1ccccc1Cl,0.7071067811865476
CCOC(=O)OCC1=C(C(=O)OCC)C([C@H]2C[C@@H]2c2ccccc2Cl)C(C(=O)COC)=C(C)N1,0.7258000511750563
CCCOC1C(C(=O)C(=O)OC)=C(C)NC(COCCOC)=C1C(=O)OCC,0.011822694065202732
CCOC(=O)C1=C(CCl)NC(c2ccccc2Cl)=C(C(=O)OCC(=O)OC)C1[C@H]1C[C@@H]1c1ccccc1Cl,0.2348939206001865
CCOC(=O)C1=C(OCC)NC(OOCl)=C(C(=O)OC)C1[C@H]1C[C@@H]1c1ccccc1Cl,0.7038556983051976
CCOC(=O)OCC1=C(C(=O)OCC)C([C@H]2C[C@@H]2c2ccccc2Cl)C(C(=O)OC(=O)OC)=C(COC)N1,0.6752777206453653
CCCCOCC1=C(COC(=O)C(=O)OOC(=O)OCC)NC(C)=C(C(=O)OC)C1[C@H]1C[C@@H]1c1ccccc1Cl,0.6930475890080863
CCCOC1=C(COC(=O)OCC)NC(C)=C(C(=O)OC)C1[C@H]1C[C@@H]1c1ccccc1Cl,0.7425643872142527
CCCCC(=O)C1=C(C)NC(COOC)=C(COC(=O)OCC)C1[C@H]1C[C@@H]1c1ccccc1Cl,0.676481425202546
CCCCOCCC(=O)C1C(C(=O)C(=O)OC)=C(C)NC(COCCOC)=C1C(=O)OCC,0.011123678133151058
CCOCC1=C(C(=O)OCC)C([C@H]2C[C@@H]2c2ccccc2Cl)C(C(=O)CCC(=O)OC)=C(C)N1,0.7541931711766829
CCOC(=O)C1=C(C)NC(CCCOCl)=C(C(=O)OCC)C1[C@H]1C[C@@H]1c1ccccc1CC,0.6852482888641929
CCOOC(=O)C1=C(CCCOCl)NC(C)=C(C(=O)OCC)C1[C@H]1C[C@@H]1c1ccccc1Cl,0.7228571937267572
CCOC(=O)OCC1=C(c2ccccc2Cl)C([C@H]2C[C@@H]2c2ccccc2Cl)C(C(=O)OC)=C(C)N1,0.25236321465567674
CCCCOCCC(=O)C1=C(C)NC(COCC)=C(C(=O)OCC(=O)OC)C1[C@H]1C[C@@H]1c1ccccc1Cl,0.7071067811865476
CCCCOCC1=C(C(=O)OCC)C([C@H]2C[C@@H]2c2ccccc2Cl)C(C(=O)CCCC)=C(C)N1,0.7413160928710165
COOC(=O)C1=C(COCOCCl)NC(C)=C(C(=O)OCOCl)C1[C@H]1C[C@@H]1c1ccccc1Cl,0.7040256912308268
CCCOCC1=C(C(=O)OCC)C([C@H]2C[C@@H]2c2ccccc2Cl)C(C(=O)CCOCC)=C(C)N1,0.7507571935295483
CCOCC1=C(C(=O)OCC)C([C@H]2C[C@@H]2c2ccccc2Cl)C(C(=O)CCOC(=O)OCC)=C(C)N1,0.725163477407348
CCOC(=O)C1=C(COCOCCl)NC(OCC)=C(C(=O)OCOCl)C1[C@H]1C[C@@H]1c1ccccc1Cl,0.6775074858941581
CCOC(=O)OCC1=C(C(=O)OCC)C([C@H]2C[C@@H]2[C@H]2C[C@@H]2c2ccccc2Cl)C(C(=O)COC)=C(C)N1,0.256885055025664
CCOC(=O)C1=C(COCCl)NC(C)=C(C(=O)COCOCCl)C1[C@H]1C[C@@H]1c1ccccc1Cl,0.7225814098115934
CCOC(=O)C1=C(C)NC(CCCOC(=O)OC)=C(C(=O)OCC)C1[C@H]1C[C@@H]1c1ccccc1Cl,0.7254762501100117
CCOC(=O)C1=C(CC(=O)OC)NC(OOCl)=C(C(=O)OC)C1[C@H]1C[C@@H]1c1ccccc1Cl,0.6976572680885752
COC(=O)C(=O)C1=C(C)NC(COCCl)=C(C(=O)[C@H]2C[C@@H]2c2ccccc2Cl)C1[C@H]1C[C@@H]1c1ccccc1Cl,0.011257456466560482
CCOC(=O)C1=C(COCOCCl)NC(C)=C(C(=O)OCl)C1[C@H]1C[C@@H]1c1ccccc1Cl,0.7523547938632787
CCCCOCC1=C(COC(=O)c2ccccc2Cl)NC(C)=C(C(=O)OC)C1[C@H]1C[C@@H]1c1ccccc1Cl,0.2559000087325687
CCOC(=O)C1=C(CCl)NC(C)=C(C(=O)OCOCOCCl)C1[C@H]1C[C@@H]1c1ccccc1Cl,0.7133922984085064
CCOC(=O)CC1=C(C(=O)OCC)C([C@H]2C[C@@H]2c2ccccc2Cl)C(C(=O)CCC(=O)OC)=C(C)N1,0.7010887416930994
CCOC(=O)OCC1=C([C@H]2C[C@@H]2c2ccccc2Cl)C([C@H]2C[C@@H]2c2ccccc2Cl)C(C(=O)OC)=C(C)N1,0.012114656400713512
CCOC(=O)C1=C(COCCOC)NC(C)=C(C(=O)C(=O)OC)C1[C@H]1C[C@@H]1c1ccccc1COCOCCl,0.6900655593423541
CCOC(=O)C1=C(COCCC(=O)OCOCl)NC(C)=C(C(=O)CCCl)C1[C@H]1C[C@@H]1c1ccccc1Cl,0.7159644139318705
CCOC(=O)COCC1=C(C(=O)OCC)C([C@H]2C[C@@H]2c2ccccc2Cl)C(C(=O)OCC)=C(C)N1,0.7347264857411618
CCCOC1=C(C)NC(COCOCCl)=C(C(=O)OCC)C1[C@H]1C[C@@H]1c1ccccc1Cl,0.7102848052045775
CCCCC(=O)C1=C(C)NC(COOC)=C(CCOCC)C1[C@H]1C[C@@H]1c1ccccc1Cl,0.6630649835527384
CCCCOCC1=C(C(=O)OCC)C([C@H]2C[C@@H]2CCOCC)C(C(=O)CCCC)=C(C)N1,0.21751398757329451
CCOC(=O)C(=O)C1=C(COCOCCl)NC(C)=C(C(=O)OCl)C1[C@H]1C[C@@H]1c1ccccc1Cl,0.7071067811865476
CC1=C(C(=O)OCl)C([C@H]2C[C@@H]2c2ccccc2Cl)C(C(=O)COCOCCl)=C(COCOCCl)N1,0.650203220264462
CCOC(=O)C1=C(C(=O)OCOCl)NC(OOCl)=C(C(=O)OC)C1[C@H]1C[C@@H]1c1ccccc1Cl,0.6701884379582218
CCOCCCCOCC1=C(C(=O)OCC)C([C@H]2C[C@@H]2c2ccccc2Cl)C(C(=O)CCCl)=C(C)N1,0.7310832774866962
CCOC(=O)C1=C(C)NC(OOCl)=C(C(=O)OC)C1[C@H]1C[C@@H]1c1ccccc1Cl,0.7446176505727987
CCOCC1=C(C(=O)OCC)C([C@H]2C[C@@H]2c2ccccc2Cl)C(C(=O)CC(=O)COCCl)=C(C)N1,0.7254762501100117
CCCCC(=O)C1=C(C)NC(CCOCl)=C(C(=O)OCC)C1[C@H]1C[C@@H]1c1ccccc1Cl,0.7135060680126758
CCCCOCC1=C(COOCCC)NC(C)=C(C(=O)OC)C1[C@H]1C[C@@H]1c1ccccc1Cl,0.6915640748081247
CCOC(=O)C1=C(C)NC(CCl)=C(Cl)C1[C@H]1C[C@@H]1c1ccccc1Cl,0.6890192121758831
CCOC(=O)C1=C(C)NC(CCCOCl)=C(C(=O)OCC)C1[C@H]1C[C@@H]1c1ccccc1CC(=O)OC,0.6803013430498075
CCCCOCCCC(=O)C1=C(C)NC(COCCCC)=C(C(=O)OCC)C1[C@H]1C[C@@H]1c1ccccc1Cl,0.7128791772183246
COC1=C(COCOCCl)NC(C)=C(C(=O)OCl)C1[C@H]1C[C@@H]1c1ccccc1Cl,0.6605782590758164
CCOC(=O)OC(=O)C1=C(COCOCCl)NC(C)=C(C(=O)OCOCl)C1[C@H]1C[C@@H]1c1ccccc1Cl,0.6982859770789643
CCCCOCC1=C(COCOCOCCl)NC(C)=C(C(=O)OC)C1[C@H]1C[C@@H]1c1ccccc1Cl,0.6831300510639732
CCOC(=O)C1=C(C)NC(OOCl)=C(C(=O)CC)C1[C@H]1C[C@@H]1c1ccccc1Cl,0.7037315505489968
CCOCC1=C(C(=O)OCC)C([C@H]2C[C@@H]2c2ccccc2Cl)C(C(=O)CC(=O)CCl)=C(C)N1,0.7357203297923233
CC1=C(C(=O)OCl)C([C@H]2C[C@@H]2c2ccccc2Cl)C(C)=C(COCOCCl)N1,0.6596856715021066
CCOC(=O)C1=C(COCOC)NC(C)=C(C(=O)C(=O)OC)C1[C@H]1C[C@@H]1c1ccccc1Cl,0.7550453350256031
CCOC(=O)C1=C(C)NC(COC)=C(CC(=O)OC)C1[C@H]1C[C@@H]1c1ccccc1Cl,0.7439072914365252
CCOCC1=C(C(=O)OCC)C([C@H]2C[C@@H]2c2ccccc2Cl)C(C(=O)CC(=O)CCl)=C(OCC)N1,0.6888949638271721
CCCCOOCCC(=O)C1=C(C)NC(COCCC)=C(C(=O)OCC)C1[C@H]1C[C@@H]1c1ccccc1Cl,0.7218091183694929
CCCCOCC1=C(C(=O)OCC)C([C@H]2C[C@@H]2OCCl)C(C(=O)CCCC)=C(C)N1,0.22657023845116686
CCCCOOCCOCC1=C(C(=O)OCC)C([C@H]2C[C@@H]2c2ccccc2Cl)C(C(=O)C(=O)OC)=C(C)N1,0.7333587976225691
CCCCOOCCOCC1=C(C(=O)OCC)C([C@H]2C[C@@H]2c2ccccc2OC)C(C(=O)C(=O)OC)=C(C)N1,0.6815914679145112
CCOCCOCCOCC1=C(C(=O)OCC)C([C@H]2C[C@@H]2c2ccccc2Cl)C(C(=O)C(=O)OC)=C(C)N1,0.7333587976225691
CC1=C(C(=O)OCl)C([C@H]2C[C@@H]2c2ccccc2Cl)C(CCl)=C(COCOCCl)N1,0.6507099380088055
CCOCCOCC1=C(C(=O)OC(=O)OC)C([C@H]2C[C@@H]2c2ccccc2Cl)C(C(=O)OCC)=C(C)N1,0.7618117502750551
CCCOOC(=O)C1=C(C)NC(CCl)=C(C(=O)OCC)C1[C@H]1C[C@@H]1c1ccccc1Cl,0.7432233529572065
CCOC(=O)C1=C(COCOCCl)NC(C)=C(C(=O)OOC(=O)OC)C1[C@H]1C[C@@H]1c1ccccc1Cl,0.7433919416750282
CCOC(=O)C1=C(C)NC(COC)=C(C(=O)OC(=O)OC)C1[C@H]1C[C@@H]1c1ccccc1OCCl,0.6978227007909176
COC(=O)CC(=O)C1=C(C)NC(OOCl)=C(C(=O)OC)C1[C@H]1C[C@@H]1c1ccccc1Cl,0.6585046078685182
CCCOC(=O)OC(=O)C1=C(COCCOCC)NC(C)=C(C(=O)OCC)C1[C@H]1C[C@@H]1c1ccccc1Cl,0.724568837309472
CCOC(=O)C1=C(COC)NC(C)=C(C(=O)OC(=O)OC)C1[C@H]1C[C@@H]1c1ccccc1Cl,0.7460588271610394
CCCCC(=O)C1=C(C)NC(COOC)=C(C(=O)OCC)C1[C@H]1C[C@@H]1OOCCC,0.21593545979252163
CCOC(=O)C1=C(COCOC)NC(C)=C(C(=O)C(=O)C(=O)OC)C1[C@H]1C[C@@H]1c1ccccc1Cl,0.7379992257061366
CCCOOOC(=O)OCC1=C(OCCC)C([C@H]2C[C@@H]2c2ccccc2Cl)C(C(=O)OC)=C(C)N1,0.6950185950444974
CCOC(=O)C1=C(C)NC(COCOCCl)=C(C(=O)OCCOCOC)C1[C@H]1C[C@@H]1c1ccccc1Cl,0.7306834506711821
CCOC(=O)C1=C(C)NC(OOCl)=C(C(=O)COCOC)C1[C@H]1C[C@@H]1c1ccccc1Cl,0.7039144092114434
CCCOc1ccccc1[C@H]1C[C@@H]1C1C(C(=O)OC(=O)OC)=C(C)NC(COC)=C1C(=O)OCC,0.6979824404521128
CCOCC1=C(C(=O)OCC)C([C@H]2C[C@@H]2c2ccccc2Cl)C(C(=O)CCC(=O)OC)=C(C)N1,0.7541931711766829
CCOC(=O)C1=C(C)NC(COC)=C(C(=O)Oc2ccccc2Cl)C1[C@H]1C[C@@H]1c1ccccc1Cl,0.2590159950795293
CCOC(=O)C1=C(C)NC(COCOC(=O)OC)=C(C(=O)OCC)C1[C@H]1C[C@@H]1c1ccccc1Cl,0.753370803500884
CCOC(=O)C1=C(COCOC(=O)OC)NC(C)=C(C(=O)OCCCC(=O)OC)C1[C@H]1C[C@@H]1c1ccccc1Cl,0.7184212081070996
CCCCC(=O)C1=C(C)NC(COOC)=C(C(=O)OCC)C1[C@H]1C[C@@H]1C(=O)OC,0.21965875931823692
CCOC(=O)C1=C(C)NC(COC(=O)OC(=O)OC)=C(C(=O)OC(=O)OC)C1[C@H]1C[C@@H]1c1ccccc1Cl,0.6954182607446033
CCOC(=O)C1=C(C)NC(COC)=C(C(=O)OC(=O)OC)C1[C@H]1C[C@@H]1c1ccccc1-c1ccccc1Cl,0.2505904455915834
CCOC(=O)C1=C(C)NC(COCCCOCOC)=C(C(=O)OC(=O)OC)C1[C@H]1C[C@@H]1c1ccccc1Cl,0.7421909846037734
CCOC(=O)C1=C(C)NC(COC)=C(C(=O)Oc2ccccc2Cl)C1[C@H]1C[C@@H]1c1ccccc1Cl,0.2590159950795293
CCOC(=O)C1=C(COCOCCl)NC(C)=C(C(=O)OCl)C1[C@H]1C[C@@H]1c1ccccc1Cl,0.7523547938632787
CCCCC(=O)C1=C(C)NC(COOC)=C(Cl)C1[C@H]1C[C@@H]1c1ccccc1Cl,0.6596856715021066
CCOC(=O)C1=C(C)NC(COC)=C(OCOCCl)C1[C@H]1C[C@@H]1c1ccccc1Cl,0.7203248742951349
CCOC(=O)C1=C(C)NC(OOCl)=C(C(=O)OC)C1[C@H]1C[C@@H]1c1ccccc1C(=O)OCC,0.6788737476271941
COC(=O)C1=C(COCOCCl)NC(C)=C(C(=O)OCl)C1[C@H]1C[C@@H]1c1ccccc1Cl,0.733304745011652
CCCOC1=C(COC(=O)OCCC(=O)OC)NC(C)=C(C(=O)OC)C1[C@H]1C[C@@H]1c1ccccc1Cl,0.689202437604511
CCOC(=O)C1=C(COCCOC)NC(C)=C(C(=O)C(=O)OC)C1COCCl,0.012009062342689896
CCOC(=O)C1=C(COCCl)NC(C)=C(C(=O)OCOCCl)C1[C@H]1C[C@@H]1c1ccccc1Cl,0.7419290502442469
CCOC(=O)C1=C(COCOC(=O)OC(=O)OC)NC(C)=C(C(=O)OCl)C1[C@H]1C[C@@H]1c1ccccc1Cl,0.7279522854655586
CCOCC1=C(CC)C([C@H]2C[C@@H]2c2ccccc2Cl)C(C(=O)CCC(=O)OC)=C(C)N1,0.7038556983051976
CCOCCCCC(=O)C1=C(C)NC(COCC)=C(C(=O)OCC)C1[C@H]1C[C@@H]1c1ccccc1Cl,0.7314969031364696
CCOC(=O)C1=C(C)NC(COC)=C(C(=O)OOC(=O)OC)C1[C@H]1C[C@@H]1c1ccccc1Cl,0.7357203297923233
CCOCC1=C(C(=O)OCC)C([C@H]2C[C@@H]2c2ccccc2Cl)C(C(=O)CCC(=O)OCOCCl)=C(C)N1,0.7071067811865476
CCOC(=O)C1=C(C)NC(COC)=C(OCCl)C1[C@H]1C[C@@H]1c1ccccc1Cl,0.7208382919471295
CCCCC(=O)C1=C(C)NC(COOC)=C(C(=O)OCC)C1[C@H]1C[C@@H]1OCCl,0.22159411617817984
CCCOO[C@H]1C[C@@H]1C1C(C(=O)OC(=O)OC)=C(C)NC(COC)=C1C(=O)OCC,0.22398077925491935
CCOC(=O)C1=C(COCOC(=O)OC)NC(C)=C(C(=O)OCl)C1[C@H]1C[C@@H]1c1ccccc1Cl,0.7541931711766829
CCOC(=O)C1=C(CCOCl)NC(C)=C(C)C1[C@H]1C[C@@H]1c1ccccc1Cl,0.7001400420140048
CCOC(=O)C1=C(COCOC)NC(C)=C(C(=O)C(=O)OC)C1[C@H]1C[C@@H]1c1ccccc1OC,0.6978227007909176
CCCOOc1ccccc1[C@H]1C[C@@H]1C1C(C(=O)OC(=O)OC)=C(C)NC(COC)=C1C(=O)OCC,0.689202437604511
CC1=C(C(=O)OCl)C([C@H]2C[C@@H]2c2ccccc2Cl)C(C(=O)COCCl)=C(COCOCCl)N1,0.6666666666666666
CCCOOC(=O)OCOCC1=C(C(=O)OCC)C([C@H]2C[C@@H]2c2ccccc2Cl)C(C(=O)OCC)=C(C)N1,0.7158188976374374
CCOC(=O)C1=C(COCOC(=O)OC)NC(C)=C(C(=O)OCl)C1[C@H]1C[C@@H]1C(=O)OCC,0.22622380057504615
COC(=O)C1=C(COCOCCl)NC(C)=C(C(=O)OCl)C1[C@H]1C[C@@H]1c1ccccc1Cl,0.733304745011652
CCCOc1ccccc1[C@H]1C[C@@H]1C1C(C(=O)OCC)=C(C)NC(COC)=C1C(=O)OC(=O)OC,0.6979824404521128
CCCOOC(=O)C1=C(C)NC(CCl)=C(OCC)C1[C@H]1C[C@@H]1c1ccccc1Cl,0.670478399654806
CCCCC(=O)C1=C(C)NC(COOC)=C(CCC(=O)OC)C1[C@H]1C[C@@H]1c1ccccc1Cl,0.6666666666666666
COC(=O)OOC(=O)C1=C(C)NC(COCOCCl)=C(C(=O)OC(=O)OC)C1[C@H]1C[C@@H]1c1ccccc1Cl,0.6666666666666666
CCOCOC(=O)C1=C(COCOCCl)NC(C)=C(C(=O)OOC(=O)OC)C1[C@H]1C[C@@H]1c1ccccc1Cl,0.7071067811865476
CCOC(=O)C1=C(C)NC(COCCCOCOC)=C(C(=O)OC(=O)OC)C1[C@H]1C[C@@H]1c1ccccc1Cl,0.7421909846037734
COC(=O)C(=O)C1=C(C)NC(COCCl)=C(C(=O)OCCl)C1[C@H]1C[C@@H]1c1ccccc1Cl,0.7167715590687931
CCOC[C@H]1C[C@@H]1C1C(C(=O)OCl)=C(C)NC(COCOC(=O)OC)=C1C(=O)OCC,0.22814914423263088
CCOC(=O)OC(=O)C1=C(CC(=O)OC)NC(C)=C(C(=O)OCC)C1[C@H]1C[C@@H]1c1ccccc1Cl,0.7101745039685363
CCOC(=O)C1=C(COC)NC(C)=C(C(=O)OC(=O)OC)C1[C@H]1C[C@@H]1OCC,0.22258117726022056
CCOC(=O)C1=C(COC)NC(C)=C(C(=O)OC(=O)OC)C1[C@H]1C[C@@H]1c1ccccc1CC,0.6976572680885752
CCOCCc1ccccc1[C@H]1C[C@@H]1C1C(C(=O)OCC)=C(C)NC(COC)=C1C(=O)OC(=O)OC,0.6981367759853317
CCOC(=O)COCC1=C(C(=O)OCC)C([C@H]2C[C@@H]2c2ccccc2Cl)C(C(=O)C(=O)OC)=C(C)N1,0.7374684055082003
CCCOCC1=C(C(=O)OCC)C([C@H]2C[C@@H]2c2ccccc2Cl)C(C(=O)CCCl)=C(C)N1,0.7622023228463563
CCOC(=O)C1=C(COCOC(=O)OC)NC(C)=C(C(=O)OCl)C1[C@H]1C[C@@H]1CC,0.23423418914879685
CCOC(=O)C1=C(COCOC)NC(C)=C(C(=O)C(=O)OC)C1[C@H]1C[C@@H]1c1ccccc1OCOCCl,0.6894996998299374
CCCOOC(=O)C1=C(C)NC(CCl)=C(C(=O)OCC)C1OOCCC,0.011146542860531735
CCOCC1=C(COC(=O)OC)C([C@H]2C[C@@H]2c2ccccc2Cl)C(C(=O)CCC(=O)OC)=C(C)N1,0.6888949638271721
COC(=O)C1=C(OOCl)NC(C)=C(C(=O)Cl)C1[C@H]1C[C@@H]1c1ccccc1Cl,0.6722522420364822
CCCOCC1=C(C(=O)OCCOCCl)C([C@H]2C[C@@H]2c2ccccc2Cl)C(C(=O)CCCl)=C(C)N1,0.7040784727049221
CCOC(=O)C1=C(CCOCl)NC(C)=C(CCC(=O)OC)C1[C@H]1C[C@@H]1c1ccccc1Cl,0.7231429871170112
CCOC(=O)C1=C(COCOC)NC(C)=C(C(=O)C(=O)OC)C1[C@H]1C[C@@H]1c1ccccc1C(=O)CCCl,0.6923430096239916
CCOC(=O)C1=C(C)NC(COCOC(=O)OC)=C(C(=O)OC)C1[C@H]1C[C@@H]1c1ccccc1Cl,0.7733891912365308
CCCOOC(=O)C1=C(C)NC(COC)=C(C(=O)OCC)C1[C@H]1C[C@@H]1c1ccccc1Cl,0.7622023228463563
CCOC(=O)C1=C(COCCl)NC(C)=C(C(=O)CCC(=O)OC)C1[C@H]1C[C@@H]1c1ccccc1Cl,0.7541931711766829
CC1=C(C(=O)OCl)C([C@H]2C[C@@H]2c2ccccc2Cl)C(C(=O)COCCl)=C(COCOCCl)N1,0.6666666666666666
COC(=O)OCOCOC(=O)C1=C(C)NC(OOCl)=C(C(=O)OC)C1[C@H]1C[C@@H]1c1ccccc1Cl,0.6708203932499369
CCCOOC(=O)C1=C(C(=O)OCl)C([C@H]2C[C@@H]2c2ccccc2Cl)C(C(=O)OCC)=C(COCOC(=O)OC)N1,0.6846531968814576
CCOC(=O)C1=C(COCCOC)NC(C)=C(C(=O)C(=O)OC)C1[C@H]1C[C@@H]1c1ccccc1COCCl,0.7071067811865476
CCOC(=O)C1=C(COCOC)NC(C)=C(C(=O)C(=O)OC)C1[C@H]1C[C@@H]1c1ccccc1C(=O)OC,0.7010887416930994
CCOC(=O)C1=C(COCCOC)NC(C)=C(C(=O)C(=O)OC)C1OCCl,0.012181038576535012
CCOC(=O)C1=C(COCCOC)NC(C)=C(C(=O)C(=O)OC)C1COCCl,0.012009062342689896
CCOC(=O)C1=C(COC)NC(C)=C(C(=O)OOC)C1[C@H]1C[C@@H]1c1ccccc1Cl,0.7540739028638984
CCOCOC(=O)C1=C(C)NC(COCOC(=O)OC)=C(C(=O)OCC)C1[C@H]1C[C@@H]1c1ccccc1Cl,0.7337993857053429
CCOCC1=C(COC(=O)OCC)NC(C)=C(C(=O)OC)C1[C@H]1C[C@@H]1c1ccccc1Cl,0.7425643872142527
CC1=C(C(=O)OCl)C([C@H]2C[C@@H]2c2ccccc2Cl)C(C(=O)OCOCCl)=C(COCOCCl)N1,0.6856277926728686
CCOC(=O)C(=O)CCC(=O)C1=C(C)NC(COCCl)=C(C(=O)OCC)C1[C@H]1C[C@@H]1c1ccccc1Cl,0.7100716024967263
CCCOCC1=C(C(=O)OCC)C([C@H]2C[C@@H]2c2ccccc2Cl)C(OC(=O)OC)=C(C)N1,0.7721099961494128
CCOCC1=C(C(=O)OCC)C([C@H]2C[C@@H]2c2ccccc2Cl)C(C(=O)CCOCOC(=O)OC)=C(C)N1,0.7337993857053429
CCCOCC1=C(C(=O)OCOOC)C([C@H]2C[C@@H]2c2ccccc2Cl)C(C(=O)CCCl)=C(C)N1,0.7319250547113999
CCOC(=O)C1=C(C)NC(COCOCCl)=C(C(=O)OCOCCl)C1[C@H]1C[C@@H]1c1ccccc1Cl,0.7223151185146153
CCOCC1=C(C(=O)OCC)C([C@H]2C[C@@H]2c2ccccc2Cl)C(C(=O)CCOC)=C(C)N1,0.7721099961494128
CCOC(=O)C1=C(COCCl)NC(C)=C(C(=O)CCOC)C1[C@H]1C[C@@H]1c1ccccc1Cl,0.7721099961494128
CCCOOC(=O)c1ccccc1[C@H]1C[C@@H]1C1C(C(=O)C(=O)OC)=C(C)NC(COCOC)=C1C(=O)OCC,0.6842908506285673
CCCC1=C(C(=O)OC(=O)OCC)C([C@H]2C[C@@H]2c2ccccc2Cl)C(C(=O)OCC)=C(C)N1,0.7165985720844785
CCOC(=O)C1=C(COC)NC(C)=C(OCOCCl)C1[C@H]1C[C@@H]1c1ccccc1Cl,0.7203248742951349
CCOC(=O)C1=C(COCOC)NC(C)=C(C(=O)C(=O)OC)C1[C@H]1C[C@@H]1c1ccccc1CC,0.7071067811865476
CCOC(=O)C1=C(OCOC(=O)OC)NC(C)=C(C(=O)CCCl)C1[C@H]1C[C@@H]1c1ccccc1Cl,0.6978227007909176
CCOCOC(=O)C1=C(C)NC(COCOC(=O)OC)=C(C(=O)OC)C1[C@H]1C[C@@H]1c1ccccc1Cl,0.7433919416750282
CCOCC1=C(C(=O)OCC)C([C@H]2C[C@@H]2c2ccccc2C(=O)OC)C(C(=O)CCC(=O)OC)=C(C)N1,0.7011894655987543
CCOC(=O)C1=C(C)NC(COC(=O)OC)=C(C(=O)OC(=O)OC)C1[C@H]1C[C@@H]1c1ccccc1Cl,0.71940521241448
CCOC(=O)C(=O)C1=C(COCCl)NC(C)=C(C(=O)C(=O)OC)C1[C@H]1C[C@@H]1c1ccccc1Cl,0.7196229171289246
CCCOCC1=C(C(=O)OCC)C([C@H]2C[C@@H]2c2ccccc2Cl)C(C(=O)CCOC(=O)OOCCC)=C(C)N1,0.7071067811865476
CCOC(=O)C1=C(C(=O)OC)NC(C)=C(C(=O)CCCl)C1[C@H]1C[C@@H]1c1ccccc1Cl,0.7268437843116311
CCOCCC1=C(COCCl)NC(C)=C(C(=O)CCOC)C1[C@H]1C[C@@H]1c1ccccc1Cl,0.6724387801454332
CCCOCCOC(=O)C1=C(C)NC(COCOCCl)=C(C(=O)OCC)C1[C@H]1C[C@@H]1c1ccccc1Cl,0.7218091183694929
CCOC(=O)C1=C(COC)NC(C)=C(C(=O)O[C@H]2C[C@@H]2c2ccccc2Cl)C1[C@H]1C[C@@H]1c1ccccc1Cl,0.012426556438028414
CCOCCc1ccccc1[C@H]1C[C@@H]1C1C(C(=O)CCC(=O)OC)=C(C)NC(COCC)=C1C(=O)OCC,0.681175454637056
CCCOCC1=C(C(=O)OCC)C([C@H]2C[C@@H]2c2ccccc2Cl)C(OCOC(=O)OC)=C(C)N1,0.7507571935295483
CCOC(=O)C1=C(COCc2ccccc2Cl)NC(C)=C(C(=O)OCl)C1[C@H]1C[C@@H]1c1ccccc1Cl,0.2590347582361391
CCOCC(=O)C(=O)C1=C(C)NC(COCOC)=C(C(=O)OCC)C1[C@H]1C[C@@H]1c1ccccc1Cl,0.7347264857411618
CCOCC1=C(C(=O)OCC)C([C@H]2C[C@@H]2c2ccccc2Cl)C(C(=O)CCC(=O)OC)=C(C)N1,0.7541931711766829
CCCOCC1=C(OCCl)C([C@H]2C[C@@H]2c2ccccc2Cl)C(OCOC(=O)OC)=C(C)N1,0.6724387801454332
CCOCCOCC1=C(C(=O)OCC)C([C@H]2C[C@@H]2c2ccccc2Cl)C(C(=O)CCCl)=C(C)N1,0.7507571935295483
CCOC(=O)C1=C(C)NC(COCOCCl)=C(C(=O)OCCCl)C1[C@H]1C[C@@H]1c1ccccc1Cl,0.7413160928710165
CCCOOC(=O)C1=C(OCOC(=O)OC)NC(COC)=C(C(=O)OCC)C1[C@H]1C[C@@H]1c1ccccc1Cl,0.681175454637056
CCCOCC1=C(C(=O)OCC)C([C@H]2C[C@@H]2c2ccccc2Cl)C(C(=O)CCOCOCCl)=C(C)N1,0.7310832774866962
CCCOCOC(=O)C1=C(COCCC)NC(C)=C(C(=O)CCOCC)C1[C@H]1C[C@@H]1c1ccccc1Cl,0.7041787902195303
CCOC(=O)C1=C(COCOC(=O)OC)NC(C)=C(C(=O)OOC)C1[C@H]1C[C@@H]1c1ccccc1Cl,0.7440238091428449
CCOCCC1=C(COC)NC(C)=C(C(=O)OCC)C1[C@H]1C[C@@H]1c1ccccc1Cl,0.7302967433402215
CCOC(=O)C1=C(C)NC(COCOCCl)=C(C(=O)OCCOC(=O)OC)C1[C@H]1C[C@@H]1c1ccccc1Cl,0.7333587976225691
CCOCC1=C(C(=O)OOC(=O)OC)C([C@H]2C[C@@H]2c2ccccc2Cl)C(C(=O)CCC(=O)OC)=C(C)N1,0.6923430096239916
CCOC(=O)C1=C(C)NC(COCOC(=O)OC)=C(C(=O)OCC)C1[C@H]1C[C@@H]1c1ccccc1Cl,0.753370803500884
CCOC(=O)C1=C(COCOC)NC(C)=C(C(=O)C(=O)OCOC(=O)OC)C1[C@H]1C[C@@H]1c1ccccc1Cl,0.7187952884282609
CCOC(=O)C1=C(COCCOC)NC(C)=C(C(=O)C(=O)OC)C1[C@H]1C[C@@H]1c1ccccc1OOC,0.7071067811865476
CCOC(=O)C1=C(COCCl)NC(C)=C(C(=O)CCC(=O)CCOC)C1[C@H]1C[C@@H]1c1ccccc1Cl,0.7342550202638105
CCOC(=O)C1=C(COCCOCCl)NC(C)=C(C(=O)CCCl)C1[C@H]1C[C@@H]1c1ccccc1Cl,0.7413160928710165
CCOCCOCC1=C(C(=O)OCC)C([C@H]2C[C@@H]2c2ccccc2Cl)C(C(=O)CCOOC)=C(C)N1,0.7401527456927535
CCOCC(=O)C1=C(C)NC(COCC)=C(C(=O)OCC)C1[C@H]1C[C@@H]1c1ccccc1Cl,0.7523547938632787
COCCC(=O)C1=C(C)NC(COCCl)=C(C(=O)OC(=O)OC)C1[C@H]1C[C@@H]1c1ccccc1Cl,0.7071067811865476
CCOOCCOCC1=C(C(=O)OCC)C([C@H]2C[C@@H]2c2ccccc2Cl)C(C(=O)C(=O)OC)=C(C)N1,0.7525766947068779
CCOC(=O)C1=C(COCOCCl)NC(C)=C(C(=O)OCCOCCl)C1[C@H]1C[C@@H]1c1ccccc1Cl,0.7220578379655757
CCOCCOCC1=C(C(=O)OC(=O)CCl)C([C@H]2C[C@@H]2c2ccccc2Cl)C(C(=O)OCC)=C(C)N1,0.7433919416750282
CCCCOOC(=O)C1=C(C)NC(COC)=C(C(=O)OCC)C1[C@H]1C[C@@H]1c1ccccc1Cl,0.7515416254704824
CCOC(=O)OCC1=C(CCOC)C([C@H]2C[C@@H]2c2ccccc2Cl)C(C(=O)OC)=C(C)N1,0.7425643872142527
CCOC(=O)C1=C(COCCCOCCl)NC(C)=C(C(=O)CCCl)C1[C@H]1C[C@@H]1c1ccccc1Cl,0.7314969031364696
CCOC(=O)C1=C(COC)NC(C)=C(C(=O)OOOC)C1[C@H]1C[C@@H]1c1ccccc1Cl,0.7432233529572065
CCCOOC(=O)OC(=O)C1=C(COC)NC(C)=C(C(=O)OCC)C1CCO,0.011266401606205146
CCCOC(=O)C1=C(COCOCCl)NC(C)=C(C(=O)OCC)C1C1CC1c1ccccc1,0.6915640748081247
COOC(=O)C1=C(C)NC=C(C(=O)C(Cl)Cl)C1C1CC1c1ccccc1Cl,0.5900968443520823
CCOC(=O)C1=C(C)NC(COCOCCl)=C(C=O)C1C1CC1c1ccccc1Cl,0.7203248742951349
CCOOCCO[CH-]C(=O)C1=C(C)NC(COCCl)=C(C(=O)OC)C1C1CC1c1ccccc1Cl,0.7314969031364696
CCC1=C(C)NC(c2ccc(C)c(Cl)c2)=C(C(=O)CCOC)C1C1CC1c1ccccc1Cl,0.2115574398637742
CCOCCOCC1=C(C(=O)CCOC)C(C2CC2c2ccccc2O)C(C(=O)OCC)=C(C)N1,0.7040784727049221
CCCOCC1=C(C(=O)OCC)C([C@H]2C[C@@H]2c2ccccc2Cl)C(C(=O)CCCl)=C(C)N1,0.7622023228463563
CCOC(=O)C1=C(C2CCCN(CO)CC2)NC(C)=C(C(=O)CCCl)C1C1CC1c1ccccc1Cl,0.2331249444502646
CCC1=CC(C2CC2c2ccccc2Cl)C(C(=O)OC(=O)OC)=C(C)N1,0.6577935144802719
CCOC(=O)COC(=O)C1=C(C)NC=C(C(=O)OCC)C1C1CC1c1ccccc1Cl,0.6651901052377394
CCCOC(=O)C1=C(C(=O)Cl)NC(C)=C(C(=O)OOC)C1C1CC1N(C)O,0.20003042442599078
COC(=O)OC(=O)C1=C(COCCC2CC2c2ccccc2Cl)NC(C)=CC1C1CC1c1ccccc1Cl,0.011452437325027752
CCCOCCC1=C(C(=O)OCC)C(C2CC2c2ccccc2Cl)C(C(=O)C(=O)O)=C(c2ccccc2)N1,0.2308980282653956
C=CCCCOC(=O)C1=C(COCO)NC(C)=C(C(=O)CCOOC)C1C1CC1c1ccccc1Cl,0.6863485850246136
CCOCC1=C(C(=O)OCC)C(C2CC2CCC2(C)CCCO2)C(C(=O)CCC(=O)OC)=C(C)N1,0.5729260639988027
CCOCCOCC1=C(C(=O)COCC)C(C2CC2c2ccccc2)C(C(=O)OCC)=C(C)N1,0.6736330697086078
COCCC(=O)C1=CNC(COCCl)=C(C(=O)CCOC)C1C1CC1c1ccccc1Cl,0.616575453011388
CCOC(=O)OCC1=C(C)C(C2CC2c2ccccc2CC(C)O)C(C(=O)OC)=C(C)N1,0.6783634653712142
CCCCC1=C(C(=O)OCC)C(C2CC2c2ccccc2Cl)C(C(=O)CC2CC2CC)=C(C)N1,0.24886360866637347
CCOC(=O)C1=C2Cc3ccc(cc3)C3=C(N2)Oc2ccccc2C2CC2C13,1.2323152730791092e-16
CCCOCCOC(=O)C1=C(C)NC(Cc2cccc(Cl)c2)=C(C(=O)OCC)C1C1CC1c1ccccc1Cl,0.24976210104192384
CCOC(=O)C1=C2CN(C=O)C(=C(CCCO)N2)C1CO,0.488397491897474
CCCOCC1=C(C(=O)OCC)C(C2CC2c2ccccc2Cl)C(OC(=O)OO)=C(C)N1,0.7523547938632787
CCOCC1=C(c2ccccc2)C(C2CC2c2ccccc2Cl)C(C=O)=C(C)N1,0.21593545979252163
COC(=O)OCOCC1=C(C(=O)OC)C(C2CC2)C(C(=O)OC=O)=C(C)N1,0.21806016291542515
CCOC(=O)C1=C(C)NC(COC)=C(C(=O)OCOO)C1C1CC1c1ccccc1Cl,0.7531983087525438
CCOC(=O)C1=C(C)NC(CO)=C(C(=O)O)C1C1CC1c1ccccc1Cl,0.7141428428542851
CC(=O)C1=C(C)NC(COCCl)=C(O)C1C1CC1c1ccccc1Cl,0.6461236167757218
CCCOCC1=C(C(=O)OCOCC)C(C2CC2c2ccccc2Cl)C(C(=O)OCC)=C(C)N1,0.7602510449687964
CCCCc1ccccc1C1CC1C1C(C(=O)OCC)=C(C)NC(COCOC(=O)CCCl)=C1C(=O)OC,0.7071067811865476
CCOC(=O)C1=C(OCO)NC(C)=C(C(=O)CCCl)C1C1CC1c1ccccc1Cl,0.6938886664887108
CCOCOC(=O)C1=C(COC)NC(C)=C(C(=O)OCC)C1C1CC1c1ccccc1Cl,0.7622023228463563
COCCOCC1=C(C=O)C(C2CC2c2ccccc2-c2ccccc2Cl)C(C(=O)C(=O)OC)=C(C)N1,0.23672191642338472
CCOCCOCC1=C(CCOc2ccccc2)CC(C(=O)OCC)=C(C)N1,0.23318615619989516
CCOC(=O)C1=C(COC(=O)O)NC(C)=C(C(=O)CCC(=O)OC)C1C1CC1c1ccccc1Cl,0.7286792513358904
COC(=O)OCOCC1=C(C(=O)O)C(C2CC2c2ccccc2Cl)C(C(=O)OCl)=C(C)N1,0.6974858324629156
CCCOCCOCC1=C(C(=O)OCC)C(C2CC2c2ccccc2Cl)C(C(=O)CCC=O)=C(C)N1,0.7310832774866962
CCOC(=O)C1=C(C)NC(C)=C(C(=O)CCCl)C1C1CC1c1ccccc1OC,0.6735753140545634
CCOC(=O)C1=CNC(COCCl)=C(C(=O)OC)C1C1CC1c1ccccc1Cl,0.7205766921228922
CCOOCCCC(=O)C1=C(C)NC(C)=C(C(=O)CCC(=O)OC)C1,0.00915781944436709
CCOC(=O)C1=C(COC)NC(C)=C(C(=O)C(=O)OC2CCO2)C1OCC,0.21806016291542515
CCOC(=O)C1=C(CO)NC(C)=C(C(=O)C(=O)OC)C1OCO,0.011290518083903611
CCCOCC1=C(C(=O)OC)C(C2CC2c2ccccc2Cl)C(COC)=C(C)N1,0.7409585736349484
CCCOCC1=C(C(=O)OCOCC)C(C2CC2c2ccccc2Cl)C(C(=O)OC)=C(C)N1,0.7905694150420948
CCOC(=O)C1=C(COCOC(=O)OC)NC(C)=C(C=O)C1C1CC1c1ccccc1Cl,0.7425643872142527
COCC(=O)C1=C(COCCl)NC(C)=C(C(=O)C(=O)c2ccc(C)c(C=O)c2)C1C1CC1c1ccccc1Cl,0.23002835275233752
C=CCOC(=O)C1=C(C)NC(O)=C(C(=O)OCC)C1C1CC1c1ccccc1Cl,0.6936368469679924
CCOCOC(=O)C1=C(COC)NC(C)=C(C(=O)OCCOO)C1C1CC1c1ccccc1Cl,0.7319250547113999
CCOC(=O)C1=C(C)NC(COCC(=O)CC)=C(C(=O)OCC)C1C1CC1c1ccccc1Cl,0.7446780878644508
CCOC(=O)OCOCC1=C(C(=O)c2ccc3c(c2)O3)C(C2CC2c2ccccc2Cl)C=C(C)N1,0.011652574490053892
CCOC(=O)C1=C(C)NC(CN(O)c2ccccc2Cl)=C(CC)C1CC,0.2509537907075782
CCCOCC1=C(c2ccc(CO)cc2)C(C2CC2)C(COCCOO)=C(C)N1,0.521536192416212
CCOC(=O)C1=C(C)NC(OCOC)=C(C(=O)C=O)C1C1CC1c1ccccc1Cl,0.7037947874229663
CCOC(=O)C1=C(CO)NC(C)=C(C(=O)CCCl)C1C1CC1c1ccccc1Cl,0.7138735074334841
CCOC(=O)C1=C(COCCC(=O)CC)NC(C)=C(C(=O)CCCl)C1C1CC1c1ccccc1Cl,0.7347264857411618
CCNC1=C(C(=O)OCC)C(C2CC2c2ccccc2Cl)C=C(COCCOCOC(=O)OC)N1,0.6741998624632421
CCOOCCOC1=C(C(=O)OCC)C(C2CC2c2ccccc2)C(C(=O)CCCl)=C(C)N1,0.62725004818718
COC(=O)CCC(=O)C1=C(C)NC(CO)=C(N(C)C)C1C1CC1c1ccccc1Cl,0.6477984695434662
CCOOCCOC(=O)C1=C(C)NC(COCOC(=O)OC)=C(C(=O)OCC)C1[C@H]1C[C@@H]1c1ccccc1Cl,0.7242859683401484
CCCOCC1=C(C(=O)C(=O)OOCCC)C(C2CC2c2ccccc2Cl)C(C(=O)CCCl)=CN1,0.6059599821770412
CCOC(=O)C1=C(COC)NC(C)=C(C=O)C1C1CC1c1ccccc1Cl,0.7211102550927979
CCOC(=O)C1=C(OOC)NC(C)=C(C(=O)C(=O)OC)C1[C@H]1C[C@@H]1c1ccccc1Cl,0.6973080611251327
CCOCC1=C(C(=O)OCCCO)C(C2CC2c2ccccc2Cl)C(C(=O)C2CC2c2ccccc2Cl)=C(C)N1,0.011990400229871603
COCC1=C(C(=O)OC)C(C2CC2c2ccccc2Cl)C(C(=O)OC)=C(C)N1,0.7348469228349536
CCC1(C(=O)OCOCC2=C(C(=O)O)C(C3CC3COO)C=C(C)N2)CC1O,0.5040817003777639
CCCOCC1=C(COC)C(C2CC2c2ccccc2Cl)C(C(=O)OCc2ccccc2)=C(C)N1,0.2470056841785341
COCCCOCC1=C2C(=O)N(O)C(=C(C)N1)C2C1CC1c1ccccc1Cl,0.23423418914879685
CCOC(=O)C1=C(C(=O)OC)NC(N(C)C)=C(C(=O)CCOO)C1C1CC1c1ccccc1Cl,0.6915640748081247
CCCOOC(=O)C1=C(C(=O)OCC2CO2)NC(COC)=C(C(=O)OCC)C1C1CC1c1ccccc1Cl,0.24743302997240446
CCCOCC1=C(C(=O)OC)C(C2CC2c2ccccc2Cl)C(C2CC2c2ccccc2Cl)=C(N)N1,0.01156118033787671
CCOC(=O)C1=C2COCOC(=O)OCCOC(=O)C(=C(O)N2)C1C1CC1OCC,0.1651334297087576
COCC1=C(C(=O)OCCO)C(C2CC2c2ccccc2Cl)C(C(=O)CCCl)=C(C)N1,0.7038556983051976
CCOC(=O)C1=C(C)NC(COC)=C(CCOC)C1C1CC1c1ccccc1,0.6566526178661429
CCN(O)C(=O)C1=C(CCCC(C)=O)NC(CO)=CC1C1CC1c1ccccc1Cl,0.5773502691896257
CCOC(=O)C1=C(COCOC(=O)OC)NC(C)=C(C(=O)OC)C1C1CC1c1ccccc1Cl,0.7733891912365308
CCOC(=O)C1=C(C)NC(COC)=C(C(=O)OCOCCOC)C1C1CC1c1ccccc1Cl,0.7507571935295483
CCOC(=O)C1=C(CC(=O)OOC)NC(C)=C(C(=O)c2nc(C(=O)OC)cs2)C1C1CC1c1ccccc1Cl,0.24860946238070805
CCOC(=O)C(=O)C1=C(C)NC(COCCl)=C2C(=O)OC12,0.21873684464411355
CCOCOC(=O)C1=CNC(C)=C(COC(=O)OC)C1C1CC1c1ccccc1C=O,0.6055300708194984
CCOCOC(=O)C1=C(CO)NC(C)=C(C(=O)OC)C1C1CC1c1ccccc1Cl,0.7643025682552586
CCCOCC1=C(C(=O)OC)C(C2CC2c2ccccc2Cl)C(COC(=O)OC)=C(C)N1,0.7523547938632787
CCCOCC1=C(C(=O)OCOC)C(C2CC2c2ccccc2CC)C(C(=O)OC)=C(C(=O)CCCl)N1,0.672021505032247
CC1=C2C(=O)C(=O)OOCC(=C3C(=O)OCCOCC23)N1,0.3387537429470791
CC1=C(C(=O)CO)C(C2CC2c2ccccc2Cl)C(C=O)=C(Cc2ccccc2)N1,0.20715015657176433
CCCOCC1=C(C(=O)O)C(C2CC2c2ccccc2Cl)C(COC(=O)OC)=C(C)N1,0.733304745011652
COCCOOCOCC1=C(C(=O)C(=O)C(=O)C=O)C(C2CC2c2ccccc2Cl)C(C(=O)OC)=C(C)N1,0.6925855880307988
CCOC(=O)C1=C(COCO)NC(C)=C(C(=O)OC)C1C1CC1c1ccccc1Cl,0.816496580927726
COCOC(=O)C1=C(COCC2CC2c2ccccc2Cl)NC(C)=C(C(=O)OC)C1C1CC1c1ccccc1Cl,0.012443026367639613
CCOC(=O)C1=C(C)NC(COC)=C(C(=O)OO)C1C1CC1c1ccccc1Cl,0.7654139963827327
CCOC(=O)C1=C(COCCl)NC(C)=C(C(=O)CCC(C)=O)C1C1CC1c1ccccc1Cl,0.7357203297923233
COC(=O)OC1=C(COCO)NC(C)=CC1C1CC1c1ccccc1Cl,0.6236095644623236
CCOCC1=C(C(=O)OCC)C(C2CC2OC(=O)O)C(C(=O)CCC(=O)OC)=C(C)N1,0.22207452519090443
CCCC(=O)C1=C(C)NC(C)=C(C(=O)OCC)C1C1CC1c1ccccc1Cl,0.7036658518558089
COCCC(=O)C1=C(C)NC(C)=C(C(=O)C2CC2c2ccccc2Cl)C1C1CC1c1ccccc1Cl,0.010653750180070212
CCOC(=O)C1=C(C)NC(C)=C(C(=O)OC)C1C1CC1c1ccccc1Cl,0.7569125885243729
COC(=O)C1=c2[nH]c(o2)=C(C(=O)CCC2CCCCC2)C1C1CC1c1ccccc1Cl,7.211435979358378e-05
COCC1=C2C(=O)OCCCc3ccccc3C3CC3C2C(C(=O)OCO)=C(C)N1,0.21764041245323543
CCOCC1=C(C(=O)OC(C)(C)C)C(C2CC2c2ccccc2Cl)C(C(=O)CCC(=O)OC)=C(C)N1,0.7040784727049221
CCOCOC(=O)C1=C(CCOC)NC(C)=C(C(=O)CO)C1C1CC1c1ccccc1Cl,0.7231429871170112
COC(=O)C1=C(C)NC(CO)=C(C(=O)OCO)C1C1CC1OOC=O,0.2075119911821405
CCOC(=O)C1=C(COCOC(=O)O)NC(C)=C(C(C)=O)C1C1CC1c1ccccc1Cl,0.7460588271610394
CCCCN(N)c1ccccc1C1CC1C1C(C(=O)CCOC)=C(C)NC(COCC)=C1C(=O)COCC,0.6385078759829887
CCOC(=O)C1=C(COCOC)NC(C)=C(C(=O)C(=O)OC)C1Cc1ccccc1,0.26257263675670534
CCCOOC(=O)OC(=O)C1=C(C)NC(COCOC(=O)OC)=C(C(=O)OCC)C1C1CC1c1ccccc1Cl,0.7184212081070996
CCOOC(=O)C1=C(COCO)NC(C)=C(C(=O)C2(C)CC2)C1C1CC1c1ccccc1Cl,0.2566537659136202
COC(=O)C1=C(C)NC(CC(C)(C)C)=C(C(=O)OC=O)C1C1CC1c1ccccc1Cl,0.6809084840390547
COC(=O)C(=O)C1=C(C)NC2=C(C(=O)OCC2C)C1c1ccccc1Cl,0.6504436355879909
CCCOCC1=C(C(=O)OCOCC)C(C2CC2c2ccccc2O)C(C(=O)OOCC)=C(C)N1,0.6859943405700353
COCCC(=O)C1=C(C)NC(CO)=C(C2CC2c2ccccc2Cl)C1C1CC1c1ccccc1Cl,0.010414309487614605
CC1=C(C(=O)CCCl)C2C(C(=O)CO)=C(Cc3ccccc3C3CC23)N1,0.21050729875633134
CCOCC1=C(C)NC(COC)=C(C(=O)OC(C)(C)C)C1C1CC1c1ccccc1Cl,0.6681531047810609
