CS(=O)(=O)c1ccc(-n2nnc(C(=O)c3csc(Nc4ccc(S(N)(=O)=O)cc4)n3)c2-c2ccc(Cl)cc2)cc1,0.34558823529411764
CC1CCN(C(=O)c2ccc(-n3nc(C(F)(F)F)cc3S(=O)(=O)NCc3ccc(-n4cccn4)cc3)cc2)CC1,0.373134328358209
NC1=C(c2ccc(-c3noc(CS(=O)(=O)c4ccc(F)cc4)n3)cc2)C(=O)CN1c1ccc(S(N)(=O)=O)cc1,0.3333333333333333
N#C/C(=C\c1ccc(C(F)(F)OS(=O)(=O)c2ccc(C(F)(F)F)cc2)cc1)C(=O)Nc1ccc(S(N)(=O)=O)cc1,0.32592592592592595
Cc1ccc(S(=O)(=O)c2ccc(S(=O)(=O)NCc3ccc(-n4cccn4)cc3)c(N)c2)cc1,0.36666666666666664
C#CCNS(=O)(=O)c1ccc(C(=O)NS(=O)(=O)N(C)c2ccc(C)cc2)cc1,0.3008849557522124
Cc1ccc(-n2cc(S(=O)(=O)c3ccc(=O)n(CC(=O)Nc4ccc(C(F)(F)F)cc4)n3)[nH]c2=O)cc1,0.384
C#CCNS(=O)(=O)c1ccc(C(=O)Nc2cc(C(F)(F)F)cc(N(C)S(=O)(=O)c3ccc(C)cc3)n2)cc1,0.3700787401574803
NS(=O)(=O)Cc1ccc(NC(=O)c2cc(-c3ccc(OS(=O)(=O)c4ccc(C(F)(F)F)cc4)cc3)no2)cc1,0.3458646616541353
Cc1nc(C(F)(F)C2=C(N)N(c3ccc(S(N)(=O)=O)cc3)CC2=O)ccc1C(=O)Nc1cccc(S(N)(=O)=O)c1,0.3875968992248062
NC1=C(c2nc(-c3ccc(F)cc3)cs2)C(=O)CN1c1ccc(-n2ccnc2-c2ccc(O)c(C(=O)[O-])c2)cc1,0.24161073825503357
O=C([O-])c1cc(-c2nccn2-c2ccc(S(=O)(=O)n3ccnc3-c3ccc(O)c(C(=O)[O-])c3)cc2)ccc1O,0.2857142857142857
C#CCNS(=O)(=O)c1ccc(C(=O)NS(=O)(=O)c2nc(-c3ccc(F)cc3)oc2N2CCCC2)cc1,0.2647058823529412
Cc1ccc(S(=O)(=O)NCc2ccc(-c3ccc(S(=O)(=O)c4ccc(C)cc4)cc3N)cc2)cc1,0.33070866141732286
Cc1ccc(N(C)S(=O)(=O)C(=O)CSc2nnc(-c3ccccc3F)n2-c2ccc(C)cc2)cc1,0.31007751937984496
Cc1ccc(S(=O)(=O)c2nc(C(=O)C(=O)NCc3ccc(S(N)(=O)=O)cc3)oc2N2CCCC2)cc1,0.3359375
Cc1ccc(-n2cc(S(=O)(=O)Oc3ccc(-n4nnnc4CNS(=O)(=O)c4ccc(C)cc4)cc3)[nH]c2=O)cc1,0.3142857142857143
COC(=O)c1ccc(-n2ncc(-c3ccc(S(=O)(=O)N(C)c4ccc(C)cc4)cc3)c2N)cc1,0.4067796610169492
Cc1ccc(-n2c(SCC(=O)CNCc3c([O-])on[n+]3-c3ccc(C)cc3)nnc2-c2ccccc2F)cc1,0.24489795918367346
Cc1ccc(S(=O)(=O)c2cn(-c3ccc(-c4ccc(S(=O)(=O)Nc5ccc(F)cc5F)cc4)cc3)c(=O)[nH]2)cc1,0.34558823529411764
NS(=O)(=O)Cc1ccc(NC(=O)c2cc(-c3ccc(S(=O)(=O)[N-]c4ncc(C(F)(F)F)cc4Cl)cc3)no2)cc1,0.34074074074074073
Cc1ccc(S(=O)(=O)NCc2ccc(-c3ccc(-c4noc(CS(=O)(=O)c5ccc(F)cc5)n4)cc3)cc2)cc1,0.2937062937062937
COC(=O)c1ccc(-n2ncc(-c3ccc(-c4csc([N-]S(=O)(=O)c5ccc(C)cc5)n4)cc3)c2N)cc1,0.366412213740458
Cc1ccc(-[n+]2noc([O-])c2CNCC(C)c2ccc(-n3nnc(S(=O)(=O)c4ccc(C)cc4)c3N)cc2)cc1,0.3237410071942446
O=C([O-])c1cc(-c2nccn2-c2ccc(S(=O)(=O)S(=O)(=O)[N-]c3ncc(C(F)(F)F)cc3Cl)cc2)ccc1O,0.3409090909090909
Cc1ccc(S(=O)(=O)c2nnn(-c3ccc(C(C)C(=O)C(=O)NCc4ccc(S(N)(=O)=O)cc4)cc3)c2N)cc1,0.3712121212121212
COC(=O)c1ccc(S(=O)(=O)Cc2coc(-c3ccc(OC)cc3)n2)cc1,0.32432432432432434
Cc1nc(-c2ccc(-n3nc(C(F)(F)F)cc3-c3cccs3)cc2)ccc1C(=O)Nc1cccc(S(N)(=O)=O)c1,0.512396694214876
N#C/C(=C\c1ccc(C(F)(F)F)cc1)C(=O)Nc1ccc(S(=O)(=O)[N-]c2ncc(C(F)(F)F)cc2Cl)cc1,0.3082706766917293
Cc1ccc(S(=O)(=O)c2ccc(-c3ccc(S(=O)(=O)[N-]c4nc(-c5ccc(F)cc5)cs4)cc3)c(N)c2)cc1,0.32116788321167883
Cc1ccc(N(C)S(=O)(=O)C2=NN(c3ccc(S(N)(=O)=O)cc3)C(=O)C2=Cc2ccc3c(c2)OCO3)cc1,0.37209302325581395
C#CCNS(=O)(=O)c1ccc(C(=O)Nc2ccc(=O)n(CC(=O)Nc3ccc(C(F)(F)F)cc3)n2)cc1,0.32061068702290074
CS(=O)(=O)c1ccc(-c2csc(Nc3cccc(C(F)(F)Nc4cccc(S(N)(=O)=O)c4)c3)n2)cc1,0.368
Cc1ccc(N(C)S(=O)(=O)c2ccc(-c3cnn(Nc4cccc(S(N)(=O)=O)c4)c3N)cc2)cc1,0.3884297520661157
O=Cc1cn(Cc2cccc(C(F)(F)F)c2)nc1S(=O)(=O)c1nc(-c2ccc(F)cc2)oc1N1CCCC1,0.29927007299270075
NC1=C(S(=O)(=O)c2nc(-c3ccc(F)cc3)oc2N2CCCC2)C(=O)CN1c1ccc(S(N)(=O)=O)cc1,0.3384615384615385
CC1CCN(C(=O)c2ccc(-n3nc(C(F)(F)F)cc3-c3nnn(-c4ccc(C(C)C)cc4)c3N)cc2)CC1,0.38461538461538464
COC(=O)Oc1ccc(-n2nnnc2CNS(=O)(=O)c2ccc(C)cc2)cc1,0.3888888888888889
C#CCNS(=O)(=O)c1ccc(C(=O)Nc2ccc(-c3nccn3-c3ccc(S(N)(=O)=O)cc3)cc2C(=O)[O-])cc1,0.3188405797101449
Cc1ccc(-[n+]2noc([O-])c2CNCS(=O)(=O)[N-]c2ncc(C(F)(F)F)cc2Cl)cc1,0.31092436974789917
COc1ccc(-c2nc(CS(=O)(=O)C(=O)[C@H](C)S(=O)(=O)c3ccc(C)cc3)co2)cc1,0.3565217391304348
Cc1ccc(S(=O)(=O)c2nnn(-c3nnn(-c4ccc(S(C)(=O)=O)cc4)c3-c3ccc(Cl)cc3)c2N)cc1,0.37209302325581395
Cc1ccc(-c2cc(C(F)(F)F)n3nc(C(=O)C(=O)C(=O)NCc4ccc(S(N)(=O)=O)cc4)nc3n2)cc1,0.4830508474576271
Cc1ccc2cccc(OS(=O)(=O)c3ccc(C(F)(F)c4nnn(-c5ccc(C(C)C)cc5)c4N)cc3)c2n1,0.34328358208955223
COC(=O)c1ccc(-c2ccc(-n3nc(C(F)(F)F)cc3-c3cccs3)cc2)cc1,0.5
COC(=O)c1ccc(-n2ncc(C(F)(F)c3ccc(C(=O)Nc4cccc(S(N)(=O)=O)c4)c(C)n3)c2N)cc1,0.3798449612403101
Cc1ccc(S(=O)(=O)NCc2nnnn2-c2ccc(ONc3cccc(S(N)(=O)=O)c3)cc2)cc1,0.4049586776859504
NS(=O)(=O)c1ccc(CCNCc2c([O-])on[n+]2Nc2cccc(S(N)(=O)=O)c2)cc1,0.28688524590163933
COC(=O)S(=O)(=O)c1ccc(NC(=O)c2cc3nc(-c4ccco4)cc(C(F)(F)F)n3n2)cc1,0.33064516129032256
Cc1ccc(S(=O)(=O)c2nnn(-c3ccc(C(C)N)cc3)c2N)cc1,0.4583333333333333
O=S(=O)(O[N-]c1ncc(C(F)(F)F)cc1Cl)c1ccc(C(F)(F)F)cc1,0.308411214953271
Cc1ccc(-n2cc(S(=O)(=O)c3ccc(-n4nccc4C(F)(F)F)cc3)[nH]c2=O)cc1,0.49523809523809526
Cc1ccc(S(=O)(=O)NCc2nnnn2-c2ccc(Oc3nnn(-c4ccc(C(C)C)cc4)c3N)cc2)cc1,0.3284671532846715
COC(=O)c1ccc(-n2ncc(-c3ccc(S(=O)(=O)c4nnn(-c5ccc(C(C)N)cc5)c4N)cc3)c2N)cc1,0.30714285714285716
Cc1ccc(S(=O)(=O)NCc2ccc(ONc3cccc(S(N)(=O)=O)c3)cc2)cc1,0.37168141592920356
O=C([O-])c1cc(-c2nccn2-c2ccc(S(=O)(=O)[N-]c3nc(-c4ccc(F)cc4)cs3)cc2)ccc1O,0.3037037037037037
COC(=O)c1ccc(S(=O)(=O)[N-]c2ncc(C(F)(F)F)cc2Cl)cc1,0.3269230769230769
CS(=O)(=O)c1ccc(-n2nnc(ONc3cccc(S(N)(=O)=O)c3)c2-c2ccc(Cl)cc2)cc1,0.3949579831932773
Cc1ccc(S(=O)(=O)N(C)c2cc(C(F)(F)F)cc(-c3ccc(ONc4cccc(S(N)(=O)=O)c4)cc3)n2)cc1,0.4251968503937008
CS(=O)(=O)c1ccc(-n2nnc(C(=O)[O-])c2-c2nn(Cc3cccc(C(F)(F)F)c3)cc2C=O)cc1,0.3821138211382114
Cc1ccc(-n2cc(S(=O)(=O)S(N)(=O)=O)[nH]c2=O)cc1,0.3191489361702128
COC(=O)c1ccc(-c2cc(C(F)(F)F)cnc2[N-]S(=O)(=O)c2ccc(C)cc2)cc1,0.4716981132075472
COC(=O)c1ccc(-n2ncc(-c3ccc(S(=O)(=O)[N-]c4ncc(C(F)(F)F)cc4Cl)cc3)c2N)cc1,0.4297520661157025
O=C([O-])c1cc(-c2nccn2-c2ccc(S(=O)(=O)c3ccc(-n4nccc4C(F)(F)F)cc3)cc2)ccc1O,0.37404580152671757
Cc1nc(-c2cccc(NS(=O)(=O)c3ccc(-c4nnn(-c5ccc(C(C)C)cc5)c4N)cc3)c2)cs1,0.3435114503816794
Cc1ccc(S(=O)(=O)[N-]c2nc(-c3ccc(-n4ccnc4-c4ccc(O)c(C(=O)[O-])c4)cc3)cs2)cc1,0.35384615384615387
Cc1ccc(-n2cc(S(=O)(=O)c3ccc(-n4nccc4C(F)(F)Cl)cc3)[nH]c2=O)cc1,0.4537037037037037
Cc1ccc(S(=O)(=O)N(C)c2cc(C(F)(F)F)cc(C(F)(F)F)n2)cc1,0.41836734693877553
NS(=O)(=O)c1ccc(N2N=C(C(F)(F)c3cccs3)C(=Cc3ccc4c(c3)OCO4)C2=O)cc1,0.38016528925619836
CC(N)c1ccc(-n2nnc(S(=O)(=O)n3nccc3C(F)(F)Cl)c2N)cc1,0.3211009174311927
Cc1ccc(-c2cc(F)n3nc(C(=O)C(=O)C(=O)NCc4ccc(S(N)(=O)=O)cc4)nc3n2)cc1,0.423728813559322
O=c1[nH]c(S(=O)(=O)c2ccc(-n3nccc3C(F)(F)F)cc2)cn1S(=O)(=O)[N-]c1ncc(C(F)(F)F)cc1Cl,0.3333333333333333
COc1ccc(-n2nnnc2CNS(=O)(=O)c2ccc(OS(=O)(=O)c3ccc(C(F)(F)F)cc3)cc2)cc1,0.36153846153846153
COC(=O)c1ccc(-n2ncc(-c3ccc(N(C)S(=O)(=O)c4ccc(-c5cnc(C)o5)cc4)cc3)c2N)cc1,0.32116788321167883
Cc1ccc(-c2cc(F)n3nc(S(N)(=O)=O)nc3n2)cc1,0.40217391304347827
COC(=O)c1cc(C(F)(F)F)cc(N(C)S(=O)(=O)c2ccc(C)cc2)n1,0.38613861386138615
O=S(=O)([N-]c1nc(-c2ccc(F)cc2)cs1)[N-]c1ncc(C(F)(F)F)cc1Cl,0.30973451327433627
Cc1ccc(-n2cc(S(=O)(=O)c3cc(C(F)(F)F)cc(N(C)S(=O)(=O)c4ccc(C)cc4)n3)[nH]c2=O)cc1,0.4146341463414634
NS(=O)(=O)c1ccc(-n2ccnc2-c2ccc(C(F)(F)Cl)c(C(=O)[O-])c2)cc1,0.47
COC(=O)c1ccc(S(=O)(=O)c2cc(C(F)(F)F)cc(N(C)S(=O)(=O)c3ccc(C)cc3)n2)cc1,0.3983050847457627
Cc1ccc(-n2cc(S(=O)(=O)c3ccc(-c4nn(Cc5cccc(C(F)(F)F)c5)cc4C=O)cc3)[nH]c2=O)cc1,0.4296875
Cc1ccc(S(=O)(=O)c2nnn(-c3cc(C(F)(F)F)cc(N(C)S(=O)(=O)c4ccc(C)cc4)n3)c2N)cc1,0.4032258064516129
COc1ccc(-n2nnnc2CNS(=O)(=O)c2ccc(S(N)(=O)=O)cc2)cc1,0.3925233644859813
Cc1ccc(N(n2nnc(S(=O)(=O)c3ccc(C)cc3)c2N)S(=O)(=O)c2ccc(-c3cnc(C)o3)cc2)cc1,0.31386861313868614
Cc1ccc(-n2cc(-c3ccc(-c4noc(CS(=O)(=O)c5ccc(F)cc5)n4)cc3)[nH]c2=O)cc1,0.368
COC(=O)c1ccc(-n2ncc(C(F)(F)c3ccccc3NC(=O)[C@H](C)S(=O)(=O)c3ccc(C)cc3)c2N)cc1,0.3816793893129771
O=S(=O)(Cc1nc(-c2ccc(-c3cccs3)cc2)no1)c1ccc(F)cc1,0.3185840707964602
Cc1ccc(-c2cc(F)n3nc(-n4nnc(S(=O)(=O)c5ccc(C)cc5)c4N)nc3n2)cc1,0.4017094017094017
CS(=O)(=O)c1ccc(-n2nnc(C(=O)[O-])c2-c2nnn(-c3ccc(S(C)(=O)=O)cc3)c2-c2ccc(Cl)cc2)cc1,0.3
Cc1ccc(S(=O)(=O)N(C)c2cc(C(F)(F)F)cc(-c3ccc(ONc4cccc(F)c4)cc3)n2)cc1,0.4032258064516129
COC(=O)c1ccc(-c2ccc(-n3nc(C(F)(F)F)cc3F)cc2)cc1,0.5212765957446809
Cc1ccc(-c2cnn(-c3ccc(C(=O)S(=O)(=O)[N-]c4ncc(C(F)(F)F)cc4Cl)cc3)c2N)cc1,0.46551724137931033
CS(=O)(=O)c1ccc(-n2nnc(C(=O)C(=O)C(=O)NCc3ccc(S(N)(=O)=O)cc3)c2-c2ccc(Cl)cc2)cc1,0.35074626865671643
Cc1ccc(S(=O)(=O)[N-]c2nc(-c3ccc(-c4nnn(-c5ccc(C(C)C)cc5)c4N)cc3)cs2)cc1,0.375
COC(=O)c1ccc(-n2ncc(-c3ccc(-c4ccc(S(=O)(=O)N(C)c5ccc(C)cc5)cc4)cc3)c2N)cc1,0.35294117647058826
Cc1ccc2cccc(OS(=O)(=O)c3ccc(C(F)(F)c4cccs4)cc3)c2n1,0.34210526315789475
Cc1ccc(-n2cc(S(=O)(=O)c3ccc(S(=O)(=O)[N-]c4nc(-c5ccc(F)cc5)cs4)cc3)[nH]c2=O)cc1,0.3484848484848485
COC(=O)c1ccc(-n2ncc(-c3ccc(C)cc3)c2N)cc1,0.43157894736842106
Cc1nc(-c2ccc(-n3nc(C(F)(F)F)cc3-c3cccs3)cc2)ccc1C(=O)Nc1cccc(S(N)(=O)=O)c1,0.512396694214876
COC(=O)c1ccc(-n2ncc(-n3nc(C(F)(F)F)cc3-c3cccs3)c2N)cc1,0.42201834862385323
Cc1nc(-c2ccc(Cl)cc2)ccc1C(=O)Nc1cccc(S(N)(=O)=O)c1,0.37735849056603776
O=C(On1nc(C(F)(F)F)cc1-c1cccs1)c1ccc(-c2ccc(-n3nc(C(F)(F)F)cc3F)cc2)cc1,0.38461538461538464
NS(=O)(=O)c1ccc(CNC(=O)C(=O)C(=O)c2nc3nc(F)cc(F)n3n2)cc1,0.29310344827586204
Cc1ccc(-c2cc(F)n3nc(-c4ccc(S(=O)(=O)c5cn(-c6ccc(C)cc6)c(=O)[nH]5)cc4)nc3n2)cc1,0.3582089552238806
Cc1ccc(-c2ccc(=O)n(CC(=O)Nc3ccc(C(F)(F)F)cc3)n2)cc1,0.4326923076923077
Cc1ccc(-n2cc(S(=O)(=O)c3cc(N(C)S(=O)(=O)c4ccc(C)cc4)nc(C(F)(F)F)c3)[nH]c2=O)cc1,0.4380165289256198
Cc1ccc(N(C)S(=O)(=O)c2ccc(-c3cc(C(F)(F)F)cnc3[N-]S(=O)(=O)c3ccc(C)cc3)cc2)cc1,0.390625
Cc1ccc(S(=O)(=O)N(C)c2cc(C(C)(F)F)cc(C(F)(F)F)n2)cc1,0.41836734693877553
Cc1ccc(-c2ccc(=O)n(CC(=O)[N-]c3ncc(C(F)(F)F)cc3Cl)n2)cc1,0.39814814814814814
COC=C1C(=O)N(c2ccc(S(N)(=O)=O)cc2)N=C1C(F)(F)F,0.43478260869565216
Cc1ccc(-c2ccc(=O)n(CC(=O)Nc3ccc(C(F)(F)Nc4cccc(S(N)(=O)=O)c4)cc3)n2)cc1,0.40476190476190477
Cc1ccc(-c2ccc(=O)n(CC(=O)Nc3ccc(C(F)(F)c4cccs4)cc3)n2)cc1,0.35
COC(=O)C1=C(N)N(c2ccc(S(N)(=O)=O)cc2)CC1=O,0.3229166666666667
COc1ccc(-c2noc(CS(=O)(=O)c3ccc(F)cc3)n2)cc1,0.34951456310679613
Cc1nc(-c2ccc(-n3nc(C(F)(F)F)cc3-c3cccs3)cc2)ccc1C(=O)c1ccc(C(C)N)cc1,0.43548387096774194
COC(=O)c1cccc(Cn2cc(C=O)c(-c3ccc(C)cc3)n2)c1,0.33962264150943394
Cc1ccc(S(=O)(=O)c2nnn(-c3ccc(-c4ccc(-n5nc(C(F)(F)F)cc5F)cc4)cc3)c2N)cc1,0.5391304347826087
Cc1ccc(S(=O)(=O)[N-]c2ncc(C(F)(F)F)cc2-c2ccc(C(=O)On3nc(C(F)(F)F)cc3F)cc2)cc1,0.44
NOC(=O)c1ccc(-c2ccc(-n3nc(C(F)(F)F)cc3-c3cccs3)cc2)cc1,0.5
Cc1ccc(S(=O)(=O)c2cn(-c3ccc(-n4nccc4C(F)(F)Cl)cc3)c(=O)[nH]2)cc1,0.4537037037037037
Cc1ccc(-c2nn(Cc3cccc(S(=O)(=O)c4nnn(-c5ccc(C(C)N)cc5)c4N)c3)cc2C=O)cc1,0.3609022556390977
COC(=O)c1ccc(-n2ncc(C(=O)ON)c2N)cc1,0.23529411764705882
COC(F)(F)c1cc(-c2cccs2)n(-c2ccc(-c3ccc(C(=O)c4ccc(C(C)N)cc4)c(C)n3)cc2)n1,0.3712121212121212
Cc1ccc(-c2cc(-c3cccs3)n3nc(C(=O)C(=O)C(=O)NCc4ccc(S(N)(=O)=O)cc4)nc3n2)cc1,0.3816793893129771
Cc1ccc(-n2cc(S(=O)(=O)c3ccc(C)cc3)[nH]c2=O)cc1,0.43617021276595747
Fc1cc(C(F)(F)F)nn1-c1ccc(-c2ccc(-c3cccs3)cc2)cc1,0.46534653465346537
Cc1nc(-c2ccc(-c3cccs3)cc2)ccc1C(=O)c1ccc(C(C)N)cc1,0.25203252032520324
COC(=O)c1ccc(-c2ccc(-n3nc(C(F)(F)F)cc3Nc3ccc(C(F)(F)F)cc3)cc2)cc1,0.4016393442622951
COC(=O)c1ccc(-n2ncc(-c3ccc(S(=O)(=O)c4nnn(-c5ccc(C(C)N)cc5)c4N)cc3)c2N)cc1,0.30714285714285716
COC(=O)c1ccc(-n2ncc(-c3ccc(-n4nccc4C(F)(F)Cl)cc3)c2N)cc1,0.3504273504273504
COC(=O)n1cc(S(=O)(=O)c2ccc(C)cc2)[nH]c1=O,0.28865979381443296
Cc1ccc(S(=O)(=O)c2cn(-c3ccc(-n4nccc4C(F)(F)Cl)cc3)c(=O)[nH]2)cc1,0.4537037037037037
Cc1nc(-c2ccc(-n3nc(C(F)(F)F)cc3-c3cccs3)cc2)ccc1C(=O)c1ncc(C(F)(F)F)cc1Cl,0.4
Cc1ccc(-n2cc(S(=O)(=O)Nc3ccc(C(F)(F)F)cc3)[nH]c2=O)cc1,0.46464646464646464
COC(=O)c1ccc(-c2ccc(-n3nc(C(F)(F)F)cc3C(=O)On3nc(C(F)(F)F)cc3F)cc2)cc1,0.4
Cc1ccc(-c2ccc(=O)n(CC(=O)Nc3ccc(C(F)(F)Nc4ccc(C(F)(F)F)cc4)cc3)n2)cc1,0.3409090909090909
COC(=O)c1ccc(-n2ncc(-c3ccc(S(=O)(=O)[N-]c4ncc(C(F)(F)F)cc4C(F)(F)Cl)cc3)c2N)cc1,0.40625
Cc1nc(-c2ccc(-n3nc(C(F)(F)F)cc3-c3cccs3)cc2)ccc1C(=O)c1ccc(-c2cccs2)cc1,0.39849624060150374
O=S(=O)([N-]c1ncc(C(F)(F)F)cc1Cl)Nc1ccc(C(F)(F)F)cc1,0.2727272727272727
O=Cc1cn(Cc2cccc(C(F)(F)F)c2)nc1-c1ccc(-c2ccc(-c3cccs3)cc2)cc1,0.2932330827067669
Cc1nc(-c2ccc(-n3nc(C(F)(F)ON)cc3-c3cccs3)cc2)ccc1C(=O)c1ccc(C(C)N)cc1,0.3712121212121212
Cc1ccc(-n2cc(S(=O)(=O)c3ccc(Cl)cc3)[nH]c2=O)cc1,0.43617021276595747
Cc1ccc(S(=O)(=O)[N-]c2ncc(C(F)(F)F)cc2C(F)(F)F)cc1,0.3979591836734694
O=c1[nH]c(-c2ncc(C(F)(F)F)cc2Cl)cn1-c1ccc(-n2nccc2C(F)(F)Cl)cc1,0.30327868852459017
COc1ccc(-c2ccc(-n3nc(C(F)(F)F)cc3F)cc2)cc1,0.5333333333333333
CC(N)c1ccc(-c2ccc(-c3noc(CS(=O)(=O)c4ccc(F)cc4)n3)cc2)cc1,0.3140495867768595
O=C(c1ccc(Cl)cc1)c1ccc(-c2ccc(-n3nc(C(F)(F)F)cc3-c3cccs3)cc2)cc1,0.425
COC(=O)c1cc(F)n(-c2ccc(-c3ccc(OC)cc3)cc2)n1,0.37623762376237624
Cc1ccc(-c2cnn(-c3ccc(C(=O)S(=O)(=O)[N-][N-]S(=O)(=O)c4ccc(C)cc4)cc3)c2N)cc1,0.3902439024390244
NS(=O)(=O)c1cccc(Nc2cc(C(F)(F)F)nn2-c2ccc(-c3ccc(-c4cccs4)cc3)cc2)c1,0.4789915966386555
Cc1ccc(-c2ccc(-c3ccc(-n4nc(C(F)(F)F)cc4F)cc3)cc2)cc1,0.53
Cc1ccc(-n2cc(S(=O)(=O)Nc3ccc(C(F)(F)n4nc(C(F)(F)F)cc4-c4cccs4)cc3)[nH]c2=O)cc1,0.421875
Cc1ccc(S(=O)(=O)c2cn(-c3ccc(S(=O)(=O)[N-]c4nc(-c5ccc(F)cc5)cs4)cc3)c(=O)[nH]2)cc1,0.3484848484848485
CC(N)c1ccc(-c2ccc(-c3ccc(-c4cccs4)cc3)cc2)cc1,0.23529411764705882
O=C(On1nc(C(F)(F)F)cc1F)c1ccc(-c2cc(C(F)(F)F)cnc2-c2ccc(-c3cccs3)cc2)cc1,0.2978723404255319
Cc1ccc(-c2ccc(C(=O)Nc3cccc(S(N)(=O)=O)c3)c(C)n2)cc1,0.43137254901960786
O=C(On1nc(C(F)(F)F)cc1F)n1nccc1C(F)(F)Cl,0.2169811320754717
NS(=O)(=O)c1cccc(NS(=O)(=O)[N-]c2nc(-c3ccc(F)cc3)cs2)c1,0.3394495412844037
COC(=O)c1ccc(-n2ncc(-c3cn(-c4ccc(-n5nccc5C(F)(F)Cl)cc4)c(=O)[nH]3)c2N)cc1,0.2867647058823529
CC(N)c1ccc(Nc2cc(C(F)(F)F)nn2-c2ccc(-c3ccc(-c4cccs4)cc3)cc2)cc1,0.392
Cc1ccc(-n2cc(-c3cn(-c4ccc(-n5nccc5C(F)(F)Cl)cc4)c(=O)[nH]3)[nH]c2=O)cc1,0.3467741935483871
Cc1ccc(-n2cc(-n3nc(C(F)(F)F)cc3F)[nH]c2=O)cc1,0.4725274725274725
O=Cc1cn(Cc2cccc(C(F)(F)F)c2)nc1-n1nc(C(F)(F)F)cc1F,0.2782608695652174
O=Cc1cn(Cc2cccc(C(F)(F)F)c2)nc1-c1ccc(C(F)(F)F)cc1,0.3333333333333333
Cc1nc(-c2ccc(-c3ccc(-c4cccs4)cc3)cc2)ccc1C(=O)c1ccc(C(C)N)cc1,0.2198581560283688
Cc1ccc(S(=O)(=O)[N-]c2nc(-c3ccc(-c4cccc(S(N)(=O)=O)c4)cc3)cs2)cc1,0.4
Cc1ccc(-n2cc(S(=O)(=O)Nc3ccc(C(F)(F)c4ccc(C)cc4)cc3)[nH]c2=O)cc1,0.35833333333333334
Cc1ccc(-c2cnn(-c3ccc(C(=O)S(=O)(=O)[N-]c4ncc(C(F)(F)c5cccs5)cc4Cl)cc3)c2N)cc1,0.38636363636363635
Cc1ccc(-n2cc(-c3ccc(-c4cc(C(F)(F)F)cnc4[N-]S(=O)(=O)c4ccc(C)cc4)cc3)[nH]c2=O)cc1,0.4186046511627907
CC(C)c1ccc(-n2nnc(-c3ccc(-n4nc(C(F)(F)F)cc4-c4cccs4)cc3)c2N)cc1,0.4406779661016949
O=S(=O)(Nc1ccc(C(F)(F)F)cc1)n1nccc1C(F)(F)Cl,0.2815533980582524
NOC(=O)OC(=O)c1ccc(-c2ccc(-n3nc(C(F)(F)F)cc3-c3cccs3)cc2)cc1,0.4774774774774775
COc1ccc(-c2ccc(-n3nc(N)cc3F)cc2)cc1,0.40860215053763443
CC(C)n1cc(S(=O)(=O)c2ccc(-n3nccc3C(F)(F)F)cc2)[nH]c1=O,0.39805825242718446
Cc1nc(-n2nccc2C(F)(F)Cl)ccc1C(=O)c1ccc(C(C)N)cc1,0.29464285714285715
O=C(On1nc(C(F)(F)F)cc1F)c1cn(-c2ccc(-n3nccc3C(F)(F)Cl)cc2)c(=O)[nH]1,0.3333333333333333
Fc1cc(C(F)(F)F)nn1-c1ccc(-c2ccc(OC(F)(F)F)cc2)cc1,0.47959183673469385
O=c1[nH]c(-n2nc(C(F)(F)F)cc2F)cn1-n1nc(C(F)(F)F)cc1F,0.23893805309734514
CC(C)n1nc(C(F)(F)F)cc1Nc1cccc(S(N)(=O)=O)c1,0.3894736842105263
NS(=O)(=O)c1cccc(Nn2nc(C(F)(F)F)cc2F)c1,0.3956043956043956
Cc1ccc(-n2cc(S(=O)(=O)c3ccc(C(=O)ON)cc3)[nH]c2=O)cc1,0.4158415841584158
O=S(=O)([N-]c1nc(-c2ccc(F)cc2)cs1)c1ccc(-n2nc(C(F)(F)F)cc2-c2cccs2)cc1,0.5043478260869565
Cc1ccc(-n2cc(-c3cn(-c4ccc(-n5nccc5C(F)(F)Cl)cc4)c(=O)[nH]3)[nH]c2=O)cc1,0.3467741935483871
NOOc1ccc(-c2ccc(-n3nc(C(F)(F)F)cc3F)cc2)cc1,0.5161290322580645
CC(N)c1ccc(-n2nnc(S(=O)(=O)OC(=O)ON)c2N)cc1,0.24299065420560748
O=C(On1nc(C(F)(F)F)cc1F)c1ccc(-c2cc(C(F)(F)F)cnc2F)cc1,0.3103448275862069
Cc1ccc(S(=O)(=O)[N-]c2ncc(C(F)(F)F)cc2-c2ccc(-c3ccc(C(C)N)cc3)cc2)cc1,0.425
Cc1ccc(-c2nn(Cc3cccc(OC(=O)ON)c3)cc2C=O)cc1,0.3425925925925926
NOC(=O)Oc1ccc(-c2ccc(-n3nc(C(F)(F)F)cc3F)cc2)cc1,0.5051546391752577
Cc1ccc(-n2cc(C(=O)On3nc(C(F)(F)F)cc3F)[nH]c2=O)cc1,0.42
COc1ccc(-c2ccc(-n3nc(C(N)(F)F)cc3F)cc2)cc1,0.4838709677419355
COC(=O)S(=O)(=O)N(C)c1cc(S(=O)(=O)c2cn(-c3ccc(C)cc3)c(=O)[nH]2)cc(C(F)(F)F)n1,0.37815126050420167
Cc1ccc(-n2cc(-n3nc(C(F)(F)Nc4cccc(S(N)(=O)=O)c4)cc3F)[nH]c2=O)cc1,0.48623853211009177
O=c1[nH]c(-n2nc(C(F)(F)F)cc2F)cn1-c1ccc(-n2nc(C(F)(F)F)cc2F)cc1,0.3277310924369748
Cc1ccc(S(=O)(=O)[N-]n2nnc(S(=O)(=O)c3ccc(C)cc3)c2N)cc1,0.36792452830188677
NOC(=O)Oc1ccc(C(F)(F)c2cc(-c3cccs3)n(-c3ccc(-c4ccc(C(=O)ON)cc4)cc3)n2)cc1,0.35036496350364965
COC(=O)c1ccc(-c2ccc(-n3nc(C(F)(F)F)cc3-c3ncc(C(F)(F)F)cc3Cl)cc2)cc1,0.4406779661016949
Fc1cc(C(F)(F)F)nn1-c1ccc(-c2ccc(OC(F)(F)F)cc2)cc1,0.47959183673469385
Cc1ccc(-n2cc(-n3nc(C(F)(F)c4ccc(C(C)N)cc4)cc3F)[nH]c2=O)cc1,0.42727272727272725
O=c1[nH]c(-c2ccc(-c3cccs3)cc2)cn1-c1ccc(-n2nccc2C(F)(F)Cl)cc1,0.31451612903225806
NOC(=O)n1cc(S(=O)(=O)c2ccc(-n3nccc3C(F)(F)F)cc2)[nH]c1=O,0.3867924528301887
NOS(=O)(=O)c1nnn(-c2ccc(-c3ccc(-n4nc(C(F)(F)F)cc4F)cc3)cc2)c1N,0.48623853211009177
Cc1ccc(S(=O)(=O)[N-]c2nc(-c3ccc(-c4cccc(S(N)(=O)=O)c4)cc3)cs2)cc1,0.4
Cc1ccc(-n2cc(S(=O)(=O)c3ccc(-n4nccc4-n4nc(C(F)(F)F)cc4F)cc3)[nH]c2=O)cc1,0.5
COc1ccc(-c2ccc(-n3nc(C(F)(F)n4nc(C(F)(F)F)cc4-c4cccs4)cc3F)cc2)cc1,0.4
CC(N)c1ccc(-n2nnc(S(=O)(=O)c3ccc(OC(F)(F)F)cc3)c2N)cc1,0.4423076923076923
COc1ccc(-c2ccc(-n3nc(C(N)(F)c4ccc(-c5cccs5)cc4)cc3F)cc2)cc1,0.3412698412698413
FC(F)(F)c1cnc(-n2nccc2C(F)(F)Cl)c(Cl)c1,0.20388349514563106
NOc1ccc(S(=O)(=O)[N-]c2nc(-c3ccc(F)cc3)cs2)cc1,0.3627450980392157
O=c1[nH]c(-n2nc(C(F)(F)F)cc2F)cn1-n1cc(S(=O)(=O)c2ccc(-n3nccc3C(F)(F)F)cc2)[nH]c1=O,0.37404580152671757
CC(N)c1ccc(-c2cc(C(F)(F)F)nn2-c2ccc(-c3ccc(-c4cccs4)cc3)cc2)cc1,0.46153846153846156
Cc1ccc(S(=O)(=O)[N-]c2nc(-c3ccc(-c4cccs4)cc3)cs2)cc1,0.37962962962962965
Cc1ccc(-n2cc(-n3nc(C(F)(F)c4ccc(-c5cccs5)cc4)cc3F)[nH]c2=O)cc1,0.4224137931034483
NOc1ccc(-c2ccc(-n3nc(C(F)(F)F)cc3-c3cccs3)cc2)cc1,0.51
NOOc1ccc(-c2cc(C(F)(F)F)nn2-c2ccc(-c3ccc(-c4cccs4)cc3)cc2)cc1,0.44537815126050423
Cc1ccc(S(=O)(=O)c2nnn(-c3ccc(-c4ccc(C(=O)ON)cc4)cc3)c2N)cc1,0.4247787610619469
CC(N)c1ccc(-c2cc(C(F)(F)OC(=O)ON)nn2-c2ccc(-c3ccc(-c4cccs4)cc3)cc2)cc1,0.3787878787878788
CC(N)c1ccc(-n2nnc(S(=O)(=O)c3ccc(-c4ccc(-n5nc(C(F)(F)F)cc5F)cc4)cc3)c2N)cc1,0.456
CC(N)c1cc(C(F)(F)F)nn1-c1ccc(-c2ccc(OC(F)(F)F)cc2)cc1,0.48514851485148514
NS(=O)(=O)c1cccc(Nc2cc(C(F)(F)F)nn2-c2ccc(-c3ccc(-c4cccs4)cc3)cc2)c1,0.4789915966386555
Cc1ccc(-c2ccc(-c3ccc(-n4nc(-c5ccc(-c6cccs6)cc5)cc4F)cc3)cc2)cc1,0.3111111111111111
Cc1ccc(-n2cc(C(F)(F)c3cc(F)n(-c4ccc(-c5ccc(OC(=O)ON)cc5)cc4)n3)[nH]c2=O)cc1,0.40310077519379844
Cc1ccc(-c2ccc(-c3ccc(-n4nc(C(F)(F)F)cc4F)cc3)cc2)cc1,0.53
NOc1ccc(-c2ccc(-n3nc(C(F)(F)F)cc3-c3cccs3)cc2)cc1,0.51
CC(C)c1ccc(-n2nnc(-n3cc(S(=O)(=O)c4ccc(-n5nccc5C(F)(F)F)cc4)[nH]c3=O)c2N)cc1,0.366412213740458
CC(N)c1ccc(C(F)(F)Oc2ccc(-c3ccc(-n4nc(C(F)(F)F)cc4C(C)N)cc3)cc2)cc1,0.3951612903225806
Cc1ccc(-c2cc(-c3cccs3)n(-c3ccc(-c4ccc(C(=O)OC(=O)ON)cc4)cc3)n2)cc1,0.35658914728682173
CC(N)c1cc(C(F)(F)F)nn1-c1ccc(-c2ccc(OC(F)(F)c3ccc(OON)cc3)cc2)cc1,0.392
Fc1cc(C(F)(F)F)nn1-c1ccc(-c2ccc(-c3cccs3)cc2)cc1,0.46534653465346537
Cc1ccc(S(=O)(=O)Nc2ccc(C(F)(F)F)cc2)cc1,0.4883720930232558
Cc1ccc(S(=O)(=O)OC(=O)c2ccc(-c3ccc(-n4nc(C(F)(F)F)cc4-c4cccs4)cc3)cc2)cc1,0.5470085470085471
NS(=O)(=O)c1cccc(NC(=O)c2ccc(-c3ccc(-n4nc(C(F)(F)F)cc4-c4cccs4)cc3)nc2F)c1,0.4878048780487805
NS(=O)(=O)c1cccc(NC(=O)c2ccc(-c3ccc(C(F)(F)F)cc3)nc2F)c1,0.42990654205607476
COc1ccc(-c2ccc(-n3nc(C(N)(F)c4cccc(S(N)(=O)=O)c4)cc3F)cc2)cc1,0.46846846846846846
NS(=O)(=O)c1cccc(C(=O)Oc2ccc(-c3ccc(-n4nc(C(F)(F)F)cc4F)cc3)cc2)c1,0.5135135135135135
O=C(ONc1ccc(C(F)(F)F)cc1)c1ccc(-c2ccc(-n3nc(C(F)(F)F)cc3F)cc2)cc1,0.3902439024390244
COc1ccc(-c2ccc(-n3nc(-n4nc(C(F)(F)F)cc4F)cc3F)cc2)cc1,0.4485981308411215
Cc1ccc(-c2cnn(-c3ccc(C(=O)S(=O)(=O)[N-]c4ccc(OC(=O)ON)cc4)cc3)c2N)cc1,0.3543307086614173
O=C([O-])c1cc(-c2nccn2-c2ccc(S(=O)(=O)c3cccs3)cc2)ccc1C(F)(F)Cl,0.36752136752136755
NS(=O)(=O)c1cccc(Nc2cc(F)n(-c3ccc(-c4ccc(-c5cccs5)cc4)cc3)n2)c1,0.37398373983739835
Fc1cc(-c2ccc(OC(F)(F)F)cc2)nn1-c1ccc(-c2ccc(-c3cccs3)cc2)cc1,0.33070866141732286
Cc1ccc(-n2cc(S(=O)(=O)c3ccc(-n4nccc4-n4nc(C(F)(F)C(F)(F)F)cc4F)cc3)[nH]c2=O)cc1,0.4365079365079365
NS(=O)(=O)c1cccc(Nc2ccc(-c3ccc(-n4nc(C(F)(F)F)cc4F)cc3)cc2)c1,0.5377358490566038
Cc1ccc(S(=O)(=O)[N-]c2ncc(C(F)(F)F)cc2-c2ccc(-c3cccc(S(N)(=O)=O)c3)cc2)cc1,0.453781512605042
NOOc1ccc(-c2ccc(-n3nc(-c4ccc(OON)cc4)cc3F)cc2)cc1,0.30578512396694213
COC(=O)c1ccc(-c2ccc(-n3nc(C(F)(F)F)cc3-c3ncc(C(F)(F)F)cc3Cl)cc2)cc1,0.4406779661016949
NOOc1ccc(OC(=O)c2ccc(-c3ccc(-n4nc(C(F)(F)F)cc4-c4cccs4)cc3)cc2)cc1,0.40625
COC(=O)c1cc(-c2cccs2)n(-c2ccc(-c3ccc(C(=O)OS(=O)(=O)c4ccc(C)cc4)cc3)cc2)n1,0.3893129770992366
Cc1ccc(S(=O)(=O)OC(=O)c2ccc(-c3ccc(-n4nc(C(F)(F)ON)cc4-c4cccs4)cc3)cc2)cc1,0.4838709677419355
COc1ccc(-c2ccc(-n3nc(C(N)(F)c4cccc(S(=O)(=O)c5ccc(ON)cc5)c4)cc3F)cc2)cc1,0.38345864661654133
FC(F)(F)c1cc(-c2cccs2)n(-c2ccc(-c3ccc(-c4cccs4)cc3)cc2)n1,0.45045045045045046
COc1ccc(-c2ccc(-n3nc(C(F)(F)F)cc3F)cc2)cc1,0.5333333333333333
NOOc1ccc(Nc2cc(C(F)(F)F)nn2-c2ccc(-c3ccc(-c4cccs4)cc3)cc2)cc1,0.3779527559055118
COc1ccc(-c2ccc(-n3nc(C(N)(F)c4cccc(S(=O)(=O)C(=O)ON)c4)cc3F)cc2)cc1,0.4016393442622951
Cc1ccc(S(=O)(=O)Nc2ccc(C(F)(F)c3ccc(-n4nc(C(F)(F)F)cc4-c4cccs4)cc3)cc2)cc1,0.5
COc1ccc(-c2ccc(-n3nc(C(N)(F)c4cccc(S(=O)(=O)F)c4)cc3F)cc2)cc1,0.4424778761061947
Cc1ccc(-n2cc(-n3nc(C(F)(F)c4ccc(-c5ccc(ON)cc5)cc4)cc3F)[nH]c2=O)cc1,0.4065040650406504
CC(N)c1cc(C(F)(F)F)nn1-c1ccc(-c2ccc(OC(F)(F)c3ccc(ON)cc3)cc2)cc1,0.4016393442622951
FC(F)(F)c1cc(-c2cccs2)n(-c2ccc(-c3ccc(-c4cccs4)cc3)cc2)n1,0.45045045045045046
Cc1ccc(S(=O)(=O)OC(=O)c2ccc(-c3ccc(-n4nc(N)cc4-c4cccs4)cc3)cc2)cc1,0.4262295081967213
COC(=O)C(F)(F)c1cc(F)n(-c2ccc(-c3ccc(-n4nnc(S(=O)(=O)ON)c4N)cc3)cc2)n1,0.4166666666666667
NOc1ccc(-c2ccc(C(=O)Nc3cccc(S(N)(=O)=O)c3)c(F)n2)cc1,0.35454545454545455
NOC(F)(F)S(=O)(=O)c1nnn(-c2ccc(-c3ccc(-n4nc(C(F)(F)F)cc4F)cc3)cc2)c1N,0.45689655172413796
NS(=O)(=O)c1cccc(Nn2nc(C(F)(F)F)cc2F)c1,0.3956043956043956
CC(N)c1cc(C(F)(F)F)nn1-c1ccc(-c2ccc(OON)cc2)cc1,0.5051546391752577
Cc1ccc(S(=O)(=O)Nc2ccc(-c3cc(F)n(-c4ccc(-c5ccc(OC(F)(F)F)cc5)cc4)n3)cc2)cc1,0.4375
COc1ccc(-c2ccc(-n3nc(C(N)(F)F)cc3F)cc2)cc1,0.4838709677419355
COc1ccc(-n2cc(S(=O)(=O)c3ccc(-n4nccc4C(F)(F)F)cc3)[nH]c2=O)cc1,0.415929203539823
O=C(c1ccc(OC(F)(F)F)cc1)c1ccc(-c2ccc(-n3nc(C(F)(F)F)cc3-c3cccs3)cc2)cc1,0.3923076923076923
COc1ccc(-c2ccc(-n3nc(C(F)(F)C(C)N)cc3F)cc2)cc1,0.45918367346938777
Cc1ccc(-n2cc(-n3nc(C(C)(F)F)cc3F)[nH]c2=O)cc1,0.4105263157894737
Cc1ccc(-n2cc(-n3nc(C(F)(F)n4nc(C(F)(F)F)cc4-c4cccs4)cc3F)[nH]c2=O)cc1,0.4016393442622951
NOOC(=O)c1ccc(-c2ccc(-n3nc(C(F)(F)F)cc3-c3cccs3)cc2)cc1,0.48598130841121495
NOc1cc(C(F)(F)F)nn1-c1ccc(-c2ccc(OC(F)(F)F)cc2)cc1,0.48
Cc1ccc(S(=O)(=O)Nc2ccc(S(=O)(=O)c3ccc(C)cc3)cc2)cc1,0.3394495412844037
Cc1ccc(-c2ccc(-c3ccc(-n4nc(C(F)(F)F)cc4N)cc3)cc2)cc1,0.5454545454545454
NC(F)(F)c1cc(F)n(-c2ccc(-n3nc(C(F)(F)F)cc3F)cc2)n1,0.36893203883495146
Cc1ccc(S(=O)(=O)c2ccc(-c3ccc(OC(F)(F)F)cc3)cc2)cc1,0.47474747474747475
NS(=O)(=O)c1cccc(-c2ccc(OC(F)(F)F)cc2)c1,0.43820224719101125
COc1ccc(Oc2ccc(-c3ccc(-n4nc(C(F)(F)F)cc4C(C)N)cc3)cc2)cc1,0.4260869565217391
COc1ccc(C(F)(F)Nc2cccc(S(N)(=O)=O)c2)cc1,0.3645833333333333
Cc1nc(-c2ccc(-n3nc(C(F)(F)F)cc3-c3cccs3)cc2)ccc1C(=O)c1ccc(OON)cc1,0.432
CC(N)c1cc(-c2ccc(OC(F)(F)F)cc2)nn1-c1ccc(-c2ccc(OON)cc2)cc1,0.35772357723577236
NOC(=O)c1ccc(-c2ccc(-c3cccs3)cc2)cc1,0.2571428571428571
COc1ccc(-c2ccc(-n3nc(C(N)(F)n4nc(C(F)(F)F)cc4F)cc3F)cc2)cc1,0.4336283185840708
CC(N)c1cc(C(F)(F)F)nn1-c1ccc(-c2ccc(Oc3ccc(OON)cc3)cc2)cc1,0.4152542372881356
Fc1cc(C(F)(F)F)nn1-c1ccc(-c2ccc(-c3cccs3)cc2)cc1,0.46534653465346537
COc1ccc(NC(F)(F)c2cc(F)n(-c3cn(-c4ccc(C)cc4)c(=O)[nH]3)n2)cc1,0.4107142857142857
Cc1ccc(-n2cc(-n3nc(C(C)N)cc3F)[nH]c2=O)cc1,0.3333333333333333
COc1ccc(-c2ccc(-n3nc(C(F)(F)c4ccc(OC)cc4)cc3F)cc2)cc1,0.3826086956521739
NOOC(=O)c1ccc(-c2ccc(-n3nc(C(F)(F)F)cc3-c3cccs3)cc2)cc1,0.48598130841121495
CC(N)c1ccc(-c2ccc(-c3ccc(-n4nc(C(F)(F)F)cc4N)cc3)cc2)cc1,0.44954128440366975
NS(=O)(=O)c1cccc(Nc2ccc(-c3ccc(-n4nc(C(F)(F)c5cccs5)cc4F)cc3)cc2)c1,0.43089430894308944
O=C(c1ccc(-c2ccc(-n3nc(C(F)(F)F)cc3-c3cccs3)cc2)cc1)c1cccs1,0.4434782608695652
Fc1cc(C(F)(F)F)nn1-c1ccc(-c2ccc(Oc3cccs3)cc2)cc1,0.4519230769230769
NC(F)(F)c1cc(F)n(Oc2cc(C(F)(F)F)nn2-c2ccc(-c3ccc(OC(F)(F)F)cc3)cc2)n1,0.3870967741935484
COc1ccc(C(F)(F)c2ccnn2-c2ccc(S(=O)(=O)c3cn(-c4ccc(C)cc4)c(=O)[nH]3)cc2)cc1,0.3798449612403101
Cc1nc(-c2ccc(-n3nc(C(F)(F)F)cc3-c3cccs3)cc2)ccc1C(=O)ON,0.5047619047619047
COc1ccc(Oc2ccc(-c3ccc(-n4nc(C(F)(F)F)cc4F)cc3)cc2)cc1,0.43243243243243246
NOC(=O)Oc1ccc(-c2ccc(-n3nc(C(F)(F)F)cc3F)cc2)cc1,0.5051546391752577
NOOc1ccc(OC(=O)c2ccc(-c3ccc(-n4nc(C(F)(F)F)cc4F)cc3)cc2)cc1,0.4152542372881356
CC(N)c1cc(C(F)(F)F)nn1-c1ccc(-c2ccc(OC(F)(F)C(F)(F)ON)cc2)cc1,0.44144144144144143
CC(N)c1cc(C(F)(F)F)nn1-c1ccc(-c2ccc(OC(=O)ON)cc2)cc1,0.49504950495049505
COC(=O)OC(=O)Oc1ccc(-c2ccc(-n3nc(C(F)(F)F)cc3F)cc2)cc1,0.4807692307692308
Cc1ccc(-n2cc(-n3nc(-c4cccs4)cc3F)[nH]c2=O)cc1,0.34615384615384615
Cc1ccc(-c2cc(-c3cccs3)n3nc(C(=O)C(=O)C(=O)NCc4ccc(S(N)(=O)=O)cc4)nc3n2)cc1,0.3816793893129771
NOOc1ccc(-c2ccc(-c3ccc(-n4nc(C(F)(F)F)cc4F)cc3)cc2)cc1,0.43243243243243246
NOOC(=O)c1ccc(-c2ccc(-c3ccc(-n4nc(C(F)(F)F)cc4F)cc3)cc2)cc1,0.4260869565217391
Fc1cc(C(F)(F)F)nn1-c1ccc(-c2ccc(-c3ccc(OC(F)(F)F)cc3)cc2)cc1,0.4051724137931034
Cc1ccc(-n2cc(-n3nc(ON)cc3F)[nH]c2=O)cc1,0.3402061855670103
Cc1ccc(S(=O)(=O)Nc2ccc(Nc3ccc(C(F)(F)F)cc3)cc2)cc1,0.4326923076923077
NOOc1ccc(-c2ccc(-n3nc(C(F)(F)F)cc3F)cc2)cc1,0.5161290322580645
Cc1nc(-c2ccc(-c3cccs3)cc2)ccc1C(=O)Nc1cccc(S(N)(=O)=O)c1,0.33613445378151263
NOS(=O)(=O)c1nnn(-c2ccc(-c3ccc(-n4nc(C(F)(F)F)cc4F)cc3)cc2)c1-c1cccs1,0.4344262295081967
NS(=O)(=O)c1cccc(Nc2ccc(-c3ccc(Nc4cccc(S(N)(=O)=O)c4)cc3)cc2)c1,0.2846153846153846
CC(N)c1cc(C(C)(F)F)nn1-c1ccc(-c2ccc(OC(=O)ON)cc2)cc1,0.42452830188679247
Cc1ccc(-c2ccc(-n3nnc(S(=O)(=O)c4ccc(C)cc4)c3N)cc2)cc1,0.45714285714285713
NOOc1ccc(-c2ccc(-n3nc(C(F)(F)F)cc3C(F)(F)Nc3cccc(S(N)(=O)=O)c3)cc2)cc1,0.4789915966386555
NOOC(=O)c1ccc(-c2ccc(-n3nc(C(F)(F)F)cc3-c3cccs3)cc2)cc1,0.48598130841121495
NOC(F)(F)c1ccc(-n2nc(C(F)(F)F)cc2F)cc1,0.3804347826086957
Cc1ccc(-c2ccc(-c3ccc(-n4nc(C(F)(F)c5cccs5)cc4N)cc3)cc2)cc1,0.4188034188034188
Cc1ccc(-c2cc(-c3cccs3)n3nc(C(=O)C(=O)C(=O)NCc4ccc(S(N)(=O)=O)cc4)nc3n2)cc1,0.3816793893129771
NOC(F)(F)C(F)(F)c1ccc(-n2nc(C(F)(F)F)cc2-c2cccs2)cc1,0.41346153846153844
COC(=O)OC(=O)c1ccc(-c2ccc(-n3nc(C(F)(F)F)cc3F)cc2)cc1,0.49504950495049505
Fc1ccc(-c2ccc(-c3ccc(-n4nc(C(F)(F)F)cc4F)cc3)cc2)cc1,0.44339622641509435
NOOc1ccc(Nc2cccc(S(N)(=O)=O)c2)cc1,0.29591836734693877
CC(N)c1cc(C(F)(F)F)nn1-c1ccc(-c2ccc(On3nc(C(F)(F)F)cc3F)cc2)cc1,0.4152542372881356
Cc1ccc(S(=O)(=O)Nc2ccc(C(F)(F)c3cccs3)cc2)cc1,0.41
COc1ccc(-c2ccc(-c3ccc(-c4ccc(C(=O)OON)cc4)cc3)cc2)cc1,0.2196969696969697
COc1ccc(-c2ccc(Oc3ccc(-c4ccc(-n5nc(C(F)(F)F)cc5C(C)N)cc4)cc3)cc2)cc1,0.3684210526315789
COC(=O)OC(F)(F)c1cc(F)n(-c2ccc(-c3ccc(Nc4cccc(S(N)(=O)=O)c4)cc3)cc2)n1,0.45
COC(=O)C(F)(F)c1cc(F)n(-c2ccc(-c3ccc(-c4ccc(C)cc4)cc3)cc2)n1,0.45045045045045046
Cc1ccc(-n2cc(-n3nc(C(F)(F)NC(C)N)cc3F)[nH]c2=O)cc1,0.39215686274509803
COC(=O)OC(=O)Oc1ccc(NS(=O)(=O)c2ccc(C)cc2)cc1,0.32075471698113206
CC(N)c1cc(F)nn1-c1ccc(-c2ccc(OON)cc2)cc1,0.37623762376237624
Cc1ccc(S(=O)(=O)C(F)(F)c2cc(-c3cccs3)n(-c3ccc(-c4ccc(ON)cc4)cc3)n2)cc1,0.5172413793103449
CC(=O)c1ccc(-c2ccc(-n3nc(C(F)(F)F)cc3-c3cccs3)cc2)cc1,0.5148514851485149
NS(=O)(=O)c1cccc(NC(F)(F)c2ccc(-c3ccc(-n4nc(C(F)(F)F)cc4F)cc3)cc2)c1,0.504424778761062
NOC(=O)Oc1ccc(-c2ccc(-n3nc(C(F)(F)F)cc3C(N)F)cc2)cc1,0.4803921568627451
CC(N)c1cc(C(F)(F)F)nn1-c1ccc(-c2ccc(OC(=O)ON)cc2)cc1,0.49504950495049505
FC(F)(F)c1ccc(Nn2nc(C(F)(F)F)cc2-c2cccs2)cc1,0.3333333333333333
COC(=O)c1cc(C(C)N)n(-c2ccc(-c3ccc(OON)cc3)cc2)n1,0.3486238532110092
Cc1ccc(-n2cc(-n3nc(-c4ccc(OC(=O)ON)cc4)cc3F)[nH]c2=O)cc1,0.39285714285714285
Cc1nc(-c2ccc(-n3nc(C(F)(F)F)cc3-c3cccs3)cc2)ccc1C(=O)C(F)(F)F,0.4727272727272727
Cc1ccc(S(=O)(=O)Nc2ccc(C(F)(F)C(=O)ON)cc2)cc1,0.4166666666666667
NOOC(=O)c1ccc(-c2ccc(-n3nc(C(F)(F)F)cc3-c3cccs3)cc2)cc1,0.48598130841121495
COC(=O)c1ccc(-c2ccc(-n3nc(C(F)(F)F)cc3-c3cccs3)cc2)cc1,0.5
O=C(F)Oc1ccc(-c2ccc(-n3nc(C(F)(F)F)cc3F)cc2)cc1,0.5052631578947369
COC(=O)c1cc(C(F)(F)F)nn1-c1ccc(-c2ccc(OON)cc2)cc1,0.5050505050505051
COc1ccc(-c2ccc(-n3nc(-c4ccc(OC(=O)ON)cc4)cc3F)cc2)cc1,0.32231404958677684
NOc1ccc(OC(=O)Oc2ccc(-c3ccc(-n4nc(C(F)(F)F)cc4F)cc3)cc2)cc1,0.4152542372881356
Cc1ccc(S(=O)(=O)c2nnn(-c3ccc(-c4ccc(OON)cc4)cc3)c2N)cc1,0.43243243243243246
COc1ccc(-c2ccc(-n3nc(C(F)(F)n4nc(C(F)(F)F)cc4-c4cccs4)cc3F)cc2)cc1,0.4
CC(=O)c1ccc(-c2ccc(-n3nc(C(F)(F)c4cccs4)cc3-c3cccs3)cc2)cc1,0.3949579831932773
O=C(F)Oc1ccc(OC(=O)c2ccc(-c3ccc(-n4nc(C(F)(F)F)cc4F)cc3)cc2)cc1,0.4083333333333333
NS(=O)(=O)c1cccc(NC(F)(F)c2ccc(-n3nc(C(F)(F)F)cc3-c3cccs3)cc2)c1,0.5137614678899083
COc1ccc(-c2ccc(-n3nc(S(N)(=O)=O)cc3F)cc2)cc1,0.4838709677419355
NOc1ccc(-c2ccc(-n3nc(C(F)(F)F)cc3F)cc2)cc1,0.5333333333333333
O=C(F)Oc1ccc(-c2ccc(-n3nc(C(F)(F)n4nc(C(F)(F)F)cc4F)cc3F)cc2)cc1,0.40336134453781514
Cc1ccc(-n2cc(S(=O)(=O)c3ccc(-n4nccc4C(N)(F)F)cc3)[nH]c2=O)cc1,0.4672897196261682
CC(N)c1cc(C(F)(F)F)nn1-c1ccc(OON)cc1,0.391304347826087
COc1ccc(-c2ccc(-n3nc(C(F)(F)F)cc3F)cc2)cc1,0.5333333333333333
CC(Nc1cccc(S(N)(=O)=O)c1)c1cc(C(F)(F)F)nn1-c1ccc(-c2ccc(OC(=O)ON)cc2)cc1,0.4793388429752066
COc1ccc(-c2ccc(-n3nc(C(F)(F)F)cc3C(=O)ON)cc2)cc1,0.5208333333333334
Cc1ccc(S(=O)(=O)C(F)(F)c2ccc(C(F)(F)Nc3cccc(S(N)(=O)=O)c3)cc2)cc1,0.44144144144144143
Cc1ccc(C(F)(F)Nc2cccc(S(N)(=O)=O)c2)cc1,0.45454545454545453
NOC(=O)Oc1ccc(-c2ccc(-c3ccc(-n4nc(C(F)(F)F)cc4F)cc3)cc2)cc1,0.4260869565217391
CC(N)c1cc(C(F)(F)F)nn1-c1ccc(-c2cc(F)n(-c3ccc(-c4ccc(OON)cc4)cc3)n2)cc1,0.3712121212121212
COC(=O)c1cc(C(F)(F)F)nn1C(F)(F)S(=O)(=O)c1ccc(C)cc1,0.4329896907216495
COC(=O)Oc1ccc(-c2ccc(-n3nc(C(F)(F)F)cc3F)cc2)cc1,0.5051546391752577
Cc1ccc(S(=O)(=O)C(F)(F)C(F)(F)c2cc(F)n(-c3ccc(-c4ccc(OC(=O)F)cc4)cc3)n2)cc1,0.49572649572649574
COC(=O)C(F)(F)c1cc(F)n(-c2ccc(-c3ccc(OC(=O)c4cccc(S(N)(=O)=O)c4)cc3)cc2)n1,0.4426229508196721
COc1ccc(-c2ccc(-n3nc(C(F)(F)n4nc(C(F)(F)F)cc4C(=O)ON)cc3F)cc2)cc1,0.4166666666666667
COC(=O)c1ccc(-c2ccc(-n3nc(C(F)(F)Nc4cccc(S(N)(=O)=O)c4)cc3-c3cccs3)cc2)cc1,0.4375
COc1ccc(-c2ccc(-n3nc(C(F)(F)C(F)(F)F)cc3F)cc2)cc1,0.45
NOC(=O)c1cc(C(F)(F)F)nn1-c1ccc(-c2ccc(OC(F)(F)F)cc2)cc1,0.47115384615384615
Cc1ccc(S(=O)(=O)C(F)(F)C(F)(F)c2cc(-c3cccs3)n(-c3ccc(-c4ccc(ON)cc4)cc3)n2)cc1,0.512396694214876
Cc1ccc(S(=O)(=O)c2nnn(-c3ccc(-c4ccc(OC(=O)F)cc4)cc3)c2N)cc1,0.4375
Cc1ccc(-c2ccc(-c3ccc(-n4nc(C(F)(F)c5cccc(S(N)(=O)=O)c5)cc4N)cc3)cc2)cc1,0.48333333333333334
CC(=O)Oc1ccc(-c2ccc(-n3nc(C(F)(F)F)cc3F)cc2)cc1,0.5212765957446809
NOOc1ccc(-c2ccc(-c3ccc(-n4nc(C(F)(F)F)cc4F)cc3)cc2)cc1,0.43243243243243246
NOOc1ccc(-c2ccc(-n3nc(C(F)(F)F)cc3F)cc2)cc1,0.5161290322580645
NOc1ccc(-c2ccc(C(F)(F)c3cc(F)n(-c4ccc(-c5ccc(OC(=O)F)cc5)cc4)n3)cc2)cc1,0.3284671532846715
CC(=O)OC(F)(F)c1cc(-c2cccs2)n(-c2ccc(-c3ccc(ON)cc3)cc2)n1,0.43243243243243246
Cc1ccc(S(=O)(=O)C(F)(F)c2cc(C)n(-c3ccc(-c4ccc(ON)cc4)cc3)n2)cc1,0.5377358490566038
COc1ccc(-c2ccc(-n3nc(C(F)(F)F)cc3C(=O)ON)cc2)cc1,0.5208333333333334
COC(=O)c1cc(C(F)(F)F)nn1-c1ccc(-c2ccc(-c3ccc(-c4ccc(ON)cc4)cc3)cc2)cc1,0.3787878787878788
Cc1ccc(-c2ccc(-c3ccc(-n4nc(C(F)(F)F)cc4-c4ccc(OC(=O)ON)cc4)cc3)cc2)cc1,0.4918032786885246
NS(=O)(=O)c1cccc(Nc2ccc(-c3ccc(-n4nc(C(F)(F)C(F)(F)F)cc4F)cc3)cc2)c1,0.46551724137931033
CC(=O)Oc1cc(F)n(-c2ccc(-c3ccc(OON)cc3)cc2)n1,0.3786407766990291
Cc1nc(-c2ccc(-n3nc(C(F)(F)F)cc3-c3cccs3)cc2)ccc1-c1ccc(OC(=O)ON)cc1,0.432
NOc1ccc(-c2ccc(-n3nc(C(F)(F)F)cc3F)cc2)cc1,0.5333333333333333
CC(=O)c1ccc(-c2ccc(-n3nc(C(F)(F)n4nc(C(F)(F)F)cc4F)cc3-c3cccs3)cc2)cc1,0.416
CC(=O)Oc1ccc(-c2ccc(-n3nc(C(F)(F)F)cc3-c3ccc(-c4ccc(ON)cc4)cc3)cc2)cc1,0.4330708661417323
CC(=O)C(F)(F)c1ccc(-n2nc(C(F)(F)F)cc2-c2cccs2)cc1,0.4489795918367347
NC(F)(F)c1cc(F)n(-c2ccc(-c3ccc(OC(=O)F)cc3)cc2)n1,0.45918367346938777
Cc1ccc(S(=O)(=O)Nc2ccc(-c3ccc(-c4ccc(OON)cc4)cc3)cc2)cc1,0.3360655737704918
NOOc1ccc(-c2ccc(-n3nc(C(F)(F)F)cc3C(=O)OC(F)(F)F)cc2)cc1,0.45794392523364486
NOOc1ccc(-c2ccc(Nc3cccc(S(N)(=O)=O)c3)cc2)cc1,0.3425925925925926
NOC(=O)c1cc(C(F)(F)F)nn1-c1ccc(-c2ccc(On3nc(C(F)(F)F)cc3F)cc2)cc1,0.4049586776859504
NOC(=O)Oc1ccc(-c2ccc(-n3nc(C(F)(F)F)cc3F)cc2)cc1,0.5051546391752577
NOC(=O)c1cc(C(F)(F)F)nn1-c1ccc(-c2ccc(ONc3cccc(S(N)(=O)=O)c3)cc2)cc1,0.48717948717948717
NOC(=O)c1cc(C(F)(F)F)nn1-c1cccc(S(N)(=O)=O)c1,0.41935483870967744
NOC(F)(F)c1cc(F)n(-c2ccc(-c3ccc(OC(=O)F)cc3)cc2)n1,0.44554455445544555
CC(=O)NC(F)(F)c1ccc(-c2ccc(-n3nc(C(F)(F)F)cc3F)cc2)cc1,0.48514851485148514
NOc1ccc(-c2ccc(NC(F)(F)c3ccc(-c4ccc(-n5nc(C(F)(F)F)cc5F)cc4)cc3)cc2)cc1,0.35294117647058826
NOC(=O)ONC(F)(F)c1ccc(-n2nc(C(F)(F)F)cc2-c2cccs2)cc1,0.411214953271028
NS(=O)(=O)c1cccc(Nc2cccc(S(N)(=O)=O)c2)c1,0.26732673267326734
Cc1nc(-c2ccc(-n3nc(C(F)(F)F)cc3-c3cccs3)cc2)ccc1C(=O)F,0.5048543689320388
Cc1nc(-c2ccc(-c3ccc(OC(=O)ON)cc3)cc2)ccc1C(=O)F,0.2894736842105263
NOOc1ccc(-c2ccc(-n3nc(S(N)(=O)=O)cc3F)cc2)cc1,0.4536082474226804
O=C(F)Oc1ccc(NC(F)(F)c2ccc(-n3nc(C(F)(F)F)cc3-c3cccs3)cc2)cc1,0.4067796610169492
NOC(=O)c1cc(C(F)(F)F)nn1-c1cc(-c2cccs2)n(-c2ccc(-c3ccc(ON)cc3)cc2)n1,0.408
Cc1ccc(-c2ccc(-c3ccc(-n4nc(F)cc4F)cc3)cc2)cc1,0.4174757281553398
CC(N)OC(=O)c1cc(C(F)(F)F)nn1-c1ccc(-c2ccc(OON)cc2)cc1,0.4807692307692308
Cc1ccc(S(=O)(=O)C(F)(F)c2cc(C)n(-c3ccc(OC(=O)ON)cc3)n2)cc1,0.5454545454545454
NNC(F)(F)c1ccc(-n2nc(C(F)(F)F)cc2-c2cccs2)cc1,0.44329896907216493
COc1ccc(-c2cc(C)n(-c3ccc(OC(=O)ON)cc3)n2)cc1,0.3786407766990291
Cc1ccc(S(=O)(=O)Nc2ccc(C(F)(F)c3cc(F)n(-c4ccc(-c5ccc(ON)cc5)cc4)n3)cc2)cc1,0.4603174603174603
COc1ccc(-c2ccc(-n3nc(-c4cc(C)n(-c5ccc(OC(=O)ON)cc5)n4)cc3F)cc2)cc1,0.291970802919708
COc1ccc(C(F)(F)c2cc(-c3cccs3)n(-c3ccc(-c4ccc(C(C)=O)cc4)cc3)n2)cc1,0.3700787401574803
Fc1cc(C(F)(F)F)nn1-c1ccc(-c2cccs2)cc1,0.4772727272727273
Cc1ccc(S(=O)(=O)c2nnn(-c3ccc(-c4ccc(-c5ccc(OC(=O)ON)cc5)cc4)cc3)c2N)cc1,0.3582089552238806
NOOc1ccc(-c2ccc(-n3nc(C(F)(F)c4ccc(-c5ccc(ON)cc5)cc4)cc3F)cc2)cc1,0.3235294117647059
NOc1ccc(-c2ccc(-c3ccc(-c4ccc(-n5nc(C(F)(F)F)cc5F)cc4)cc3)cc2)cc1,0.38095238095238093
NOOc1ccc(-c2ccc(-c3ccc(-n4nc(C(F)(F)F)cc4N)cc3)cc2)cc1,0.43243243243243246
NOC(=O)c1cc(C(F)(F)F)nn1-c1ccc(-c2ccc(OF)cc2)cc1,0.5051546391752577
Fc1cc(C(F)(F)F)nn1-c1ccc(-c2ccc(C(F)(F)Nn3nc(C(F)(F)F)cc3-c3cccs3)cc2)cc1,0.3684210526315789
NOC(F)(F)c1cc(F)n(-c2ccc(-c3ccc(Nc4cccc(S(N)(=O)=O)c4)cc3)cc2)n1,0.4690265486725664
COc1ccc(-c2ccc(-n3nc(C(F)(F)F)cc3OC(=O)ON)cc2)cc1,0.5050505050505051
CC(=O)Oc1ccc(-c2ccc(-n3nc(C(F)(F)F)cc3F)cc2)cc1,0.5212765957446809
Cc1ccc(S(=O)(=O)C(F)(OON)c2cc(-c3cccs3)n(-c3ccc(-c4ccc(ON)cc4)cc3)n2)cc1,0.46774193548387094
COc1ccc(OC(=O)c2cc(C(F)(F)F)nn2-c2ccc(-c3ccc(OC)cc3)cc2)cc1,0.4152542372881356
NOc1ccc(-c2ccc(-n3nc(-c4ccc(OC(=O)F)cc4)cc3-c3cccs3)cc2)cc1,0.3076923076923077
COC(=O)c1cc(C(F)(F)F)nn1-c1ccc(-c2ccc(C(F)(F)F)cc2)cc1,0.48514851485148514
NOc1ccc(Oc2ccc(-c3ccc(-n4nc(C(F)(F)F)cc4F)cc3)cc2)cc1,0.43243243243243246
CC(=O)Oc1cc(C(F)(F)F)nn1-c1ccc(-c2ccc(OF)cc2)cc1,0.5051546391752577
COc1ccc(-c2ccc(-n3nc(-c4ccc(-c5ccc(OON)cc5)cc4)cc3F)cc2)cc1,0.2814814814814815
Cc1ccc(-c2ccc(-c3ccc(-n4nc(-c5ccc(ON)cc5)cc4F)cc3)cc2)cc1,0.3467741935483871
O=C(On1nc(C(F)(F)F)cc1F)c1ccc(-c2ccc(-n3nc(C(F)(F)F)cc3F)cc2)cc1,0.40336134453781514
NOOc1ccc(-c2ccc(Nc3cccc(S(N)(=O)=O)c3)cc2)cc1,0.3425925925925926
Cc1nc(C(F)(F)c2cc(F)n(-c3ccc(-c4ccc(OON)cc4)cc3)n2)ccc1C(=O)F,0.3949579831932773
COc1ccc(-c2ccc(-n3nc(-c4ccc(-n5nc(C(F)(F)F)cc5-c5cccs5)cc4)cc3F)cc2)cc1,0.37777777777777777
COc1ccc(-c2ccc(Oc3ccc(-c4ccc(-n5nc(C(F)(F)F)cc5C(=O)ON)cc4)cc3)cc2)cc1,0.37037037037037035
NS(=O)(=O)c1cccc(C(=O)Oc2ccc(-c3ccc(-n4nc(C(F)(F)S(N)(=O)=O)cc4F)cc3)cc2)c1,0.4344262295081967
NOOc1ccc(-c2ccc(-c3ccc(-n4nc(C(F)(F)F)cc4-c4cccs4)cc3)cc2)cc1,0.4214876033057851
Fc1ccc(-c2ccc(-n3nc(C(F)(F)F)cc3F)cc2)cc1,0.5340909090909091
Cc1ccc(-c2ccc(-c3ccc(-n4nc(-c5ccc(-c6ccc(ON)cc6)cc5)cc4F)cc3)cc2)cc1,0.3028169014084507
CC(=O)Oc1ccc(-c2ccc(-n3nc(C(F)(F)F)cc3-c3ccc(-c4ccc(OON)cc4)cc3)cc2)cc1,0.4230769230769231
COc1ccc(-c2ccc(-n3nc(C(F)(F)C(C)N)cc3F)cc2)cc1,0.45918367346938777
NOOOC(=O)c1ccc(-c2ccc(-n3nc(C(F)(F)F)cc3F)cc2)cc1,0.49
NOC(=O)Oc1ccc(-c2ccc(-n3nc(C(F)(F)F)cc3C(=O)ON)cc2)cc1,0.4807692307692308
NOOc1ccc(-c2ccc(-n3nc(C(F)(F)F)cc3-c3cccs3)cc2)cc1,0.49514563106796117
CC(=O)c1ccc(-c2ccc(-n3nc(C(F)(F)c4ccc(ON)cc4)cc3-c3cccs3)cc2)cc1,0.38095238095238093
COc1ccc(C(F)(F)c2cc(F)n(-c3ccc(-c4ccc(Nc5cccc(S(N)(=O)=O)c5)cc4)cc3)n2)cc1,0.4153846153846154
NOc1ccc(-c2ccc(-c3ccc(Nc4cccc(S(N)(=O)=O)c4)cc3)cc2)cc1,0.3008130081300813
NOOOC(=O)c1ccc(-c2ccc(-n3nc(C(F)(F)F)cc3F)cc2)cc1,0.49
CC(=O)C(F)(F)c1cc(F)n(-c2ccc(-c3ccc(OC(=O)c4cccc(S(N)(=O)=O)c4)cc3)cc2)n1,0.453781512605042
NOC(=O)c1cc(C(F)(F)n2nc(C(F)(F)F)cc2C(=O)ON)nn1-c1ccc(-c2ccc(OF)cc2)cc1,0.390625
Cc1ccc(S(=O)(=O)C(F)(F)c2ccc(C(F)(F)Nc3cccc(S(N)(=O)=O)c3)cc2)cc1,0.44144144144144143
CC(=O)C(F)(F)c1cc(F)n(-c2ccc(-c3ccc(OC(=O)ON)cc3)cc2)n1,0.4519230769230769
NOC(=O)Oc1ccc(C(F)(F)c2cc(F)n(-c3ccc(-c4ccc(ON)cc4)cc3)n2)cc1,0.36885245901639346
COc1ccc(-c2ccc(-n3nc(C(F)(F)n4nc(C(F)(F)F)cc4F)cc3OC(=O)ON)cc2)cc1,0.4065040650406504
Cc1nc(-c2ccc(C(=O)ON)cc2)ccc1C(=O)F,0.2727272727272727
COc1ccc(-c2ccc(-n3nc(-c4ccc(-n5nc(C(F)(F)F)cc5OC(C)=O)cc4)cc3F)cc2)cc1,0.3712121212121212
COC(=O)Oc1ccc(-c2ccc(-n3nc(C(F)(F)C(F)(F)S(=O)(=O)c4ccc(C)cc4)cc3F)cc2)cc1,0.48333333333333334
NOOc1ccc(-c2ccc(-n3nc(-c4ccc(OON)cc4)cc3F)cc2)cc1,0.30578512396694213
NOC(=O)OC(=O)c1cc(C(F)(F)F)nn1-c1ccc(-c2ccc(OF)cc2)cc1,0.4807692307692308
CC(=O)c1cc(C(F)(F)F)nn1-c1ccc(-c2ccc(OON)cc2)cc1,0.5208333333333334
COc1ccc(-c2ccc(-n3nc(C(F)(F)F)cc3-c3cccs3)cc2)cc1,0.51
Cc1ccc(-c2ccc(-c3ccc(-n4nc(C(F)(F)F)cc4S(N)(=O)=O)cc3)cc2)cc1,0.6161616161616161
NOc1ccc(-c2ccc(-n3nc(C(F)(F)c4ccc(-c5ccc(F)cc5)cc4)cc3-c3cccs3)cc2)cc1,0.3357142857142857
COC(=O)c1cc(C(F)(F)F)nn1-c1ccc(-c2ccc(Nc3cccc(S(N)(=O)=O)c3)cc2)cc1,0.5132743362831859
COc1ccc(-c2ccc(-n3nc(C(F)(F)F)cc3C(=O)OOC(C)=O)cc2)cc1,0.4807692307692308
NS(=O)(=O)C(F)(F)c1cc(F)n(-c2ccc(-c3ccc(OC(=O)F)cc3)cc2)n1,0.5
Cc1cc(-n2nc(C(F)(F)F)cc2-c2cccs2)nn1-c1ccc(OC(=O)ON)cc1,0.42342342342342343
CC(=O)Oc1ccc(-c2ccc(-n3nc(C(F)(F)F)cc3S(N)(=O)=O)cc2)cc1,0.5957446808510638
NS(=O)(=O)c1cccc(Nn2nc(C(F)(F)F)cc2F)c1,0.3956043956043956
COc1ccc(C(F)(F)c2cc(F)n(-c3ccc(-c4ccc(ON)cc4)cc3)n2)cc1,0.39473684210526316
Cc1ccc(-c2ccc(-c3ccc(-c4ccc(OC(=O)F)cc4)cc3)cc2)cc1,0.2809917355371901
CC(=O)Oc1ccc(-c2ccc(-n3nc(C(F)(F)c4ccc(-c5ccc(F)cc5)cc4)cc3F)cc2)cc1,0.3358208955223881
NONC(F)(F)c1ccc(-n2nc(C(F)(F)F)cc2-c2cccs2)cc1,0.43
CC(=O)Oc1ccc(-c2ccc(OC(=O)ON)cc2)cc1,0.2621359223300971
Cc1ccc(-c2ccc(-c3ccc(Nc4cccc(S(N)(=O)=O)c4)cc3)cc2)cc1,0.37719298245614036
NS(=O)(=O)c1cccc(Nc2ccc(-c3ccc(-c4ccc(-n5nc(C(F)(F)F)cc5F)cc4)cc3)cc2)c1,0.4596774193548387
COc1ccc(-c2ccc(-n3nc(ON)cc3C(=O)ON)cc2)cc1,0.36538461538461536
COc1ccc(-c2ccc(-n3nc(C(F)(F)F)cc3C(F)(F)F)cc2)cc1,0.4948453608247423
COc1ccc(-c2cc(F)n(-c3ccc(-c4ccc(F)cc4)cc3)n2)cc1,0.34234234234234234
Cc1ccc(-c2ccc(-c3ccc(-n4nc(C(F)(F)F)cc4F)cc3)cc2)cc1,0.53
Cc1ccc(S(=O)(=O)C(F)(F)c2cc(C)n(-c3ccc(-n4nc(C(F)(F)F)cc4-c4cccs4)cc3)n2)cc1,0.5169491525423728
CC(=O)Oc1ccc(-c2ccc(-n3nc(C(F)(F)n4nc(C(F)(F)F)cc4C(=O)ON)cc3F)cc2)cc1,0.4112903225806452
CC(=O)c1cc(C(F)(F)F)nn1-c1ccc(-n2nc(C(F)(F)S(=O)(=O)c3ccc(C)cc3)cc2C)cc1,0.5132743362831859
NOC(=O)c1cc(C(F)(F)F)nn1-c1ccc(-c2ccc(-n3nc(C(F)(F)F)cc3F)cc2)cc1,0.4152542372881356
NS(=O)(=O)c1cccc(NC(F)(F)c2ccc(-c3ccc(-n4nc(C(F)(F)F)cc4F)cc3)cc2)c1,0.504424778761062
NOc1ccc(-c2ccc(-c3cccc(S(N)(=O)=O)c3)cc2)cc1,0.3627450980392157
CC(=O)c1cc(C(F)(F)F)nn1-c1ccc(-n2nc(C(F)(F)C(F)(F)S(=O)(=O)c3ccc(C)cc3)cc2C)cc1,0.48333333333333334
Cc1nc(-c2ccc(-n3nc(C(F)(F)F)cc3-c3cccs3)cc2)ccc1C(=O)Nc1cccc(S(N)(=O)=O)c1,0.512396694214876
Cc1ccc(S(=O)(=O)C(F)(F)c2cc(F)n(-c3ccc(-c4ccc(OC(=O)F)cc4)cc3)n2)cc1,0.5135135135135135
CC(=O)OC(F)(F)c1cc(F)n(-c2ccc(-c3ccc(OON)cc3)cc2)n1,0.44660194174757284
Cc1nc(-c2ccc(-n3nc(C(F)(F)F)cc3-c3cccs3)cc2)ccc1C(=O)Nc1cccc(S(C)(=O)=O)c1,0.464
Cc1ccc(C(F)(F)c2cc(-c3cccs3)n(-c3ccc(-c4ccc(ON)cc4)cc3)n2)cc1,0.4444444444444444
CC(=O)Oc1ccc(-c2ccc(-n3nc(-c4ccc(-n5nc(C(F)(F)F)cc5F)cc4)cc3F)cc2)cc1,0.3798449612403101
Cc1ccc(S(=O)(=O)C(F)(F)c2cc(C)n(-c3ccc(OC(=O)F)cc3)n2)cc1,0.5625
CC(=O)Oc1ccc(-c2cc(F)n(-c3ccc(-c4ccc(OON)cc4)cc3)n2)cc1,0.32231404958677684
COc1ccc(-c2ccc(-n3nc(C(F)(F)F)cc3F)cc2)cc1,0.5333333333333333
CC(=O)Oc1ccc(C(=O)Oc2ccc(-c3ccc(-n4nc(C(F)(F)F)cc4S(N)(=O)=O)cc3)cc2)cc1,0.4666666666666667
Cc1ccc(S(=O)(=O)C(F)(F)c2cc(C)n(-c3ccc(OC(=O)F)cc3)n2)cc1,0.5625
Cc1ccc(S(=O)(=O)C(F)(F)c2cc(S(N)(=O)=O)n(-c3ccc(OC(=O)ON)cc3)n2)cc1,0.5384615384615384
CC(=O)c1cc(C(F)(F)S(=O)(=O)c2ccc(C)cc2)nn1-c1ccc(-c2ccc(ON)cc2)cc1,0.5135135135135135
COC(=O)n1nc(C(F)(F)S(=O)(=O)c2ccc(C)cc2)cc1C,0.3894736842105263
Cc1ccc(-c2ccc(-c3ccc(S(=O)(=O)c4ccc(C)cc4)cc3)cc2)cc1,0.3508771929824561
Cc1ccc(S(=O)(=O)C(F)(F)c2cc(Nc3cccc(S(N)(=O)=O)c3)n(-c3ccc(OC(=O)F)cc3)n2)cc1,0.48333333333333334
Cc1ccc(-c2ccc(-c3ccc(-n4nc(C(F)(F)n5nc(C(F)(F)F)cc5F)cc4F)cc3)cc2)cc1,0.4274193548387097
Cc1ccc(-c2ccc(-c3ccc(-n4nc(C(F)(F)S(=O)(=O)c5ccc(C)cc5)cc4F)cc3)cc2)cc1,0.47107438016528924
Cc1ccc(-c2ccc(-c3ccc(-n4nc(OC(=O)F)cc4F)cc3)cc2)cc1,0.4
NS(=O)(=O)c1cccc(Nc2ccc(-c3ccc(-n4nc(C(F)(F)F)cc4F)cc3)cc2)c1,0.5377358490566038
COc1ccc(-c2ccc(-n3nc(C(F)(F)n4nc(C(F)(F)F)cc4F)cc3F)cc2)cc1,0.42105263157894735
Cc1cc(C(F)(F)S(=O)(=O)n2nc(C(F)(F)F)cc2F)nn1-c1ccc(OC(=O)F)cc1,0.39285714285714285
CC(=O)OS(=O)(=O)C(F)(F)c1cc(F)n(-c2ccc(-c3ccc(OC(=O)F)cc3)cc2)n1,0.44954128440366975
Nc1cc(C(F)(F)F)nn1-c1ccc(-c2ccc(-c3ccc(F)cc3)cc2)cc1,0.45714285714285713
FOc1ccc(-c2ccc(-n3nc(C(F)(F)F)cc3F)cc2)cc1,0.5164835164835165
COc1ccc(-c2ccc(-n3nc(C(F)(F)F)cc3C(=O)OS(N)(=O)=O)cc2)cc1,0.5612244897959183
COC(=O)c1cc(C(F)(F)F)nn1-c1ccc(-c2ccc(-n3nc(C(F)(F)F)cc3S(N)(=O)=O)cc2)cc1,0.4745762711864407
NS(=O)(=O)c1cccc(Nc2ccc(-c3ccc(-n4nc(C(F)(F)F)cc4S(N)(=O)=O)cc3)cc2)c1,0.504424778761062
COc1ccc(-c2ccc(-n3nc(C(=O)OS(N)(=O)=O)cc3C(=O)ON)cc2)cc1,0.38738738738738737
Cc1ccc(-c2ccc(-c3ccc(-n4nc(C(F)(F)C(F)(F)F)cc4F)cc3)cc2)cc1,0.45454545454545453
Cc1ccc(-c2ccc(-c3ccc(Nc4cccc(S(N)(=O)=O)c4)cc3)cc2)cc1,0.37719298245614036
CC(=O)Oc1ccc(-c2cc(-c3cccs3)n(-c3ccc(-c4ccc(ON)cc4)cc3)n2)cc1,0.3076923076923077
COc1ccc(-c2ccc(-n3nc(C(F)(F)C(=O)OS(N)(=O)=O)cc3C(=O)ON)cc2)cc1,0.45045045045045046
Cc1ccc(S(=O)(=O)C(F)(F)c2cc(C)n(-n3nc(C(F)(F)F)cc3-c3cccs3)n2)cc1,0.4636363636363636
Fc1cc(C(F)(F)F)nn1-c1ccc(-c2ccc(-n3nc(C(F)(F)F)cc3F)cc2)cc1,0.41964285714285715
NOC(=O)OOc1ccc(-c2ccc(-n3nc(C(F)(F)F)cc3C(=O)ON)cc2)cc1,0.4672897196261682
CC(=O)Oc1ccc(-c2cccc(S(N)(=O)=O)c2)cc1,0.3548387096774194
CC(=O)c1ccc(-n2nc(C(F)(F)F)cc2C(C)=O)cc1,0.4111111111111111
O=C(Oc1ccc(-c2ccc(-n3nc(C(F)(F)F)cc3F)cc2)cc1)c1cccc(S(=O)(=O)F)c1,0.4608695652173913
COC(=O)c1cc(C(F)(F)F)nn1-c1ccc(-c2ccc(OC)cc2)cc1,0.5051546391752577
NOOc1ccc(Oc2ccc(-c3ccc(-n4nc(C(F)(F)F)cc4F)cc3)cc2)cc1,0.42105263157894735
Cc1cc(C(F)(F)S(=O)(=O)C(F)(F)F)nn1-c1ccc(-n2nc(C(F)(F)F)cc2-c2cccs2)cc1,0.4358974358974359
Fc1ccc(-c2ccc(-n3nc(-c4ccc(-n5nc(C(F)(F)F)cc5F)cc4)cc3F)cc2)cc1,0.3821138211382114
Cc1ccc(S(=O)(=O)C(F)(F)c2cc(C)n(OC(=O)ON)n2)cc1,0.3917525773195876
Cc1ccc(S(=O)(=O)C(F)(F)c2cc(F)n(-c3ccc(-c4ccc(OON)cc4)cc3)n2)cc1,0.5370370370370371
CC(=O)c1ccc(-c2ccc(-n3nc(C(F)(F)F)cc3-c3cccs3)cc2)cc1,0.5148514851485149
Cc1cc(-c2cccc(S(N)(=O)=O)c2)nn1-c1ccc(OC(=O)ON)cc1,0.4174757281553398
CC(=O)Oc1ccc(-c2ccc(-n3nc(C(F)(F)C(=O)OS(N)(=O)=O)cc3F)cc2)cc1,0.4766355140186916
NOOc1ccc(-c2ccc(-c3ccc(Nc4cccc(S(N)(=O)=O)c4)cc3)cc2)cc1,0.29365079365079366
Cc1ccc(-c2ccc(-c3ccc(-n4nc(C(F)(F)c5ccc(OON)cc5)cc4N)cc3)cc2)cc1,0.3828125
NS(=O)(=O)c1cccc(Nc2ccc(-c3ccc(-n4nc(OC(=O)F)cc4F)cc3)cc2)c1,0.4017094017094017
COc1ccc(-c2ccc(-c3ccc(C(F)(F)Nc4cccc(S(N)(=O)=O)c4)cc3)cc2)cc1,0.3467741935483871
CC(=O)C(F)(F)c1cc(F)n(-c2ccc(-c3ccc(OC(=O)c4cccc(S(N)(=O)=O)c4)cc3)cc2)n1,0.453781512605042
Cc1ccc(-c2ccc(-c3ccc(-n4nc(C(F)(F)F)cc4S(N)(=O)=O)cc3)cc2)cc1,0.6161616161616161
Cc1cc(C(F)(F)S(=O)(=O)S(N)(=O)=O)nn1-c1ccc(-n2nc(C(F)(F)F)cc2-c2cccs2)cc1,0.4608695652173913
Cc1ccc(-c2ccc(-c3ccc(-n4nc(C(F)(F)C(F)(F)F)cc4F)cc3)cc2)cc1,0.45454545454545453
Cc1ccc(S(=O)(=O)C(F)(F)c2cc(-c3ccc(OON)cc3)n(-c3ccc(OC(=O)F)cc3)n2)cc1,0.5675675675675675
COc1ccc(-c2ccc(-n3nc(C(F)(F)c4ccc(OON)cc4)cc3C(=O)ON)cc2)cc1,0.36
NS(=O)(=O)c1cccc(Nc2ccc(-c3ccc(-n4nc(C(F)(F)C(F)(F)F)cc4F)cc3)cc2)c1,0.46551724137931033
CC(=O)c1cc(-c2cccs2)n(-c2ccc(-c3ccc(ON)cc3)cc2)n1,0.3669724770642202
COc1ccc(-c2ccc(-n3nc(C(F)(F)F)cc3C(=O)OON)cc2)cc1,0.5050505050505051
CC(=O)c1cc(F)n(-c2ccc(-c3ccc(Nc4cccc(S(N)(=O)=O)c4)cc3)cc2)n1,0.41228070175438597
CC(=O)c1cc(C(F)(F)C(F)(F)S(=O)(=O)c2ccc(C)cc2)nn1-c1ccc(-c2ccc(OON)cc2)cc1,0.4957983193277311
Cc1cc(-n2nc(C(F)(F)F)cc2C(=O)ON)nn1-c1ccc(OC(=O)ON)cc1,0.3783783783783784
Cc1cc(C(F)(F)S(=O)(=O)OC(=O)F)nn1-c1ccc(OC(=O)F)cc1,0.3592233009708738
Cc1ccc(-c2ccc(-c3ccc(-c4ccc(-c5ccc(OON)cc5)cc4)cc3)cc2)cc1,0.2391304347826087
CC(=O)c1cc(C(F)(F)F)nn1-c1ccc(-c2ccc(OON)cc2)cc1,0.5208333333333334
CC(=O)c1ccc(-c2ccc(-n3nc(C(F)(F)F)cc3F)cc2)cc1,0.5384615384615384
Cc1cc(C(F)(F)S(=O)(=O)F)nn1-c1ccc(-n2nc(C(F)(F)F)cc2-c2cccs2)cc1,0.4636363636363636
NOc1ccc(-c2ccc(-c3ccc(-n4nc(C(F)(F)F)cc4N)cc3)cc2)cc1,0.4444444444444444
NOOc1ccc(-c2ccc(OC(=O)ON)cc2)cc1,0.24271844660194175
COc1ccc(-c2ccc(-n3nc(C(F)(F)F)cc3C(=O)On3nc(C(F)(F)F)cc3C(=O)ON)cc2)cc1,0.4015748031496063
COc1ccc(-c2ccc(C(=O)c3ccc(-c4ccc(-n5nc(C(F)(F)F)cc5F)cc4)cc3)cc2)cc1,0.3769230769230769
COc1ccc(-c2ccc(-n3nc(C(F)(F)F)cc3C(=O)Oc3ccc(OC(=O)F)cc3)cc2)cc1,0.4098360655737705
CC(=O)c1ccc(Oc2ccc(-n3nc(C(F)(F)S(=O)(=O)c4ccc(C)cc4)cc3S(N)(=O)=O)cc2)cc1,0.47058823529411764
CC(=O)c1cc(-c2cccs2)n(-c2ccc(-c3ccc(C(=O)OS(=O)(=O)c4ccc(C)cc4)cc3)cc2)n1,0.3984375
CC(=O)Oc1ccc(-c2ccc(-n3nc(C(F)(F)c4ccc(OC(C)=O)cc4)cc3F)cc2)cc1,0.37398373983739835
COc1ccc(-n2nc(C(F)(F)S(=O)(=O)c3ccc(C)cc3)cc2F)cc1,0.5934065934065934
CC(=O)c1ccc(-c2ccc(C(F)(F)c3cc(F)n(-c4ccc(-c5ccc(OF)cc5)cc4)n3)cc2)cc1,0.3358208955223881
CC(=O)c1cc(C(F)(F)F)nn1-c1ccc(S(=O)(=O)C(F)(F)c2cc(C)n(-c3ccc(OC(=O)F)cc3)n2)cc1,0.432
CC(=O)OC(F)(F)c1cc(F)n(-c2ccc(-c3ccc(ON)cc3)cc2)n1,0.46
COc1ccc(-c2ccc(-c3ccc(-n4nc(C(F)(F)F)cc4-c4cccs4)cc3)cc2)cc1,0.4322033898305085
Cc1ccc(S(=O)(=O)c2ccc(-c3ccc(F)cc3)cc2)cc1,0.43157894736842106
NOc1cc(F)n(-c2ccc(-c3ccc(F)cc3)cc2)n1,0.40860215053763443
CC(=O)Oc1ccc(-c2ccc(-n3nc(-c4ccc(C)cc4)cc3F)cc2)cc1,0.38738738738738737
Cc1ccc(-c2ccc(-c3ccc(-n4nc(-n5nc(C(F)(F)F)cc5-c5cccs5)cc4F)cc3)cc2)cc1,0.4296875
COc1ccc(-c2ccc(-c3ccc(OON)cc3)cc2)cc1,0.2545454545454545
COC(=O)Oc1ccc(-c2ccc(-n3nc(C(F)(F)F)cc3S(N)(=O)=O)cc2)cc1,0.5773195876288659
Cc1ccc(S(=O)(=O)n2nc(C(F)(F)F)cc2C(=O)OS(N)(=O)=O)cc1,0.4631578947368421
COc1ccc(-n2nc(C(F)(F)c3ccc(-c4ccc(-n5nc(C(F)(F)F)cc5F)cc4)cc3)cc2F)cc1,0.36363636363636365
CC(=O)Oc1ccc(-c2ccc(-n3nc(-n4nc(C(F)(F)F)cc4C(=O)ON)cc3F)cc2)cc1,0.4358974358974359
CC(=O)c1cc(C(F)(F)F)nn1-c1ccc(-c2ccc(OON)cc2)cc1,0.5208333333333334
COc1ccc(-c2ccc(-n3nc(C(F)(F)F)cc3C(=O)On3nc(C(F)(F)F)cc3F)cc2)cc1,0.4049586776859504
Cc1ccc(S(=O)(=O)C(F)(F)C(=O)OS(N)(=O)=O)cc1,0.34065934065934067
Cc1cc(C(F)(F)c2cc(F)n(-c3ccc(-c4ccc(ON)cc4)cc3)n2)nn1-c1ccc(OC(=O)ON)cc1,0.34306569343065696
Cc1ccc(S(=O)(=O)c2ccc(-c3ccc(-c4ccc(-n5nc(C(F)(F)F)cc5F)cc4)cc3)cc2)cc1,0.5213675213675214
Cc1ccc(S(=O)(=O)C(F)(F)c2cc(C)n(-c3ccc(C(=O)ON)cc3)n2)cc1,0.5625
COC(=O)c1ccc(-c2ccc(Nc3cccc(S(N)(=O)=O)c3)cc2)cc1,0.3486238532110092
CC(=O)c1cc(-n2nc(C(F)(F)F)cc2C(C)=O)nn1-c1ccc(-c2ccc(OON)cc2)cc1,0.4358974358974359
Cc1ccc(S(=O)(=O)C(F)(F)c2cc(F)n(ON)n2)cc1,0.4431818181818182
COc1ccc(-c2ccc(-n3nc(C(F)(F)n4nc(C(F)(F)F)cc4F)cc3F)cc2)cc1,0.42105263157894735
Cc1ccc(S(=O)(=O)C(F)(F)c2cc(C)n(F)n2)cc1,0.4418604651162791
Cc1ccc(-c2ccc(-c3ccc(-n4nc(C(N)(F)F)cc4F)cc3)cc2)cc1,0.4854368932038835
NOC(=O)c1cc(C(F)(F)F)nn1-n1nc(C(F)(F)F)cc1F,0.21296296296296297
COc1ccc(-c2ccc(-n3nc(-c4ccc(OC(=O)F)cc4)cc3C(=O)ON)cc2)cc1,0.32
Cc1ccc(S(=O)(=O)c2ccc(-c3ccc(F)cc3)cc2)cc1,0.43157894736842106
COc1ccc(-c2ccc(-n3nc(C(F)(F)C(F)(F)F)cc3F)cc2)cc1,0.45
O=C(F)Oc1ccc(C(=O)c2ccc(-c3ccc(-n4nc(C(F)(F)F)cc4F)cc3)cc2)cc1,0.4188034188034188
Cc1ccc(S(=O)(=O)C(F)(F)c2cc(ON)n(-c3ccc(OC(=O)F)cc3)n2)cc1,0.5612244897959183
NOC(=O)c1cc(C(F)(F)F)nn1C(=O)c1ccc(-c2ccc(-n3nc(C(F)(F)F)cc3F)cc2)cc1,0.4098360655737705
COc1ccc(-n2nc(C(F)(F)C(F)(F)c3cc(F)n(-c4ccc(-c5ccc(ON)cc5)cc4)n3)cc2F)cc1,0.3357664233576642
Cc1ccc(-c2ccc(-c3ccc(-n4nc(C(=O)OS(N)(=O)=O)cc4F)cc3)cc2)cc1,0.4375
Cc1ccc(-c2ccc(-c3ccc(-n4nc(C(F)(F)F)cc4S(N)(=O)=O)cc3)cc2)cc1,0.6161616161616161
CC(=O)c1cc(C(F)(F)C(=O)OS(N)(=O)=O)nn1-c1ccc(-c2ccc(OON)cc2)cc1,0.45045045045045046
COc1ccc(-c2ccc(-n3nc(C(F)(F)C(F)(F)S(=O)(=O)c4ccc(C)cc4)cc3F)cc2)cc1,0.5178571428571429
COc1ccc(-c2ccc(-c3cc(F)n(-c4ccc(-c5ccc(OC(C)=O)cc5)cc4)n3)cc2)cc1,0.2773722627737226
CC(=O)Oc1ccc(S(=O)(=O)c2ccc(C)cc2)cc1,0.3695652173913043
NOc1ccc(-c2ccc(-n3nc(C(=O)OS(N)(=O)=O)cc3-c3cccs3)cc2)cc1,0.3826086956521739
COc1ccc(-c2ccc(-n3nc(C(F)(F)C(F)(F)F)cc3C(=O)OS(N)(=O)=O)cc2)cc1,0.48148148148148145
NOC(=O)c1cc(F)n(-c2ccc(-c3ccc(Nc4cccc(S(N)(=O)=O)c4)cc3)cc2)n1,0.3898305084745763
Cc1ccc(-c2ccc(-c3ccc(-c4cc(C)n(-c5ccc(OC(=O)ON)cc5)n4)cc3)cc2)cc1,0.32575757575757575
CC(=O)c1cc(C(F)(F)F)nn1-n1nc(C(F)(F)F)cc1C(=O)OS(N)(=O)=O,0.2543859649122807
NS(=O)(=O)c1cc(C(F)(F)F)nn1-c1ccc(-c2ccc(-n3nc(C(F)(F)F)cc3F)cc2)cc1,0.4954954954954955
Cc1ccc(-c2ccc(-c3ccc(-n4nc(C(=O)ON)cc4F)cc3)cc2)cc1,0.4
Cc1ccc(S(=O)(=O)C(F)(F)c2cc(OC(=O)F)n(-c3ccc(OC(=O)ON)cc3)n2)cc1,0.5188679245283019
Cc1ccc(S(=O)(=O)OC(=O)c2ccc(-c3ccc(-n4nc(C(F)(F)F)cc4-c4cccs4)cc3)cc2)cc1,0.5470085470085471
COc1ccc(-c2ccc(-n3nc(C(F)(F)C(=O)OS(=O)(=O)c4ccc(C)cc4)cc3C(=O)ON)cc2)cc1,0.4672131147540984
CC(=O)Oc1cc(C(F)(F)F)nn1-c1ccc(-c2ccc(Nc3cccc(S(N)(=O)=O)c3)cc2)cc1,0.5132743362831859
NS(=O)(=O)c1cc(C(F)(F)F)nn1-c1ccc(-c2ccc(-n3nc(C(F)(F)F)cc3-c3cccs3)cc2)cc1,0.4793388429752066
Cc1ccc(S(=O)(=O)Oc2ccc(-n3nc(C(F)(F)S(=O)(=O)c4ccc(C)cc4)cc3S(N)(=O)=O)cc2)cc1,0.4628099173553719
Cc1ccc(S(=O)(=O)C(F)(OC(=O)F)c2cc(F)n(-c3ccc(-c4ccc(OON)cc4)cc3)n2)cc1,0.48717948717948717
Cc1ccc(S(=O)(=O)C(F)(F)c2cc(F)n(C(=O)OS(N)(=O)=O)n2)cc1,0.40404040404040403
COc1ccc(C(F)(c2cc(S(N)(=O)=O)n(-c3ccc(OC(=O)ON)cc3)n2)S(=O)(=O)c2ccc(C)cc2)cc1,0.4251968503937008
Fc1ccc(-c2ccc(-c3ccc(-c4ccc(-n5nc(C(F)(F)F)cc5-c5cccs5)cc4)cc3)cc2)cc1,0.373134328358209
NS(=O)(=O)c1cc(C(F)(F)F)nn1-c1ccc(-c2ccc(F)cc2)cc1,0.632183908045977
CC(=O)Oc1ccc(-c2ccc(-n3nc(C(F)(F)F)cc3-n3nc(C(F)(F)F)cc3S(N)(=O)=O)cc2)cc1,0.4745762711864407
Cc1ccc(S(=O)(=O)OC(=O)c2ccc(-c3ccc(-n4nc(C(F)(F)F)cc4F)cc3)cc2)cc1,0.5700934579439252
COc1ccc(-n2nc(C(F)(F)S(=O)(=O)c3ccc(OC(=O)F)cc3)cc2F)cc1,0.47115384615384615
CC(=O)c1cc(C(=O)OS(=O)(=O)c2ccc(C)cc2)nn1-c1ccc(-c2ccc(OON)cc2)cc1,0.4098360655737705
COC(=O)n1nc(C(F)(F)S(=O)(=O)c2ccc(C)cc2)cc1C,0.3894736842105263
Cc1ccc(S(=O)(=O)OC(=O)c2ccc(-c3ccc(-n4nc(C(F)(F)OC(=O)ON)cc4F)cc3)cc2)cc1,0.4793388429752066
CC(=O)Oc1ccc(-c2ccc(-n3nc(C(F)(F)F)cc3C(=O)OS(=O)(=O)c3ccc(C)cc3)cc2)cc1,0.5304347826086957
NS(=O)(=O)c1ccc(-n2nc(C(F)(F)F)cc2S(N)(=O)=O)cc1,0.5595238095238095
COC(=O)Oc1cc(C(F)(F)F)nn1-c1ccc(-c2ccc(F)cc2)cc1,0.5051546391752577
CC(=O)Oc1ccc(C(F)(F)c2cc(S(N)(=O)=O)n(-c3ccc(S(N)(=O)=O)cc3)n2)cc1,0.5096153846153846
Cc1ccc(S(=O)(=O)c2nnn(-c3ccc(-c4ccc(-n5nc(C(F)(F)ON)cc5F)cc4)cc3)c2N)cc1,0.47540983606557374
NS(=O)(=O)Oc1ccc(-c2ccc(-n3nc(C(F)(F)F)cc3S(N)(=O)=O)cc2)cc1,0.5670103092783505
NS(=O)(=O)OC(=O)c1cc(C(F)(F)F)nn1C(F)(F)F,0.2604166666666667
CC(=O)Oc1ccc(Oc2ccc(-c3ccc(-n4nc(C(F)(F)F)cc4S(N)(=O)=O)cc3)cc2)cc1,0.48695652173913045
Cc1ccc(-c2ccc(-c3ccc(-n4nc(C(F)(F)OC(=O)F)cc4F)cc3)cc2)cc1,0.45045045045045046
Cc1ccc(S(=O)(=O)OC(F)(F)c2cc(S(N)(=O)=O)n(-c3ccc(-c4ccc(F)cc4)cc3)n2)cc1,0.5454545454545454
CC(=O)Oc1ccc(-c2ccc(-n3nc(C(F)(F)F)cc3OS(=O)(=O)c3ccc(C)cc3)cc2)cc1,0.5545454545454546
CC(=O)Oc1ccc(-c2ccc(-n3nc(C(F)(F)F)cc3OS(=O)(=O)c3ccc(OC(=O)F)cc3)cc2)cc1,0.45528455284552843
Cc1ccc(S(=O)(=O)C(F)(c2cc(F)n(-c3ccc(-c4ccc(OON)cc4)cc3)n2)S(N)(=O)=O)cc1,0.49137931034482757
Cc1cc(C(N)(F)F)nn1-c1ccc(OC(=O)F)cc1,0.37362637362637363
Cc1ccc(S(=O)(=O)OC(=O)c2ccc(-c3ccc(-n4nc(C(F)(F)F)cc4F)cc3)cc2)cc1,0.5700934579439252
Cc1ccc(S(=O)(=O)C(F)(F)c2cc(F)n(-n3nc(C(F)(F)F)cc3C(=O)OS(N)(=O)=O)n2)cc1,0.4051724137931034
NC(F)(F)c1cc(S(N)(=O)=O)n(-c2ccc(-c3ccc(F)cc3)cc2)n1,0.5604395604395604
Cc1ccc(S(=O)(=O)C(F)(OC(=O)ON)c2cc(F)n(-c3ccc(-c4ccc(OON)cc4)cc3)n2)cc1,0.4628099173553719
NC(=O)c1ccc(-c2ccc(-n3nc(C(F)(F)F)cc3-c3cccs3)cc2)cc1,0.5148514851485149
NS(=O)(=O)c1cc(S(N)(=O)=O)n(-c2ccc(-c3ccc(F)cc3)cc2)n1,0.4489795918367347
Cc1ccc(S(=O)(=O)c2nnn(-c3ccc(-c4ccc(C(F)(F)F)cc4)cc3)c2N)cc1,0.5384615384615384
CC(=O)Oc1ccc(-c2ccc(-c3ccc(OON)cc3)cc2)cc1,0.2543859649122807
Cc1ccc(S(=O)(=O)Oc2cc(C(F)(F)F)nn2C)cc1,0.49411764705882355
Fc1ccc(-c2ccc(-c3cc(C(F)(F)F)nn3-c3ccc(-c4ccc(F)cc4)cc3)cc2)cc1,0.4369747899159664
Nc1c(S(=O)(=O)C(F)(F)F)nnn1-c1ccc(-c2ccc(C(F)(F)F)cc2)cc1,0.44660194174757284
COc1ccc(-c2ccc(-n3nc(F)cc3F)cc2)cc1,0.40860215053763443
Cc1ccc(-c2ccc(-c3ccc(-n4nc(C(F)(F)F)cc4S(=O)(=O)OC(=O)F)cc3)cc2)cc1,0.5272727272727272
CC(=O)Oc1ccc(-c2ccc(-c3ccc(-n4nc(C(F)(F)F)cc4S(N)(=O)=O)cc3)cc2)cc1,0.5
NC(F)(F)c1cc(C(=O)OS(N)(=O)=O)n(-c2ccc(-c3ccc(F)cc3)cc2)n1,0.5
Cc1ccc(S(=O)(=O)c2nnn(-c3ccc(-c4ccc(C(N)(F)F)cc4)cc3)c2N)cc1,0.4953271028037383
Cc1ccc(S(=O)(=O)C(F)(F)c2cc(-c3ccc(OON)cc3)n(-c3ccc(OC(=O)OC(=O)F)cc3)n2)cc1,0.5294117647058824
Cc1ccc(S(=O)(=O)Oc2cc(C(F)(F)F)nn2-c2ccc(OC(=O)ON)cc2)cc1,0.6082474226804123
COc1ccc(-n2nc(C(F)(F)OS(=O)(=O)c3ccc(C)cc3)cc2F)cc1,0.574468085106383
Cc1ccc(S(=O)(=O)C(F)(F)c2cc(C(=O)OS(N)(=O)=O)n(-c3ccc(OC(=O)ON)cc3)n2)cc1,0.48672566371681414
Cc1ccc(S(=O)(=O)C(F)(F)c2cc(S(N)(=O)=O)n(-c3ccc(On4nc(C(F)(F)F)cc4F)cc3)n2)cc1,0.5304347826086957
NS(=O)(=O)c1ccc(-n2nc(C(F)(F)OC(=O)F)cc2S(N)(=O)=O)cc1,0.4479166666666667
Cc1ccc(-c2ccc(-c3ccc(-n4nc(C(F)(F)F)cc4S(=O)(=O)C(=O)ON)cc3)cc2)cc1,0.5412844036697247
NS(=O)(=O)c1cc(C(F)(F)F)nn1-c1ccc(F)cc1,0.5121951219512195
COc1ccc(-n2nc(C(F)(F)c3ccc(C(=O)OS(=O)(=O)c4ccc(C)cc4)cc3)cc2F)cc1,0.46153846153846156
Cc1ccc(S(=O)(=O)Oc2cc(C(F)(F)F)nn2-c2ccc(Oc3ccc(-c4ccc(F)cc4)cc3)cc2)cc1,0.4959349593495935
Nc1c(S(=O)(=O)S(N)(=O)=O)nnn1-c1ccc(-c2ccc(C(F)(F)F)cc2)cc1,0.46078431372549017
Cc1ccc(S(=O)(=O)C(N)(F)c2cc(S(N)(=O)=O)n(-c3ccc(OC(=O)ON)cc3)n2)cc1,0.5094339622641509
COc1ccc(-n2nc(C(F)(F)OS(=O)(=O)c3ccc(C)cc3)cc2N)cc1,0.574468085106383
COC(=O)Oc1ccc(-c2ccc(-n3nc(C(F)(F)F)cc3S(N)(=O)=O)cc2)cc1,0.5773195876288659
NC(=O)c1ccc(-c2ccc(-n3nc(C(F)(F)F)cc3F)cc2)cc1,0.5384615384615384
NOC(=O)OS(=O)(=O)c1nnn(-c2ccc(-c3ccc(-n4nc(C(F)(F)F)cc4F)cc3)cc2)c1N,0.452991452991453
NS(=O)(=O)c1ccc(-n2nc(C(F)(F)F)cc2-n2nc(C(F)(F)F)cc2F)cc1,0.5102040816326531
COc1ccc(-n2nc(C(F)(F)c3ccc(-c4ccc(-c5ccc(C)cc5)cc4)cc3)cc2F)cc1,0.392
COS(=O)(=O)OC(F)(F)c1cc(S(N)(=O)=O)n(-c2ccc(-c3ccc(F)cc3)cc2)n1,0.5048543689320388
Nc1c(S(N)(=O)=O)nnn1-c1ccc(-c2ccc(-n3nc(C(F)(F)F)cc3F)cc2)cc1,0.5288461538461539
COc1ccc(-n2nc(C(F)(F)S(=O)(=O)c3ccc(-c4ccc(OC(C)=O)cc4)cc3)cc2F)cc1,0.4369747899159664
COc1ccc(-n2nc(C(F)(F)Oc3ccc(-n4nc(C(F)(F)F)cc4S(N)(=O)=O)cc3)cc2N)cc1,0.44537815126050423
Cc1cc(S(N)(=O)=O)n(-c2ccc(-c3ccc(F)cc3)cc2)n1,0.5168539325842697
Nc1ccc(-n2nc(C(F)(F)F)cc2S(N)(=O)=O)cc1,0.5121951219512195
COC(F)(F)c1cc(-c2cccs2)n(-c2ccc(-c3ccc(C(=O)OS(=O)(=O)c4ccc(C)cc4)cc3)cc2)n1,0.472
COc1ccc(-n2nc(C(F)(F)S(=O)(=O)c3ccc(-c4ccc(OC(C)=O)cc4)cc3)cc2F)cc1,0.4369747899159664
CC(=O)Oc1ccc(-c2ccc(-n3nc(C(F)(F)F)cc3S(N)(=O)=O)cc2)cc1,0.5957446808510638
Cc1ccc(S(=O)(=O)C(F)(OC(=O)ON)c2cc(C)n(-c3ccc(C(=O)ON)cc3)n2)cc1,0.47706422018348627
CC(=O)Oc1ccc(-c2ccc(-n3nc(C(F)(F)F)cc3OS(=O)(=O)F)cc2)cc1,0.53
Cc1ccc(S(=O)(=O)OC(=O)c2ccc(-c3ccc(C(F)(F)F)cc3)cc2)cc1,0.46601941747572817
NS(=O)(=O)c1cccc(Nc2ccc(-c3ccc(OC(=O)F)cc3)cc2)c1,0.3486238532110092
NS(=O)(=O)c1cc(C(F)(F)F)nn1-c1ccc(-c2ccc(F)cc2)cc1,0.632183908045977
Cc1ccc(S(=O)(=O)OC(=O)c2ccc(-c3ccc(-n4nc(OC(=O)ON)cc4F)cc3)cc2)cc1,0.4214876033057851
COC(=O)C(F)(F)c1cc(S(=O)(=O)C(=O)ON)n(-c2ccc(-c3ccc(-c4ccc(C)cc4)cc3)cc2)n1,0.4426229508196721
COC(=O)OOc1ccc(-c2ccc(-n3nc(C(F)(F)F)cc3S(N)(=O)=O)cc2)cc1,0.56
COc1cc(S(N)(=O)=O)n(-c2ccc(-c3ccc(OS(N)(=O)=O)cc3)cc2)n1,0.4230769230769231
CC(=O)Oc1ccc(-c2cc(C(F)(F)S(=O)(=O)c3ccc(C)cc3)nn2-c2ccc(OC(=O)ON)cc2)cc1,0.5299145299145299
Cc1cc(C(F)(F)S(=O)(=O)n2nc(C(F)(F)F)cc2S(N)(=O)=O)nn1-c1ccc(OC(=O)F)cc1,0.4051724137931034
NS(=O)(=O)c1ccc(-n2nc(C(F)(F)OC(=O)F)cc2S(N)(=O)=O)cc1,0.4479166666666667
CC(=O)Oc1ccc(-c2cc(C(F)(F)S(=O)(=O)c3ccc(C)cc3)nn2-c2ccc(OC(=O)ON)cc2)cc1,0.5299145299145299
Cc1ccc(S(=O)(=O)C(=O)OOc2ccc(-c3ccc(-n4nc(C(F)(F)F)cc4S(N)(=O)=O)cc3)cc2)cc1,0.5614035087719298
CC(=O)Oc1ccc(-c2ccc(-n3nc(C(F)(F)F)cc3OS(=O)(=O)OS(=O)(=O)c3ccc(C)cc3)cc2)cc1,0.5083333333333333
Cc1ccc(-c2ccc(-c3ccc(-n4nc(C(F)(F)C(F)(F)F)cc4N)cc3)cc2)cc1,0.46788990825688076
COC(=O)Oc1ccc(-c2ccc(-n3nc(C(N)(F)F)cc3S(N)(=O)=O)cc2)cc1,0.5
Cc1ccc(-n2nc(C(F)(F)F)cc2S(N)(=O)=O)cc1,0.631578947368421
Cc1ccc(S(=O)(=O)C(F)(F)c2cc(-n3nc(C(F)(F)F)cc3F)n(-c3ccc(OC(=O)ON)cc3)n2)cc1,0.5
Cc1ccc(S(=O)(=O)c2nnn(OC(=O)F)c2N)cc1,0.3157894736842105
CC(=O)Oc1ccc(-c2ccc(S(N)(=O)=O)cc2)cc1,0.4157303370786517
Cc1cc(C(F)(F)c2ccc(-n3nc(C(N)(F)F)cc3S(N)(=O)=O)cc2)nn1-c1ccc(OC(=O)F)cc1,0.4146341463414634
Cc1ccc(S(=O)(=O)c2nnn(-c3ccc(-c4ccc(-n5nc(C(F)(F)F)cc5F)cc4)cc3)c2N)cc1,0.5391304347826087
Cc1ccc(S(=O)(=O)C(=O)c2nnn(-c3ccc(-c4ccc(-n5nc(C(F)(F)F)cc5F)cc4)cc3)c2N)cc1,0.5166666666666667
COc1ccc(-n2nc(C(F)(F)c3ccc(-c4ccc(-c5ccc(C)cc5)cc4)cc3)cc2N)cc1,0.392
Nc1cc(C(F)(F)F)nn1-c1ccc(-c2ccc(F)cc2)cc1,0.5517241379310345
COc1ccc(-n2nc(C(F)(F)S(=O)(=O)c3ccc(F)cc3)cc2F)cc1,0.5104166666666666
COc1ccc(-n2nc(C(F)(F)C(N)(F)F)cc2N)cc1,0.35106382978723405
COC(=O)OOc1ccc(-c2ccc(-n3nc(C(F)(F)F)cc3ON)cc2)cc1,0.49019607843137253
Cc1ccc(S(=O)(=O)C(F)(F)c2cc(Oc3ccc(F)cc3)n(-c3ccc(OC(=O)F)cc3)n2)cc1,0.46153846153846156
Cc1ccc(S(=O)(=O)Oc2cc(C(N)(F)F)nn2-c2ccc(-c3ccc(F)cc3)cc2)cc1,0.5523809523809524
COC(=O)OOc1ccc(-c2ccc(-n3nc(C(=O)S(=O)(=O)c4ccc(C)cc4)cc3S(N)(=O)=O)cc2)cc1,0.4094488188976378
Cc1ccc(S(=O)(=O)Oc2cc(C(F)(F)F)nn2-c2ccc(S(=O)(=O)c3ccc(C)cc3)cc2)cc1,0.5178571428571429
CC(=O)Oc1ccc(-c2ccc(-n3nc(C(F)(F)F)cc3OS(=O)(=O)c3ccc(OC(=O)F)cc3)cc2)cc1,0.45528455284552843
COc1ccc(S(=O)(=O)C(F)(F)c2cc(-c3ccc(OON)cc3)n(-c3ccc(OC(=O)F)cc3)n2)cc1,0.48739495798319327
COC(=O)C(F)(F)c1cc(S(N)(=O)=O)n(-c2ccc(-c3ccc(-c4ccc(C)cc4)cc3)cc2)n1,0.5
CC(=O)Oc1ccc(-c2ccc(-n3nc(C(N)(F)F)cc3S(N)(=O)=O)cc2)cc1,0.5151515151515151
Cc1ccc(S(=O)(=O)OC(=O)Oc2ccc(-c3ccc(-n4nc(C(F)(F)F)cc4S(N)(=O)=O)cc3)cc2)cc1,0.5614035087719298
Cc1ccc(-c2cc(S(N)(=O)=O)n(-c3ccc(-c4ccc(F)cc4)cc3)n2)cc1,0.4854368932038835
COC(=O)n1nc(C(F)(F)F)cc1S(=O)(=O)C(=O)ON,0.25773195876288657
Cc1ccc(S(=O)(=O)OC(=O)c2ccc(-c3ccc(F)cc3)cc2)cc1,0.39805825242718446
NC(F)(F)c1cc(F)n(-c2ccc(-c3ccc(F)cc3)cc2)n1,0.4835164835164835
COc1ccc(-n2nc(C(F)(F)C(F)(F)c3cc(S(N)(=O)=O)n(-c4ccc(C)cc4)n3)cc2F)cc1,0.4824561403508772
NS(=O)(=O)c1cc(C(F)(F)F)nn1-c1ccc(-n2nc(C(F)(F)F)cc2S(N)(=O)=O)cc1,0.4090909090909091
Cc1ccc(-c2ccc(-c3ccc(-n4nc(C(F)(F)F)cc4S(N)(=O)=O)cc3)cc2)cc1,0.6161616161616161
Cc1ccc(-c2ccc(-c3ccc(-n4nc(C(F)(F)ON)cc4S(N)(=O)=O)cc3)cc2)cc1,0.5233644859813084
CC(F)(F)c1cc(N)n(-c2ccc(-c3ccc(F)cc3)cc2)n1,0.5
Cc1ccc(S(=O)(=O)Oc2cc(C(N)(F)C(F)(F)F)nn2-c2ccc(-c3ccc(F)cc3)cc2)cc1,0.5315315315315315
NS(=O)(=O)c1ccc(-n2nc(C(F)(F)F)cc2C(F)(F)F)cc1,0.5595238095238095
CC(=O)Oc1ccc(-c2ccc(C(=O)OS(=O)(=O)c3ccc(C)cc3)cc2)cc1,0.35714285714285715
NS(=O)(=O)c1ccc(-n2nc(C(F)(F)F)cc2C(F)(F)F)cc1,0.5595238095238095
Cc1ccc(S(=O)(=O)OC(=O)c2ccc(-n3nc(C(F)(F)F)cc3C(=O)OS(N)(=O)=O)cc2)cc1,0.5714285714285714
Cc1ccc(S(=O)(=O)OC(=O)c2ccc(-c3ccc(-n4nc(F)cc4-c4cccs4)cc3)cc2)cc1,0.4262295081967213
Cc1ccc(S(=O)(=O)Oc2cc(C(F)(F)F)nn2-c2ccc(S(N)(=O)=O)cc2)cc1,0.7078651685393258
Cc1cc(C(C)(F)F)nn1-c1ccc(OC(=O)F)cc1,0.358695652173913
Cc1ccc(S(=O)(=O)OC(=O)c2ccc(-n3nc(C(F)(F)F)cc3F)cc2)cc1,0.6304347826086957
NS(=O)(=O)OC(=O)OOc1ccc(-c2ccc(-n3nc(C(F)(F)F)cc3S(N)(=O)=O)cc2)cc1,0.5092592592592593
NC(F)(F)c1cc(S(N)(=O)=O)n(-c2ccc(-c3ccc(OC(=O)F)cc3)cc2)n1,0.5151515151515151
COc1ccc(-n2nc(C(F)(F)C(F)(F)c3cc(C(F)(F)F)n(-c4ccc(S(N)(=O)=O)cc4)n3)cc2N)cc1,0.4666666666666667
COc1ccc(-n2nc(C(F)(F)n3nc(C(F)(F)F)cc3C(F)(F)F)cc2N)cc1,0.3482142857142857
COC(F)(F)c1cc(S(N)(=O)=O)n(-c2ccc(-c3ccc(-c4ccc(C)cc4)cc3)cc2)n1,0.5233644859813084
COc1ccc(-n2nc(C(F)(F)F)cc2OS(=O)(=O)c2ccc(C)cc2)cc1,0.6444444444444445
Cc1ccc(S(=O)(=O)Oc2cc(C(F)(F)F)nn2-c2ccc(-c3ccc(F)cc3)cc2)cc1,0.5980392156862745
NS(=O)(=O)c1ccc(-c2ccc(-c3ccc(-n4nc(C(F)(F)F)cc4S(N)(=O)=O)cc3)cc2)cc1,0.5607476635514018
NS(=O)(=O)OC(=O)C(=O)c1ccc(-n2nc(C(F)(F)F)cc2F)cc1,0.4270833333333333
Cc1ccc(S(=O)(=O)n2nc(C(F)(F)F)cc2F)cc1,0.5121951219512195
COC(=O)Oc1cc(C(F)(F)F)nn1-c1ccc(-c2ccc(C(=O)OS(=O)(=O)c3ccc(C)cc3)cc2)cc1,0.5169491525423728
NOC(=O)OOc1ccc(-c2ccc(-n3nc(C(F)(F)F)cc3S(N)(=O)=O)cc2)cc1,0.5445544554455446
NC(=O)Oc1ccc(-c2ccc(-n3nc(C(F)(F)F)cc3S(N)(=O)=O)cc2)cc1,0.5789473684210527
NC(F)(F)c1cc(S(N)(=O)=O)n(-c2ccc(-c3ccc(S(N)(=O)=O)cc3)cc2)n1,0.5851063829787234
COC(=O)OS(=O)(=O)c1cc(C(F)(F)F)nn1-c1ccc(-c2ccc(-c3ccc(C)cc3)cc2)cc1,0.5132743362831859
Cc1ccc(S(=O)(=O)Oc2cc(C(F)(F)ON)nn2-c2ccc(-c3ccc(F)cc3)cc2)cc1,0.5370370370370371
CC(=O)Oc1ccc(S(=O)(=O)c2cc(C(F)(F)F)nn2-c2ccc(-c3ccc(F)cc3)cc2)cc1,0.5
NS(=O)(=O)c1ccc(-n2nc(C(F)(F)F)cc2S(N)(=O)=O)cc1,0.5595238095238095
COC(=O)Oc1ccc(-c2ccc(-n3nc(C(F)(F)n4nc(C(F)(F)F)cc4F)cc3S(N)(=O)=O)cc2)cc1,0.4628099173553719
Cc1ccc(-c2ccc(-c3cc(OS(=O)(=O)c4ccc(C)cc4)n(-c4ccc(OC(=O)ON)cc4)n3)cc2)cc1,0.37037037037037035
Cc1ccc(S(=O)(=O)C(F)(F)c2cc(OON)n(-c3ccc(OC(=O)F)cc3)n2)cc1,0.5445544554455446
Cc1ccc(S(=O)(=O)OC(=O)Oc2ccc(-c3ccc(OC(N)=O)cc3)cc2)cc1,0.35964912280701755
COc1ccc(-n2nc(C(F)(F)S(=O)(=O)Oc3cc(C(F)(F)F)nn3-c3ccc(S(N)(=O)=O)cc3)cc2F)cc1,0.4793388429752066
Cc1ccc(S(=O)(=O)OC(=O)c2ccc(-c3ccc(-n4nc(N)cc4F)cc3)cc2)cc1,0.4636363636363636
Cc1ccc(S(=O)(=O)OC(=O)Oc2ccc(-c3ccc(-n4nc(C(F)(F)F)cc4S(=O)(=O)F)cc3)cc2)cc1,0.5213675213675214
CC(=O)Oc1ccc(S(=O)(=O)c2cc(C(F)(F)F)nn2-c2ccc(-c3ccc(OC(N)=O)cc3)cc2)cc1,0.4789915966386555
NOc1ccc(-c2ccc(-n3nc(C(F)(F)F)cc3S(N)(=O)=O)cc2)cc1,0.6111111111111112
Cc1ccc(-c2ccc(-c3ccc(C)cc3)cc2)cc1,0.32989690721649484
Cc1ccc(-c2ccc(S(=O)(=O)Oc3cc(C(F)(F)F)nn3-c3ccc(S(N)(=O)=O)cc3)cc2)cc1,0.6346153846153846
NC(F)(F)c1ccc(S(=O)(=O)Oc2cc(C(F)(F)F)nn2-c2ccc(S(N)(=O)=O)cc2)cc1,0.5588235294117647
NOc1ccc(-c2ccc(-n3nc(C(F)(F)c4ccc(F)cc4)cc3S(N)(=O)=O)cc2)cc1,0.45535714285714285
Cc1ccc(S(=O)(=O)C(=O)S(=O)(=O)c2cc(C(F)(F)F)nn2-c2ccc(-c3ccc(OC(N)=O)cc3)cc2)cc1,0.5254237288135594
COS(=O)(=O)c1ccc(-c2ccc(-c3ccc(-n4nc(C(F)(F)F)cc4S(N)(=O)=O)cc3)cc2)cc1,0.5315315315315315
COc1ccc(-n2nc(C(F)(F)F)cc2OOC(=O)F)cc1,0.37894736842105264
COC(=O)OOc1ccc(-c2ccc(-n3nc(C(F)(F)F)cc3-n3nc(C(F)(F)F)cc3S(N)(=O)=O)cc2)cc1,0.45161290322580644
COc1ccc(-n2nc(C(F)(F)S(=O)(=O)c3ccc(OS(=O)(=O)c4ccc(C)cc4)cc3)cc2F)cc1,0.453781512605042
COC(=O)Oc1ccc(-c2cc(C(F)(F)S(=O)(=O)c3ccc(C)cc3)nn2-c2ccc(OC(=O)F)cc2)cc1,0.5299145299145299
COc1ccc(-n2nc(C(F)(F)Oc3ccc(-n4nc(C(N)(F)F)cc4S(N)(=O)=O)cc3)cc2N)cc1,0.4098360655737705
Cc1ccc(S(=O)(=O)C(F)(F)c2cc(ON)n(-c3ccc(-n4nc(C(N)(F)F)cc4S(N)(=O)=O)cc3)n2)cc1,0.4915254237288136
Cc1ccc(-c2ccc(-c3ccc(OS(=O)(=O)c4ccc(C)cc4)cc3)cc2)cc1,0.3418803418803419
O=C(OC(=O)c1ccc(-n2nc(C(F)(F)F)cc2F)cc1)c1ccc(-n2nc(C(F)(F)F)cc2F)cc1,0.36507936507936506
NC(=O)OC(F)(F)c1cc(S(N)(=O)=O)n(-c2ccc(-c3ccc(F)cc3)cc2)n1,0.5151515151515151
NOc1ccc(-c2ccc(-n3nc(C(F)(F)F)cc3F)cc2)cc1,0.5333333333333333
COc1ccc(-n2nc(C(F)(F)c3ccc(OC(=O)F)cc3)cc2N)cc1,0.4174757281553398
CC(=O)Oc1ccc(-c2ccc(-n3nc(C(F)(F)F)cc3S(=O)(=O)F)cc2)cc1,0.5463917525773195
Cc1ccc(-c2ccc(-c3ccc(-n4nc(C(F)(F)F)cc4C(=O)OS(N)(=O)=O)cc3)cc2)cc1,0.5555555555555556
CC(=O)Oc1ccc(-c2ccc(-n3nc(C(F)(F)F)cc3S(N)(=O)=O)cc2)cc1,0.5957446808510638
NC(=O)OS(=O)(=O)c1cc(C(F)(F)F)nn1-c1ccc(-c2ccc(F)cc2)cc1,0.5463917525773195
Cc1ccc(-c2ccc(-c3ccc(-n4nc(S(=O)(=O)c5ccc(C)cc5)cc4S(N)(=O)=O)cc3)cc2)cc1,0.4126984126984127
COC(=O)c1ccc(S(=O)(=O)C(F)(F)c2cc(F)n(-c3ccc(OC)cc3)n2)cc1,0.47115384615384615
Cc1ccc(S(=O)(=O)C(F)(F)c2cc(-n3nc(C(F)(F)F)cc3F)n(-c3ccc(OC(=O)F)cc3)n2)cc1,0.5
COc1ccc(-n2nc(C(F)(F)c3ccc(C)cc3)cc2N)cc1,0.5
Cc1ccc(S(=O)(=O)C(F)(F)c2cc(C)n(-c3ccc(C(=O)ON)cc3)n2)cc1,0.5625
Cc1ccc(S(=O)(=O)c2cc(S(N)(=O)=O)n(-c3ccc(-c4ccc(OS(N)(=O)=O)cc4)cc3)n2)cc1,0.4406779661016949
CC(=O)Oc1ccc(-c2cc(C(F)(F)F)nn2-c2ccc(C(=O)OS(=O)(=O)c3ccc(C)cc3)cc2)cc1,0.6
COc1ccc(-c2cc(C(F)(F)OS(=O)(=O)c3ccc(C)cc3)nn2-c2ccc(OC)cc2)cc1,0.5648148148148148
CC(=O)Oc1ccc(-n2nc(C(F)(F)F)cc2S(N)(=O)=O)cc1,0.48314606741573035
COC(=O)Oc1ccc(-c2ccc(-n3nc(C(F)(F)c4ccc(C)cc4)cc3S(N)(=O)=O)cc2)cc1,0.48695652173913045
COc1ccc(-c2ccc(-n3nc(C(F)(F)F)cc3S(N)(=O)=O)cc2)cc1,0.6292134831460674
NC(=O)Oc1ccc(-c2ccc(-n3nc(C(F)(F)F)cc3S(=O)(=O)S(N)(=O)=O)cc2)cc1,0.5242718446601942
Cc1cc(C(F)(F)C(F)(F)F)nn1-c1ccc(OC(=O)F)cc1,0.3469387755102041
COc1ccc(-n2nc(C(F)(F)c3ccc(OC)cc3)cc2F)cc1,0.41
COOc1ccc(-n2nc(C(F)(F)F)cc2OS(=O)(=O)c2ccc(C)cc2)cc1,0.6236559139784946
NC(=O)OS(=O)(=O)Oc1cc(C(F)(F)F)nn1-c1ccc(-c2ccc(F)cc2)cc1,0.53
Cc1ccc(S(=O)(=O)C(F)(F)c2cc(-c3ccc(OC(=O)ON)cc3)n(-c3ccc(OC(=O)F)cc3)n2)cc1,0.5431034482758621
Cc1ccc(S(=O)(=O)C(F)(F)c2cc(C)n(-c3ccc(OC(=O)F)cc3)n2)cc1,0.5625
Cc1ccc(S(=O)(=O)C(F)(F)c2cc(C)n(-c3ccc(OC(=O)F)cc3)n2)cc1,0.5625
NS(=O)(=O)Oc1ccc(-c2ccc(-n3nc(OC(=O)F)cc3S(N)(=O)=O)cc2)cc1,0.4036697247706422
COOc1ccc(-n2nc(C(F)(F)F)cc2C(F)(F)c2cc(F)n(-c3ccc(OC)cc3)n2)cc1,0.36585365853658536
COc1ccc(-c2cc(C)n(-c3ccc(OC(=O)F)cc3)n2)cc1,0.39
NS(=O)(=O)c1cc(C(F)(F)F)nn1-c1cc(C(F)(F)F)nn1-c1ccc(-c2ccc(F)cc2)cc1,0.4954954954954955
NS(=O)(=O)c1cc(C(F)(F)F)nn1-c1ccc(-c2ccc(F)cc2)cc1,0.632183908045977
Cc1cc(C(F)(F)OC(N)=O)nn1-c1ccc(C(=O)ON)cc1,0.3434343434343434
Cc1ccc(S(=O)(=O)OC(=O)c2ccc(-c3ccc(-n4nc(C(F)(F)F)cc4F)cc3)cc2)cc1,0.5700934579439252
COOc1ccc(-n2nc(C(F)(F)F)cc2OS(=O)(=O)c2ccc(C(=O)ON)cc2)cc1,0.5142857142857142
Cc1ccc(S(=O)(=O)C(F)(F)c2cc(-c3ccc(OC(F)(F)F)cc3)n(-c3ccc(OC(=O)F)cc3)n2)cc1,0.5478260869565217
NC(=O)Oc1ccc(-c2ccc(-n3nc(C(F)(F)F)cc3S(=O)(=O)C(=O)F)cc2)cc1,0.5196078431372549
COc1ccc(-n2nc(C(F)(F)Oc3cc(C(F)(F)F)nn3-c3ccc(-c4ccc(F)cc4)cc3)cc2N)cc1,0.3656716417910448
COOc1ccc(-n2nc(C(F)(F)F)cc2-c2ccc(-c3ccc(C)cc3)cc2)cc1,0.5742574257425742
COOc1ccc(-n2nc(C(F)(F)c3ccc(C)cc3)cc2-c2ccc(-c3ccc(C)cc3)cc2)cc1,0.4274193548387097
NS(=O)(=O)c1cc(C(F)(F)F)nn1-c1ccc(C(F)(F)F)cc1,0.47191011235955055
COc1ccc(-n2nc(C(F)(F)F)cc2S(=O)(=O)C(F)(F)c2cc(C)n(-c3ccc(OC(=O)F)cc3)n2)cc1,0.40476190476190477
Cc1ccc(S(=O)(=O)Oc2cc(ON)nn2-c2ccc(S(N)(=O)=O)cc2)cc1,0.5257731958762887
COC(F)(F)c1cc(C(=O)OS(N)(=O)=O)n(-c2ccc(C(=O)OS(=O)(=O)c3ccc(C)cc3)cc2)n1,0.48672566371681414
Cc1ccc(S(=O)(=O)Oc2cc(C(F)(F)F)nn2-c2ccc(OOc3ccc(OC(=O)F)cc3)cc2)cc1,0.48739495798319327
COC(=O)Oc1ccc(C(=O)OS(=O)(=O)c2ccc(C)cc2)cc1,0.3300970873786408
Cc1cc(C(F)(F)ON)nn1-c1ccc(OC(=O)F)cc1,0.3617021276595745
Cc1ccc(S(=O)(=O)OS(=O)(=O)c2ccc(C)cc2)cc1,0.3617021276595745
COc1ccc(Oc2cc(C(F)(F)F)nn2-c2ccc(OC)cc2)cc1,0.45454545454545453
COc1ccc(-n2nc(C(F)(F)S(=O)(=O)c3ccc(C)cc3)cc2F)cc1,0.5934065934065934
Cc1cc(S(N)(=O)=O)n(-c2ccc(-c3ccc(OS(N)(=O)=O)cc3)cc2)n1,0.45
COc1ccc(-n2nc(C(F)(F)c3cc(C(F)(F)F)nn3-c3ccc(OC)cc3)cc2F)cc1,0.375
COC(=O)OC(F)(F)c1cc(N)n(-c2ccc(OC)cc2)n1,0.32323232323232326
CC(=O)Oc1ccc(OC(=O)c2ccc(-n3nc(C(F)(F)S(=O)(=O)c4ccc(C)cc4)cc3C)cc2)cc1,0.43089430894308944
COc1ccc(-n2nc(C(F)(F)c3cc(C)n(-c4ccc(OC(=O)F)cc4)n3)cc2F)cc1,0.35833333333333334
COOc1ccc(-n2nc(C(F)(F)F)cc2OS(=O)(=O)c2ccc(C(=O)OC)cc2)cc1,0.5
COc1ccc(-n2nc(C(F)(OC(=O)F)S(=O)(=O)c3ccc(C)cc3)cc2F)cc1,0.53
Cc1ccc(S(=O)(=O)On2nc(C(F)(F)S(=O)(=O)c3ccc(C)cc3)cc2F)cc1,0.46153846153846156
COc1ccc(-n2nc(C(F)(F)OS(=O)(=O)c3ccc(C)cc3)cc2-c2ccc(OC(C)=O)cc2)cc1,0.5398230088495575
COc1ccc(-n2nc(C(F)(F)OS(=O)(=O)c3ccc(C)cc3)cc2N)cc1,0.574468085106383
COc1ccc(-n2nc(C(F)(F)C(F)(F)c3cc(S(N)(=O)=O)n(-c4ccc(C)cc4)n3)cc2N)cc1,0.4824561403508772
COc1ccc(-n2nc(C(F)(F)C(F)(F)c3cc(F)n(-c4ccc(OC)cc4)n3)cc2N)cc1,0.3524590163934426
CC(=O)OS(=O)(=O)C(F)(F)c1cc(C)n(-c2ccc(OC(=O)F)cc2)n1,0.3592233009708738
COc1ccc(-n2nc(C(F)(F)F)cc2OOC(=O)c2ccc(-n3nc(C(F)(F)F)cc3F)cc2)cc1,0.36220472440944884
Cc1ccc(S(=O)(=O)OC(=O)c2ccc(-n3nc(C(F)(F)F)cc3C)cc2)cc1,0.6304347826086957
Cc1ccc(-c2ccc(-c3ccc(-n4nc(C(F)(F)C(F)(F)F)cc4S(N)(=O)=O)cc3)cc2)cc1,0.5321100917431193
CC(=O)Oc1ccc(S(=O)(=O)c2cc(C(F)(F)F)nn2-c2ccc(C)cc2)cc1,0.6304347826086957
Cc1ccc(S(=O)(=O)OC(=O)C(=O)c2ccc(-n3nc(C(F)(F)F)cc3C)cc2)cc1,0.5979381443298969
CC(=O)Oc1ccc(-c2cc(C(F)(F)F)nn2-c2ccc(C(=O)OS(=O)(=O)c3ccc(C)cc3)cc2)cc1,0.6
COc1ccc(-n2nc(C(C)(F)S(=O)(=O)c3ccc(C)cc3)cc2F)cc1,0.5591397849462365
NS(=O)(=O)S(=O)(=O)OC(=O)c1ccc(-c2ccc(-n3nc(C(F)(F)F)cc3F)cc2)cc1,0.5242718446601942
Cc1ccc(-n2nc(C(F)(F)F)cc2S(=O)(=O)S(=O)(=O)c2ccc(C)cc2)cc1,0.6373626373626373
Cc1ccc(-n2nc(C(F)(F)F)cc2-n2nc(C(F)(F)F)cc2F)cc1,0.4387755102040816
CC(=O)Oc1cc(C(F)(F)F)nn1-c1ccc(C)cc1,0.4880952380952381
COOc1ccc(-c2ccc(S(=O)(=O)Oc3cc(C(F)(F)F)nn3-c3ccc(OOC)cc3)cc2)cc1,0.47058823529411764
Cc1ccc(S(=O)(=O)OOc2ccc(-n3nc(C(F)(F)F)cc3OS(=O)(=O)c3ccc(C)cc3)cc2)cc1,0.4915254237288136
Cc1ccc(-c2ccc(S(=O)(=O)OC(=O)C(=O)c3ccc(-n4nc(C(F)(F)F)cc4C)cc3)cc2)cc1,0.5446428571428571
Cc1ccc(-c2ccc(-c3ccc(-n4nc(C(F)(F)F)cc4F)cc3)cc2)cc1,0.53
COOc1ccc(C(F)(F)c2cc(S(=O)(=O)S(=O)(=O)c3ccc(C)cc3)n(-c3ccc(C)cc3)n2)cc1,0.44166666666666665
CC(=O)Oc1ccc(-c2ccc(-n3nc(OC(N)=O)cc3S(N)(=O)=O)cc2)cc1,0.411214953271028
Cc1cc(C(F)(F)F)nn1-c1ccc(C(=O)C(=O)OS(=O)(=O)S(N)(=O)=O)cc1,0.42574257425742573
COc1ccc(C(N)(F)c2cc(S(N)(=O)=O)n(-c3ccc(-c4ccc(S(N)(=O)=O)cc4)cc3)n2)cc1,0.46551724137931033
Cc1ccc(S(=O)(=O)S(=O)(=O)S(=O)(=O)Oc2cc(C(F)(F)F)nn2-c2ccc(-c3ccc(F)cc3)cc2)cc1,0.5258620689655172
COOc1ccc(-n2nc(C(F)(F)F)cc2-c2ccc(-n3nc(C(F)(F)F)cc3C)cc2)cc1,0.4864864864864865
COc1ccc(-n2nc(C(F)(F)OS(N)(=O)=O)cc2N)cc1,0.3978494623655914
CC(=O)On1nc(C(F)(F)S(=O)(=O)c2ccc(C)cc2)cc1F,0.40425531914893614
CC(=O)Oc1ccc(S(=O)(=O)C(F)(F)c2cc(S(N)(=O)=O)n(-c3ccc(-c4ccc(ON)cc4)cc3)n2)cc1,0.43548387096774194
COOc1ccc(-n2nc(C(F)(F)F)cc2OC)cc1,0.38461538461538464
Cc1ccc(S(=O)(=O)OC(=O)c2ccc(S(N)(=O)=O)cc2)cc1,0.4148936170212766
Cc1ccc(S(=O)(=O)OC(=O)c2ccc(-c3ccc(-n4nc(N)cc4F)cc3)cc2)cc1,0.4636363636363636
Cc1ccc(S(=O)(=O)OC(=O)c2ccc(S(N)(=O)=O)cc2)cc1,0.4148936170212766
COc1ccc(-n2nc(C(F)(F)F)cc2OC(=O)c2ccc(-n3nc(C(F)(F)F)cc3F)cc2)cc1,0.3709677419354839
COc1ccc(-n2nc(S(=O)(=O)Oc3cc(C(F)(F)F)nn3-c3ccc(-c4ccc(F)cc4)cc3)cc2N)cc1,0.4186046511627907
Cc1ccc(S(=O)(=O)C(F)(F)c2cc(F)n(-n3nc(C(F)(F)F)cc3S(N)(=O)=O)n2)cc1,0.4485981308411215
NOc1ccc(-c2ccc(-n3nc(C(F)(F)n4nc(C(F)(F)F)cc4S(N)(=O)=O)cc3S(N)(=O)=O)cc2)cc1,0.45454545454545453
CC(=O)Oc1ccc(S(=O)(=O)c2cc(C(F)(F)F)nn2-c2ccc(C)cc2)cc1,0.6304347826086957
COc1ccc(-c2ccc(-c3ccc(-n4nc(C(F)(F)F)cc4S(N)(=O)=O)cc3)cc2)cc1,0.5233644859813084
CC(=O)Oc1ccc(S(=O)(=O)c2cc(C(F)(F)F)nn2-c2ccc(C)cc2)cc1,0.6304347826086957
COc1ccc(-n2nc(C(F)(OC(C)=O)S(=O)(=O)c3ccc(C)cc3)cc2F)cc1,0.5148514851485149
Cc1ccc(S(=O)(=O)Oc2cc(C(F)(F)F)nn2-c2ccc(On3nc(C(F)(F)F)cc3S(N)(=O)=O)cc2)cc1,0.5169491525423728
NS(=O)(=O)Oc1cc(C(F)(F)F)nn1-c1ccc(S(N)(=O)=O)cc1,0.5402298850574713
COc1ccc(-c2ccc(-c3ccc(C)cc3)cc2)cc1,0.32
CC(=O)Oc1ccc(-c2cc(C(F)(F)F)nn2-c2ccc(C(=O)n3nc(C(F)(F)F)cc3F)cc2)cc1,0.4700854700854701
COOc1ccc(-n2nc(C(F)(F)F)cc2-n2nc(C(F)(F)S(=O)(=O)c3ccc(C)cc3)cc2F)cc1,0.5087719298245614
COC(F)(F)c1cc(S(N)(=O)=O)n(-c2ccc(-c3ccc(-c4ccc(C)cc4)cc3)cc2)n1,0.5233644859813084
COC(=O)C(F)(F)c1cc(S(=O)(=O)c2ccc(OC(C)=O)cc2)n(-c2ccc(C)cc2)n1,0.5047619047619047
CC(=O)Oc1ccc(-c2cc(C(F)(F)F)nn2-c2ccc(C(=O)c3ccc(-c4ccc(C)cc4)cc3)cc2)cc1,0.4838709677419355
CC(=O)Oc1ccc(S(=O)(=O)c2cc(C(F)(F)F)nn2-c2ccc(-c3ccc(C)cc3)cc2)cc1,0.5700934579439252
Cc1ccc(S(=O)(=O)c2ccc(-n3nc(C(F)(F)F)cc3C)cc2)cc1,0.6904761904761905
COOc1ccc(-n2nc(C(F)(F)F)cc2-c2ccc(-c3ccc(-c4ccc(OC)cc4)cc3)cc2)cc1,0.41732283464566927
COC(=O)OOc1ccc(S(=O)(=O)c2cc(C(F)(F)F)nn2-c2ccc(C)cc2)cc1,0.5918367346938775
CC(=O)Oc1ccc(-c2ccc(-n3nc(N)cc3S(N)(=O)=O)cc2)cc1,0.4444444444444444
Cc1ccc(-c2ccc(-c3cc(C(F)(F)F)nn3F)cc2)cc1,0.5882352941176471
Cc1ccc(S(=O)(=O)Oc2ccc(S(=O)(=O)Oc3cc(C(F)(F)F)nn3-c3ccc(S(N)(=O)=O)cc3)cc2)cc1,0.5384615384615384
Cc1ccc(S(=O)(=O)c2ccc(-n3nc(C(F)(F)S(=O)(=O)c4ccc(C)cc4)cc3C)cc2)cc1,0.4649122807017544
CC(=O)OC(F)(F)c1cc(S(=O)(=O)S(=O)(=O)c2ccc(C)cc2)n(-c2ccc(C)cc2)n1,0.5096153846153846
COc1ccc(-n2nc(C(F)(F)S(=O)(=O)c3ccc(OC)cc3)cc2F)cc1,0.494949494949495
COc1ccc(-n2nc(C(F)(F)n3nc(C(F)(F)F)cc3-c3ccc(OC(C)=O)cc3)cc2F)cc1,0.4406779661016949
CC(=O)Oc1ccc(-c2cc(C(F)(F)F)nn2-c2ccc(C(=O)c3cc(C(F)(F)F)nn3F)cc2)cc1,0.4700854700854701
CC(=O)Oc1ccc(-c2cc(C(C)(F)F)nn2-c2ccc(C(=O)OS(=O)(=O)c3ccc(C)cc3)cc2)cc1,0.5304347826086957
COC(=O)c1cc(OS(=O)(=O)c2ccc(C)cc2)n(-c2ccc(S(N)(=O)=O)cc2)n1,0.5
COC(=O)OOc1ccc(-n2nc(C(F)(F)F)cc2S(N)(=O)=O)cc1,0.45263157894736844
Cc1ccc(-n2nc(C(F)(F)F)cc2S(N)(=O)=O)cc1,0.631578947368421
CC(=O)Oc1ccc(S(=O)(=O)c2ccc(C)cc2)cc1,0.3695652173913043
COc1ccc(-c2cc(N)n(-c3ccc(OC)cc3)n2)cc1,0.38144329896907214
CC(=O)Oc1cc(-c2ccc(-c3ccc(C)cc3)cc2)n(F)n1,0.4166666666666667
COOc1ccc(-n2nc(C(F)(F)F)cc2OS(=O)(=O)c2ccc(C(=O)OC)cc2)cc1,0.5
COOc1ccc(-n2nc(C(F)(F)F)cc2-c2cc(C(F)(F)F)nn2-c2ccc(-c3ccc(F)cc3)cc2)cc1,0.38636363636363635
NC(=O)OC(=O)Oc1ccc(-c2ccc(-n3nc(C(F)(F)F)cc3S(N)(=O)=O)cc2)cc1,0.5339805825242718
NC(=O)Oc1ccc(-c2ccc(-n3nc(C(F)(F)F)cc3S(=O)(=O)C(F)(F)F)cc2)cc1,0.5096153846153846
CC(=O)Oc1ccc(-c2cc(C(F)(F)F)nn2-c2ccc(-c3ccc(C)cc3)cc2)cc1,0.5784313725490197
CC(=O)Oc1ccc(S(=O)(=O)c2cc(OC(C)=O)nn2-c2ccc(C)cc2)cc1,0.4380952380952381
NC(=O)Oc1ccc(-c2ccc(-n3nc(C(F)(F)F)cc3S(N)(=O)=O)cc2)cc1,0.5789473684210527
COC(=O)Oc1ccc(-c2cc(C(F)(F)F)nn2-c2ccc(C(=O)OS(=O)(=O)c3ccc(C)cc3)cc2)cc1,0.584070796460177
COc1ccc(-c2ccc(-n3nc(C(F)(F)F)cc3S(=O)(=O)C(C)=O)cc2)cc1,0.5463917525773195
COc1cc(OS(=O)(=O)c2ccc(C)cc2)n(-c2ccc(S(N)(=O)=O)cc2)n1,0.5257731958762887
COC(=O)C(=O)Oc1ccc(-c2ccc(-n3nc(C(F)(F)F)cc3S(N)(=O)=O)cc2)cc1,0.5490196078431373
COc1ccc(-n2nc(C(F)(S(=O)(=O)c3ccc(C)cc3)S(=O)(=O)c3ccc(C)cc3)cc2F)cc1,0.4406779661016949
CC(=O)Oc1ccc(-c2cc(C(F)(F)F)nn2-c2ccc(C(=O)C(C)=O)cc2)cc1,0.5612244897959183
CC(=O)S(=O)(=O)Oc1cc(C(F)(F)F)nn1-c1ccc(-c2ccc(F)cc2)cc1,0.5463917525773195
Cc1cc(C(F)(F)F)nn1C(N)(F)c1cc(S(N)(=O)=O)n(-c2ccc(-c3ccc(S(N)(=O)=O)cc3)cc2)n1,0.5585585585585585
COc1ccc(Oc2ccc(-c3ccc(-n4nc(C(F)(F)F)cc4S(N)(=O)=O)cc3)cc2)cc1,0.509090909090909
Cc1ccc(-c2ccc(-n3nc(C(F)(F)F)cc3C)cc2)cc1,0.6463414634146342
Cc1ccc(S(=O)(=O)OC(=O)C(=O)c2ccc(-n3nc(C(F)(F)F)cc3C)cc2)cc1,0.5979381443298969
COc1ccc(C(=O)OS(=O)(=O)c2ccc(C)cc2)cc1,0.35789473684210527
Cc1ccc(S(=O)(=O)Oc2ccc(-n3nc(C(F)(F)F)cc3OS(=O)(=O)c3ccc(C)cc3)cc2)cc1,0.5043478260869565
Cc1ccc(-n2nc(C(F)(F)F)cc2S(=O)(=O)n2nc(C(F)(F)F)cc2S(N)(=O)=O)cc1,0.49038461538461536
Cc1ccc(S(=O)(=O)Oc2cc(-c3cc(C(F)(F)F)nn3F)nn2-c2ccc(S(N)(=O)=O)cc2)cc1,0.6095238095238096
Cc1ccc(-c2ccc(-c3cc(S(=O)(=O)c4cc(C(F)(F)F)nn4-c4ccc(C)cc4)nn3F)cc2)cc1,0.5128205128205128
CC(=O)Oc1ccc(-c2cc(C(F)(F)F)nn2-c2ccc(-c3ccc(C)cc3)cc2)cc1,0.5784313725490197
Cc1ccc(S(=O)(=O)Oc2cc(OS(=O)(=O)c3ccc(C)cc3)n(-c3ccc(S(N)(=O)=O)cc3)n2)cc1,0.4180327868852459
CC(=O)Oc1ccc(-c2ccc(-n3nc(C(F)(F)F)cc3S(=O)(=O)C(C)=O)cc2)cc1,0.5196078431372549
COOc1ccc(-n2nc(C(F)(F)F)cc2OC(=O)c2ccc(-n3nc(C(F)(F)F)cc3F)cc2)cc1,0.36220472440944884
COC(=O)OOc1ccc(-c2ccc(-c3ccc(C)cc3)cc2)cc1,0.3
Cc1ccc(S(=O)(=O)OC(=O)C(F)(F)c2cc(C)n(-c3ccc(S(=O)(=O)c4ccc(C)cc4)cc3)n2)cc1,0.4344262295081967
Cc1ccc(S(=O)(=O)OC(=O)C(=O)c2ccc(-n3nc(C(F)(F)F)cc3C)cc2)cc1,0.5979381443298969
NC(F)(F)c1cc(S(=O)(=O)S(N)(=O)=O)n(-c2ccc(-c3ccc(S(N)(=O)=O)cc3)cc2)n1,0.5445544554455446
CC(=O)Oc1ccc(S(=O)(=O)c2ccc(-n3nc(C(F)(F)F)cc3S(N)(=O)=O)cc2)cc1,0.5544554455445545
Cc1ccc(-n2nc(C(F)(F)F)cc2S(=O)(=O)OC(=O)c2ccc(-n3nc(C(F)(F)F)cc3F)cc2)cc1,0.46218487394957986
Cc1ccc(-c2ccc(S(=O)(=O)c3ccc(-n4nc(C(F)(F)F)cc4C)cc3)cc2)cc1,0.6161616161616161
Cc1ccc(-c2ccc(-n3nc(C(F)(F)F)cc3-c3ccc(C)cc3)cc2)cc1,0.6105263157894737
Cc1cc(C(F)(F)F)nn1-c1ccc(C(=O)C(=O)OS(=O)(=O)S(N)(=O)=O)cc1,0.42574257425742573
NS(=O)(=O)S(=O)(=O)Oc1cc(C(F)(F)F)nn1-c1ccc(-c2ccc(F)cc2)cc1,0.5510204081632653
Cc1ccc(S(=O)(=O)OC(=O)C(=O)c2ccc(N)cc2)cc1,0.3645833333333333
CC(=O)Oc1ccc(S(=O)(=O)S(=O)(=O)Oc2cc(C(F)(F)F)nn2-c2ccc(S(N)(=O)=O)cc2)cc1,0.5321100917431193
Cc1ccc(S(=O)(=O)Oc2cc(F)nn2-c2ccc(S(N)(=O)=O)cc2)cc1,0.5591397849462365
COC(=O)Oc1ccc(-c2cc(C(F)(F)F)nn2-c2ccc(-c3ccc(-c4ccc(C)cc4)cc3)cc2)cc1,0.4796747967479675
COOc1ccc(-n2nc(C(F)(F)F)cc2Oc2cc(C(F)(F)F)nn2-c2ccc(OC)cc2)cc1,0.35714285714285715
Cc1ccc(-c2ccc(S(=O)(=O)c3ccc(C)cc3)cc2)cc1,0.4166666666666667
Cc1ccc(-c2ccc(S(=O)(=O)c3ccc(-n4nc(-n5nc(C(F)(F)F)cc5F)cc4C)cc3)cc2)cc1,0.5258620689655172
Cc1ccc(S(=O)(=O)S(=O)(=O)c2ccc(-n3nc(C(F)(F)F)cc3S(N)(=O)=O)cc2)cc1,0.6421052631578947
CC(=O)Oc1ccc(S(=O)(=O)c2cc(C(F)(F)F)nn2-c2ccc(-c3ccc(ON)cc3)cc2)cc1,0.5
COOc1ccc(-n2nc(C(F)(F)F)cc2-c2ccc(S(=O)(=O)S(=O)(=O)c3ccc(C)cc3)cc2)cc1,0.616822429906542
COOc1ccc(-n2nc(C(F)(F)F)cc2OS(=O)(=O)c2ccc(-c3ccc(OC(C)=O)cc3)cc2)cc1,0.4628099173553719
Cc1ccc(-n2nc(C(F)(F)S(=O)(=O)c3cc(C(F)(F)F)nn3-c3ccc(C)cc3)cc2S(N)(=O)=O)cc1,0.5043478260869565
CC(=O)Oc1ccc(-c2ccc(-c3ccc(C)cc3)cc2)cc1,0.3173076923076923
COOc1ccc(-n2nc(C(F)(F)F)cc2-c2ccc(C)cc2)cc1,0.6987951807228916
COOc1cc(OS(=O)(=O)c2ccc(C)cc2)n(-c2ccc(OC(=O)ON)cc2)n1,0.4351851851851852
COc1ccc(-n2nc(C(F)(F)F)cc2S(=O)(=O)c2ccc(-n3nc(C(F)(F)F)cc3C)cc2)cc1,0.46956521739130436
Cc1ccc(S(=O)(=O)OOOc2ccc(-n3nc(C(F)(F)F)cc3OS(=O)(=O)c3ccc(C)cc3)cc2)cc1,0.4793388429752066
Cc1ccc(Oc2ccc(-c3ccc(-n4nc(C(F)(F)F)cc4S(N)(=O)=O)cc3)cc2)cc1,0.5980392156862745
CC(=O)c1ccc(-c2ccc(S(=O)(=O)Oc3cc(C(F)(F)F)nn3-c3ccc(S(N)(=O)=O)cc3)cc2)cc1,0.5350877192982456
Cc1ccc(S(=O)(=O)S(=O)(=O)c2ccc(-n3nc(C)cc3S(N)(=O)=O)cc2)cc1,0.49
Cc1ccc(Oc2ccc(-c3ccc(-c4ccc(-n5nc(C(F)(F)F)cc5S(N)(=O)=O)cc4)cc3)cc2)cc1,0.5083333333333333
Cc1ccc(S(=O)(=O)Oc2cc(C(F)(F)F)nn2-c2ccc(OOn3nc(C(F)(F)F)cc3F)cc2)cc1,0.49572649572649574
Cc1cc(C(F)(F)F)nn1-c1ccc(S(=O)(=O)Oc2cc(C(F)(F)F)nn2-c2ccc(S(N)(=O)=O)cc2)cc1,0.5042735042735043
Cc1ccc(-c2ccc(S(=O)(=O)c3ccc(-n4nc(C(F)(F)F)cc4C)cc3)cc2)cc1,0.6161616161616161
Cc1ccc(-c2ccc(S(=O)(=O)OOc3ccc(-n4nc(C(F)(F)F)cc4-c4ccc(C)cc4)cc3)cc2)cc1,0.559322033898305
Cc1cc(C(F)(F)F)nn1-c1ccc(-c2ccc(-n3nc(C(F)(F)F)cc3S(N)(=O)=O)cc2)cc1,0.5229357798165137
Cc1ccc(-c2cc(C(F)(F)F)nn2-c2ccc(OOS(=O)(=O)S(=O)(=O)c3ccc(C)cc3)cc2)cc1,0.616822429906542
COOc1cc(C(F)(F)F)nn1-c1ccc(-c2ccc(Oc3ccc(C)cc3)cc2)cc1,0.48623853211009177
Cc1ccc(-n2nc(C(F)(F)F)cc2S(=O)(=O)S(=O)(=O)OS(=O)(=O)c2ccc(C)cc2)cc1,0.5742574257425742
Cc1ccc(S(=O)(=O)Oc2cc(-n3nc(C(F)(F)F)cc3C)nn2-c2ccc(OC(=O)ON)cc2)cc1,0.5175438596491229
COOc1ccc(-n2nc(C(F)(F)c3ccc(-c4ccc(C)cc4)cc3)cc2-c2ccc(C)cc2)cc1,0.4274193548387097
Cc1ccc(S(=O)(=O)OC(=O)C(=O)c2ccc(OS(=O)(=O)c3ccc(C)cc3)cc2)cc1,0.30327868852459017
COOOc1cc(C(F)(F)F)nn1-c1ccc(OC)cc1,0.3723404255319149
Cc1cc(C(F)(F)F)nn1-c1ccc(S(=O)(=O)c2ccc(-n3nc(C(F)(F)F)cc3S(N)(=O)=O)cc2)cc1,0.49137931034482757
CC(=O)Oc1ccc(S(=O)(=O)C(F)(F)c2cc(C)n(-c3ccc(S(=O)(=O)c4ccc(C)cc4)cc3)n2)cc1,0.4344262295081967
Cc1ccc(S(=O)(=O)Oc2cc(F)nn2-c2ccc(OC(=O)ON)cc2)cc1,0.4752475247524752
COc1ccc(-n2nc(C(F)(F)F)cc2On2nc(C(F)(F)F)cc2-c2ccc(C)cc2)cc1,0.5137614678899083
O=S(=O)(Oc1cc(C(F)(F)F)nn1-c1ccc(-c2ccc(F)cc2)cc1)C(F)(F)F,0.52
COOc1cc(S(N)(=O)=O)n(-c2ccc(S(=O)(=O)S(=O)(=O)c3ccc(C)cc3)cc2)n1,0.46226415094339623
CC(=O)Oc1ccc(-n2nc(C(F)(F)F)cc2C)cc1,0.42045454545454547
NOc1ccc(-c2ccc(-n3nc(C(F)(F)F)cc3F)cc2)cc1,0.5333333333333333
COc1ccc(-n2nc(C(F)(F)F)cc2Oc2ccc(S(=O)(=O)S(=O)(=O)c3ccc(C)cc3)cc2)cc1,0.5043478260869565
Cc1ccc(-n2nc(C(F)(F)F)cc2S(=O)(=O)S(N)(=O)=O)cc1,0.5595238095238095
CC(=O)C(=O)Oc1ccc(-c2cc(C(F)(F)F)nn2-c2ccc(C(=O)OS(=O)(=O)c3ccc(C)cc3)cc2)cc1,0.5739130434782609
CC(=O)Oc1ccc(-c2cc(C(F)(F)F)nn2-c2ccc(C(=O)C(=O)OS(=O)(=O)c3ccc(C)cc3)cc2)cc1,0.5739130434782609
COc1ccc(C(=O)c2ccc(-n3nc(C(F)(F)F)cc3C)cc2)cc1,0.4895833333333333
Cc1ccc(-n2nc(C(F)(F)F)cc2-n2nc(C(F)(F)F)cc2C)cc1,0.4387755102040816
Cc1ccc(-n2nc(C(F)(F)F)cc2S(=O)(=O)F)cc1,0.569620253164557
Cc1cc(C(CO)CCO)nn1-c1ccc(C(=O)c2ccc(-n3nc(C(F)(F)F)cc3F)cc2)cc1,0.3790322580645161
Cc1ccc(-c2cc(C(F)(F)F)nn2-c2ccc([SH](=O)=O)cc2)cc1,0.75
Cc1ccc(-c2ccc(-n3nc(C(F)F)cc3OC(=O)c3ccc(-n4nc(C(F)(F)F)cc4F)cc3)cc2)cc1,0.4186046511627907
Cc1ccc(-n2nc(-c3cc(O[SH](=O)=O)n(-c4ccc(OC(=O)ON)cc4)n3)cc2N(C)C(=O)CO)cc1,0.3014705882352941
CC(=O)Oc1ccc(CC(=O)c2ccc(-c3ccc(ON)cc3)cc2)cc1,0.2542372881355932
Cc1ccc(-c2ccc(N(O)C(=O)c3ccc(-n4nc(C(F)(F)F)cc4O[SH](=O)=O)cc3)cc2)cc1,0.47413793103448276
COc1ccc(-n2nc(C(F)(F)F)cc2OS(=O)(=O)c2ccnn2-c2ccc(-c3ccc(F)cc3)cc2)cc1,0.4140625
NS(=O)(=O)c1ccc(-n2nc(C(F)(F)F)cc2O[SH](=O)=O)cc1,0.5529411764705883
FC(F)(F)c1cc2n(n1)-c1ccc(cc1)Nc1ccc-2cc1,0.6341463414634146
Cc1ccc(-c2ccc(S(=O)(=O)c3ccc(NC(=O)CI)cc3)cc2)cc1,0.37383177570093457
Cc1ccc(S(=O)(=O)S(=O)(=O)C(=O)c2ccc(-n3nc(C(F)(F)F)cc3-c3ccccc3)cc2)cc1,0.6037735849056604
COc1ccc(C(F)c2cc(S(N)(=O)=O)n(-c3ccc(-c4ccc(F)cc4)cc3)n2)cc1,0.4
CC(=O)Oc1ccc(-c2cc(C)nn2-c2ccc(C(=O)O)cc2)cc1,0.4387755102040816
Cc1ccc(-c2cc(C(F)(F)F)nn2-c2ccc(OO)cc2)cc1,0.725
O=S(=O)(Oc1cc2nn1c1ccc(cc1)o2)c1ccc(CCc2ccccc2)cc1,0.28225806451612906
C=CCOOc1ccc(-n2nccc2-c2ccc(S(=O)(=O)S(=O)(=O)c3ccc(C)cc3)cc2)cc1,0.4049586776859504
Cc1cc(C(F)(F)F)nn1-c1ccc(C(=O)C(F)F)cc1,0.4111111111111111
Cc1cc(C(F)(F)CCCCc2ccc(OC(F)F)cc2)nn1S(=O)(=O)O,0.2743362831858407
Cc1ccc(-c2cc(C(F)(F)F)nn2-c2ccc(OOc3ccn(-c4ccc(S(N)(=O)=O)cc4)n3)cc2)cc1,0.6454545454545455
Cc1ccc(-c2cccc(On3nc(C(F)(F)F)cc3-c3ccc(C)cc3)c2)cc1,0.4716981132075472
Cc1ccc(-c2ccc(-c3ccc(-c4ccc(CN(C)C)cc4)cc3)cc2)cc1,0.2601626016260163
Cc1ccc(-c2ccc(-n3nc(C(F)(F)F)cc3-c3ccc(-c4ccc(C5CC5)cc4)cc3)cc2)cc1,0.48739495798319327
Cc1cc(-c2ccccc2)n(-c2ccc(-c3ccc(-c4ccc([SH](=O)=O)cc4)c(Cl)c3)cc2)n1,0.3412698412698413
Cc1cc(C(F)(F)F)nn1-c1ccc(OCc2ccc([SH](=O)=O)cc2)cc1,0.4897959183673469
CC(=O)c1ccc(C(=O)S(=O)(=O)S(=O)(=O)c2ccc(C3CO3)cc2)cc1,0.25892857142857145
FCCCOc1ccc(-c2ccc(-n3nccc3NF)cc2)cc1,0.3177570093457944
Cc1ccc(-c2ccc(-c3ccc(-c4ccc(-n5nc(C(F)(F)F)cc5[SH](=O)=O)cc4)cc3)cc2)cc1,0.45454545454545453
Cc1cc(C(F)(F)F)nn1S(=O)(=O)Oc1cc(C(F)(F)c2ccccc2F)nn1-c1ccc(S(N)(=O)=O)cc1,0.4789915966386555
O=C(O)C(=O)Oc1ccc(-c2cc(C(F)(F)F)nn2-c2ccc(C(=O)OC3CC3)cc2)cc1,0.5
COOc1ccc(-n2nccc2-c2ccc(S(=O)(=O)S(=O)(=O)c3ccc(C)cc3)cc2)cc1,0.4260869565217391
Fc1cc(C(F)(F)F)nn1-c1cc2n(n1)-c1ccc(cc1)Nc1ccc-2cc1,0.51
Cc1ccc(S(=O)(=O)OC(=O)c2ccc(-n3nc(C(F)(F)F)cc3-c3ccc(O)cc3)cc2)cc1,0.6470588235294118
O=C(O)c1ccc(-n2nc(C(F)(F)F)cc2-c2ccc(O)cc2)cc1,0.6091954022988506
O=C(c1ccc(-n2nc(C(F)(F)F)cc2F)cc1)S(=O)(=O)S(=O)(=O)c1ccccc1,0.44761904761904764
COOc1ccc(-n2nc(C(N)F)cc2-c2ccc(S(=O)(=O)S(=O)(=O)c3ccc(C)cc3)cc2)cc1,0.47413793103448276
Cc1ccc(-c2ccc(-n3nc(C(F)(F)F)cc3-n3nc(C(F)F)cc3S(N)(=O)=O)cc2)cc1,0.5922330097087378
C=COc1ccc(-n2nc(C(F)(F)c3cc(-c4ccc(C)cc4)[nH]n3)cc2S(N)(=O)=O)cc1,0.5233644859813084
Cc1cc(C(F)F)nn1-c1ccc(C(=O)C(=O)c2ccc(-n3nc(C(F)(F)F)cc3F)cc2)cc1,0.40336134453781514
COc1cc(C(=O)C(F)O[SH](=O)=O)n(-c2ccc(C(=O)O)cc2)n1,0.23636363636363636
O=[SH](=O)c1ccc(-n2nc(C(F)(F)F)cc2-c2ccc(C(F)F)cc2)cc1,0.5934065934065934
Cc1ccc(-c2ccc(S(=O)(=O)c3ccccc3)cc2)cc1,0.4105263157894737
Cc1cc(C(F)(F)F)nn1-c1ccc(S(=O)(=O)c2ccccc2)cc1,0.5730337078651685
COC(=O)Cn1nc(C(F)(F)F)cc1-c1ccc(F)cc1,0.391304347826087
Cc1ccc(-n2nc3cc2S(=O)(=O)S(=O)(=O)C(=O)C3(F)F)cc1,0.3333333333333333
COOc1ccc(-n2nc(C(F)(F)F)cc2OS(=O)(=O)c2ccc(-c3ccccc3)cc2)cc1,0.5045045045045045
CCC(=O)c1ccc(-n2nc(C(O)(F)F)cc2-c2ccc(C)cc2)cc1,0.6067415730337079
Cc1ccc(-c2cc(C(F)(F)n3nc(C(F)F)cc3F)nn2-c2ccc(OO)cc2)cc1,0.5094339622641509
OCCc1ccc(-n2nccc2-c2ccc(O)cc2)cc1,0.3469387755102041
Cc1ccc(-c2cc(C(F)(F)F)nn2-c2ccccc2)cc1,0.6625
CCc1ccc(-n2nc(-c3ccccc3)cc2-c2ccc(S(=O)(=O)S(=O)(=O)c3ccc(C)cc3)cc2)cc1,0.42063492063492064
CCC(F)(F)c1cc(S(N)(=O)=O)n(-c2ccc(-c3ccc(-c4ccccc4)cc3)cc2)n1,0.4636363636363636
Cc1cccc(-c2ccc(-c3ccc(-n4nc(F)cc4S(N)(=O)=O)cc3)cc2)c1,0.44339622641509435
Cc1ccc(-c2ccc(-c3ccc(S(=O)(=O)O)cc3)cc2)cc1,0.4166666666666667
O=Cc1cc(-c2ccc(O)cc2)n(-c2ccc(C(=O)O)cc2)n1,0.43157894736842106
COOc1cc(C)n(-c2ccc(S(=O)(=O)c3ccc(-c4ccccc4)cc3)cc2)n1,0.4017857142857143
CCn1nc(C(F)(F)CC(=O)[O-])cc1-c1ccc(C)cc1,0.391304347826087
NS(=O)(=O)c1ccc(-n2nc(C(F)(F)c3ccco3)cc2F)cc1,0.5393258426966292
COOC(F)(F)c1cc(S(=O)(=O)S(=O)(=O)c2ccccc2)n(-c2ccc(C)cc2)n1,0.45714285714285713
O=[SH](=O)c1ccc(-n2nc(C(F)(F)F)cc2-c2ccc(C3CC3)cc2)cc1,0.5869565217391305
CC(=O)Oc1cc(C(F)(F)C(F)(F)c2cc(N3CCC([SH](=O)=O)CC3)[nH]n2)nn1-c1ccc(C)cc1,0.328125
O=C(O)c1ccc(-n2nc(C(F)(CO)c3ccccc3)cc2-c2ccc(O)cc2)cc1,0.40707964601769914
Cc1ccc(-c2ccc(-n3nc(C(F)(F)F)cc3-c3cc(C(F)(F)C(N)=O)nn3-c3ccc(C)cc3)cc2)cc1,0.46774193548387094
NOc1ccc(-c2ccc(-n3nc(CCOC(F)(F)F)cc3S(N)(=O)=O)cc2)cc1,0.4807692307692308
O=C(F)c1ccc(-n2nc(C(F)(F)F)cc2C(=O)[O-])cc1,0.3956043956043956
Cc1cc(C(C)F)nn1-c1ccc(-c2ccc(-n3nc(C(F)(F)F)cc3S(N)(=O)=O)cc2)cc1,0.5327102803738317
O=C(Nc1ccc(-n2nc(C(F)(F)F)cc2OS(=O)(=O)c2ccc(O)cc2)cc1)c1ccccc1,0.4444444444444444
Cc1cc(C(F)F)nn1-c1ccc(-c2cc(-c3cc(C(F)(F)F)nn3F)nn2-c2ccc(S(N)(=O)=O)cc2)cc1,0.5739130434782609
Cc1ccc(S(=O)(=O)OC(=O)c2ccc(-n3ccc(C)n3)cc2)cc1,0.42424242424242425
COc1ccc(-n2nc(C(F)(F)c3ccccc3)cc2OS(N)(=O)=O)cc1,0.43137254901960786
NC(=O)S(=O)(=O)c1ccc(-n2nc(-c3ccccc3)cc2OS(=O)(=O)c2ccc(N)cc2)cc1,0.3387096774193548
NS(=O)(=O)c1cc(C(F)(F)F)nn1-c1cc(-c2cc(C(F)(F)F)nn2F)n[nH]1,0.3302752293577982
Cc1ccc(-c2cc(N3CCCC3C#N)nn2-c2ccc(-c3cc(C(F)(F)F)nn3-c3ccccc3)cc2)cc1,0.453125
CC(=O)Oc1ccc(S(=O)(=O)c2cc(C(F)(F)F)nn2-c2ccc(-c3ccc(C(F)F)cc3)cc2)cc1,0.47863247863247865
Cc1ccc(-n2nc(C(F)F)cc2S(=O)(=O)c2ccc(S(=O)(=O)S(=O)(=O)c3ccc(C)cc3)cc2)cc1,0.3870967741935484
COc1ccc(C(F)(c2cc(S(N)(=O)=O)n(-c3ccc(C)cc3)n2)N2CCCC2)cc1,0.4766355140186916
COOc1ccc(-n2nc(C(F)(F)F)cc2S(=O)(=O)N2CCCCC2)cc1,0.37735849056603776
Nn1ccc(OOc2ccc(-n3nc(C(F)(F)F)cc3-c3ccccc3)cc2)n1,0.4807692307692308
Cc1ccnn1-c1ccc(S(=O)(=O)c2cc3n(n2)-c2ccc(cc2)N2CCCN3CC2)cc1,0.336
Cc1ccc(-n2nc(C(F)F)cc2S(=O)(=O)c2ccc(OC(F)(F)F)cc2)cc1,0.5463917525773195
Cc1ccc(-c2ccc(-n3nc(OC(F)F)cc3S(=O)(=O)c3ccc(C=O)cc3)cc2)cc1,0.45132743362831856
NOc1ccc(-c2ccc(-n3nc(C(F)(F)F)cc3-c3cc4o[nH]c(=O)c5ccc(cc5)n4n3)cc2)cc1,0.40625
COOc1ccc(-n2nc3cc2-c2cc(C(F)(F)F)nn2C3)cc1,0.40404040404040403
Cc1ccc(-c2ccc(-c3ccc(S(=O)(=O)c4cc(C(F)(F)F)nn4-c4ccccc4)cc3)cc2)cc1,0.5042735042735043
O=C(c1ccc(-c2ccc(F)cc2)cc1)C(F)(F)c1cc([SH](=O)=O)n(-c2ccc(-c3ccc(F)cc3)cc2)n1,0.33088235294117646
COOc1ccc(-n2nc(C(F)(F)n3nc(C(F)F)cc3-c3ccc(C)cc3)cc2-c2ccc(C)cc2)cc1,0.4251968503937008
Cc1ccc(-c2cc(C(F)(F)[C@H]3CNC(=O)C3)nn2-c2ccc(O)cc2)cc1,0.5625
Cc1ccc(-n2nc(Cc3ccc(CSC(F)F)cc3)cc2[SH](=O)=O)cc1,0.4
Cc1ccc(-c2ccc(S(=O)(=O)c3ccc(-n4nc(C(F)F)cc4C)cc3)cc2)cc1,0.4766355140186916
Cc1ccc(-c2cc(C(F)(F)F)nn2-c2ccc(C(F)Cc3ccc([SH](=O)=O)cc3)cc2)cc1,0.5660377358490566
Cc1ccc(S(=O)(=O)OC(=O)c2ccc(-c3cc(C(F)(F)F)nn3-c3ccc(C(=O)O)cc3)cc2)cc1,0.616822429906542
Cc1ccc(-n2nc(C(F)(F)C3CCCCC3)cc2S(=O)(=O)c2ccc(OC=O)cc2)cc1,0.4774774774774775
Cc1ccc(-c2ccc(-c3ccc(-n4nc(C(F)(F)F)cc4S(=O)(=O)C=O)cc3)cc2)cc1,0.5523809523809524
Cc1ccc(-c2cc(C(F)(F)c3ccc(-n4nc(C(F)(F)F)cc4C)cc3)nn2-c2ccccc2)cc1,0.49572649572649574
O=C(COC(=O)c1ccc(-n2ccc(C(F)(F)F)n2)cc1)NCF,0.3047619047619048
Cc1ccc(-c2ccc(S(=O)(=O)c3ccc(-n4nc(C(F)(F)F)cc4-c4ccc(O)cc4)cc3)cc2)cc1,0.5892857142857143
Cc1ccc(-c2ccc(-c3ccc(-n4nccc4S(=O)(=O)N4CCCC4)cc3)cc2)cc1,0.36666666666666664
