COc1ccc([C@H](C)Nc2ncnc3nc(Nc4nc(C)nc5scc(-c6ccccc6)c45)ccc23)cc1F,0.6073604314391292
Fc1cc(CNc2cc(-c3ncnc4onc(-c5ccc(Cl)cc5)c34)ncn2)ccc1Oc1cccnc1,0.5959232613908874
Cc1cccc(Nc2ncnc(Nc3ccc(F)c(F)c3)c2CNc2nccc(-c3c(C)nn(C)c3C)n2)n1,0.6049888309754281
COc1cc(Nc2ncnc3c2cnn3C)c(C)cc1-c1csc2nc(C)nc(N[C@H](C)Cn3cncn3)c12,0.6078644965611517
CSc1nc([O-])c(-c2ccc3ncnc(Nc4ccc(-n5ncn(C)c5=O)cc4)c3c2)cc1C#N,0.6044504995458674
Cc1cccc(Nc2ncnc(Nc3ccc(F)c(F)c3)c2-c2ncnc3onc(-c4ccc(Cl)cc4)c23)n1,0.609501512047605
Cc1nc(N[C@H](C)CNc2cc(-n3ccnc3)ncn2)c2c(-c3ccccc3)csc2n1,0.6023506917107186
COc1cc(Nc2ncnc3c2cnn3C)c(C)cc1-c1ncnc(Nc2ccc(F)c(F)c2)c1[N+](=O)[O-],0.6057941911152471
Cc1ccnc(Nc2ncnc(Nc3nc4c(c(N[C@@H](C)Cc5c(C)nn(C)c5C)n3)CCC4)c2[N+](=O)[O-])c1,0.6043276661514683
Cc1nc(Nc2ncnc(Nc3csc4ncnc(Nc5ccc6c(c5)OCCO6)c34)c2[N+](=O)[O-])sc1C,0.5893230691992302
COc1ccc([C@H](C)Nc2ncnc3nc(-c4nc(C)nc5sccc45)ccc23)cc1F,0.6036644165863067
Cc1nc(N[C@@H](C)c2nc(C)nc3sccc23)c2nc(C)oc2n1,0.6
Cc1ccnc(Nc2ncnc(Nc3ccc(F)c(Cl)c3)c2Cl)c1,0.6147342995169083
COc1cc2ncnc(-c3ccnc(NC(=O)c4cn(C)nc4C(C)(C)C)c3)c2cc1OC,0.6233832999621192
CCOc1ncnc(-c2c(Nc3ccc4c(c3)OCO4)ncnc2Nc2nc(C)c(C)s2)c1[N+](=O)[O-],0.6251683879658734
COc1cc2ncnc(Nc3cc(-c4ncnc5cc(OC)c(OC)cc45)ccn3)c2cc1OC,0.8742416249010815
O=[N+]([O-])c1c(Nc2ccc3c(c2)OCO3)ncnc1Nc1ncnc(Nc2ccc(F)c(Cl)c2)c1Cl,0.6094697968873648
COc1cc(Nc2ncnc3ccc(C)cc23)ccc1Nc1ncnc(-n2cnc3ccccc32)c1[N+](=O)[O-],0.612812248186946
COc1cc2ncnc(Nc3cc(-c4ncnc5cc(OC)c(OF)cc45)ccn3)c2cc1OC,0.8755635944217259
Cc1ccnc(Nc2ncnc(Nc3ccc(F)c([N+](=O)[O-])c3)c2[N+](=O)[O-])c1,0.616232059834243
COc1cc2ncnc(Nc3ncnc(Nc4nc(C)c(C)s4)c3[N+](=O)[O-])c2cc1OC,0.8610365129370449
COc1cc2ncnc(-c3cc(-c4ncnc5cc(OC)c(OF)cc45)ccn3)c2cc1OC,0.600577447807602
O=[N+]([O-])c1ncnc(Nc2ccc(F)c(F)c2)c1[N+](=O)[O-],0.6051549652118913
COc1cc2ncnc(-c3cc(Nc4ncnc(Nc5cc(C)ccn5)c4[N+](=O)[O-])ccc3F)c2cc1OC,0.6064908722109533
CCOc1ncnc(-c2c(Nc3ccc4c(c3)OCO4)ncnc2Nc2nc(C)c(C)s2)c1[N+](=O)[O-],0.6251683879658734
CO[N+](=O)c1c(NNC(C)(C)C)ncnc1Nc1ccc(F)c(F)c1,0.612729130740244
COc1cccc(CNc2ncnc3sc([O-])cc23)c1OC,0.6116805629924271
Cc1nc(C)n(CCNc2nc(Nc3ncnc(Nc4nc(C)c(C)s4)c3[N+](=O)[O-])nc3sccc23)n1,0.5977687626774848
CO[N+](=O)c1c(NNC(C)(C)C)ncnc1Nc1ccc(F)c(F)c1,0.612729130740244
Cc1ccnc(Nc2ncnc(-c3csc4ncnc(Nc5ccc6c(c5)OCCO6)c34)c2Cl)c1,0.6130860017868058
CCOc1ncnc(Oc2c(CNc3ncnc4sc(-c5ccccc5)cc34)cccc2OC)c1[N+](=O)[O-],0.6064530289727832
Cc1nc(C)n(CCNc2nc(Nc3ncnc4c3cnn4-c3cc(Cl)ccc3C)nc3sccc23)n1,0.5995879120879121
Cn1cc(C(=O)Nc2cc(-c3nncn3C)ccn2)c(C(C)(C)c2ncnc3c2cnn3-c2cccc(Cl)c2)n1,0.5951209124035777
Cc1ccnc(Nc2c(Nc3ccc4c(c3)OCO4)ncnc2Nc2nc(C)c(C)s2)c1,0.5999601046145662
COc1cc2ncnc(Nc3cc(-c4ncnc(Nc5ccc(F)c(F)c5)c4[N+](=O)[O-])ccn3)c2cc1OC,0.8652335431356775
CCOc1cc2ncnc(Nc3ncnc(Nc4nc(C)c(C)s4)c3[N+](=O)[O-])c2cc1OC,0.8610365129370449
Cc1ccnc(Nc2cccc(-n3c([O-])nc4nc(NCc5ccc6c(c5)OCO6)ncc4c3=O)c2C)c1,0.6053139115870679
CCOc1ccc(-c2noc3ncnc(Nc4ccc5c(c4)OCCO5)c23)cc1,0.6128437952362153
CCOc1cc2ncnc(-c3nc(NCCn4nc(C)nc4C)c4ccsc4n3)c2cc1OC,0.6042939430965264
COc1cc2ncnc(-c3cc4ncnc(NCc5ccccc5F)c4cc3OC)c2cc1OF,0.6166879795396419
CCOc1cc2ncnc(Nc3ncnc(Nc4nc(C)c(C)s4)c3[N+](=O)[O-])c2cc1Oc1nc(C)c(C)s1,0.8498440613358745
COc1cc2ncnc(-c3cc4ncnc(Nc5ccc(F)c(Cl)c5)c4cc3OC)c2cc1OF,0.6173808890071866
Cc1nc(N[C@H](C)CNc2ccc(F)c(Cl)c2)c2c(-c3ccccc3)csc2n1,0.5742371815036175
Cc1ccnc(NNc2ncnc3c2cnn3-c2cc(Cl)ccc2C)c1,0.581537565521258
COc1cc(Nc2ncnc3ccc(C)cc23)ccc1NC(=O)c1ncnc2cc(OC)c(OF)cc12,0.60201163123272
COc1cc2c(NCc3ccccc3F)ncnc2cc1-c1nc(C)nc2sccc12,0.6222769632575533
COc1cc(Nc2ncnc3ccc(Nc4ccc(F)c(Cl)c4)cc23)ccc1NC(C)=O,0.5991376942934037
COc1cc2ncnc(Nc3ncnc4c3cnn4-c3cc(Cl)ccc3C)c2cc1OF,0.8718448454451289
COc1cc2ncnc(NCc3ccccc3F)c2cc1Nc1nc(C)nc2scc(-c3ccccc3)c12,0.8639054655678697
CCOc1cc2ncnc(NCc3ccccc3F)c2cc1OC,0.8663630527245004
CCOc1cc2ncnc(NCc3ccccc3C)c2cc1OC,0.844004680061325
Cc1ccnc(Nc2ncnc(Nc3ccc(F)c(Cl)c3)c2[N+](=O)[O-])c1,0.6170256835128418
Cc1nc(N[C@H](C)Cn2cncn2)c2c(Cl)csc2n1,0.5945906000591191
O=[N+](F)c1c(Nc2ccc(F)c(F)c2)ncnc1Oc1cccc2cccnc12,0.6210881703674848
Cc1nc(Nc2ncnc(Nc3ccc4c(c3)OCO4)c2[C@H](C)CNc2cc(-n3ccnc3)ncn2)sc1C,0.6030612690510503
COc1cc2ncnc(Nc3c(Nc4ccc5c(c4)OCO5)ncnc3Nc3nc(C)c(C)s3)c2cc1OF,0.8453244734016955
CCOc1cc2ncnc(Nc3ncnc(Nc4nc(C)c(C)s4)c3[N+](=O)[O-])c2cc1Oc1cc(C)ccn1,0.8503613880785474
COc1cc2ncnc(Nc3cccc(Nc4ncnc5cc(OC)c(OC)cc45)c3)c2cc1OC,0.8577257250205472
COc1cc2ncnc(-c3ccnc(Nc4ncnc5cc(-c6nc(C)c(C)s6)c(OC)cc45)c3)c2cc1OC,0.6099227569815805
Cn1cc(C(=O)Nc2cc(-c3nncn3C)ccn2)c(C(C)(C)Cl)n1,0.6082266647490292
COc1cc2ncnc(Nc3ncnc4c3cnn4-c3cc(Cl)ccc3C)c2cc1OF,0.8718448454451289
CCOc1ncnc(-c2c(Nc3ccc4c(c3)OCO4)ncnc2Nc2nc(C)c(C)s2)c1[N+](=O)CC,0.6251683879658734
CCOc1cc2ncnc(NCc3ccccc3Cc3ccccc3C)c2cc1OC,0.859254498714653
COc1cc2c(NCc3ccccc3F)ncnc2cc1Oc1ncnc(Nc2ccc(F)c(F)c2)c1[N+](=O)F,0.8552528034625222
CCc1ccc(Nc2ncnc(-c3ccnc(Nc4ncnc5cc(OC)c(OC)cc45)c3)c2[N+](=O)[O-])cc1F,0.8661179337697711
CCOc1cc2ncnc(NCNc3ncc4c(=O)n(-c5cccc(C)c5C)c([O-])nc4n3)c2cc1OC,0.8556320400500625
CCOc1cc2ncnc(-c3ccnc(Nc4ncnc5cc(OC)c(OC)cc45)c3)c2cc1OC,0.8742416249010815
CCc1cc2c(NCc3ccccc3F)ncnc2cc1OC,0.8612991959373677
CCOc1cc2ncnc(-c3ccnc(N[N+](=O)[O-])c3)c2cc1OC,0.5832342449464922
CCOc1cc2ncnc(-c3ccc(F)c(F)c3)c2cc1Oc1nc(C)c(C)s1,0.5880691259554669
O=[N+]([O-])c1c(Nc2ccc(F)c(F)c2)ncnc1Oc1cccc2cccnc12,0.6210881703674848
COc1cc2ncnc(-c3ccnc(Nc4ncnc5cc(OC)c(OF)cc45)c3)c2cc1OC,0.8798119964189794
CCc1cc2c(NCc3ccccc3F)ncnc2cc1OCc1ccccc1C,0.8646165203201492
COc1cc2c(NCc3ccccc3C)ncnc2cc1[O-],0.844004680061325
Cc1nc(Nc2ncnc(Nc3ccc4c(c3)OCO4)c2-c2ncnc([O-])c2[N+](=O)[O-])sc1C,0.6251683879658734
COc1cc2c(NCc3ccccc3Cc3ccccc3C)ncnc2cc1O[N+](=O)[O-],0.8640819964349375
CCCNc1ncnc2cc(OC)c(Nc3nc(C)nc4scc(-c5ccccc5)c34)cc12,0.8577433748707624
CCOc1cc2ncnc(-c3ncnc([O-])c3[N+](=O)[O-])c2cc1Oc1nc(C)c(C)s1,0.5914433051508066
CCc1cc2c(NCF)ncnc2cc1OCc1ccccc1C,0.8395316804407713
CCCNNc1ncnc2cc(OCC)c(Oc3cc(C)ccn3)cc12,0.8147310206133735
COc1cc2c(NCc3ccccc3C)ncnc2cc1C,0.5778546712802768
CCOc1cc2ncnc(-c3ccnc(NC)c3)c2cc1OC,0.5668127828054299
CCCNOc1cc2c(Nc3ncnc4c3cnn4-c3cc(Cl)ccc3C)ncnc2cc1OC,0.8580038572806172
CCCNc1cc2c(Nc3cccc(Nc4ncnc5cc(OC)c(OC)cc45)c3)ncnc2cc1OC,0.8471420182049525
COc1cc2c(Nc3cc(NC[C@@H](C)c4nc(-c5ccccc5)no4)ncn3)ncnc2cc1O[N+](=O)[O-],0.8583715867682552
CCc1cc2c(NCc3ncnc4cc(OC)c(OF)cc34)ncnc2cc1OCc1ccccc1C,0.8780437756497947
CCOc1cc2ncnc(NOc3cc4c(NCc5ccccc5C)ncnc4cc3[O-])c2cc1OC,0.8592284739982949
COc1cc2ncnc(NCc3ccccc3F)c2cc1C[C@@H](C)c1nc(-c2ccccc2)no1,0.8661907174064458
CCOc1cc2ncnc(NCc3ccccc3Nc3ncnc4cc(O[N+](=O)[O-])c(OC)cc34)c2cc1OC,0.8565329357549472
COc1cc2ncnc(NCc3ccccc3F)c2cc1Cc1ccccc1C,0.8610943737290051
CCOc1cc2ncnc(Nc3ncnc(Nc4nc(-c5ccccc5C)c(C)s4)c3[N+](=O)[O-])c2cc1OC,0.85478392831334
CCOc1cccc(Nc2ncnc3cc(OC)c(OC)cc23)c1,0.8666472254624229
Cc1cccc(-n2c([O-])nc3nc(-c4ncnc(Nc5nc(C)c(C)s5)c4[N+](=O)[O-])ncc3c2=O)c1C,0.6053106664660749
CCOc1cc2ncnc(NCc3ccccc3F)c2cc1-c1ncnc(Nc2nc(C)c(C)s2)c1[N+](=O)[O-],0.8464023570763982
CCOc1cccc(NNc2cc(-c3ncnc4cc(OCC)c(OC)cc34)ccn2)c1,0.5892298948564934
CCOc1cccc(NOc2cc3ncnc(NCc4ccccc4F)c3cc2CC)c1,0.86924588635001
CCOc1cc2ncnc(Oc3cc4ncnc(NCc5ccccc5F)c4cc3OC)c2cc1OC,0.8613998230871296
COc1cc2ncnc(NCc3ccccc3-c3ccccc3C)c2cc1Cc1ccccc1C,0.8576581576026637
CCCNc1ccccc1CNc1ncnc2cc(OC)c(Cc3ccccc3C)cc12,0.8514957264957265
CCOc1cc2ncnc(Nc3ncnc(Nc4nc(-c5ccccc5C)c(C)s4)c3[N+](=O)[O-])c2cc1OC,0.85478392831334
CCOc1cc2ncnc(Oc3cc4ncnc(NCc5ccccc5F)c4cc3OC)c2cc1OC,0.8613998230871296
CCOc1cc2ncnc(Nc3ncnc(Nc4nc(Cc5ccccc5F)c(C)s4)c3[N+](=O)[O-])c2cc1OC,0.85227167790193
CCOCNc1ncnc2cc(OC)c(Nc3nc(C)nc4scc(-c5ccccc5)c34)cc12,0.8605216622458002
Cc1nc(NCc2ccccc2Cc2ccccc2C)c2c(-c3ccccc3)csc2n1,0.581214421252372
COc1cc2ncnc(NNc3cc(Nc4ncnc5cc(O[N+](=O)[O-])c(OC)cc45)ncn3)c2cc1OF,0.8454472998717002
COc1cc2c(NCc3ccccc3Cc3ccccc3C)ncnc2cc1Oc1ccccc1F,0.8600084873016909
CCc1cc2c(NCc3ccccc3F)ncnc2cc1-c1ccccc1C,0.5988266792660839
CCc1cc2c(NCc3ncnc4cc(OC)c(OF)cc34)ncnc2cc1Cc1ccccc1F,0.6205829925553109
COc1cc2c(Nc3cc(NCc4ccccc4F)ncn3)ncnc2cc1O[N+](=O)[O-],0.8533819522359353
COc1cc2ncnc(Nc3cc(Nc4ncnc5cc(O[N+](=O)[O-])c(OC)cc45)ccn3)c2cc1OF,0.8565127866185368
COc1cc2ncnc(Nc3cc(-c4ncnc5c4cnn5-c4cc(Cl)ccc4C)ccn3)c2cc1OC,0.8653789260884572
Cc1ccccc1COCc1ccccc1Cc1ccccc1C,0.5109581835714911
CCOCNCNOc1cc2c(Nc3ncnc4c3cnn4-c3cc(Cl)ccc3C)ncnc2cc1OC,0.8441931694218343
CCOc1cc2ncnc(NCc3ccccc3F)c2cc1-c1ncnc2cc(OC)c(OF)cc12,0.8577788191190253
CCOc1ccccc1Cc1ccccc1CNc1ncnc2cc(OCC)c(OC)cc12,0.8723967848008769
CCOCNCc1cc2c(NCc3ccccc3F)ncnc2cc1OC,0.8607761340531446
CCCNOc1cc2c(Nc3cc4ncnc(NCc5ccccc5F)c4cc3CC)ncnc2cc1OC,0.857066923154804
CCOc1cc2ncnc(-c3ncnc4cc(Oc5ccccc5F)c(OC)cc34)c2cc1OC,0.5942849787617455
COc1cc2c(Nc3cc(NCc4ccccc4F)ncn3)ncnc2cc1O[N+](=O)[O-],0.8533819522359353
COc1cc2ncnc(Nc3cc([C@@H](C)c4nc(-c5ccccc5)no4)ccn3)c2cc1OF,0.87354074577808
COc1cc2ncnc(NCc3ccccc3OCc3ccccc3C)c2cc1Cc1ccccc1C,0.8644385026737968
CCOc1cc2ncnc(-c3ccnc(Nc4ncnc(Nc5nc(C)c(C)s5)c4[N+](=O)[O-])c3)c2cc1OC,0.6051720997996721
COc1cc2ncnc(NCc3ccccc3F)c2cc1CCc1ccccc1Cc1ccccc1C,0.8633770153868807
CCOc1cccc(NNc2ncnc3cc(OC)c(OC)cc23)c1,0.8549382716049383
CCOc1cccc(Nc2ncnc3cc(Nc4nc(C)nc5scc(-c6ccccc6)c45)c(OC)cc23)c1,0.5987708516242318
COc1cc2ncnc(-c3ccnc(Nc4ncnc5cc(-c6ccccc6C)c(OC)cc45)c3)c2cc1OF,0.6180613090306546
COc1cc2ncnc(Nc3ccccc3Cc3ccccc3C)c2cc1Cc1ccccc1C,0.8512415016257759
Cc1ccccc1Cc1ccccc1Cc1ccccc1C,0.5044095599259194
CCc1cc2c(NCc3ccccc3F)ncnc2cc1ONc1cccc(-c2ccccc2C)c1,0.8673847465407567
COc1cc2ncnc(Nc3ncnc4cc(OC)c(OF)cc34)c2cc1OC,0.9007049100631989
CCOc1cc2ncnc(Oc3cc4ncnc(NCc5ccccc5OC)c4cc3OC)c2cc1OC,0.8613998230871296
CCc1cc2c(NCc3ncnc4cc(OC)c(OF)cc34)ncnc2cc1NCc1ccccc1F,0.6105791153670771
Cc1ccccc1COONc1cccc(-c2ccccc2C)c1,0.5229914974839494
CCOc1cc2ncnc(NCc3ccccc3F)c2cc1OC,0.8663630527245004
COc1cc2ncnc(-c3ccnc(Cc4ccccc4F)c3)c2cc1OF,0.5996753001585744
CCOc1cc2ncnc(NCc3ccccc3F)c2cc1ONCc1ccccc1F,0.866970926301555
Cc1ccc(Cl)cc1-n1ncc2c(Nc3cc([C@@H](C)c4nc(-c5ccccc5)no4)ccn3)ncnc21,0.5995193814648417
CCOc1cc2ncnc(NCc3ccccc3F)c2cc1-c1ccccc1C,0.8629132391742977
COc1cc2ncnc(Nc3ncnc(Nc4nc(C)c(C)s4)c3[N+](=O)[O-])c2cc1OC,0.8610365129370449
CCOc1cccc(NOc2cc3ncnc(CC)c3cc2CC)c1,0.579326336343666
COc1cc2ncnc(NCc3ccccc3F)c2cc1Cc1ncnc(Nc2nc(C)c(C)s2)c1[N+](=O)[O-],0.8547441495363783
CCOc1cc2ncnc(NCOC)c2cc1-c1ccccc1C,0.8227124183006536
COc1cc2ncnc(NCc3ccccc3OCOCc3ccccc3C)c2cc1Cc1ccccc1C,0.863307618129219
Cc1ccccc1COc1ccccc1CCc1ccccc1F,0.5118172268907564
Cc1ccccc1COCOc1ccccc1CNc1cc([C@@H](C)c2nc(-c3ccccc3)no2)ccn1,0.5864853950733612
COc1cc2c(NCc3ccccc3F)ncnc2cc1Nc1ncnc2cc(OC)c(OF)cc12,0.8593071456770628
CCOc1cc2ncnc(NCc3ccccc3F)c2cc1CC,0.8612991959373677
CCc1cc2ncnc(Oc3cc4ncnc(NCc5ccccc5F)c4cc3OC)c2cc1OC,0.8631005837449484
CCOc1cc2ncnc(NCc3ccccc3CNc3ncnc4cc(OCC)c(OC)cc34)c2cc1OC,0.8728373702422145
COc1cc2ncnc(Nc3cc(-c4ncnc5cc(OC)c(OF)cc45)ccn3)c2cc1OF,0.8790035587188612
COc1cc2ncnc(Nc3cc(-c4ncnc5cc(OC)c(OF)cc45)ccn3)c2cc1OC,0.8755635944217259
CCOc1ccccc1Cc1ccccc1CNc1ncnc2cc(OCOC)c(OC)cc12,0.8711681855840928
CCOc1cc2c(NCc3ccccc3F)ncnc2cc1ONc1cccc(-c2ccccc2C)c1,0.8662214095332548
CCc1cc2ncnc(Oc3ccccc3OCOCc3ccccc3C)c2cc1OC,0.5818075574600701
CCOCNc1ncnc2cc(OC)c(CCc3ccccc3Cc3ccccc3C)cc12,0.836801519026583
C[C@H](c1ccnc(NF)c1)c1nc(-c2ccccc2)no1,0.5438866646134894
COc1cc2c(NCc3ccccc3Cc3ccccc3-c3ccccc3C)ncnc2cc1O[N+](=O)[O-],0.8597503847955564
CCOc1cccc(Nc2ncnc3cc(Oc4ncnc5cc(CC)c(OC)cc45)c(OC)cc23)c1,0.8632324274739136
COCOc1cc2ncnc(NONc3cccc(-c4ccccc4C)c3)c2cc1OC,0.8447535771065182
CCOc1cccc(NCc2cc3c(NCc4ccccc4F)ncnc3cc2OC)c1,0.8590921148617282
CCOc1cc2ncnc(NCc3ccccc3ONCc3ccccc3F)c2cc1OC,0.8680197527796758
COCOc1cc2ncnc(NCc3ccccc3OCOCc3ccccc3C)c2cc1OC,0.8679930795847751
COc1cc2ncnc(Nc3cccc(Cc4ccccc4Cc4ccccc4C)c3)c2cc1OC,0.8534381211808879
COc1cc2c(Nc3ccccc3Cc3ccccc3C)ncnc2cc1O[N+](=O)[O-],0.8652326602282704
COc1cc2ncnc(Nc3cc(Cc4ccccc4F)ccn3)c2cc1OF,0.8763368983957219
CCOc1cccc(NCOc2ccccc2CNc2ncnc3cc(OC)c(Cc4ccccc4C)cc23)c1,0.84756375877218
COc1cc2c(Nc3ccccc3Cc3ccccc3C)ncnc2cc1O[N+](=O)[O-],0.8652326602282704
COc1cc2ncnc(NONc3cccc(-c4ccccc4C)c3)c2cc1OF,0.8473790189476464
COOc1cc2ncnc(Nc3cc(Cc4ccccc4F)ccn3)c2cc1OF,0.8747475734479838
CCOc1ccccc1Cc1ccccc1CNc1ncnc2cc(OCCc3ccccc3C)c(OC)cc12,0.8651482406969677
COOc1cc2ncnc(Nc3cc(Cc4ccccc4F)ccn3)c2cc1OCc1ccccc1C,0.8615925684098059
CCOc1ccccc1COc1cc2c(Nc3ncnc4cc(OC)c(OC)cc34)ncnc2cc1OC,0.876799976680464
COc1cc2c(Nc3cc(-c4ncnc5c4cnn5-c4cc(Cl)ccc4C)ccn3)ncnc2cc1OF,0.8641897156213478
COc1cc2ncnc(NCc3ccccc3F)c2cc1Nc1ncnc2cc(OC)c(OC)cc12,0.8643138819773719
CCOc1ccccc1Cc1ccccc1CNCc1ccccc1C,0.5264279624893435
COc1cc2ncnc(NCc3ccccc3F)c2cc1CNCc1ccccc1F,0.8599053017211584
COCOc1cc2ncnc(N[C@@H](C)c3nc(-c4ccccc4)no3)c2cc1OC,0.8699006125043338
CCOc1cc2c(NCc3ccccc3OCOC)ncnc2cc1ONc1cccc(-c2ccccc2C)c1,0.8659646698311603
CCOc1cccc(NOc2cc3ncnc(F)c3cc2CC)c1,0.5863870138219223
COCOc1cc2ncnc(Nc3ccccc3Cc3ccccc3C)c2cc1OC,0.8645626790041859
Cc1ccc(Cl)cc1-n1ncc2c(-c3ccccc3F)ncnc21,0.5646830530401035
COc1cc2ncnc(Nc3cc(-c4ncnc5cc(O[N+](=O)[O-])c(OC)cc45)ccn3)c2cc1OF,0.8778211021019471
CCOc1ccccc1Cc1ccccc1CN[C@H](C)Nc1ncnc2cc(OCOC)c(OC)cc12,0.8550623540800638
COc1cc2c(NCc3ccccc3F)ncnc2cc1OF,0.8713331285516818
COc1cc2ncnc(NONCc3ccccc3F)c2cc1OF,0.8506016042780749
Fc1ccccc1CNONc1cc(Cc2ccccc2F)ccn1,0.5587496305054686
C[C@H](c1ccnc(N[C@@H](C)c2nc(-c3ccccc3)no2)c1)c1nc(-c2ccccc2)no1,0.5817927170868348
CCOc1cccc(NOc2cc3ncnc(Nc4ncnc5cc(OCOC)c(OC)cc45)c3cc2CC)c1,0.8597904915390814
O=[N+]([O-])c1cc2ncnc(Nc3cc(Cc4ccccc4F)ccn3)c2cc1OF,0.6214761999075724
COc1cc2ncnc(NCc3ccccc3F)c2cc1Cc1ccccc1F,0.8603848946986202
CCOc1cc2ncnc(NCc3ccccc3C)c2cc1OC,0.844004680061325
CCOc1ccccc1Cc1ccccc1CNc1ncnc2cc(OCC)c(OC)cc12,0.8723967848008769
CCOc1ccccc1-c1ncnc2cc(OCOC)c(OC)cc12,0.556886952311789
COc1cc2c(-c3ccnc(NCc4ccccc4F)c3)ncnc2cc1O[N+](=O)[O-],0.6085584448371624
CCOc1cc2ncnc(NCc3ccccc3O[C@@H](C)c3nc(-c4ccccc4)no3)c2cc1OC,0.8690054334987007
CCOc1cc2ncnc(-c3ccnc(Nc4ncnc5cc(OC)c(OC)cc45)c3)c2cc1OF,0.8755635944217259
CCOc1cc2ncnc(-c3ccnc(NOC)c3)c2cc1OC,0.574923334262615
COc1cc2ncnc(NNCc3ccccc3F)c2cc1OC,0.8630939267092606
COc1cc2ncnc(-c3cc(-c4ncnc5cc(OC)c(OF)cc45)ccn3)c2cc1OC,0.600577447807602
COc1cc2ncnc(Nc3ncnc4cc(OC)c(OC)cc34)c2cc1OC,0.892359902540898
CCOc1cc2ncnc(NCc3ccccc3CNCc3ccccc3F)c2cc1OC,0.8728048630725777
CCCOc1cc2ncnc(NCc3ccccc3CNCc3ccccc3F)c2cc1OC,0.8728048630725777
CCOc1cc2ncnc(NCc3ccccc3Nc3cc(Cc4ccccc4F)ccn3)c2cc1OC,0.8565604649911199
CCc1cc2ncnc(CNc3ncnc4cc(OCc5ccccc5C)c(CC)cc34)c2cc1OF,0.8793895041460292
CCOc1cccc(NONc2cccc(-c3ccccc3C)c2)c1,0.534180099586463
COc1cc2c(N[C@@H](C)c3nc(-c4ccccc4)no3)ncnc2cc1ONCc1ccccc1F,0.8515573693592269
CCc1cc2c(NCc3ncnc4cc(COF)c(OF)cc34)ncnc2cc1OCc1ccccc1C,0.872829748639544
COOCOc1cc2ncnc(NCc3ccccc3O[C@@H](C)c3nc(-c4ccccc4)no3)c2cc1OC,0.8638251910933865
COc1cc2c(N[C@@H](C)c3nc(-c4ccccc4)no3)ncnc2cc1-c1ccccc1F,0.6109774764924557
CCCOc1cc2ncnc(NCc3ccccc3CONCc3ccccc3F)c2cc1OC,0.8613649343232439
COc1cc2ncnc(Nc3cc(Nc4cc(Cc5ccccc5F)ccn4)ccn3)c2cc1OC,0.8531856312078637
FOc1cc2c(Nc3cc(Cc4ccccc4F)ccn3)ncnc2cc1ONCc1ccccc1F,0.8574710555007528
COc1cc2c(NCc3ccccc3F)ncnc2cc1Nc1cc(Cc2ccccc2F)ccn1,0.5986323656515329
CCCOc1cc2ncnc(NCc3ccccc3CNCc3ccccc3F)c2cc1Oc1ccccc1F,0.8641868512110726
CCOc1cc2c(NCc3ncnc4cc(OC)c(OF)cc34)ncnc2cc1OCc1ccccc1C,0.8752871720895443
COc1cc2c(NCc3ccccc3CNCc3ccccc3F)ncnc2cc1OCF,0.8743328837018356
COc1cc2ncnc(NNc3cc([C@@H](C)c4nc(-c5ccccc5)no4)ccn3)c2cc1OF,0.8477167182662539
COc1cc2ncnc(NONCc3ccccc3F)c2cc1OC,0.844441446303292
COc1cc2ncnc(Nc3cccc(Cc4ccccc4CNCc4ccccc4F)c3)c2cc1OC,0.8498066246647121
CCOc1ccccc1Cc1ccccc1CNCc1ccnc(Nc2ncnc3cc(OC)c(OF)cc23)c1,0.8716315403166615
CCOc1ccccc1Cc1ccccc1Cc1ncnc2c1cnn2-c1cc(Cl)ccc1C,0.5666666666666667
COc1cc2ncnc(Nc3cc(-c4ncnc5cc(OC)c(OF)cc45)ccn3)c2cc1OC,0.8755635944217259
CCOc1cccc(NOc2cc3ncnc(Cc4ccccc4Cc4ccccc4OCC)c3cc2CC)c1,0.591289724758048
Cc1ccccc1COc1cc2ncnc(Nc3ncnc4c3cnn4-c3cc(Cl)ccc3C)c2cc1OF,0.8650895140664961
COc1cc2ncnc(Nc3ncnc4c3cnn4-c3cc(Cl)ccc3C)c2cc1ONCc1ccccc1F,0.8532031712762564
COc1cc2ncnc(-c3ccccc3F)c2cc1OF,0.5516139603473702
COc1cc2ncnc(-c3ccnc(Nc4cc(Cc5ccccc5F)ccn4)c3)c2cc1OF,0.6047739998845465
COc1cc2ncnc(Nc3cc(-c4ncnc5cc(OC)c(OF)cc45)ccn3)c2cc1OF,0.8790035587188612
COCOc1cc2ncnc(Nc3cc(Cc4ccccc4F)ccn3)c2cc1OF,0.8719667132511753
CCOc1ccccc1Cc1ccccc1CNc1ncnc2cc(OCF)c(OC)cc12,0.8711681855840928
CCOc1cc2ncnc(-c3ccnc(NNc4ncnc5cc(OC)c(OC)cc45)c3)c2cc1OC,0.8432966366562485
CCOc1ccccc1Cc1ccccc1CNc1ncnc2cc(-c3ccccc3F)c(OC)cc12,0.6037100045802526
CCOOc1cc2c(Nc3ncnc4cc(OC)c(OC)cc34)ncnc2cc1OC,0.9007049100631989
Cc1ccc(Cl)cc1-n1ncc2c(Cc3ccccc3CNCc3ccccc3F)ncnc21,0.5786345626333436
CCOc1cc2ncnc(Nc3ncnc4c3cnn4-c3cc(Cl)ccc3C)c2cc1OF,0.8718448454451289
CCOCc1ccccc1CNCc1ccccc1F,0.523669676514421
CCOCOc1cc2ncnc(NCc3ccccc3CNCc3ccccc3F)c2cc1OC,0.8743328837018356
CCOc1ccccc1Cc1ccccc1CNCc1ccnc(Nc2ncnc3cc(OC)c(Cl)cc23)c1,0.8721288515406163
CCOCc1ccccc1CNc1ncnc2cc(OCF)c(OC)cc12,0.8756166982922201
CCOc1ccccc1NCc1ccnc(Nc2ncnc3cc(OC)c(Cl)cc23)c1,0.8777013752455796
CCc1cc2c(NCc3ncnc4cc(COF)c(OF)cc34)ncnc2cc1OC,0.8824651998203862
CCOCc1ccccc1CNc1ncnc2cc(Nc3ncnc4cc(OC)c(Cl)cc34)c(OC)cc12,0.8578513827734626
C[C@H](c1ccnc(Nc2ccccc2F)c1)c1nc(-c2ccccc2)no1,0.5636897094604265
COc1cc2c(-c3ccnc(Cc4ccccc4F)c3)ncnc2cc1O[N+](=O)[O-],0.5971802989030406
COc1cc2ncnc(-c3ccnc(Nc4ncnc5cc(-c6ccccc6F)c(OC)cc45)c3)c2cc1OC,0.6155553288097546
COOc1cc2ncnc(Nc3cc(Cc4ccccc4F)ccn3)c2cc1OOF,0.8730004461156077
CCOOc1cc2c(Nc3ncnc4cc(OC)c(OOCC)cc34)ncnc2cc1OC,0.9007049100631989
C[C@H](c1ccnc(Nc2ncnc3cc(OF)c(OF)cc23)c1)c1nc(-c2ccccc2)no1,0.8704087268710301
CCOc1ccccc1NCNc1cc(Cc2ccccc2F)ccn1,0.5692470296668853
CCOc1cc2ncnc(-c3ccnc(Nc4ncnc5cc(OC)c(OF)cc45)c3)c2cc1OC,0.8798119964189794
COc1cc2ncnc(-c3ccnc(-c4ccccc4F)c3)c2cc1OF,0.6083185567805104
CCOOc1cc2c(CNc3ncnc4cc(OCc5ccccc5C)c(OCC)cc34)ncnc2cc1OC,0.8752871720895443
CCOc1ccccc1NCc1ncnc2cc(OC)c(OF)cc12,0.5797491650194261
COOCOCc1ccccc1CNc1ncnc2cc(OCF)c(OC)cc12,0.8737076648841355
COc1cc2ncnc(-c3ccnc(F)c3)c2cc1OF,0.578094646048644
COOc1cc2ncnc(Nc3cc(Cc4ccccc4F)ccn3)c2cc1NCc1ccccc1F,0.8549019607843138
CCOOc1cc2ncnc(CNc3ncnc4cc(OCc5ccccc5C)c(OCC)cc34)c2cc1OF,0.8710771514872268
CCc1cc2c(NCc3ncnc4cc(OC)c(OF)cc34)ncnc2cc1OCF,0.8866782006920415
CCOOc1cc2c(Nc3ncnc4cc(OOCF)c(OOCC)cc34)ncnc2cc1OC,0.887398024903392
FCOc1cc2ncnc(Nc3cc(Cc4ccccc4F)ccn3)c2cc1OF,0.8719667132511753
Cc1cc2ncnc(Nc3cc(Cc4ccccc4F)ccn3)c2cc1OF,0.6220673240394423
COc1cc2ncnc(-c3ccnc(Nc4ncnc5cc(OOCF)c(OF)cc45)c3)c2cc1OF,0.8735093696763203
COc1cc2c(NCc3ccccc3COc3ccccc3F)ncnc2cc1OCF,0.8721307635682259
CCc1cc2c(NCc3ncnc4cc(COCc5ccccc5F)c(OF)cc34)ncnc2cc1OC,0.8727009847340176
COc1cc2ncnc(CNc3cc(-c4ncnc5cc(O[N+](=O)[O-])c(OC)cc45)ccn3)c2cc1OF,0.5952843947496353
CCc1cc2c(NCc3ncnc4cc(CCOOC)c(OF)cc34)ncnc2cc1OC,0.8827184793611518
CCc1cc2c(NCc3ncnc4cc(COOC)c(OF)cc34)ncnc2cc1OCc1ccccc1C,0.872829748639544
CCc1cc2ncnc(Nc3cc(Cc4ccccc4F)ccn3)c2cc1OF,0.6220673240394423
CCOc1cc2ncnc(-c3ccnc(Nc4ncnc5cc(OC)c(OC)cc45)c3)c2cc1OF,0.8755635944217259
C[C@H](c1ccnc(NOCF)c1)c1nc(-c2ccccc2)no1,0.55
COc1cc2ncnc(Nc3cc([N+](=O)[O-])ccn3)c2cc1OC,0.8717299259035234
COc1cc2c(NCc3ccccc3Cc3ccccc3F)ncnc2cc1OCF,0.8711681855840928
CCOc1cc2c(NCc3ncnc4cc(OC)c(OF)cc34)ncnc2cc1OF,0.8825800590506473
COc1cc2ncnc(-c3ccnc(N[N+](=O)[O-])c3)c2cc1OF,0.590896523121587
CCOc1ccccc1NCc1ncnc2cc(OF)c(OCC)cc12,0.5760418062441377
CCOOOc1cc2ncnc(Nc3cc([C@@H](C)c4nc(-c5ccccc5)no4)ccn3)c2cc1OF,0.8671147191908437
CCc1cc2ncnc(CNc3ncnc4cc(OCc5ccccc5C)c(CC)cc34)c2cc1F,0.8816471740508153
CCOc1cc2c(NCc3ncnc4cc(OC)c(OF)cc34)ncnc2cc1OC,0.8883035555291743
CCOCOc1cc2ncnc(NCc3ccccc3CNF)c2cc1OC,0.8609506302521008
CCc1cc2c(NCc3ccccc3CNc3ncnc4cc(OCF)c(OC)cc34)ncnc2cc1OCF,0.872227127248648
COOOc1cc2ncnc(Nc3cc(Cc4ccccc4F)ccn3)c2cc1OF,0.8711989032901296
COc1cc2c(NCc3ccccc3CN[N+](=O)[O-])ncnc2cc1OCF,0.8623053159994851
COc1cc2ncnc(NNc3cc(-c4ncnc5cc(OC)c(OF)cc45)ccn3)c2cc1Cl,0.8462396131637012
COc1cc2ncnc(Nc3cc(CNc4ncnc5cc(OCF)c(OC)cc45)ccn3)c2cc1OF,0.8677423967966441
CCc1cc2c(NCc3ncnc4cc(CCOOC)c(OF)cc34)ncnc2cc1C,0.6273939808481532
COc1cc2ncnc(NCc3ccccc3CNc3ncnc4cc(OCF)c(OC)cc34)c2cc1Cl,0.872227127248648
CCOOOc1cc2c(Nc3ncnc4cc(OOCF)c(OOCC)cc34)ncnc2cc1OC,0.8851432880844645
CCOc1cc2c(Nc3cc(Cc4ccccc4F)ccn3)ncnc2cc1OOC,0.8677786550861956
COc1cc2ncnc(Nc3cc(F)ccn3)c2cc1OC,0.8676470588235294
COc1cc2ncnc(Nc3cc(-c4ncnc5cc(OCF)c(OF)cc45)ccn3)c2cc1OF,0.8768944258926278
CCOc1cc2c(NCc3ncnc4cc(OC)c(OF)cc34)ncnc2cc1OC,0.8883035555291743
CCOc1cc2c(NCc3ncnc4cc(OC)c(OF)cc34)ncnc2cc1ONCc1ccccc1F,0.8583470771486165
CCOOc1cc2c(Nc3ncnc4cc(OC)c(Cc5ccccc5F)cc34)ncnc2cc1OC,0.8800679634403562
CCOOc1cc2c(Nc3cc(-c4ncnc5cc(OC)c(OF)cc45)ccn3)ncnc2cc1OC,0.8790035587188612
COc1cc2ncnc(Nc3cc(-c4ncnc5cc(OC)c(OF)cc45)ccn3)c2cc1OF,0.8790035587188612
CCOOc1cc2c(CNc3ncnc4cc(OCc5ccccc5F)c(OCC)cc34)ncnc2cc1OC,0.8720768517564644
CCOOc1cc2c(Nc3ccccc3F)ncnc2cc1OC,0.8424802910855064
CCOc1cc2ncnc(-c3ccnc(Nc4ncnc5cc(OC)c(OF)cc45)c3)c2cc1OF,0.8790035587188612
CCOCOc1cc2ncnc(NCc3ccccc3COCC)c2cc1OC,0.8756166982922201
CCc1cc2c(NCc3ncnc4cc(CC)c(OF)cc34)ncnc2cc1OC,0.8930425111220959
CCOc1cc2ncnc(NCc3ncnc4cc(CC)c(OF)cc34)c2cc1CC,0.8930425111220959
CCOOc1cc2c(Nc3ncnc4cc(OC)c(CF)cc34)ncnc2cc1OC,0.9015998323319827
COc1cc2ncnc(Nc3ncnc4cc(OC)c(CF)cc34)c2cc1C,0.8900560224089635
CCOOc1cc2c(Nc3ncnc4cc(OC)c(C)cc34)ncnc2cc1OC,0.9015998323319827
CCOOOc1cc2c(Nc3ncnc4cc(OOCF)c(OOOCF)cc34)ncnc2cc1OC,0.8835276274311545
CCOOOc1cc2ncnc(Nc3ncnc4cc(OC)c(Cc5ccccc5F)cc34)c2cc1OOCC,0.8740851813129368
CCOc1cc2ncnc(-c3ccnc(OC)c3)c2cc1OF,0.578094646048644
COc1cc2ncnc(Nc3ncnc4cc(OC)c(O[N+](=O)[O-])cc34)c2cc1OC,0.8848039215686274
CCOc1ccccc1COc1cc2c(Nc3ncnc4cc(OC)c(OC)cc34)ncnc2cc1CF,0.8729485082623654
CCOOc1cc2c(-c3cc(CNc4ccccc4OCC)ccn3)ncnc2cc1OOCF,0.5830386799528555
CCOOOc1cc2c(NCNc3ccccc3OCC)ncnc2cc1OC,0.8698257080610021
CCOOc1cc2c(Nc3ncnc4cc(OC)c(OC)cc34)ncnc2cc1OCC,0.9007049100631989
CCc1cc2c(NCc3ncnc4cc(OC)c(OF)cc34)ncnc2cc1OCOC,0.8866782006920415
COc1cc2c(NCc3ncnc4cc(OC)c(OF)cc34)ncnc2cc1OF,0.8825800590506473
COc1cc2ncnc(Nc3cc4ncnc(Nc5ncnc6cc(OC)c(C)cc56)c4cc3CF)c2cc1C,0.852914583554941
CCOOc1cc2c(Nc3ncnc4cc(OC)c(OOCF)cc34)ncnc2cc1OOCF,0.884453781512605
CCc1cc2c(NCc3ncnc4cc(CCOO[N+](=O)[O-])c(OF)cc34)ncnc2cc1OC,0.8809030654515327
CCc1cc2c(NCc3ncnc4cc(COF)c(F)cc34)ncnc2cc1OCc1ccccc1C,0.8762817053426876
COc1cc2ncnc(Nc3ncnc4cc(OC)c(OC)cc34)c2cc1OC,0.892359902540898
CCc1cc2c(-c3ncnc4cc(OC)c(OOCF)cc34)ncnc2cc1OCF,0.6052128168340507
CCOOc1cc2c(Nc3cc(-c4ncnc5cc(CC)c(OF)cc45)ccn3)ncnc2cc1OC,0.8799283154121864
COc1cc2ncnc(Nc3ncnc4cc(OC)c(Cc5ccccc5F)cc34)c2cc1F,0.8750878837590813
CCc1cc2ncnc(CNc3ncnc4cc(OCc5ccccc5C)c(CC)cc34)c2cc1CC,0.8836621605163805
CCCc1cc2c(Nc3ncnc4cc(OC)c(OOCC)cc34)ncnc2cc1OC,0.9015998323319827
COc1cc2ncnc(Nc3cc(-c4ncnc5cc(OC)c(OF)cc45)ccn3)c2cc1OF,0.8790035587188612
COc1cc2ncnc(COCc3ccccc3C)c2cc1OF,0.5725221595487511
CCc1cc2c(-c3ncnc4cc(OC)c(OF)cc34)ncnc2cc1OCc1ccccc1C,0.6025991792065664
CCc1cc2ncnc(NCc3ncnc4cc(CCOO[N+](=O)[O-])c(OF)cc34)c2cc1CC,0.6251742403122387
CCCNc1ncnc2cc(OCOC)c(CC)cc12,0.814124487004104
COc1cc2ncnc(-c3ccnc(Nc4ncnc5cc(OF)c(OF)cc45)c3)c2cc1OF,0.8767482517482518
CCOc1cc2ncnc(NCc3ncnc4cc(CF)c(OF)cc34)c2cc1CC,0.8858584977017513
CCc1cc2ncnc(CNc3ncnc4cc(OCc5ccccc5C)c(OF)cc34)c2cc1F,0.8817027281279398
COc1cc2ncnc(Nc3ncnc4cc(OCc5ccccc5C)c(CF)cc34)c2cc1C,0.8763838868880885
CCc1cc2ncnc(CNc3ncnc4cc(OCc5ccccc5C)c(OF)cc34)c2cc1F,0.8817027281279398
CCOOc1cc2c(NCc3ncnc4cc(OC)c(OF)cc34)ncnc2cc1OC,0.8903810767495697
CCOOc1cc2c(-c3ncnc4cc(OC)c(OC)cc34)ncnc2cc1OOCF,0.6018099547511312
CCOOc1ccnc(Nc2ncnc3cc(OC)c(OOCC)cc23)c1,0.8901273885350318
CCOc1cc2ncnc(Nc3ncnc4cc(OC)c(C)cc34)c2cc1CF,0.8900560224089635
COc1cc2ncnc(Nc3ncnc4cc(OC)c(OOCF)cc34)c2cc1OOCF,0.8924938046171906
COc1cc2ncnc(Nc3ncnc4cc(OOCF)c(OOOCF)cc34)c2cc1C,0.8846165377465971
CCOOc1cc2c(Nc3ncnc4cc(OOCF)c(OOOCF)cc34)ncnc2cc1OC,0.8836627768516313
CCOOc1cc2ncnc(CNc3ncnc4cc(OCOC)c(CC)cc34)c2cc1OF,0.8817980022197558
CCOOOc1cc2c(Nc3ncnc4cc(OC)c(C)cc34)ncnc2cc1OOCF,0.885700006058036
CCOOc1cc2c(NCc3ncnc4cc(OC)c(OF)cc34)ncnc2cc1OC,0.8903810767495697
COc1cc2ncnc(Nc3ncnc4cc(OC)c(OOCOOCF)cc34)c2cc1C,0.890568606344583
CCOc1cc2ncnc(Nc3ncnc4cc(C)c(C)cc34)c2cc1CF,0.8902365069739235
CCOOc1cc2c(Nc3ncnc4cc(OC)c(OCC)cc34)ncnc2cc1OCC,0.9007049100631989
CCOOc1cc2c(Nc3ncnc4cc(OCC)c(OOCC)cc34)ncnc2cc1OC,0.9007049100631989
CCOOc1cc2ncnc(Nc3ncnc4cc(OC)c(OC)cc34)c2cc1O[N+](=O)[O-],0.8837474645030425
CCc1cc2c(NCc3ncnc4cc(OC)c(OF)cc34)ncnc2cc1OCCF,0.8820412558086819
CCOc1cc2ncnc(Nc3ncnc4cc(OC)c(OOCOOCF)cc34)c2cc1C,0.890568606344583
CCOc1cc2ncnc(Nc3ncnc4cc(OC)c(OOCO[N+](=O)[O-])cc34)c2cc1C,0.8917317750371279
CCOc1cc2ncnc(NCc3ncnc4cc(CO[N+](=O)[O-])c(OF)cc34)c2cc1CC,0.8805337999222351
CCOc1cc2ncnc(Nc3ncnc4cc(OC)c(OOCF)cc34)c2cc1OOCF,0.8924938046171906
COc1cc2ncnc(Nc3ncnc4cc(OC)c(OOOOCO[N+](=O)[O-])cc34)c2cc1OOCF,0.8833894129664124
COCOOOc1cc2c(Nc3ncnc4cc(OC)c(C)cc34)ncnc2cc1OOCF,0.8846165377465971
CCOOc1cc2c(CO[N+](=O)[O-])ncnc2cc1OOCF,0.5579032134366133
CCOOOc1cc2ncnc(Nc3ncnc4cc(OC)c(OC)cc34)c2cc1O[N+](=O)[O-],0.8781663744634545
CCOOc1cc2c(Nc3ncnc4cc(OCOC)c(CC)cc34)ncnc2cc1OOCF,0.8862613297645843
CCc1cc2ncnc(CNc3ncnc4cc(OCCF)c(CC)cc34)c2cc1OF,0.8832450788534592
COc1cc2ncnc(COOCO[N+](=O)[O-])c2cc1OF,0.5641782817544688
CCOOc1cc2c(Nc3ncnc4cc(OC)c(OOOOCF)cc34)ncnc2cc1OOCF,0.8809788328850428
CCOOc1cc2c(Nc3ncnc4cc(OC)c(OOCF)cc34)ncnc2cc1OC,0.8926519553437358
CCOc1cc2ncnc(Nc3ncnc4cc(OC)c(OOCOCF)cc34)c2cc1C,0.8913964925904355
COc1cc2ncnc(NOOCO[N+](=O)[O-])c2cc1OOCOCF,0.8387079182723769
CCc1cc2c(NCc3ncnc4cc(CC)c(OF)cc34)ncnc2cc1C,0.6356504344564606
CCOOCOOc1cc2c(Nc3ncnc4cc(OOCF)c(OOCC)cc34)ncnc2cc1OC,0.8839338981028517
CCOc1cc2ncnc(Nc3ncnc4cc(OC)c(OOCOC)cc34)c2cc1C,0.8940912687945133
CCOOc1cc2ncnc(Nc3ncnc4cc(OC)c(OC)cc34)c2cc1OC,0.8867071968452185
COc1cc2ncnc(Nc3ncnc4cc(OCF)c(CF)cc34)c2cc1C,0.8837876614060258
CCc1cc2ncnc(CNc3ncnc4cc(OC)c(OOCO[N+](=O)[O-])cc34)c2cc1OF,0.8852104822971842
CCOc1cc2c(CNc3ncnc4cc(OC)c(OCC)cc34)ncnc2cc1OC,0.8871142719382835
CCOOc1cc2c(Nc3ncnc4cc(OC)c(OCF)cc34)ncnc2cc1OC,0.8928571428571428
CCOOCOOc1cc2c(Nc3ncnc4cc(OCC)c(OOCC)cc34)ncnc2cc1OC,0.889935414424112
CCOOCc1cc2ncnc(Nc3ncnc4cc(OC)c(OCF)cc34)c2cc1OOCC,0.8843839716571987
CCOOc1cc2c(Nc3cc(OONc4ncnc5cc(OC)c(C)cc45)ccn3)ncnc2cc1OC,0.8611565390708846
CCOc1cc2ncnc(Nc3ncnc4cc(OC)c(OCC)cc34)c2cc1C,0.8932072829131652
CCOOc1cc2c(NCCF)ncnc2cc1OC,0.821349294434755
CCOOc1cc2c(NCNc3ncnc4cc(OC)c(OC)cc34)ncnc2cc1OC,0.8757936983347311
COc1cc2ncnc(CNc3ncnc4cc(OCF)c(C)cc34)c2cc1OF,0.8866782006920415
CCOc1cc2ncnc(Nc3ncnc4cc(OC)c(OOCOCF)cc34)c2cc1OOCF,0.8901629354031689
COc1cc2ncnc(Nc3ncnc4cc(OCOCF)c(CF)cc34)c2cc1C,0.8814217443249701
CCOOc1cc2c(NCOOCO[N+](=O)[O-])ncnc2cc1OC,0.8463299391985935
CCOOc1cc2c(Nc3ncnc4cc(OC)c(OOCC)cc34)ncnc2cc1CO[N+](=O)[O-],0.8885716931053639
CCOc1cc2ncnc(Nc3ncnc4cc(OC)c(OCC)cc34)c2cc1C,0.8932072829131652
CCOOc1cc2c(Nc3cc(OOc4ncnc5cc(OCC)c(C)cc45)ccn3)ncnc2cc1OC,0.8706241658967252
CCOOCOc1cc2c(CNc3ncnc4cc(OC)c(CC)cc34)ncnc2cc1CC,0.8836373607342839
CCOc1cc2ncnc(Nc3ncnc4cc(OC)c(OCOCOCF)cc34)c2cc1C,0.8821353065539113
CCOOc1cc2c(Nc3ncnc4cc(OC)c(OCC)cc34)ncnc2cc1OC,0.9007049100631989
CCOc1cc2ncnc(Nc3ncnc4cc(OC)c(OOCF)cc34)c2cc1C,0.8940912687945133
CCOc1cc2ncnc(Nc3ncnc4cc(OC)c(OOCF)cc34)c2cc1OOCF,0.8924938046171906
CCOOc1cc2c(NCNc3ncnc4cc(OC)c(OOCC)cc34)ncnc2cc1OC,0.8757936983347311
CCOc1cc2c(Nc3ncnc4cc(CF)c(C)cc34)ncnc2cc1OC,0.8876085947343988
CCOOc1cc2c(Nc3ncnc4cc(CO[N+](=O)[O-])c(OOCC)cc34)ncnc2cc1C,0.6368354828562441
CCOc1cc2ncnc(Nc3ncnc4cc(CF)c(OOCOOCF)cc34)c2cc1C,0.8847405559948902
CCOOc1cc2c(NCc3ncnc4cc(OC)c(OF)cc34)ncnc2cc1OOCO[N+](=O)[O-],0.8773362630380686
CCc1cc2ncnc(Nc3ncnc4cc(OC)c(OOCF)cc34)c2cc1OOCF,0.8924938046171906
COCOOc1cc2c(Nc3ncnc4cc(OCOCOCF)c(C)cc34)ncnc2cc1OC,0.8901629354031689
CCOOc1cc2c(NCc3ncnc4cc(OC)c(OF)cc34)ncnc2cc1COC,0.6328913068117421
CCOc1cc2c(Nc3ncnc4cc(OCC)c(OOCOCF)cc34)ncnc2cc1OC,0.8903159517081942
CCOOc1cc2c(NCc3ncnc4cc(OC)c(OCC)cc34)ncnc2cc1OC,0.8925385728061717
COCOOCOOc1cc2c(Nc3ncnc4cc(OC)c(C)cc34)ncnc2cc1OC,0.890568606344583
CCOOc1cc2c(CNc3ncnc4cc(OC)c(OOCC)cc34)ncnc2cc1OC,0.8903810767495697
CCOOc1cc2c(Nc3ncnc4cc(OC)c(OCF)cc34)ncnc2cc1OCC,0.8928571428571428
COCOOc1cc2c(Nc3ncnc4cc(OCOOCO[N+](=O)[O-])c(C)cc34)ncnc2cc1OC,0.8862683438155137
CCOc1cc2ncnc(Nc3ncnc4cc(OC)c(OOOCO[N+](=O)[O-])cc34)c2cc1C,0.8882814906067139
CCOOc1cc2ncnc(Nc3ncnc4cc(OC)c(OOCOC)cc34)c2cc1C,0.8890545545859753
CCOOc1cc2c(Nc3ncnc4cc(OC)c(OOOCF)cc34)ncnc2cc1OCC,0.8866204101682427
CCOOc1cc2c(CNc3ncnc4cc(OC)c(OOCF)cc34)ncnc2cc1OC,0.8847573249832252
COCCOOCOOc1cc2c(Nc3ncnc4cc(OC)c(C)cc34)ncnc2cc1OC,0.8896348012889366
CCOOc1cc2c(Nc3ncnc4cc(OC)c(C)cc34)ncnc2cc1OCC,0.9015998323319827
COc1cc2ncnc(Nc3ncnc4cc(OCOOCF)c(OOCF)cc34)c2cc1OOCF,0.8849052017501216
CCOc1cc2ncnc(Nc3ncnc4cc(CF)c(OOCOOCF)cc34)c2cc1C,0.8847405559948902
CCOOc1cc2c(Nc3ncnc4cc(OC)c(C)cc34)ncnc2cc1OC,0.9015998323319827
CCOOc1cc2c(Nc3ncnc4cc(OC)c(OOCC)cc34)ncnc2cc1OC,0.9007049100631989
CCOOc1cc2c(NCc3ncnc4cc(OC)c(OOCOCF)cc34)ncnc2cc1OC,0.8831385412646784
CCOOc1cc2c(Nc3ncnc4cc(OC)c(OOCC)cc34)ncnc2cc1OC,0.9007049100631989
CCc1cc2c(NCc3ncnc4cc(CC)c(OOOCO[N+](=O)[O-])cc34)ncnc2cc1OC,0.8805649498253589
CCOOc1cc2c(Nc3ncnc4cc(OC)c(OCF)cc34)ncnc2cc1OC,0.8928571428571428
CCOOc1cc2c(Nc3ncnc4cc(OOOCO[N+](=O)[O-])c(OOCC)cc34)ncnc2cc1OC,0.8830105212816834
COCOOc1cc2c(Nc3ncnc4cc(OC)c(C)cc34)ncnc2cc1OC,0.8940912687945133
CCOOc1cc2c(Nc3ncnc4cc(OC)c(OCF)cc34)ncnc2cc1OCC,0.8928571428571428
CCOOc1cc2c(Nc3ncnc4cc(OC)c(OOCOCF)cc34)ncnc2cc1OC,0.8903159517081942
CCOOc1cc2c(Nc3ncnc4cc(OCC)c(OOCC)cc34)ncnc2cc1OC,0.9007049100631989
CCOOc1cc2c(Nc3ncnc4cc(OOCF)c(OCC)cc34)ncnc2cc1OC,0.8886996904024768
CCOOc1cc2c(Nc3ncnc4cc(OOCF)c(OOCC)cc34)ncnc2cc1OC,0.887398024903392
CCOOc1cc2c(Nc3ncnc4cc(OC)c(C)cc34)ncnc2cc1F,0.9015998323319827
COc1cc2ncnc(Nc3ncnc4cc(F)c(OOOOCO[N+](=O)[O-])cc34)c2cc1C,0.8844883988610892
CCOOOc1cc2c(Nc3ncnc4cc(OC)c(OOCC)cc34)ncnc2cc1OC,0.8928571428571428
CCOOc1cc2c(NOOCO[N+](=O)[O-])ncnc2cc1OCC,0.8409367628034397
CCOOc1cc2c(Nc3ncnc4cc(OCF)c(OOCF)cc34)ncnc2cc1OC,0.8898579018114319
CCOOc1cc2ncnc(Nc3ncnc4cc(OC)c(OOCOOCF)cc34)c2cc1C,0.8859571750106454
CCOOc1cc2c(Nc3ncnc4cc(OOCO[N+](=O)[O-])c(C)cc34)ncnc2cc1OCC,0.8879925010756654
CCOOc1cc2c(NCc3ncnc4cc(OC)c(OF)cc34)ncnc2cc1CC,0.6390374331550802
CCc1cc2ncnc(CNc3ncnc4cc(OCOOCO[N+](=O)[O-])c(CC)cc34)c2cc1OF,0.8815862838026206
CCc1cc2ncnc(CNc3ncnc4cc(OC)c(OOCO[N+](=O)[O-])cc34)c2cc1OF,0.8852104822971842
COc1cc2ncnc(Nc3ncnc4cc(F)c(C)cc34)c2cc1OOCOOCF,0.890568606344583
CCc1cc2c(NCc3ncnc4cc(CC)c(OF)cc34)ncnc2cc1C,0.6356504344564606
COc1cc2ncnc(Nc3ncnc4cc(F)c(C)cc34)c2cc1OOCOOCOOCO[N+](=O)[O-],0.8883534386270364
CCCc1cc2c(Nc3ncnc4cc(OC)c(OOOCOCF)cc34)ncnc2cc1OC,0.887809840917499
COc1cc2ncnc(Nc3ncnc4cc(OC)c(OCO[N+](=O)[O-])cc34)c2cc1OC,0.8805474970680822
CCOOc1cc2c(NCc3ncnc4cc(OC)c(OCC)cc34)ncnc2cc1OCO[N+](=O)[O-],0.8852552352385714
CCOc1cc2ncnc(Nc3ncnc4cc(OC)c(OC)cc34)c2cc1CC,0.8932072829131652
CCOc1cc2ncnc(Nc3ncnc4cc(OC)c(OOCF)cc34)c2cc1C,0.8940912687945133
CCc1ncnc2cc(OC)c(OOCOCF)cc12,0.5535892323030907
COc1cc2ncnc(Nc3cc4c(Nc5ncnc6cc(OC)c(C)cc56)ncnc4cc3OC)c2cc1C,0.8539938752073497
CCOc1cc2ncnc(Nc3ncnc4cc(OC)c(OOCF)cc34)c2cc1CC,0.8940912687945133
COc1cc2ncnc(Nc3ncnc4cc(F)c(OOCF)cc34)c2cc1C,0.8940912687945133
COc1cc2ncnc(NOCF)c2cc1OOCOCF,0.8282850453614281
CCOOc1cc2c(Nc3ncnc4cc(CO[N+](=O)[O-])c(OCF)cc34)ncnc2cc1OC,0.8872752843341078
COc1cc2ncnc(Nc3ncnc4cc(OCCO[N+](=O)[O-])c(C)cc34)c2cc1OOCF,0.8881509032943677
CCOOc1cc2c(Nc3ncnc4cc(OC)c(OCF)cc34)ncnc2cc1OC,0.8928571428571428
CCOOc1cc2c(NOOCO[N+](=O)[O-])ncnc2cc1OCC,0.8409367628034397
COc1cc2ncnc(OOCO[N+](=O)[O-])c2cc1OC,0.5654917837580377
CCOOc1cc2c(Nc3ncnc4cc(OC)c(OOCCO[N+](=O)[O-])cc34)ncnc2cc1OC,0.8925733692169678
COc1cc2ncnc(Nc3ncnc4cc(OCCF)c(OOCF)cc34)c2cc1OOCF,0.8883164730860498
CCOc1cc2ncnc(NCc3ncnc4cc(COOCO[N+](=O)[O-])c(OF)cc34)c2cc1CC,0.8794771847571281
CCOOc1cc2c(Nc3ncnc4cc(OOCF)c(OCC)cc34)ncnc2cc1OC,0.8886996904024768
O=[N+]([O-])OCNc1ncnc2cc(F)c(OOCF)cc12,0.5967389608363239
CCOOOc1cc2ncnc(Nc3ncnc4cc(OCC)c(C)cc34)c2cc1OOCF,0.8848800389721105
CCOc1cc2ncnc(Nc3ncnc4cc(OCOCF)c(OCC)cc34)c2cc1C,0.883922850185826
CCOc1cc2c(Nc3ncnc4cc(OCC)c(OCOCF)cc34)ncnc2cc1OC,0.8803405572755418
CCOOc1cc2c(Nc3ncnc4cc(OC)c(OCCO[N+](=O)[O-])cc34)ncnc2cc1OCC,0.8906370408425379
CCc1cc2ncnc(Nc3ncnc4cc(OC)c(OOCOCF)cc34)c2cc1OOCF,0.8901629354031689
CCOOCOc1cc2ncnc(Nc3ncnc4cc(OC)c(OOCF)cc34)c2cc1C,0.8881128758867475
CCOCOc1cc2ncnc(Nc3ncnc4cc(OC)c(OOCF)cc34)c2cc1CC,0.892178552837064
CCOc1cc2ncnc(Nc3ncnc4cc(CO[N+](=O)[O-])c(OCC)cc34)c2cc1C,0.8867839712304135
CCOOc1cc2c(Nc3ncnc4cc(OC)c(OC)cc34)ncnc2cc1OOOCF,0.883361430549702
CCOc1cc2c(Nc3ncnc4cc(OOCO[N+](=O)[O-])c(C)cc34)ncnc2cc1OC,0.8807531380753137
CCOOOc1cc2c(Nc3ncnc4cc(OC)c(OCC)cc34)ncnc2cc1OCC,0.8928571428571428
CCOOc1cc2c(Nc3ncnc4cc(OC)c(OC)cc34)ncnc2cc1OCC,0.9007049100631989
CCOOc1cc2c(Nc3ncnc4cc(OC)c(OCF)cc34)ncnc2cc1C,0.8915643180349062
CCCOc1cc2c(Nc3ncnc4cc(OCC)c(OOOCC)cc34)ncnc2cc1OC,0.8928571428571428
CCOc1cc2ncnc(Nc3ncnc4cc(OC)c(OCF)cc34)c2cc1OOCF,0.8862909180408565
CCOOOOc1cc2c(Nc3ncnc4cc(OC)c(OOCF)cc34)ncnc2cc1OC,0.8861485032884627
COc1cc2ncnc(Nc3ncnc4cc(OC)c(OOCF)cc34)c2cc1CF,0.8940912687945133
CCOOc1cc2c(Nc3ncnc4cc(OC)c(C)cc34)ncnc2cc1OOCF,0.8889923057830728
CCOOOOc1cc2ncnc(Nc3ncnc4cc(OC)c(OOCOC)cc34)c2cc1C,0.8853730346627815
CCOOOc1cc2c(Nc3ncnc4cc(OC)c(OOCC)cc34)ncnc2cc1OC,0.8928571428571428
CCc1cc2c(NCc3ncnc4cc(CC)c(OF)cc34)ncnc2cc1OC,0.8930425111220959
CCOOc1cc2c(Nc3ncnc4cc(OOF)c(OOCF)cc34)ncnc2cc1OC,0.8840474461389494
CCCOc1cc2c(Nc3ncnc4cc(OCC)c(OOOCC)cc34)ncnc2cc1OC,0.8928571428571428
CCOc1cc2ncnc(Nc3ncnc4cc(OC)c(CC)cc34)c2cc1CC,0.8809297912713473
CCOOc1cc2c(Nc3ncnc4cc(OC)c(CF)cc34)ncnc2cc1OOF,0.8885927505330491
CCOOc1cc2c(Nc3ncnc4cc(OC)c(OC)cc34)ncnc2cc1OCC,0.9007049100631989
CCCOc1cc2c(Nc3ncnc4cc(OCC)c(OOOCC)cc34)ncnc2cc1OC,0.8928571428571428
COc1cc2ncnc(Nc3ncnc4cc(OC)c(OOCF)cc34)c2cc1OC,0.8926519553437358
CCOOCOc1cc2ncnc(Nc3ncnc4cc(OC)c(OOCF)cc34)c2cc1C,0.8881128758867475
CCOOc1cc2c(Nc3ncnc4cc(OC)c(OC)cc34)ncnc2cc1OCC,0.9007049100631989
CCCOCOOc1cc2c(Nc3ncnc4cc(OC)c(OC)cc34)ncnc2cc1OCC,0.8926519553437358
CCOOc1cc2c(Nc3ncnc4cc(OC)c(OOC)cc34)ncnc2cc1OC,0.9007049100631989
CCCOCc1cc2c(Nc3ncnc4cc(OC)c(OOCF)cc34)ncnc2cc1OC,0.8940912687945133
CCOOc1cc2c(Nc3ncnc4cc(OC)c(OCF)cc34)ncnc2cc1OC,0.8928571428571428
CCOOONc1ncnc2cc(OC)c(OC)cc12,0.8151041666666667
CCOOOCOc1cc2ncnc(Nc3ncnc4cc(OC)c(OC)cc34)c2cc1OOCC,0.8853002260094069
CCOOc1cc2c(Nc3ncnc4cc(OC)c(OC)cc34)ncnc2cc1OCC,0.9007049100631989
CCOOOc1cc2c(Nc3ncnc4cc(OC)c(OOCC)cc34)ncnc2cc1OC,0.8928571428571428
CCCOCc1cc2c(Nc3ncnc4cc(OC)c(C)cc34)ncnc2cc1OC,0.8900560224089635
CCOOc1cc2c(Nc3ncnc4cc(OC)c(OC)cc34)ncnc2cc1OF,0.8936312593849971
CCOCOc1cc2ncnc(Nc3ncnc4cc(OC)c(C)cc34)c2cc1OOCC,0.8934399263060929
COc1cc2ncnc(Nc3ncnc4cc(OC)c(OOCF)cc34)c2cc1COF,0.8865325077399381
CCOCOc1cc2ncnc(Nc3ncnc4cc(OC)c(C)cc34)c2cc1OOCC,0.8934399263060929
CCOCCOc1cc2ncnc(Nc3ncnc4cc(OC)c(OC)cc34)c2cc1OOCC,0.8908315769304465
CCOCOc1cc2ncnc(Nc3ncnc4cc(OC)c(OOCOC)cc34)c2cc1C,0.892178552837064
CCOOOc1cc2ncnc(Nc3ncnc4cc(F)c(OOCF)cc34)c2cc1C,0.887731625419724
CCCOc1cc2c(Nc3ncnc4cc(OCC)c(C)cc34)ncnc2cc1OC,0.8932072829131652
CCc1cc2c(NCc3ncnc4cc(CC)c(OF)cc34)ncnc2cc1OC,0.8930425111220959
COc1cc2ncnc(Nc3ncnc4cc(F)c(OOc5ncnc6cc(OC)c(C)cc56)cc34)c2cc1C,0.8683231913455037
CCOONc1ncnc2cc(OC)c(OOCC)cc12,0.8166453827121078
CCOc1cc2ncnc(Nc3ncnc4cc(OC)c(OC)cc34)c2cc1OC,0.892359902540898
CCOOc1cc2c(Nc3ncnc4cc(OC)c(OOCC)cc34)ncnc2cc1OC,0.9007049100631989
CCOc1cc2ncnc(-c3cc4c(Nc5ncnc6cc(OC)c(C)cc56)ncnc4cc3OC)c2cc1C,0.8553351573187414
CCOOc1cc2c(Nc3ncnc4cc(OC)c(OOF)cc34)ncnc2cc1OCC,0.8928571428571428
COc1cc2ncnc(Nc3ncnc4cc(OC)c(OOCF)cc34)c2cc1COOF,0.8862456747404844
CCOOc1cc2c(Nc3ncnc4cc(OOC)c(OC)cc34)ncnc2cc1OCC,0.8942717555249524
CCCCOc1cc2ncnc(Nc3ncnc4cc(OC)c(OC)cc34)c2cc1OOCC,0.888185838133473
COOc1cc2ncnc(NNc3ncnc4cc(OC)c(OC)cc34)c2cc1OC,0.8739175873395043
CCOc1cc2ncnc(Nc3ncnc4cc(OC)c(OC)cc34)c2cc1OOOF,0.8864336310440406
CCc1cc2c(NCc3ncnc4cc(CC)c(OC)cc34)ncnc2cc1OC,0.8959362370902559
CCOOc1cc2c(Nc3ncnc4cc(OC)c(OOCF)cc34)ncnc2cc1OC,0.8926519553437358
CCCOc1cc2ncnc(Nc3ncnc4cc(OC)c(C)cc34)c2cc1OOCC,0.9015998323319827
CCOOc1cc2ncnc(Nc3ncnc4cc(OC)c(OC)cc34)c2cc1OOCC,0.8936312593849971
CCCOCc1cc2c(Nc3ncnc4cc(OC)c(OOCC)cc34)ncnc2cc1OC,0.9015998323319827
CCOOc1cc2c(Nc3ncnc4cc(OC)c(OOCC)cc34)ncnc2cc1OC,0.9007049100631989
CCOOc1cc2c(Nc3ncnc4cc(OOCC)c(OOCC)cc34)ncnc2cc1OCC,0.8936312593849971
CCc1cc2ncnc(CNc3ncnc4cc(OC)c(C)cc34)c2cc1OC,0.8959362370902559
CCc1cc2c(Nc3ncnc4cc(OC)c(OOCF)cc34)ncnc2cc1OCOOC,0.8881128758867475
CCOOCOc1cc2ncnc(Nc3ncnc4cc(OC)c(OOCF)cc34)c2cc1CC,0.8881128758867475
CCc1cc2ncnc(CNc3ncnc4cc(C)c(C)cc34)c2cc1OC,0.6285137948984904
CCOc1cc2ncnc(-c3ncnc4cc(OC)c(OC)cc34)c2cc1C,0.5958360872438864
CCOOc1cc2c(CNc3ncnc4cc(OC)c(C)cc34)ncnc2cc1F,0.8911522384442964
CCOCCOc1cc2c(Nc3ncnc4cc(OCC)c(OOCC)cc34)ncnc2cc1OC,0.892156862745098
CCOc1cc2ncnc(Nc3ncnc4cc(OC)c(OC)cc34)c2cc1C,0.8932072829131652
CCOOCOOc1cc2c(Nc3ncnc4cc(OC)c(OOCC)cc34)ncnc2cc1OC,0.889935414424112
CCOOCOOc1cc2c(Nc3ncnc4cc(OC)c(C)cc34)ncnc2cc1OC,0.890997830802603
CCOc1cc2c(Nc3ncnc4cc(OC)c(C)cc34)ncnc2cc1OC,0.8932072829131652
CCc1cc2ncnc(CNNc3ncnc4cc(F)c(OOCF)cc34)c2cc1OC,0.6073543246084887
CCOCc1cc2ncnc(Nc3ncnc4cc(OCC)c(OOCC)cc34)c2cc1OC,0.8944327731092436
CCCOc1cc2ncnc(Nc3ncnc4cc(OC)c(C)cc34)c2cc1OOCC,0.9015998323319827
CCOOc1cc2ncnc(Nc3ncnc4cc(OCC)c(OOCC)cc34)c2cc1C,0.8954064771976207
CCCc1cc2c(Nc3ncnc4cc(OC)c(OCC)cc34)ncnc2cc1OCC,0.8932072829131652
CCOOc1cc2ncnc(NCNc3ncnc4cc(OC)c(C)cc34)c2cc1C,0.8694093339815265
COOc1cc2c(Nc3ncnc4cc(OC)c(OC)cc34)ncnc2cc1OF,0.8936312593849971
CCOOc1cc2c(Nc3ncnc4cc(OC)c(OC)cc34)ncnc2cc1OCC,0.9007049100631989
CCCOCc1cc2c(-c3ncnc4cc(OCC)c(OOCC)cc34)ncnc2cc1OC,0.6066897347174164
CCCOOOc1cc2c(Nc3ncnc4cc(OC)c(OC)cc34)ncnc2cc1OCC,0.8928571428571428
CCCOc1cc2ncnc(NOOCC)c2cc1OOCC,0.8166453827121078
CCCOOc1cc2c(Nc3ncnc4cc(OC)c(OOCC)cc34)ncnc2cc1OC,0.9007049100631989
CCOOc1cc2ncnc(NCc3ncnc4cc(CC)c(OC)cc34)c2cc1C,0.8878393083852246
CCOOc1cc2c(Nc3ncnc4cc(CC)c(OCC)cc34)ncnc2cc1OC,0.900883048254763
CCCOOc1cc2c(CNc3ncnc4cc(OC)c(C)cc34)ncnc2cc1CC,0.8930425111220959
CCCOOc1cc2ncnc(Nc3ncnc4cc(OC)c(OOCC)cc34)c2cc1OOCC,0.8936312593849971
CCCOCc1cc2c(Nc3ncnc4cc(OCCC)c(OOCC)cc34)ncnc2cc1OC,0.9015998323319827
COc1cc2ncnc(Nc3ncnc4cc(OC)c(OC)cc34)c2cc1CF,0.9015998323319827
CCOOc1cc2c(Nc3ncnc4cc(OC)c(OC)cc34)ncnc2cc1OCC,0.9007049100631989
CCCOCc1cc2c(Nc3ncnc4cc(OC)c(CF)cc34)ncnc2cc1OC,0.8900560224089635
CCCOOOc1cc2c(Nc3ncnc4cc(OC)c(CCC)cc34)ncnc2cc1OC,0.894284128745838
CCOOc1cc2c(Nc3ncnc4cc(OC)c(C)cc34)ncnc2cc1OCOOC,0.8883164730860498
CCOOc1cc2c(Nc3ncnc4cc(OC)c(OOC)cc34)ncnc2cc1OC,0.9007049100631989
CCCOc1cc2ncnc(Nc3ncnc4cc(OC)c(OOCC)cc34)c2cc1OOCC,0.9007049100631989
CCCOOc1cc2c(Nc3ncnc4cc(OC)c(OOCC)cc34)ncnc2cc1OC,0.9007049100631989
CCCOc1cc2ncnc(NCNc3ncnc4cc(OC)c(C)cc34)c2cc1OOCC,0.8761791744276873
CCOONc1ncnc2cc(OC)c(OOCC)cc12,0.8166453827121078
COCOOc1cc2c(Nc3ncnc4cc(OOC)c(C)cc34)ncnc2cc1OC,0.8890545545859753
CCCCc1cc2c(Nc3ncnc4cc(OC)c(OOCC)cc34)ncnc2cc1OC,0.8825559809722706
COOc1cc2c(Nc3ncnc4cc(OC)c(CF)cc34)ncnc2cc1OC,0.9015998323319827
CCOOc1cc2c(Nc3ncnc4cc(OC)c(CF)cc34)ncnc2cc1OCF,0.8934399263060929
CCCOOOc1cc2c(Nc3ncnc4cc(OC)c(CCC)cc34)ncnc2cc1OC,0.894284128745838
CCOOCOOc1cc2c(Nc3ncnc4cc(OC)c(OC)cc34)ncnc2cc1OCC,0.889935414424112
CCOOc1cc2c(Nc3ncnc4cc(OCC)c(OOC)cc34)ncnc2cc1OC,0.9007049100631989
CCOOc1cc2c(Nc3ncnc4cc(OC)c(OCC)cc34)ncnc2cc1OCC,0.9007049100631989
CCCOc1cc2ncnc(Nc3ncnc4cc(F)c(C)cc34)c2cc1OOCC,0.9015998323319827
CCCOc1cc2ncnc(Nc3ncnc4cc(OOCC)c(C)cc34)c2cc1OOCC,0.8954064771976207
CCCCc1cc2c(Nc3ncnc4cc(OC)c(OOCC)cc34)ncnc2cc1OC,0.8825559809722706
CCOc1cc2ncnc(Nc3ncnc4cc(OC)c(OCC)cc34)c2cc1F,0.892359902540898
COc1cc2ncnc(Nc3ncnc4cc(F)c(OOc5ncnc6cc(OC)c(C)cc56)cc34)c2cc1C,0.8683231913455037
CCOOc1cc2c(Nc3ncnc4cc(OC)c(C)cc34)ncnc2cc1C,0.9029269507077318
CCOOc1cc2c(Nc3ncnc4cc(OOCC)c(OCC)cc34)ncnc2cc1OC,0.8942717555249524
CCOc1cc2c(Nc3ncnc4cc(OC)c(OOC)cc34)ncnc2cc1OC,0.9007049100631989
COc1cc2ncnc(Nc3cc4c(Nc5ncnc6cc(OC)c(C)cc56)ncnc4cc3OC)c2cc1C,0.8539938752073497
COOc1cc2c(NCNc3ncnc4cc(OC)c(C)cc34)ncnc2cc1OC,0.8761791744276873
CCCOc1cc2c(Nc3ncnc4cc(OC)c(OC)cc34)ncnc2cc1OCC,0.892359902540898
CCOOc1cc2c(Nc3ncnc4cc(OC)c(CF)cc34)ncnc2cc1OOC,0.8950804537061461
CCOOOc1cc2ncnc(Nc3ncnc4cc(OC)c(OC)cc34)c2cc1OOCC,0.8875661375661376
CCOOc1cc2c(Nc3ncnc4cc(OC)c(C)cc34)ncnc2cc1CC,0.9029269507077318
CCOOc1cc2c(Nc3ncnc4cc(OC)c(OOCC)cc34)ncnc2cc1OC,0.9007049100631989
CCCOc1cc2ncnc(NCC)c2cc1OOCC,0.810603492117308
COc1cc2ncnc(Nc3ncnc4cc(OC)c(OOCF)cc34)c2cc1C,0.8940912687945133
CCOc1cc2ncnc(Nc3ncnc4cc(OC)c(C)cc34)c2cc1OOC,0.9015998323319827
COc1cc2ncnc(Nc3ncnc4cc(C)c(OOCF)cc34)c2cc1C,0.8943910897692411
CCOc1cc2c(Nc3ncnc4cc(OC)c(OC)cc34)ncnc2cc1OC,0.892359902540898
CCOc1cc2ncnc(Nc3ncnc4cc(OC)c(C)cc34)c2cc1OOC,0.9015998323319827
CCCOc1cc2c(Nc3ncnc4cc(OC)c(OOCC)cc34)ncnc2cc1OC,0.9007049100631989
CCOCOOc1cc2c(Nc3ncnc4cc(OC)c(OC)cc34)ncnc2cc1OCC,0.8926519553437358
CCCOCc1cc2c(Nc3ncnc4cc(OC)c(OOCC)cc34)ncnc2cc1OCF,0.894246675047972
CCOOOc1cc2c(Nc3ncnc4cc(OC)c(OOCC)cc34)ncnc2cc1CC,0.893329658213892
CCCOc1cc2c(Nc3ncnc4cc(OC)c(OCC)cc34)ncnc2cc1OC,0.892359902540898
CCCOCOc1cc2ncnc(Nc3ncnc4cc(OC)c(C)cc34)c2cc1OOCC,0.8934399263060929
CCOOc1cc2c(NNc3ncnc4cc(OC)c(OOCC)cc34)ncnc2cc1CC,0.8863292097955062
CCCOCc1cc2c(Nc3ncnc4cc(OC)c(OOCC)cc34)ncnc2cc1OOCCC,0.8947558889327543
CCOOc1cc2c(NNc3ncnc4cc(OC)c(CF)cc34)ncnc2cc1OC,0.8863292097955062
CCOc1cc2c(Nc3ncnc4cc(OC)c(OOOC)cc34)ncnc2cc1OC,0.8928571428571428
CCCCOOc1cc2c(Nc3ncnc4cc(OC)c(C)cc34)ncnc2cc1OC,0.8887970918704561
CCCc1cc2ncnc(Nc3ncnc4cc(CC)c(OCC)cc34)c2cc1OOCC,0.6475922896365318
CCOc1cc2ncnc(Nc3ncnc4cc(OCF)c(C)cc34)c2cc1OOC,0.8948986374210701
CCCOc1cc2ncnc(Nc3ncnc4cc(OC)c(OC)cc34)c2cc1OOCC,0.9007049100631989
CCCOCc1cc2c(Nc3ncnc4cc(OCCC)c(OOCC)cc34)ncnc2cc1OOCCC,0.8947558889327543
CCOOc1cc2c(Nc3ncnc4cc(CC)c(OCC)cc34)ncnc2cc1OCC,0.900883048254763
CCCOCc1cc2c(Nc3ncnc4cc(OC)c(OOCC)cc34)ncnc2cc1OF,0.8947558889327543
CCOOc1cc2c(Nc3ncnc4cc(OC)c(OF)cc34)ncnc2cc1OCC,0.9007049100631989
CCOOc1cc2c(Nc3ncnc4cc(OC)c(C)cc34)ncnc2cc1OCC,0.9015998323319827
CCOc1cc2ncnc(Nc3ncnc4cc(OC)c(OC)cc34)c2cc1OOCF,0.8926519553437358
COOc1cc2c(Nc3ncnc4cc(OC)c(OOC)cc34)ncnc2cc1OC,0.9007049100631989
CCOc1cc2ncnc(Nc3ncnc4cc(OC)c(C)cc34)c2cc1OOCF,0.8940912687945133
CCCOc1cc2c(Nc3ncnc4cc(OCC)c(OOCC)cc34)ncnc2cc1OC,0.9007049100631989
CCOOc1cc2c(Nc3ncnc4cc(OC)c(CF)cc34)ncnc2cc1OOOC,0.8885927505330491
COOc1cc2c(Nc3ncnc4cc(OC)c(C)cc34)ncnc2cc1C,0.9029269507077318
CCOOc1cc2ncnc(Nc3ncnc4cc(OCC)c(OOC)cc34)c2cc1C,0.8954064771976207
CCCOCOOc1cc2c(Nc3ncnc4cc(OC)c(C)cc34)ncnc2cc1C,0.8943910897692411
COOc1cc2c(Nc3cc4c(Nc5ncnc6cc(OC)c(C)cc56)ncnc4cc3C)ncnc2cc1C,0.8613477065034159
CCOc1cc2ncnc(Nc3ncnc4cc(OC)c(OC)cc34)c2cc1OF,0.9007049100631989
CCCOOOc1cc2c(Nc3ncnc4cc(CC)c(OCC)cc34)ncnc2cc1OC,0.8931718061674009
CCOOc1cc2c(Nc3ncnc4cc(OC)c(CF)cc34)ncnc2cc1OC,0.9015998323319827
CCCOOc1cc2c(Nc3ncnc4cc(OC)c(OOCC)cc34)ncnc2cc1OOC,0.8936312593849971
CCOOc1cc2c(-c3ncnc4cc(OC)c(OCC)cc34)ncnc2cc1OCC,0.6066897347174164
COOc1cc2c(Nc3ncnc4cc(F)c(CF)cc34)ncnc2cc1OC,0.9015998323319827
CCCOCc1cc2c(Nc3ncnc4cc(OCCC)c(OOC)cc34)ncnc2cc1OC,0.9015998323319827
CCOc1cc2ncnc(Nc3ncnc4cc(OC)c(C)cc34)c2cc1OOCOC,0.8940912687945133
CCOc1cc2ncnc(Nc3ncnc4cc(OC)c(OCC)cc34)c2cc1OC,0.892359902540898
CCOc1cc2ncnc(Nc3ncnc4cc(OC)c(C)cc34)c2cc1OOCF,0.8940912687945133
CCCOc1cc2ncnc(Nc3ncnc4cc(OF)c(C)cc34)c2cc1OOCC,0.8954064771976207
CCCOc1cc2ncnc(NNc3ncnc4cc(CC)c(OOCC)cc34)c2cc1OOC,0.8863292097955062
CCOOc1cc2c(Nc3ncnc4cc(OOC)c(OOC)cc34)ncnc2cc1OC,0.8936312593849971
CCOOc1cc2c(Nc3ncnc4cc(OC)c(OCC)cc34)ncnc2cc1C,0.8993159247169943
CCOOc1cc2c(Nc3ncnc4cc(OC)c(C)cc34)ncnc2cc1CC,0.9029269507077318
CCOc1cc2ncnc(Nc3ncnc4cc(OC)c(C)cc34)c2cc1OOF,0.894284128745838
COc1cc2ncnc(Nc3ncnc4cc(OC)c(F)cc34)c2cc1C,0.8932072829131652
CCCOCc1cc2c(NOCC)ncnc2cc1OC,0.8084003385526872
CCOOc1cc2c(Nc3ncnc4cc(OC)c(C)cc34)ncnc2cc1OCCF,0.8919101557472005
CCOOc1cc2c(Nc3ncnc4cc(OC)c(CF)cc34)ncnc2cc1OC,0.9015998323319827
CCOOOc1cc2c(Nc3ncnc4cc(OC)c(C)cc34)ncnc2cc1C,0.8958930117913531
CCOc1cc2c(-c3cc4c(Nc5ncnc6cc(OC)c(C)cc56)ncnc4cc3C)ncnc2cc1OC,0.8557677278174334
CCOOc1cc2c(Nc3ncnc4cc(OF)c(C)cc34)ncnc2cc1CC,0.8965546218487395
CCOOc1cc2c(Nc3ncnc4cc(OC)c(OCC)cc34)ncnc2cc1CC,0.8993159247169943
CCOc1cc2c(-c3cc4c(Nc5ncnc6cc(OC)c(C)cc56)ncnc4cc3C)ncnc2cc1CC,0.8578697061480418
CCc1cc2c(Nc3ncnc4cc(OC)c(C)cc34)ncnc2cc1OC,0.8809297912713473
CCOOc1cc2ncnc(Nc3ncnc4cc(OCC)c(OOC)cc34)c2cc1C,0.8954064771976207
CCOOc1cc2c(NNc3ncnc4cc(OC)c(C)cc34)ncnc2cc1C,0.8866800791978029
CCOOc1cc2c(-c3ncnc4cc(OC)c(OC)cc34)ncnc2cc1OC,0.6066897347174164
CCCOOc1cc2c(Nc3ncnc4cc(OC)c(OCC)cc34)ncnc2cc1OCC,0.9007049100631989
CCOOc1cc2c(Nc3ncnc4cc(CC)c(OF)cc34)ncnc2cc1OC,0.9007049100631989
CCOc1cc2c(Nc3ncnc4cc(C)c(OOC)cc34)ncnc2cc1CC,0.6475922896365318
CCCOCc1cc2c(Nc3ncnc4cc(OCCC)c(OOC)cc34)ncnc2cc1OCC,0.9015998323319827
CCOc1cc2c(Nc3ncnc4cc(OC)c(CF)cc34)ncnc2cc1CC,0.9045363908275175
CCCOCc1cc2c(Nc3ncnc4cc(OC)c(OOCOCC)cc34)ncnc2cc1OC,0.8940912687945133
CCCOc1cc2ncnc(NCC)c2cc1OOC,0.810603492117308
COOOc1cc2c(Nc3ncnc4cc(OC)c(CF)cc34)ncnc2cc1OC,0.894284128745838
CCCOCOOc1cc2c(Nc3ncnc4cc(OC)c(COCCC)cc34)ncnc2cc1OC,0.8940912687945133
CCOOc1cc2c(-c3cc4c(Nc5ncnc6cc(OC)c(C)cc56)ncnc4cc3C)ncnc2cc1F,0.8554874246518396
CCOOc1cc2c(Nc3ncnc4cc(OC)c(OC)cc34)ncnc2cc1C,0.8993159247169943
CCCOCOOc1cc2c(Nc3ncnc4cc(OC)c(C)cc34)ncnc2cc1OC,0.8940912687945133
CCCOc1cc2ncnc(Nc3ncnc4cc(F)c(C)cc34)c2cc1OOCC,0.9015998323319827
CCCOc1cc2ncnc(NNc3ncnc4cc(C)c(OOCC)cc34)c2cc1OOC,0.8863292097955062
CCOOc1cc2c(Nc3ncnc4cc(OCC)c(OOC)cc34)ncnc2cc1OC,0.9007049100631989
CCOONc1ncnc2cc(OC)c(OOCC)cc12,0.8166453827121078
CCCOc1cc2ncnc(Nc3ncnc4cc(F)c(C)cc34)c2cc1OOC,0.9015998323319827
CCOOc1cc2c(-c3ncnc4cc(OC)c(OC)cc34)ncnc2cc1OC,0.6066897347174164
CCOOc1cc2c(Nc3ncnc4cc(OC)c(C)cc34)ncnc2cc1OCOC,0.8934399263060929
CCOOOc1cc2c(Nc3ncnc4cc(OC)c(C)cc34)ncnc2cc1OCC,0.894284128745838
CCOOOc1cc2ncnc(Nc3ncnc4cc(OCC)c(OOC)cc34)c2cc1C,0.8903887688984882
CCCc1cc2ncnc(Nc3ncnc4cc(OC)c(C)cc34)c2cc1OOCC,0.9029269507077318
CCOc1cc2c(Nc3ncnc4cc(OC)c(OOCF)cc34)ncnc2cc1CC,0.892969312307793
CCOOc1cc2c(Nc3ncnc4cc(CC)c(OCF)cc34)ncnc2cc1OCC,0.8934878587196469
CCCCCOc1cc2ncnc(Nc3ncnc4cc(F)c(C)cc34)c2cc1OOCC,0.8809462915601023
COc1cc2ncnc(Nc3ncnc4cc(OC)c(CF)cc34)c2cc1C,0.8900560224089635
CCCOOc1cc2c(Nc3ncnc4cc(OC)c(C)cc34)ncnc2cc1C,0.9029269507077318
CCOCCc1cc2ncnc(Nc3ncnc4cc(OC)c(C)cc34)c2cc1OOCC,0.8942081963914414
CCCOCc1cc2c(Nc3ncnc4cc(OCCC)c(OOC)cc34)ncnc2cc1OOCCC,0.8947558889327543
CCCOCc1cc2c(OOCCC)ncnc2cc1OC,0.5402031316123572
CCCOc1cc2ncnc(Nc3ncnc4cc(OCC)c(COCC)cc34)c2cc1OOC,0.9015998323319827
CCOOc1cc2c(-c3ncnc4cc(F)c(CF)cc34)ncnc2cc1F,0.6066897347174164
CCOOc1cc2c(-c3ncnc4cc(OC)c(CF)cc34)ncnc2cc1OCC,0.6066897347174164
CCOOc1cc2c(Nc3ncnc4cc(OC)c(CF)cc34)ncnc2cc1OC,0.9015998323319827
CCCOCc1cc2c(Nc3ncnc4cc(OCCC)c(OOC)cc34)ncnc2cc1OOCCC,0.8947558889327543
CCCOc1cc2ncnc(Nc3ncnc4cc(F)c(CC)cc34)c2cc1OOC,0.9015998323319827
CCOOc1cc2c(Nc3ncnc4cc(CC)c(OCC)cc34)ncnc2cc1CF,0.642369020501139
CCOc1cc2ncnc(Nc3ncnc4cc(OC)c(C)cc34)c2cc1OOC,0.9015998323319827
CCCOCc1cc2c(Nc3ncnc4cc(OCCC)c(OOOCCC)cc34)ncnc2cc1OC,0.894284128745838
CCOc1cc2ncnc(Nc3ncnc4cc(OC)c(C)cc34)c2cc1OOCCF,0.8934720229555236
CCCOOc1cc2c(Nc3ncnc4cc(OC)c(CCC)cc34)ncnc2cc1OC,0.9015998323319827
CCCOc1cc2ncnc(NOC)c2cc1OOCC,0.8070311226983868
CCOOc1cc2c(Nc3ncnc4cc(OC)c(C)cc34)ncnc2cc1C,0.9029269507077318
CCCOCc1cc2c(Nc3ncnc4cc(OCCC)c(OOC)cc34)ncnc2cc1OC,0.9015998323319827
CCCc1cc2c(Nc3ncnc4cc(OC)c(OOC)cc34)ncnc2cc1OC,0.9015998323319827
CCCNc1ncnc2cc(CC)c(OOCC)cc12,0.5540216086434574
CCCOCc1cc2c(OOC)ncnc2cc1OCC,0.5402031316123572
CCOOc1cc2c(Nc3ncnc4cc(OC)c(C)cc34)ncnc2cc1OCF,0.8934399263060929
CCOCc1cc2c(Nc3ncnc4cc(OCCF)c(OOC)cc34)ncnc2cc1OCC,0.8919101557472005
CCCOc1cc2ncnc(Nc3ncnc4cc(CCC)c(C)cc34)c2cc1OOCC,0.9003811988529062
CCCOc1cc2ncnc(NOCC)c2cc1OOCC,0.8070311226983868
CCCOCc1cc2c(Nc3ncnc4cc(F)c(OOCC)cc34)ncnc2cc1OC,0.9015998323319827
CCOOc1cc2c(Nc3ncnc4cc(OC)c(C)cc34)ncnc2cc1C,0.9029269507077318
CCCOCc1cc2c(Nc3ncnc4cc(OC)c(OOCC)cc34)ncnc2cc1OOC,0.8947558889327543
COc1cc2ncnc(Nc3ncnc4cc(C)c(Oc5ncnc6cc(F)c(CF)cc56)cc34)c2cc1C,0.8698163656543234
CCOc1cc2ncnc(Nc3ncnc4cc(OC)c(C)cc34)c2cc1OCC,0.8932072829131652
CCCOCc1cc2c(Nc3ncnc4cc(F)c(OOCC)cc34)ncnc2cc1OOCCC,0.8947558889327543
CCCOOc1cc2c(Nc3ncnc4cc(OOOCC)c(CCC)cc34)ncnc2cc1OC,0.8903887688984882
CCCOCc1cc2c(Nc3ncnc4cc(OCCC)c(OOC)cc34)ncnc2cc1C,0.9015998323319827
COOc1cc2c(Nc3ncnc4cc(OC)c(C)cc34)ncnc2cc1C,0.9029269507077318
CCOOOc1cc2ncnc(Nc3ncnc4cc(OC)c(CF)cc34)c2cc1OOCC,0.8885927505330491
CCOc1cc2ncnc(Nc3ncnc4cc(OC)c(OC)cc34)c2cc1OOC,0.9007049100631989
CCCOc1cc2ncnc(NOC)c2cc1OOC,0.8070311226983868
CCCOOc1cc2c(Nc3ncnc4cc(OOCC)c(CCC)cc34)ncnc2cc1OC,0.8954064771976207
CCCOOc1cc2c(Nc3ncnc4cc(OC)c(CCC)cc34)ncnc2cc1OC,0.9015998323319827
CCCOCc1cc2c(OOC)ncnc2cc1OC,0.5402031316123572
CCOOc1cc2c(NNc3ncnc4cc(CC)c(OOCC)cc34)ncnc2cc1F,0.6363292097955062
CCCOOc1cc2c(Nc3ncnc4cc(OC)c(C)cc34)ncnc2cc1OOCC,0.8950804537061461
CCOOc1cc2c(NOOC)ncnc2cc1OC,0.8166453827121078
CCCOCc1cc2c(Nc3ncnc4cc(OCCC)c(OOCC)cc34)ncnc2cc1OOCCC,0.8947558889327543
CCCOc1cc2ncnc(Nc3ncnc4cc(OC)c(OOCC)cc34)c2cc1CF,0.9015998323319827
COc1cc2ncnc(Nc3ncnc4cc(F)c(CF)cc34)c2cc1C,0.8900560224089635
CCOc1cc2ncnc(Nc3ncnc4cc(OC)c(C)cc34)c2cc1-c1ncnc2cc(OC)c(C)cc12,0.8553351573187414
CCCc1cc2c(Nc3ncnc4cc(F)c(OOC)cc34)ncnc2cc1OC,0.9015998323319827
CCCOOOc1cc2c(Nc3ncnc4cc(OC)c(C)cc34)ncnc2cc1CC,0.8958930117913531
CCCOOCOCc1cc2c(Nc3ncnc4cc(OCCC)c(OOC)cc34)ncnc2cc1OCC,0.8914458913336327
COc1cc2ncnc(Nc3ncnc4cc(F)c(CF)cc34)c2cc1C,0.8900560224089635
CCCOc1cc2ncnc(Nc3ncnc4cc(F)c(CC)cc34)c2cc1OOOC,0.894284128745838
CCCc1cc2ncnc(NOC)c2cc1OOCC,0.5510078157136981
CCOCOOc1cc2c(Nc3ncnc4cc(OC)c(C)cc34)ncnc2cc1CC,0.8943910897692411
CCCOOc1cc2ncnc(Nc3ncnc4cc(F)c(C)cc34)c2cc1OOCC,0.8950804537061461
CCOOc1cc2c(Nc3ncnc4cc(F)c(CF)cc34)ncnc2cc1OC,0.9015998323319827
CCOOc1cc2c(Nc3ncnc4cc(OC)c(OOCC)cc34)ncnc2cc1F,0.9007049100631989
CCCOc1cc2ncnc(NNc3ncnc4cc(OC)c(CF)cc34)c2cc1OOC,0.8863292097955062
CCCOOc1cc2c(Nc3ncnc4cc(OC)c(CF)cc34)ncnc2cc1OC,0.9015998323319827
COc1cc2ncnc(Nc3ncnc4cc(OC)c(OC)cc34)c2cc1CF,0.9015998323319827
CCCOCc1cc2c(Nc3ncnc4cc(OC)c(OOCOOC)cc34)ncnc2cc1OC,0.890997830802603
CCOOc1cc2c(Nc3ncnc4cc(OC)c(C)cc34)ncnc2cc1OCOOC,0.8883164730860498
CCCOCc1cc2c(NNc3ncnc4cc(OC)c(CF)cc34)ncnc2cc1OC,0.8943164678458796
CCCOc1cc2c(Nc3ncnc4cc(OC)c(CCC)cc34)ncnc2cc1OC,0.8932072829131652
CCCOCc1cc2c(Nc3ncnc4cc(OCC)c(COCCC)cc34)ncnc2cc1OC,0.8900560224089635
CCOc1cc2ncnc(Nc3ncnc4cc(OC)c(C)cc34)c2cc1-c1ncnc2cc(F)c(CF)cc12,0.8550420168067228
CCOc1cc2ncnc(Nc3ncnc4cc(OC)c(OC)cc34)c2cc1OOC,0.9007049100631989
CCOOc1cc2c(Nc3ncnc4cc(F)c(OOCC)cc34)ncnc2cc1F,0.6507049100631989
CCOOc1cc2c(NNc3ncnc4cc(F)c(OOCC)cc34)ncnc2cc1C,0.6363292097955062
COc1cc2ncnc(Nc3ncnc4cc(F)c(CF)cc34)c2cc1C,0.8900560224089635
CCOOc1cc2c(Nc3ncnc4cc(OC)c(CF)cc34)ncnc2cc1CC,0.904349526993385
CCOOc1cc2c(Nc3ncnc4cc(OOOC)c(C)cc34)ncnc2cc1CC,0.8914089236133531
CCCOc1cc2ncnc(Nc3ncnc4cc(C)c(C)cc34)c2cc1OOCC,0.9003811988529062
CCCOCc1cc2c(Nc3ncnc4cc(OCCC)c(OOOOCC)cc34)ncnc2cc1OC,0.887731625419724
CCOOc1cc2ncnc(Nc3ncnc4cc(F)c(C)cc34)c2cc1OOC,0.8950804537061461
CCCOCc1cc2c(Nc3ncnc4cc(OC)c(OOCC)cc34)ncnc2cc1OCC,0.9015998323319827
CCOOc1cc2c(Nc3ncnc4cc(F)c(CF)cc34)ncnc2cc1CC,0.654349526993385
CCOc1cc2ncnc(Nc3ncnc4cc(OC)c(C)cc34)c2cc1OOCOOC,0.890997830802603
CCOc1cc2ncnc(Nc3ncnc4cc(OC)c(C)cc34)c2cc1OOC,0.9015998323319827
CCCOCc1cc2c(NNc3ncnc4cc(OC)c(C)cc34)ncnc2cc1OC,0.8943164678458796
CCOOOOc1cc2c(Nc3ncnc4cc(OC)c(CF)cc34)ncnc2cc1CC,0.889650715591703
CCCOOOOc1cc2c(Nc3ncnc4cc(OC)c(C)cc34)ncnc2cc1OCC,0.887731625419724
CCCOCc1cc2c(-c3ncnc4cc(F)c(CC)cc34)ncnc2cc1OC,0.6068819684736639
CCc1cc2ncnc(Nc3ncnc4cc(OC)c(CF)cc34)c2cc1OOOOC,0.889650715591703
CCCOCc1cc2c(OCCC)ncnc2cc1OCC,0.5365993473851309
CCOc1cc2ncnc(Nc3ncnc4cc(OC)c(C)cc34)c2cc1OOC,0.9015998323319827
COc1cc2ncnc(Nc3ncnc4cc(C)c(OCF)cc34)c2cc1C,0.8893716577540107
CCCc1cc2c(Nc3ncnc4cc(OC)c(OOC)cc34)ncnc2cc1OC,0.9015998323319827
COOc1cc2c(Nc3ncnc4cc(OC)c(F)cc34)ncnc2cc1C,0.8993159247169943
CCc1cc2c(Nc3ncnc4cc(OC)c(CF)cc34)ncnc2cc1F,0.8900560224089635
CCCOCc1cc2c(OCC)ncnc2cc1OC,0.5365993473851309
CCCOOOc1cc2ncnc(Nc3ncnc4cc(CC)c(OOCC)cc34)c2cc1C,0.8914089236133531
CCCOCc1cc2c(Nc3ncnc4cc(F)c(OOOC)cc34)ncnc2cc1OC,0.894284128745838
CCc1cc2c(-c3ncnc4cc(OC)c(C)cc34)ncnc2cc1F,0.5956862745098039
COOOc1cc2ncnc(Nc3ncnc4cc(F)c(C)cc34)c2cc1OOC,0.8885927505330491
COc1cc2ncnc(Nc3ncnc4cc(F)c(CF)cc34)c2cc1OC,0.9015998323319827
CCOOOOc1cc2c(Nc3ncnc4cc(OC)c(CF)cc34)ncnc2cc1OC,0.887731625419724
CCOOc1cc2ncnc(Nc3ncnc4cc(F)c(C)cc34)c2cc1OOC,0.8950804537061461
CCOOc1cc2c(Nc3ncnc4cc(OC)c(C)cc34)ncnc2cc1CC,0.9029269507077318
CCCOOOc1cc2ncnc(Nc3ncnc4cc(OC)c(CF)cc34)c2cc1OOCC,0.8885927505330491
CCOc1cc2c(Nc3ncnc4cc(OC)c(CF)cc34)ncnc2cc1F,0.9015998323319827
CCCOc1cc2ncnc(Nc3ncnc4cc(F)c(OOCC)cc34)c2cc1OOC,0.9007049100631989
CCOOc1cc2c(Nc3ncnc4cc(OC)c(C)cc34)ncnc2cc1F,0.9015998323319827
CCOOOOc1cc2c(Nc3ncnc4cc(OC)c(C)cc34)ncnc2cc1OCC,0.887731625419724
CCCOOc1cc2c(Nc3ncnc4cc(OC)c(C)cc34)ncnc2cc1OCCC,0.9015998323319827
CCOc1cc2c(Nc3ncnc4cc(F)c(CF)cc34)ncnc2cc1OC,0.9015998323319827
CCOOc1cc2ncnc(Nc3ncnc4cc(OC)c(OOC)cc34)c2cc1CF,0.8947558889327543
CCOOc1cc2c(Nc3ncnc4cc(CC)c(C)cc34)ncnc2cc1OCC,0.9003811988529062
CCCOc1cc2ncnc(Nc3ncnc4cc(F)c(C)cc34)c2cc1OOCF,0.8940912687945133
CCOOCCc1cc2ncnc(Nc3ncnc4cc(OC)c(C)cc34)c2cc1OOCC,0.8904693024750884
CCOOc1cc2c(Nc3ncnc4cc(F)c(OOCC)cc34)ncnc2cc1F,0.6507049100631989
CCCOOOc1cc2ncnc(Nc3ncnc4cc(F)c(C)cc34)c2cc1OOCC,0.8885927505330491
CCCOCc1cc2c(NNc3ncnc4cc(OC)c(CF)cc34)ncnc2cc1OC,0.8943164678458796
CCOc1cc2ncnc(Nc3ncnc4cc(OOC)c(C)cc34)c2cc1OOC,0.8954064771976207
CCCc1cc2c(Nc3ncnc4cc(OOOCC)c(OOCC)cc34)ncnc2cc1OC,0.8885927505330491
CCOOc1cc2c(Nc3ncnc4cc(F)c(OOCC)cc34)ncnc2cc1F,0.6507049100631989
COOc1cc2c(Nc3ncnc4cc(OC)c(OC)cc34)ncnc2cc1OC,0.9007049100631989
CCCOCc1cc2c(Nc3ncnc4cc(F)c(OOCC)cc34)ncnc2cc1OC,0.9015998323319827
CCCOOc1cc2c(Nc3ncnc4cc(OC)c(CCC)cc34)ncnc2cc1OC,0.9015998323319827
CCCOONc1ncnc2cc(OC)c(CF)cc12,0.8172031859288145
CCOOc1cc2c(Nc3ncnc4cc(OC)c(C)cc34)ncnc2cc1OCF,0.8934399263060929
CCCOCc1cc2c(Nc3ncnc4cc(OC)c(OOCC)cc34)ncnc2cc1OOOCCC,0.889186295503212
COOc1cc2c(Nc3ncnc4cc(OC)c(CF)cc34)ncnc2cc1C,0.904349526993385
CCOOOc1cc2ncnc(Nc3ncnc4cc(F)c(C)cc34)c2cc1OOCC,0.8885927505330491
CCCOCc1cc2c(Nc3ncnc4cc(OCCC)c(OOC)cc34)ncnc2cc1OCC,0.9015998323319827
CCCOOOc1cc2c(Nc3ncnc4cc(OC)c(CF)cc34)ncnc2cc1C,0.8972253680634201
CCCOc1cc2ncnc(Nc3ncnc4cc(OC)c(CF)cc34)c2cc1OOCC,0.9015998323319827
CCCOc1cc2ncnc(NNc3ncnc4cc(OC)c(C)cc34)c2cc1OOC,0.8863292097955062
CCCc1cc2c(Nc3ncnc4cc(C)c(OOC)cc34)ncnc2cc1OC,0.9029269507077318
CCc1cc2c(Nc3ncnc4cc(OC)c(OOC)cc34)ncnc2cc1OC,0.9015998323319827
CCOOc1cc2ncnc(Nc3ncnc4cc(OC)c(CF)cc34)c2cc1OOC,0.8950804537061461
CCOOOc1cc2c(Nc3ncnc4cc(OC)c(C)cc34)ncnc2cc1CC,0.8958930117913531
CCCOOc1cc2c(Nc3ncnc4cc(OC)c(CF)cc34)ncnc2cc1OC,0.9015998323319827
CCOc1cc2ncnc(Nc3ncnc4cc(OOOC)c(C)cc34)c2cc1OOC,0.8903887688984882
CCOc1cc2c(Nc3ncnc4cc(F)c(CF)cc34)ncnc2cc1OC,0.9015998323319827
CCCOCc1cc2c(Nc3ncnc4cc(OCCC)c(OOCC)cc34)ncnc2cc1OC,0.9015998323319827
CCCOOOc1cc2c(Nc3ncnc4cc(OC)c(C)cc34)ncnc2cc1OCC,0.894284128745838
CCCOCc1cc2c(OOCC)ncnc2cc1OC,0.5402031316123572
CCOCOc1cc2ncnc(Nc3ncnc4cc(OC)c(C)cc34)c2cc1OOCC,0.8934399263060929
CCCOOOc1cc2c(Nc3ncnc4cc(OC)c(CCC)cc34)ncnc2cc1C,0.8958930117913531
CCCOOOc1cc2c(Nc3ncnc4cc(OC)c(C)cc34)ncnc2cc1C,0.8958930117913531
COc1cc2ncnc(-c3ncnc4cc(F)c(CF)cc34)c2cc1CF,0.6068819684736639
CCOOc1cc2c(Nc3ncnc4cc(OC)c(CF)cc34)ncnc2cc1OC,0.9015998323319827
CCOOc1cc2c(Nc3ncnc4cc(OC)c(CF)cc34)ncnc2cc1OC,0.9015998323319827
CCCOOc1cc2ncnc(Nc3ncnc4cc(OC)c(CF)cc34)c2cc1OOCC,0.8950804537061461
CCCOc1cc2ncnc(Nc3ncnc4cc(F)c(C)cc34)c2cc1OOC,0.9015998323319827
CCOOc1cc2c(Nc3ncnc4cc(F)c(C)cc34)ncnc2cc1OF,0.8950804537061461
COc1cc2ncnc(Nc3ncnc4cc(C)c(OF)cc34)c2cc1C,0.9029269507077318
CCCOOc1cc2c(Nc3ncnc4cc(OC)c(CF)cc34)ncnc2cc1CC,0.904349526993385
CCc1cc2c(-c3ncnc4cc(OC)c(CF)cc34)ncnc2cc1F,0.6068819684736639
CCCOc1cc2ncnc(OOC)c2cc1OOC,0.5395452298566485
CCCOc1cc2ncnc(Nc3ncnc4cc(OC)c(CF)cc34)c2cc1OOCC,0.9015998323319827
CCOOc1cc2c(Nc3ncnc4cc(OC)c(CF)cc34)ncnc2cc1OC,0.9015998323319827
CCc1cc2c(OOc3cc4c(Nc5ncnc6cc(OC)c(C)cc56)ncnc4cc3F)ncnc2cc1F,0.8683231913455037
COc1cc2ncnc(Nc3ncnc4cc(C)c(Oc5ncnc6cc(F)c(CF)cc56)cc34)c2cc1C,0.8698163656543234
CCCOc1cc2ncnc(Nc3ncnc4cc(OCC)c(COCC)cc34)c2cc1OCC,0.9015998323319827
CCOOOc1cc2c(Nc3ncnc4cc(OC)c(C)cc34)ncnc2cc1C,0.8958930117913531
COc1cc2ncnc(Nc3ncnc4cc(C)c(OOF)cc34)c2cc1C,0.8958930117913531
CCOOc1cc2c(Nc3ncnc4cc(OC)c(CF)cc34)ncnc2cc1OC,0.9015998323319827
COc1cc2ncnc(Nc3ncnc4cc(C)c(-c5ncnc6cc(F)c(CF)cc56)cc34)c2cc1C,0.8554539462843961
COc1cc2ncnc(-c3ncnc4cc(OC)c(CF)cc34)c2cc1C,0.6068819684736639
CCCOOOc1cc2c(Nc3ncnc4cc(OC)c(CF)cc34)ncnc2cc1CC,0.8972253680634201
CCCOOc1cc2c(Nc3ncnc4cc(C)c(OOCC)cc34)ncnc2cc1OC,0.9007049100631989
CCCOCc1cc2c(OOCCC)ncnc2cc1OC,0.5402031316123572
CCOOOc1cc2ncnc(Nc3ncnc4cc(OC)c(OOCC)cc34)c2cc1CF,0.889186295503212
CCCOOc1cc2c(Nc3ncnc4cc(OOF)c(CCC)cc34)ncnc2cc1OC,0.8903887688984882
CCOOc1cc2c(Nc3ncnc4cc(OC)c(OCC)cc34)ncnc2cc1CC,0.8993159247169943
CCCOc1cc2ncnc(Nc3ncnc4cc(C)c(OF)cc34)c2cc1C,0.9029269507077318
CCCOc1cc2c(Nc3ncnc4cc(CC)c(OOCC)cc34)ncnc2cc1OC,0.8993159247169943
CCOc1cc2c(Nc3ncnc4cc(OC)c(CF)cc34)ncnc2cc1OOC,0.895733969263381
CCCOc1cc2ncnc(Nc3ncnc4cc(OCC)c(OOC)cc34)c2cc1C,0.9015998323319827
CCCc1cc2c(Nc3ncnc4cc(OC)c(OOCC)cc34)ncnc2cc1OC,0.9015998323319827
CCCOOc1cc2c(Nc3ncnc4cc(OC)c(C)cc34)ncnc2cc1OCC,0.9015998323319827
CCOOc1cc2c(Nc3ncnc4cc(OC)c(C)cc34)ncnc2cc1C,0.9029269507077318
CCOOOc1cc2ncnc(Nc3ncnc4cc(F)c(C)cc34)c2cc1OOCC,0.8885927505330491
COc1cc2ncnc(Nc3ncnc4cc(OC)c(OOOF)cc34)c2cc1CF,0.887731625419724
CCCOc1cc2ncnc(Nc3ncnc4cc(C)c(OF)cc34)c2cc1C,0.9029269507077318
CCCc1cc2c(Nc3ncnc4cc(OC)c(CF)cc34)ncnc2cc1OC,0.8900560224089635
CCCOc1cc2ncnc(Nc3ncnc4cc(OCC)c(COCC)cc34)c2cc1CC,0.8900560224089635
CCOOc1cc2c(Nc3ncnc4cc(OOF)c(C)cc34)ncnc2cc1C,0.8914089236133531
CCCOc1cc2ncnc(Nc3ncnc4cc(OF)c(C)cc34)c2cc1OOCC,0.8954064771976207
CCCOOc1cc2ncnc(Nc3ncnc4cc(OC)c(C)cc34)c2cc1OOCC,0.8950804537061461
CCCOOOc1cc2ncnc(Nc3ncnc4cc(OCCC)c(OOCC)cc34)c2cc1C,0.8903887688984882
CCCOOc1cc2c(Nc3ncnc4cc(OCC)c(CF)cc34)ncnc2cc1CC,0.904349526993385
CCOOc1cc2c(Nc3ncnc4cc(OF)c(C)cc34)ncnc2cc1C,0.8965546218487395
COc1cc2ncnc(Nc3ncnc4cc(OC)c(C)cc34)c2cc1C,0.8809297912713473
CCOc1cc2ncnc(Nc3ncnc4cc(OCC)c(CF)cc34)c2cc1CF,0.8900560224089635
CCOOc1cc2c(Nc3ncnc4cc(OC)c(CF)cc34)ncnc2cc1C,0.904349526993385
CCc1cc2c(Nc3ncnc4cc(OC)c(CF)cc34)ncnc2cc1OC,0.8900560224089635
CCCOOc1cc2c(NNc3ncnc4cc(CC)c(OOCC)cc34)ncnc2cc1CC,0.6319014447884417
CCCc1cc2ncnc(Nc3ncnc4cc(OC)c(C)cc34)c2cc1OOCC,0.9029269507077318
CCCOOc1cc2ncnc(Nc3ncnc4cc(OC)c(OOC)cc34)c2cc1CF,0.8947558889327543
CCCOCc1cc2c(Nc3ncnc4cc(F)c(OCCC)cc34)ncnc2cc1OC,0.9015998323319827
CCCc1cc2c(Nc3ncnc4cc(OC)c(OF)cc34)ncnc2cc1OC,0.9015998323319827
CCOOc1cc2c(Nc3ncnc4cc(F)c(C)cc34)ncnc2cc1OF,0.8950804537061461
CCCOc1cc2ncnc(Nc3ncnc4cc(F)c(C)cc34)c2cc1C,0.8809297912713473
CCCOOc1cc2c(NNc3ncnc4cc(C)c(OOCC)cc34)ncnc2cc1CC,0.6319014447884417
CCCOOc1cc2ncnc(Nc3ncnc4cc(OC)c(C)cc34)c2cc1OOCCC,0.8950804537061461
CCCOc1cc2ncnc(Nc3ncnc4cc(F)c(CCC)cc34)c2cc1OOC,0.9015998323319827
CCCOOc1ncnc2cc(C)c(OOCC)cc12,0.5348953140578265
COc1cc2ncnc(Nc3ncnc4cc(C)c(OOc5ncnc6cc(C)c(OF)cc56)cc34)c2cc1C,0.8690600795478334
CCCOc1cc2ncnc(Nc3ncnc4cc(C)c(OF)cc34)c2cc1C,0.9029269507077318
CCCOc1cc2ncnc(-c3ncnc4cc(C)c(OOCC)cc34)c2cc1C,0.60462393912789
CCCOOc1cc2ncnc(Nc3ncnc4cc(OCC)c(OOCC)cc34)c2cc1C,0.8954064771976207
CCCOc1cc2ncnc(Nc3ncnc4cc(C)c(OF)cc34)c2cc1C,0.9029269507077318
CCCOOOc1cc2c(Nc3ncnc4cc(OC)c(C)cc34)ncnc2cc1OCC,0.894284128745838
CCOOc1cc2c(Nc3ncnc4cc(OC)c(CF)cc34)ncnc2cc1CC,0.904349526993385
CCOc1cc2ncnc(Nc3ncnc4cc(OOF)c(C)cc34)c2cc1OOC,0.8903887688984882
CCCc1cc2c(Nc3ncnc4cc(F)c(CF)cc34)ncnc2cc1OC,0.8900560224089635
CCCOCc1cc2c(Nc3ncnc4cc(OC)c(OOCC)cc34)ncnc2cc1OCCC,0.9015998323319827
CCCOc1cc2ncnc(-c3ncnc4cc(OC)c(C)cc34)c2cc1OOC,0.6063292964244521
CCCOc1cc2ncnc(-c3ncnc4cc(OC)c(CF)cc34)c2cc1OOC,0.6066897347174164
CCOc1cc2ncnc(Nc3ncnc4cc(OC)c(CF)cc34)c2cc1OOC,0.9015998323319827
CCCOOc1cc2c(NOF)ncnc2cc1CC,0.5627665566910759
COOc1cc2c(Nc3ncnc4cc(OC)c(CF)cc34)ncnc2cc1C,0.904349526993385
CCCOOOc1cc2c(Nc3ncnc4cc(OC)c(C)cc34)ncnc2cc1CCC,0.8958930117913531
CCCOc1cc2ncnc(Nc3ncnc4cc(OCC)c(CF)cc34)c2cc1C,0.8900560224089635
CCCOCc1cc2c(OOCCC)ncnc2cc1OCC,0.5402031316123572
CCCOOOc1cc2ncnc(Nc3ncnc4cc(OC)c(CF)cc34)c2cc1OOCC,0.8885927505330491
CCCOOc1cc2ncnc(Nc3ncnc4cc(OCCC)c(OOCC)cc34)c2cc1C,0.8954064771976207
CCOc1cc2ncnc(Nc3ncnc4cc(C)c(OF)cc34)c2cc1C,0.9029269507077318
CCc1cc2ncnc(Nc3ncnc4cc(OC)c(CF)cc34)c2cc1OOCOF,0.8936388508891929
CCCOc1cc2ncnc(Nc3ncnc4cc(F)c(C)cc34)c2cc1OF,0.9015998323319827
COc1cc2ncnc(Nc3ncnc4cc(C)c(OOCCF)cc34)c2cc1C,0.8948937445873026
CCOOc1cc2c(Nc3ncnc4cc(OC)c(C)cc34)ncnc2cc1OF,0.8950804537061461
COc1cc2ncnc(Oc3cc4c(Nc5ncnc6cc(OC)c(CF)cc56)ncnc4cc3C)c2cc1C,0.8717909844350111
CCCOOCc1cc2ncnc(Nc3ncnc4cc(OC)c(CF)cc34)c2cc1OOCC,0.8905122309510123
CCOOc1cc2c(-c3cc4c(Nc5ncnc6cc(OC)c(C)cc56)ncnc4cc3C)ncnc2cc1F,0.8554874246518396
CCCOOc1cc2c(Nc3ncnc4cc(OC)c(C)cc34)ncnc2cc1C,0.9029269507077318
CCCOCc1cc2c(-c3ncnc4cc(C)c(OF)cc34)ncnc2cc1OCC,0.6078795830599898
CCCc1cc2c(Nc3ncnc4cc(F)c(OOC)cc34)ncnc2cc1OC,0.9015998323319827
CCOOc1cc2c(Nc3ncnc4cc(OC)c(C)cc34)ncnc2cc1OF,0.8950804537061461
CCOOc1cc2c(Nc3ncnc4cc(F)c(CF)cc34)ncnc2cc1OC,0.9015998323319827
CCCOOc1cc2c(Nc3ncnc4cc(OOCCC)c(CF)cc34)ncnc2cc1CC,0.8972261259452586
CCCOOc1cc2ncnc(Nc3ncnc4cc(OC)c(CCC)cc34)c2cc1OOCC,0.8950804537061461
CCCOCc1cc2c(Nc3ncnc4cc(F)c(OOCC)cc34)ncnc2cc1C,0.6515998323319827
CCOOc1cc2c(Nc3ncnc4cc(OCC)c(CF)cc34)ncnc2cc1F,0.9015998323319827
CCOc1cc2ncnc(Nc3ncnc4cc(OCC)c(OOC)cc34)c2cc1C,0.9015998323319827
CCc1cc2c(Nc3ncnc4cc(F)c(CF)cc34)ncnc2cc1OC,0.8900560224089635
CCOc1cc2ncnc(NNc3ncnc4cc(OCC)c(CF)cc34)c2cc1C,0.8943164678458796
CCCOc1cc2ncnc(Nc3ncnc4cc(OC)c(CCC)cc34)c2cc1OOCC,0.9015998323319827
COOc1cc2c(Nc3ncnc4cc(OC)c(-c5ncnc6cc(OC)c(C)cc56)cc34)ncnc2cc1C,0.8651341094415098
CCCOOCOOc1cc2c(Nc3ncnc4cc(OC)c(CF)cc34)ncnc2cc1CC,0.8936388508891929
CCCOCc1cc2c(-c3ncnc4cc(OCCC)c(OOC)cc34)ncnc2cc1OC,0.6066897347174164
CCCOCc1cc2c(Nc3ncnc4cc(OC)c(OOCC)cc34)ncnc2cc1OCC,0.9015998323319827
CCCOOc1cc2c(Nc3ncnc4cc(CCC)c(OOCC)cc34)ncnc2cc1CC,0.6474140380789997
CCCc1cc2c(Nc3ncnc4cc(OCC)c(OOCC)cc34)ncnc2cc1OC,0.9015998323319827
CCCc1cc2c(Nc3ncnc4cc(CCC)c(OOC)cc34)ncnc2cc1OC,0.9029269507077318
CCCOc1cc2ncnc(Nc3ncnc4cc(F)c(C)cc34)c2cc1-c1ncnc2cc(C)c(OF)cc12,0.8571872410936205
CCCOOc1cc2c(NNc3ncnc4cc(OC)c(C)cc34)ncnc2cc1C,0.8866800791978029
CCCOOc1cc2c(Nc3ncnc4cc(OCCC)c(OOC)cc34)ncnc2cc1F,0.9007049100631989
CCCOc1cc2ncnc(Nc3ncnc4cc(F)c(OCC)cc34)c2cc1OOC,0.9007049100631989
COc1cc2ncnc(Nc3cc4c(Nc5ncnc6cc(OC)c(C)cc56)ncnc4cc3C)c2cc1C,0.860863230741213
CCc1cc2ncnc(Nc3ncnc4cc(OC)c(C)cc34)c2cc1OOCF,0.8943910897692411
CCOc1cc2ncnc(Nc3ncnc4cc(OCC)c(OOC)cc34)c2cc1C,0.9015998323319827
CCCOCc1cc2c(-c3ncnc4cc(OC)c(C)cc34)ncnc2cc1OC,0.6068819684736639
Cc1cc2ncnc(Nc3ncnc4cc(OCF)c(C)cc34)c2cc1OF,0.8960446247464503
CCCOOOc1cc2ncnc(Nc3ncnc4cc(OC)c(OOCCC)cc34)c2cc1CCC,0.8903887688984882
CCCOCc1cc2c(Nc3ncnc4cc(F)c(OOCC)cc34)ncnc2cc1OF,0.8947558889327543
CCCOOc1cc2c(NNc3ncnc4cc(C)c(OOC)cc34)ncnc2cc1CC,0.6319014447884417
CCCc1cc2ncnc(Nc3ncnc4cc(OOCC)c(C)cc34)c2cc1OOCC,0.8965546218487395
CCCOCCOc1cc2ncnc(Nc3ncnc4cc(C)c(OF)cc34)c2cc1C,0.8921459452377833
CCCOOc1cc2c(Nc3ncnc4cc(F)c(CF)cc34)ncnc2cc1C,0.654349526993385
CCOOc1cc2c(-c3cc4ncnc(Nc5ncnc6cc(C)c(OF)cc56)c4cc3C)ncnc2cc1F,0.6147540983606558
CCCc1cc2ncnc(Nc3ncnc4cc(OCC)c(COCC)cc34)c2cc1OOC,0.904349526993385
CCCOc1cc2ncnc(Nc3ncnc4cc(OOF)c(C)cc34)c2cc1OOCC,0.8903887688984882
CCCONc1ncnc2cc(CC)c(OOCC)cc12,0.5510078157136981
CCCOc1cc2ncnc(Nc3ncnc4cc(CCC)c(OF)cc34)c2cc1C,0.9029269507077318
CCCOc1cc2ncnc(Nc3ncnc4cc(CCC)c(CF)cc34)c2cc1C,0.8885419032477856
CCCOOCc1cc2ncnc(Nc3ncnc4cc(OC)c(C)cc34)c2cc1OOCC,0.8892348470332758
CCOOc1cc2c(Nc3ncnc4cc(CC)c(C)cc34)ncnc2cc1CC,0.6470588235294118
CCCOOc1cc2c(Nc3ncnc4cc(OCCC)c(OOC)cc34)ncnc2cc1F,0.9007049100631989
CCCc1cc2ncnc(Nc3ncnc4cc(OOF)c(C)cc34)c2cc1OOCC,0.8914089236133531
COc1cc2ncnc(NOc3cc4c(Nc5ncnc6cc(OC)c(C)cc56)ncnc4cc3C)c2cc1C,0.8635454181672669
CCCc1cc2ncnc(Nc3ncnc4cc(OC)c(C)cc34)c2cc1OOF,0.8958930117913531
CCCOOc1cc2c(Nc3ncnc4cc(OC)c(C)cc34)ncnc2cc1CCC,0.9029269507077318
CCCOOc1ncnc2cc(CCC)c(OOC)cc12,0.5348953140578265
CCCc1cc2ncnc(Nc3ncnc4cc(OC)c(C)cc34)c2cc1OOCC,0.9029269507077318
CCCc1cc2c(Nc3ncnc4cc(OF)c(OOC)cc34)ncnc2cc1OC,0.8950804537061461
CCCOOc1cc2c(Nc3ncnc4cc(OC)c(C)cc34)ncnc2cc1COF,0.8892348470332758
COc1cc2ncnc(Nc3ncnc4cc(OC)c(-c5ncnc6cc(F)c(CF)cc56)cc34)c2cc1C,0.8550420168067228
CCCOOc1cc2c(Nc3ncnc4cc(OCCC)c(C)cc34)ncnc2cc1CC,0.9029269507077318
Cc1cc2ncnc(Nc3ncnc4cc(OCCOF)c(C)cc34)c2cc1OF,0.889657613592483
CCOc1cc2ncnc(-c3cc4ncnc(Nc5ncnc6cc(C)c(OF)cc56)c4cc3C)c2cc1CF,0.6176470588235294
COOc1cc2c(Nc3ncnc4cc(OC)c(C)cc34)ncnc2cc1-c1ncnc2cc(F)c(CF)cc12,0.8658208381391772
COc1cc2ncnc(Nc3ncnc4cc(OC)c(OC)cc34)c2cc1CF,0.9015998323319827
COc1cc2ncnc(-c3cc4c(Nc5ncnc6cc(OC)c(OC)cc56)ncnc4cc3OC)c2cc1C,0.8636478687860687
CCc1cc2ncnc(Nc3ncnc4cc(OC)c(C)cc34)c2cc1OOC,0.9029269507077318
Cc1cc2ncnc(Nc3ncnc4cc(F)c(CF)cc34)c2cc1OF,0.654349526993385
CCc1cc2ncnc(Nc3ncnc4cc(OC)c(OOC)cc34)c2cc1OOC,0.9007049100631989
CCCOc1cc2ncnc(Nc3ncnc4cc(C)c(OCF)cc34)c2cc1C,0.8893716577540107
CCCOOc1cc2c(Nc3ncnc4cc(OC)c(C)cc34)ncnc2cc1CCC,0.9029269507077318
CCOOc1cc2c(Nc3ncnc4cc(OC)c(C)cc34)ncnc2cc1C,0.9029269507077318
CCCOOc1cc2c(NNc3ncnc4cc(CC)c(OOCC)cc34)ncnc2cc1CC,0.6319014447884417
CCOc1cc2ncnc(Nc3cc4c(Nc5ncnc6cc(OC)c(C)cc56)ncnc4cc3C)c2cc1C,0.860863230741213
CCOOc1cc2c(Nc3ncnc4cc(C)c(OF)cc34)ncnc2cc1C,0.6474140380789997
CCCOOc1cc2c(NNc3ncnc4cc(CC)c(OOCC)cc34)ncnc2cc1C,0.6319014447884417
CCCOONc1ncnc2cc(C)c(OOC)cc12,0.5627665566910759
CCCOOc1cc2c(Nc3ncnc4cc(OOOC)c(CF)cc34)ncnc2cc1CC,0.8914581066376497
CCCOOc1cc2c(CC)ncnc2cc1CCC,0.5252349460494257
CCCCc1cc2ncnc(Nc3ncnc4cc(OCC)c(COCC)cc34)c2cc1OOC,0.9148073022312373
CCCOCCOc1cc2ncnc(Nc3ncnc4cc(C)c(OF)cc34)c2cc1C,0.8921459452377833
CCOc1cc2ncnc(NNc3ncnc4cc(C)c(OF)cc34)c2cc1CF,0.8876585303677267
CCCOCOc1cc2ncnc(Nc3ncnc4cc(C)c(OF)cc34)c2cc1C,0.8960446247464503
CCCOc1cc2ncnc(-c3ncnc4cc(OC)c(CF)cc34)c2cc1OOC,0.6066897347174164
CCCOc1cc2ncnc(NNc3ncnc4cc(OCC)c(CF)cc34)c2cc1C,0.8943164678458796
CCCOCc1cc2c(Nc3ncnc4cc(OCCC)c(OOC)cc34)ncnc2cc1C,0.9015998323319827
CCCOOc1cc2c(Nc3ncnc4cc(OC)c(C)cc34)ncnc2cc1OCCC,0.9015998323319827
CCCOOc1cc2c(-c3ncnc4cc(OCCC)c(OOC)cc34)ncnc2cc1CCC,0.6066897347174164
CCc1cc2ncnc(Nc3ncnc4cc(OC)c(C)cc34)c2cc1Nc1ncnc2cc(C)c(OF)cc12,0.8613477065034159
CCOc1cc2ncnc(Nc3ncnc4cc(OC)c(C)cc34)c2cc1CF,0.8900560224089635
CCCc1cc2c(Nc3ncnc4cc(F)c(CF)cc34)ncnc2cc1OC,0.8900560224089635
CCCc1cc2c(Nc3ncnc4cc(COOC)c(OOC)cc34)ncnc2cc1OC,0.8892348470332758
CCCc1cc2c(Nc3ncnc4cc(OC)c(C)cc34)ncnc2cc1C,0.8799589603283173
CCCc1cc2c(NNc3ncnc4cc(CCC)c(OOCC)cc34)ncnc2cc1OC,0.8866800791978029
CCCOc1cc2ncnc(Nc3ncnc4cc(C)c(OF)cc34)c2cc1C,0.9029269507077318
CCCOOOc1cc2c(Nc3ncnc4cc(OC)c(CF)cc34)ncnc2cc1CC,0.8972253680634201
CCCOCc1cc2c(-c3ncnc4cc(F)c(CC)cc34)ncnc2cc1OC,0.6068819684736639
CCc1cc2c(Nc3ncnc4cc(C)c(OOC)cc34)ncnc2cc1F,0.6529269507077318
CCCOc1cc2ncnc(Nc3ncnc4cc(OC)c(C)cc34)c2cc1OOCC,0.9015998323319827
CCOOc1cc2c(Nc3ncnc4cc(OC)c(C)cc34)ncnc2cc1CC,0.9029269507077318
CCCCc1cc2ncnc(Nc3ncnc4cc(OOOC)c(COCC)cc34)c2cc1OOC,0.9014805728304901
CCOOc1cc2c(Nc3ncnc4cc(OF)c(C)cc34)ncnc2cc1CC,0.8965546218487395
CCOOc1cc2ncnc(Nc3ncnc4cc(OC)c(OOC)cc34)c2cc1CF,0.8947558889327543
CCCOOc1cc2c(Nc3ncnc4cc(OC)c(C)cc34)ncnc2cc1CC,0.9029269507077318
CCCOOc1cc2c(NNc3ncnc4cc(OCC)c(COCC)cc34)ncnc2cc1C,0.8876585303677267
CCc1cc2ncnc(Nc3ncnc4cc(OC)c(C)cc34)c2cc1OC=O,0.8893716577540107
CCc1cc2ncnc(Nc3ncnc4cc(OC)c(C)cc34)c2cc1OOCOC,0.8943910897692411
CCCc1cc2ncncc2cc1Oc1cc2ncnc3[nH]c4ncnc5cc(C)c(cc54)oc(=O)c1cc23,0.5985245583381867
CCCOOc1cc2c(Nc3ncnc4cc(C)c(OF)cc34)ncnc2cc1C,0.6474140380789997
CCc1cc2ncnc(N3CC(OC)C(O)(CC)C3)c2cc1OOC,0.5357165041306913
COc1cc2ncnc(COc3ccc4c(Nc5ncnc6cc(C)c(OF)cc56)ncnc4c3)c2cc1CF,0.6270979305849764
CCc1cc2ncnc(Nc3ncnc4cc(OC)c(C)cc34)c2cc1OOc1ncnc2ccc(CF)cc12,0.8707458460223326
CCc1cc2ncnc(N)c2cc1Oc1ncnc2cc(C)c(OF)cc12,0.618411000763942
CCCNc1ncnc2cc(OCC(C)C)c(C)cc12,0.8089064963079731
Cc1cc2cncnc2cc1Nc1ncnc2cc(C)c(OF)cc12,0.6385109203823878
CCCc1cc2ncnc(Nc3ncnc4cc(OC)c(C)cc34)c2cc1-c1ncnc2cc(F)c(C)cc12,0.8557501652346332
CCc1ccc(-c2cc3ncnc4[nH]c5ncnc6cc([nH]c2cc34)c(OOC)cc65)cc1,0.5855318355551412
CCCOc1cc2ncnc(Nc3ncnc4cc(CC)ccc34)c2cc1C,0.8757789937680499
COc1cc2ncnc(Nc3ncnc4cc5c(cc34)Oc3ccc-5cc3)c2cc1CF,0.8936464088397791
COc1cc2ncnc(Nc3ncnc4cc(C)c(OO)cc34)c2cc1COC1CCCC1,0.850941010653733
COc1cc2ncnc(Nc3ncnc4cc(OC)c(OC)cc34)c2cc1CC(=O)O,0.8490737203972498
CCOc1cc2ncnc(Nc3ncnc4ccc(OOC)cc34)c2cc1CF,0.9051389786683904
CCc1cc2ncnc(N)c2cc1OOCN1CCCCC1=O,0.5629781060406225
COOc1cc2c(Nc3ncnc4cc(OC)c(Cc5cccs5)cc34)ncnc2cc1C,0.8862456747404844
CCc1cc2c(-c3ncnc4cc(F)c(CC(F)(F)F)cc34)ncnc2cc1CF,0.5937611408199643
CCCOOc1cc2c(Nc3ncnc4ccc(C)cc34)ncnc2cc1CC,0.6468779393676289
COc1cc2ncnc(Nc3ncnc4cc(C)c(Oc5ccccc5)cc34)c2cc1C,0.8879401817096624
CCOCc1cc2c(Nc3ncnc4cc(CC)c(OOC)cc34)ncnc2cc1OC,0.904349526993385
COc1cc2ncnc(Nc3ncnc4cc(C5CO5)c(OO)cc34)c2cc1C,0.8559209573903392
CCCOc1cc2ncnc(Nc3ncnc4cc(CCC)c(OOC)cc34)c2cc1C,0.9029269507077318
CCCOOc1cc2c(OCC)ncnc2cc1CCC,0.5329689397883047
CCOOc1cc2c(Nc3ncnc4cc(ON)c(CF)cc34)ncnc2cc1C,0.87464046021093
CCCc1ccc2ncnc(Nc3ncnc4cc(CCC)c(OOC)cc34)c2c1,0.6468779393676289
CCCc1ccc2c(Nc3ncnc4cc(OC)c(C)cc34)ncnc2c1,0.8757789937680499
CCCOOc1cc2c(Nc3ncnc4cc(OC)c(C)cc34)ncnc2cc1CCc1cccc(F)c1,0.888004246284501
CCCCCCOCOOc1cc2c(N)ncnc2cc1Cc1ncnc2cc(F)c(CF)cc12,0.5973039215686274
CCCOc1cc2ncnc(Nc3ncnc4cc(CC)c(OOC)cc34)c2cc1C,0.9029269507077318
CCCc1cc2ncnc(-c3ncnc4cc(OC)c(C)cc34)c2cc1OO,0.5945827048768225
Cc1cc2ncnc3c2cc1OOCNc1ncnc2cc(C)c(cc12)C3=O,0.5962379702537183
CCCOOc1cc2c(N)ncnc2cc1COOCC,0.5660183428209994
CCNCc1cc2ncnc(Nc3ncnc4cc(OC)c(C)cc34)c2cc1OOCCN,0.8577082209030401
CCOc1ccc2c(Nc3ncnc4cc(OCC)c(CF)cc34)ncnc2c1,0.8877848436671967
Cc1cc2c(Oc3ncnc4cc(C)c(OF)cc34)ncnc2cc1CC(N)=O,0.6007423117709438
CCCc1cc2ncnc(Nc3ncnc4cc(OC)c(C)cc34)c2cc1-c1ncnc2ccc(OOO)cc12,0.8499291282778172
CCOCc1cc2c(Nc3ncnc4cc(CC)c(OOC)cc34)ncnc2cc1OC,0.904349526993385
COc1cc2ncnc(Nc3ncnc4cc(C)c(O)cc34)c2cc1C,0.8731260160154133
CCCOOc1cc2c(Nc3ncnc4cc(OC)c(C)cc34)ncnc2cc1COC1CC1,0.8727132001125809
CCCOOc1cc2c(Nc3ncnc4cc(OCCON5CCNCC5)c(C)cc34)ncnc2cc1CC,0.8603565365025467
CCCCc1cc2ncnc(Nc3ncnc4cc(OCC)c(COF)cc34)c2cc1OO,0.8852736216437794
COc1cc2ncnc(Nc3ncnc4cc(C)c(O)cc34)c2cc1-c1ccc(N)cc1,0.8589594253543001
CCCOCC(N=[N+]=[N-])c1cc2c(CC)ncnc2cc1CCC,0.5269292266262728
COOc1ccc2ncnc(-c3ncnc4cc(O)c(N5CCC(C)CC5)cc34)c2c1,0.5739930272234998
CCCOOc1cc2c(Nc3ncnc4cc(OC)c(C)cc34)ncnc2cc1CC1CC1,0.872802906022967
CCOc1ncnc2cc(OOCC(F)F)c(C)cc12,0.553322048243758
CCOOc1cc2c(Nc3ncnc4cc(OC)c(C)cc34)ncnc2cc1CC1CC1,0.872802906022967
COc1cc2ncnc(Nc3ncnc4cc(CF)c(OO)cc34)c2cc1C,0.8768346238298856
CCCc1cc2c(NNc3ncnc4cc(C)c(O)cc34)ncnc2cc1OC,0.865137998327293
CCc1cc2ncnc(Nc3ncnc4cc(OC)c(CF)cc34)c2cc1O,0.880885348029232
CCOOc1cc2c(Nc3ncnc4cc5c(cc34)CC5)ncnc2cc1CCOC,0.639943074003795
CCCOOc1cc2c(CO)ncnc2cc1CCC,0.5314985431923773
CCCOCc1cc2c(O)ncnc2cc1Oc1ccc(-c2ncnc3cc(OC)c(CC)cc23)cc1,0.5997412854030502
CCCc1cc2ncnc(Nc3ncnc4cc(OC)c(CF)cc34)c2cc1O,0.880885348029232
CCOOc1cc2c(Nc3ncnc4cc(OC(O)C=O)ccc34)ncnc2cc1CC,0.6180377274249358
CCCOOc1cc2c(Nc3ncnc4cc(OCC)c(C)cc34)ncnc2cc1C,0.9029269507077318
CCCc1ccc2c(Nc3ncnc4cc(OC)c(C)cc34)ncnc2c1,0.8757789937680499
Cc1cc2ncnc(-c3cc4ncncc4cc3C)c2cc1OF,0.6092326694457311
Cc1cc2ncnc(Nc3ncnc4cc(Oc5ccncc5)c(C)cc34)c2cc1OO,0.8688299817184644
CCOc1cc2c(Nc3ncnc4cc(O)c(CF)cc34)ncnc2cc1CC,0.8816584128517937
CCCc1cc2ncncc2cc1Nc1ncnc2cc(OC)c(C)cc12,0.9216655041463225
CCCOc1cc2ncnc(Nc3ncnc4cc(C)c(O)cc34)c2cc1C,0.8731260160154133
CCOOc1ccc2c(Nc3ncnc4cc(OC)c(CC)cc34)ncnc2c1,0.8854210749047821
CCc1cc2ncnc(OOCCc3ccc4ncnc(N)c4c3)c2cc1O,0.5747645082669126
c1ccc(CCOOc2ccc3ncncc3c2)cc1,0.5257462035259208
COOc1ccc2ncnc(Nc3cc4c(N)ncnc4cc3C)c2c1,0.6259219284043893
CCc1ccc(Oc2cc3ncnc(N)c3cc2C)cc1,0.8278422957165699
Cc1cc2ncnc(Nc3ncnc4cc(-c5ccccc5)c(C)cc34)c2cc1O,0.6092944730762395
CCOc1cc2c(Nc3ncnc4cc(OC)c(CF)cc34)ncnc2cc1O,0.8783636577754225
COc1ccc2c(Nc3ncnc4cc(C)c(OC)cc34)ncnc2c1,0.6413339058251037
CCCOOc1cc2c3ncnc2cc1N1CCC[C@@H]1COc1cc2ncnc(c2cc1C)N3,0.8251041767613141
Nc1ncnc2cc(-c3nc(O)co3)c(OOCCF)cc12,0.5798361726123346
CCOc1ccc2c(NNc3ncnc4cc(C)c(OOC)cc34)ncnc2c1,0.6366574921589964
CCCOc1cc2ncnc(Nc3ncnc4cc(OCC)c(C)cc34)c2cc1C,0.8809297912713473
CCOc1cc2ncnc(-c3cc4cncnc4cc3C)c2cc1CF,0.5904066324516384
c1ccc(CCOOc2cc3c4ncnc3cc2CCc2ccc3c(ncnc3c2)N4)cc1,0.6110412079270211
CCc1cc2ncnc(Nc3ncnc4cc(C)c(OF)cc34)c2cc1C,0.6470588235294118
CCCc1cc2ncncc2cc1Nc1ncnc2ccc(CF)cc12,0.6527224435590969
COc1cc2ncnc(Nc3ncnc4cc(C)c(OCc5ccns5)cc34)c2cc1CF,0.8842262080358723
CCCOOc1cc2c(NNc3ncnc4cc(OCC)c(C)cc34)ncnc2cc1OCC,0.8863292097955062
CCOOc1cc2ncnc(Nc3ncnc4ccc(OF)cc34)c2cc1C,0.8968884193306523
CCOCOc1cc2ncnc(Nc3cc4c(N)ncnc4cc3OC)c2cc1C,0.8746803069053708
COc1ccc2c(Nc3ncnc4cc(C)c(OOO[NH+]5CCCCC5)cc34)ncnc2c1,0.6031205164992827
CCCc1cc2ncnc(-c3cc4cncnc4cc3[NH2+]C)c2cc1OO,0.5778546712802768
COOc1cc2c(Nc3ncnc4cc(OC)c(-c5ncnc6cc(C)c(O)cc56)cc34)ncnc2cc1C,0.8525467658327699
CCOc1cc2ncnc(NOc3cc4c(N)ncnc4cc3CC)c2cc1C,0.8588874019100918
CCOOc1cc2c(NNc3ncnc4cc(OCC)c(CF)cc34)ncnc2cc1C,0.8876585303677267
COc1cc2ncnc(Nc3ncnc4cc5c(cc34)OCCc3ccc4c(c3)CC(C4)C5)c2cc1C,0.8539515042658286
Cc1cc2c(Nc3cc4cncnc4cc3CF)ncnc2cc1O,0.9005376344086021
CCCOc1cc2ncnc(Nc3ncnc4ccc(CF)cc34)c2cc1C,0.8879152697348369
COc1cc2ncnc(Nc3cc4cncnc4cc3Cc3ncnc4ccc(CF)cc34)c2cc1C,0.8737712932942205
COOc1ccc2ncnc(-c3ncnc4cc(CC(=O)O)c(CF)cc34)c2c1,0.5741315634534068
Cc1cc2c(Nc3ncnc4cc(C)c(C5CCCC5S)cc34)ncnc2cc1OCCO,0.8279857397504456
CCc1cc2ncnc(Nc3ncnc4cc(OC)c(CF)cc34)c2cc1OOCOC(C)(F)F,0.8933048247045766
CCCc1cc2c(Nc3ncnc4cc(C)c(OOC)cc34)ncnc2cc1OC,0.9029269507077318
CCCOc1cc2ncnc(Nc3ncnc4cc(CC)c(OOC)cc34)c2cc1C,0.9029269507077318
Cc1cc2c(Nc3ncnc4cc(C)c(OF)cc34)ncnc2cc1ON,0.8746648028755635
CCOCc1cc2ncnc(Nc3ncnc4cc(OF)ccc34)c2cc1OOC,0.6422399468261881
CCCOOc1cc2c(Nc3ncnc4cc(O)c(C)cc34)ncnc2cc1CCC,0.8801832208293153
CCOOc1cc2c(Nc3ncnc4cc(OC)c(C5(C)CC5)cc34)ncnc2cc1CC,0.8837703756201276
CCCc1cc2ncncc2cc1Nc1ncnc2cc(C(=O)Nc3cc4c(N)ncnc4cc3OC)ccc12,0.8522397641352418
CCOCc1cc2ncnc(Nc3ncnc4cc(CC(=O)O)c(CF)cc34)c2cc1OOCC,0.600150107890046
CCCCc1cc2ncnc(Nc3ncnc4cc(OCC)c(CC)cc34)c2cc1OOC,0.9135395537525355
COc1cc2ncnc(Nc3cc4ncnc(Nc5ncnc6cc(C)c(OF)cc56)c4cc3C)c2cc1CF,0.8647465906777936
CCCc1cc2ncnc(NNc3ncnc4cc(C)ccc34)c2cc1OOCC,0.6321256979613037
CCCOOOOc1cc2c(Nc3ncnc4cc(O)c(C)cc34)ncnc2cc1CN1CC1,0.8465578539107951
CCc1ccc2c(Nc3ncnc4cc(OC)c(CO)cc34)ncnc2c1,0.8688916546574086
CCCOOc1ccc2ncnc(Nc3ncnc4cc(CCC)c(OOCCc5ccccc5)cc34)c2c1,0.6413770053475936
CCCCc1cc2ncnc(N)c2cc1-c1cc2c3cc1oc1cc4c(cc1OC)ncnc4[nH]c2ncn3,0.5830258302583026
CCOOc1cc2c(Nc3ncnc4cc(O)c(C)cc34)ncnc2cc1CC,0.8801832208293153
CCOOc1cc2c(Nc3ncnc4cc(OC)c(CF)cc34)ncnc2cc1CC(F)F,0.8965569162818712
CCc1cc2ncnc(NC)c2cc1OOC(=O)c1ncnc2cc(Oc3ccccc3)c(C)cc12,0.6067288229160277
Cc1ccc2c(C(=O)Oc3cc4ncnc(N)c4cc3C)ncnc2c1,0.865755836702752
CCOc1cc2ncnc(NNc3ncnc4cc(OCC)c(COC)cc34)c2cc1CF,0.8943164678458796
CCOOc1cc2c(NNc3ncnc4cc(OC)c(C)cc34)ncnc2cc1C,0.8866800791978029
COc1cc2ncnc(Nc3ncnc4cc(C)c(COn5cccn5)cc34)c2cc1C,0.8743523316062176
COc1cc2ncnc(Nc3ncnc4cc(C)c(Cc5ccc6cncnc6c5)cc34)c2cc1C,0.8666010337189269
CCOOc1ccc2ncnc(-c3cccc(-c4cc5ncnc(N)c5cc4CF)c3)c2c1,0.5971696882744228
CCCc1cc2ncnc(Nc3ncnc4cc(OC)c(C)cc34)c2cc1O,0.8731260160154133
CCc1cc2ncnc3[nH]c4ncnc5cc(OC)c(cc54)c4ccc(cc4)c1cc23,0.6127450980392157
CCc1cc2ncnc(Nc3ncnc4ccc(C)cc34)c2cc1OOC,0.6468779393676289
NOc1cc2ncnc3c2cc1COCOCCCc1cc2ncnc(c2cc1C=O)N3,0.866557734204793
CCCc1cc2ncnc(Nc3ccc(-c4ncnc5ccc(OOC)cc45)cc3)c2cc1O,0.5981343070690934
CC(=O)c1cc2ncnc(Nc3ncnc4cc(Oc5ncnc6cc(C)c(OF)cc56)c(C)cc34)c2cc1O,0.8530216621441383
CCCOOc1cc2c(Nc3ncnc4cc(OOO)c(CF)cc34)ncnc2cc1CC,0.8713818860877685
CCOOc1ccc2ncnc(Nc3ncnc4cc(C)c(OOCC5=CC=C[C-]C=C5)cc34)c2c1,0.6278102864182322
CCOc1cc2ncnc(Nc3ncnc4cc(OC)c(OC)cc34)c2cc1CF,0.9015998323319827
CCOCc1cc2c(Nc3ncnc4cc(OCC)c(OCC)cc34)ncnc2cc1OC,0.9015998323319827
COOc1ccc2ncnc(NCc3cc4ncncc4cc3OOC)c2c1,0.6483926904094971
CCCOOc1cc2c(-c3ncnc4cc(CCC)c(OO)cc34)ncnc2cc1CCO,0.582138421587445
CCCOOc1ccc2ncnc(CC3C4CCCCC43CC)c2c1,0.524050999710229
COc1ccc2c(Nc3ncnc4cc(C)c(OOF)cc34)ncnc2c1,0.6438800776283209
C[CH-]c1ncnc2cc(OC)c(Nc3ncnc4ccc(OOC)cc34)cc12,0.6369281045751634
CCCOOc1cc2c(Nc3ncnc4cc(OCC)c(CF)cc34)ncnc2cc1Cc1ccco1,0.8899507171289569
CCCOOc1cc2c(Nc3ncnc4ccc(CC=O)cc34)ncnc2cc1CC,0.6404891853648675
COc1cc2ncnc(Nc3ncnc4ccc(OOO)cc34)c2cc1C,0.876931891637774
CCOOc1cc2c(Nc3ncnc4cc(OC)ccc34)ncnc2cc1C,0.6493761140819965
CCOc1cc2ncnc(Nc3ncnc4cc(CCOOC)c(OOC)cc34)c2cc1C,0.8904693024750884
CCOc1cc2ncnc(Oc3cc4c(Nc5ccccc5)ncnc4cc3C)c2cc1CF,0.6235165118679051
CCc1cc2ncnc(N)c2cc1Nc1ncnc2cc(O)c(C)cc12,0.876374249121614
CCCc1cc2c(NOOc3cc4c(N)ncnc4cc3C)ncnc2cc1OC,0.8613276635955587
CCOOc1cc2c(Nc3ncnc4cc(OCO)c(C)cc34)ncnc2cc1C,0.874934929724102
CCCc1cc2ncnc(Nc3ncnc4cc(O)c(C)cc34)c2cc1-c1ncnc2cc(C)c(OF)cc12,0.8482800982800982
CCCCc1cc2ncnc(Nc3ncnc4ccc(COCC)cc34)c2cc1OOC,0.6588170865279299
CCCc1cc2ncnc(Nc3ncnc4cc(OC)c(C)cc34)c2cc1OOCCF,0.8948937445873026
CCCOc1cc2ncnc(Nc3ncnc4cc(CCOF)c(OC(C)=O)cc34)c2cc1C,0.8825863678804855
CCCOOc1cc2c(Nc3ncnc4cc(C5CCCCNC5)c(OOCCC)cc34)ncnc2cc1C,0.5827253579169083
CCOc1cc2ncnc(Nc3cc4c(Nc5ccc6ncncc6c5)ncnc4cc3OC)c2cc1CF,0.8577596026791816
CCOCCC(=O)c1ncnc2cc(OCC)ccc12,0.5330564502458044
COc1ccc(-c2cc3ncnc(OC)c3cc2C)cc1,0.5532050736358219
CCc1cc2ncnc(Nc3ncnc4cc(F)ccc34)c2cc1OOC,0.6493761140819965
COc1cc2ncnc(Nc3ncnc4cc(C(=O)[O-])c(OOCCF)cc34)c2cc1C,0.8893354769560557
COOc1ccc2ncnc(OC(=O)c3cc4c(N)ncnc4cc3C)c2c1,0.6126336898395721
CCCc1cc2ncnc(Nc3ncnc4cc(OCC)c(CF)cc34)c2cc1COC,0.8900560224089635
CCCOOc1cc2c(NCc3cc4ncncc4cc3Nc3ncnc4ccc(C)cc34)ncnc2cc1C,0.6088168398519378
CCCOOc1cc2c(Nc3ncnc4cc(OC)c(O)cc34)ncnc2cc1COOCC,0.8645675661568976
CCCc1cc2ncnc(Nc3ncnc4cc(OO)c(C)cc34)c2cc1OOCC,0.8746648028755635
CCCOOc1cc2c(Nc3ncnc4cc(O)c(OCC)cc34)ncnc2cc1CCC,0.8755521971634503
COOc1cc2c(Nc3cc4cncnc4cc3OC)ncnc2cc1C,0.6530341256141283
