Cc1ccc(Cl)cc1N1CCN(C[C@H](c2ccc3c(c2)CCN3)N2CCN(Cc3cccc(C#N)c3)CC2)CC1,0.4455773584021728
O=S(=O)(N[C@H]1CCCC[C@@H]1N1CCN(c2ncccn2)CC1)N1CCN(C2Cc3ccccc3C2)CC1,0.5169696718063123
CNc1nc(C)c(C(=O)N2CCN(C(F)(F)c3cccc(N4CCN(Cc5cccc(C#N)c5)CC4)c3)CC2)s1,0.8225189859427255
COc1ccccc1N1CCC(N2CCC([NH2+][C@@H]3CCc4cc(N)ccc43)CC2)CC1,0.9122708252465037
CC(=O)N1CCCc2cc([C@@H](O)CN3CCN(N4CCN([C@H]5CCc6ccccc6C5)CC4)CC3)ccc21,0.09068138563388095
Nc1ccc2c(c1)CC[C@H]2[NH2+]C1CCN(N2CCN(c3c(F)cccc3[C@@H](O)c3ccccn3)CC2)CC1,0.07829980179645042
CC(=O)N1CCCc2cc([C@@H](O)CN3CCC([NH2+][C@H](C)c4ccccc4N(C)C)CC3)ccc21,0.28371885468234814
Fc1ccc([C@@H]([NH2+]CCc2ccccc2C[NH+]2CCCN3CCC[C@@H]3C2)C2CCCC2)cc1,0.6035888370344807
Fc1ccc2c(CCNc3cc[nH+]c(CN4CCN(CCN[C@H]5CCc6cc(Br)ccc65)CC4)c3)c[nH]c2c1,0.8170372969348016
CCN1CCC([NH2+][C@@H]2CCc3cc(C[C@H](O)CN4CCN(c5ccc(F)cc5)CC4)ccc32)CC1,0.9065000897771089
OCCN1CC[NH+]([C@@H]2CC[C@H](c3ccc(F)cc3)c3ccc(CN4CCN(c5ccc(F)cc5)CC4)cc32)CC1,0.8029129121512423
COc1ccc2[nH]cc(C(=O)[C@@H](C)[C@H]3CCCC[C@@H]3NS(=O)(=O)c3ccc(Cl)cc3)c2c1,0.015674945366539277
CCc1cccc2c(CN3CCC([NH2+][C@@H]4CCc5cc(N)ccc54)CC3)c[nH]c12,0.9879825262732703
Brc1ccc2c(c1)CC[C@@H]2NCCc1cccc(N2CCN(CCC[NH2+]Cc3cccc4cccnc34)CC2)c1,0.8741548702591992
CNc1nc(C)c(C(=O)[C@H](C)C(=O)c2c[nH]c3ccc(OC)cc23)s1,0.0020239003859946762
CN1CCc2c(c3cc(C[C@H](O)CN4CCN(c5ccc(F)cc5)CC4)ccc3n2CCc2ccccc2)C1,0.9176771883659649
Nc1ccc2c(c1)CC[C@H]2[NH2+][C@H](O)CN1CCN(c2ccc(F)cc2)CC1,0.9549451059925721
Fc1cccc([C@@H](Cc2ccccc2)c2ccccn2)c1N1CCN(Cc2ccccc2)CC1,0.45070378115459264
c1ccc(CN2CCN([C@H]3CCc4ccccc4C3)CC2)cc1,0.25255167526277345
CCN1CCC([NH2+][C@@H]2CCc3cc(C[C@H](O)Cc4ccccc4)ccc32)CC1,0.46048166111325284
CCN1CCC([NH2+]c2cccc([C@@H](O)c3ccccn3)c2N2CCN(Cc3ccccc3)CC2)CC1,0.9713583201777476
CNc1nc(C)c(C(=O)N2CCN(N3CCN(CCC[NH2+]Cc4cccc5cccnc45)CC3)CC2)s1,0.28029821294300544
Nc1ccc2c(c1)CC[C@H]2[NH2+]c1ccc2c(c1)[C@H]([NH+]1CCN(CCO)CC1)CC[C@@H]2c1ccc(F)cc1,0.7050769384773625
Nc1ccc2c(c1)CC[C@H]2[NH2+][C@H](O)CN1CCN(c2ccc(F)cc2)CC1,0.9549451059925721
CCc1nn(C)cc1CNCCc1c[nH]c2c(N3CCN(c4ccc(F)cc4)CC3)cccc12,0.18687504619059264
CCN1CCC([NH2+][C@@H]2CCc3cc(C[C@H](O)CN4CCN([C@H]5CCc6ccccc6C5)CC4)ccc32)CC1,0.09020837406179522
Cc1cccc2cc(CO)c(N[C@H]3CCCC[C@@H]3N3CCN(c4ncccn4)CC3)[nH+]c12,0.9551234562291084
CC(=O)N1CCCc2cc([C@@H](O)C[C@H]3CCCC[C@@H]3N3CCN(c4ncccn4)CC3)ccc21,0.7810884674085377
COC(=O)N1CCN(Cc2cc(NCCc3c[nH]c4cc(F)ccc34)cc[nH+]2)CC1,0.9179376063477434
CNc1nc(C)c(C(=O)c2ccccc2N2CCC([NH2+][C@H]3CCCN(C4Cc5ccccc5C4)C3)CC2)s1,0.38864163120046075
COC(=O)N1CCN(Cc2cc(NCCc3c[nH]c4cc(F)ccc34)cc[nH+]2)CC1,0.9179376063477434
Cc1cccc2cc(CO)c(NN3CCCc4cc([C@H](O)CN5CCN(c6ccc(F)cc6)CC5)ccc43)[nH+]c12,0.5987925393405036
O=C(Cc1ccccc1)N1CCCc2cc([C@@H](O)CN3CCN(c4ccc(F)cc4)CC3)ccc21,0.9607086258500495
O[C@@H](c1ccccn1)c1cccc(F)c1N1CCN(c2ccccc2)CC1,0.01013755745834571
CCOc1cc2c(cc1OC)CCN(C1CCN(C)CC1)[C@@H]2c1cccc(Cl)c1,0.972065473844097
O=C(CN1CCN(c2ncccn2)CC1)N1CC[C@H](Cl)Sc2ccccc21,0.9849847437236455
O=C(CN1CCN(c2ccccc2OCc2ccccc2)CC1)N1CCSc2ccccc21,0.9008285092504985
CCOc1cc2c(cc1OC)CCN(C1CCN(C)CC1)[C@@H]2c1cccc(F)c1,0.972065473844097
CCOc1ccccc1N1CCN(CC(=O)N2CCSc3ccccc32)CC1,0.931624517506198
O[C@@H](c1nccs1)c1ccccc1N1CCN(CCl)CC1,0.040048528446794435
O=C(CN[C@H]1CCCc2ccccc21)CN1CCN(c2ncccn2)CC1,0.9928677662451174
COc1cc2c(cc1OC)[C@@H](N1CC[C@H](Cl)Sc3ccccc31)N(C1CCN(C)CC1)CC2,0.7722798585966872
CCOc1ccccc1N1CCN(CN2CCN([C@H]3CCC[NH+](Cc4[nH]c5ccccc5c4C)C3)CC2)CC1,0.5715422210003085
O=C(CN1CCN(c2ncccn2)CC1)N1CC[C@H](c2ccccc2)Sc2ccccc21,0.8338691338765419
COc1cccc(CN2CCN(C[C@@H](O)[NH2+][C@@H]3CCc4cc(N)ccc43)CC2)c1,0.5
CCc1cccc2c(CN3CCC(C(=O)c4sc(NC)nc4C)CC3)c[nH]c12,0.4272027204985762
Cc1cccc2cc(CO)c(NN3CCN(Cc4ccccc4)CC3)[nH+]c12,0.25247052794572933
COc1ccccc1N1CCC(N2CCN(Cc3cccc(C#N)c3)CC2)CC1,0.4311774327193818
COc1ccccc1N1CCC([C@H]2CCN(C(=O)CN3CCN(c4ncccn4)CC3)c3ccccc3S2)CC1,0.6475719768228212
CCOc1cc2c(cc1OC)CCN(C1CCN(C)CC1)[C@@H]2c1cccc(C(=O)c2sc(NC)nc2C)c1,0.3520566768256647
O[C@H](CN1CCN(c2ccc(F)cc2)CC1)[NH2+][NH2+][C@H]1CCCN(C2Cc3ccccc3C2)C1,0.9828599668871576
COc1cc2c(cc1OCCN[C@H]1CCc3cc(Br)ccc31)[C@@H](c1cccc(Cl)c1)N(C1CCN(C)CC1)CC2,0.6917331929542848
O=C(CNC(=O)N1CCSc2ccccc21)CN1CCN(c2ncccn2)CC1,0.7603901139105929
COc1c(CN[C@H]2CCc3ccccc3C2)cccc1N1CCN(Cc2cccc(C#N)c2)CC1,0.8935067572760138
CCc1cccc2c(CN3CCC(N4CCN(Cc5cccc(C#N)c5)CC4)CC3)c[nH]c12,0.5114541345754391
COc1cccc(CN2CCN(c3ccc4c(c3)c3c(n4CCc4ccccc4)CCN(C)C3)CC2)c1,0.9528276870128649
CNc1nc(C)c(C(=O)C(F)(F)c2ccc3c(c2)c2c(n3CCc3ccccc3)CCN(C)C2)s1,0.603108338522758
O[C@@H](c1nccs1)c1ccccc1N1CCN(CCN2CCN(c3ccc(F)cc3)CC2)CC1,0.8857101003702802
O=C(CN1CCN(c2ccccc2OCO)CC1)N1CCSc2ccccc21,0.8148608294109924
c1cnc([NH2+][C@H]2CCCN(C3Cc4ccccc4C3)C2)nc1,0.970949540456816
CCC[C@H]1C[C@@H]1[NH2+]C1CCN(CCc2ccc(-c3cccc(CCN[C@H]4CCc5cc(Br)ccc54)c3)cc2)CC1,0.25669213423084414
Fc1cccc([C@@H](c2ccccc2)c2ccccn2)c1N1CCN(Cc2ccccc2)CC1,0.28367162008215613
Brc1ccc2c(c1)CC[C@@H]2NCCN1CCN([C@H]2CCc3ccccc3C2)CC1,0.9931322947740754
Fc1ccc(N2CCN(COc3cccc([C@@H](CNCc4cc(Br)ccc4F)N4CCCC4)c3)CC2)cc1,0.9563131654230013
Nc1ccc2c(c1)CC[C@H]2[NH2+]C1CCN(Cc2c[nH]c3c(CCNCc4cc(Br)ccc4F)cccc23)CC1,0.8092453974018999
O=C([C@H]1CCCc2ccccc21)N1CCCc2cc([C@@H](O)CN3CCN(c4ccc(F)cc4)CC3)ccc21,0.5213367512739026
CN1CCc2c(c3cc(C4Cc5ccccc5C4)ccc3n2CCc2ccccc2)C1,0.3728022104056152
O[C@H](CN1CCN(c2ccc(F)cc2)CC1)c1ccc2c(c1)CCCN2N1CCN(c2ncccn2)CC1,0.4669980637630442
Cc1cccc([C@@H](CNCc2cc(Br)ccc2F)N2CCCC2)c1,0.9419116571177026
CCOc1cc2c(cc1OC)CCN(CN[C@H]1CCc3cc(Br)ccc31)[C@@H]2c1cccc(F)c1,0.7109046926685734
COc1cccc([C@@H](CNCc2cc(Br)ccc2CNC[C@H](c2cccc(C)c2)N2CCCC2)N2CCCC2)c1,0.1385731281882485
COc1cccc(CN2CCN([C@H]3CCCC[C@@H]3Nc3[nH+]c4c(C)cccc4cc3CO)CC2)c1,0.5540138515663939
CCOc1cc2c(cc1OC)CCN(C1CCN(C)CC1)[C@@H]2c1cccc(N2CC[C@H](Cl)Sc3ccccc32)c1,0.40448435869802946
CCOc1cc2c(cc1-c1ccccc1[C@@H](O)c1nccs1)CCN(C1CCN(C)CC1)[C@@H]2c1cccc(Cl)c1,0.8035231255514776
Fc1ccc([C@H]2CC[C@@H]([NH+]3CCN(CCC[NH2+]Cc4cccc5cccnc45)CC3)c3cc(F)ccc32)cc1,0.4833459233122101
O=C(N1CCCc2cc([C@H](O)CN3CCN(c4ccc(F)cc4)CC3)ccc21)N1CC[C@H](Cl)Sc2ccccc21,0.8527328172757929
O=C(c1ccccc1)N1CC[C@H](Cl)Sc2ccccc21,0.0013335050957943618
O[C@@H](c1nccs1)c1ccccc1[NH2+][NH2+][C@H](O)CN1CCN(c2ccc(F)cc2)CC1,0.5677251568406334
Cc1cccc2cc(CO)c(Nc3ccccc3[C@@H](O)c3nccs3)[nH+]c12,0.004964724769777522
COc1cc2c(cc1OC)[C@@H](C(=O)NCCN1CCN(c3ccccc3OC)CC1)N(C1CCN(C)CC1)CC2,0.18803585591820704
CCC[C@H]1C[C@@H]1[NH2+]C1CCN(CCc2ccc([NH2+][C@H](O)CN3CCN(c4ccc(F)cc4)CC3)cc2)CC1,0.6502923146721704
O=C(CNc1cccc([C@@H](CNCc2cc(Br)ccc2F)N2CCCC2)c1)CN1CCN(c2ncccn2)CC1,0.9213949494053426
CN1CCc2c(c3cc(N4CCN(c5cc(Br)ccc5F)CC4)ccc3n2CCc2ccccc2)C1,0.34233020659165164
COc1ccccc1N1CCN(CCNC(=O)CNC[C@H](c2cccc(C)c2)N2CCCC2)CC1,0.8862370177389157
O[C@H](CN1CCN(c2ccc(F)cc2)CC1)[NH2+][NH2+]CN[C@H]1CCc2cc(Br)ccc21,0.9716805117685089
CN1CCc2c(c3cc(C(F)(F)N4CCC[C@H]([NH2+]c5ncccn5)C4)ccc3n2CCc2ccccc2)C1,0.7635113624356317
O[C@@H](c1ccccn1)c1cccc(F)c1N1CCN(N2CCC[C@H]([NH2+]c3ncccn3)C2)CC1,0.0407472244342757
O=C(CN[NH2+][NH2+]CN[C@H]1CCc2cc(Br)ccc21)CN1CCN(c2ncccn2)CC1,0.9049498638927941
O[C@H](CN1CCN(c2ccc(F)cc2)CC1)[NH2+][NH2+][C@H]1CCCN(C2Cc3ccccc3C2)C1,0.9828599668871576
O=C([NH2+][NH2+]CN[C@H]1CCc2cc(Br)ccc21)N1CC[C@H](Cl)Sc2ccccc21,0.42724687650922594
CCOc1cc2c(cc1OC)CCN(N1CCN(c3ncccn3)CC1)[C@@H]2c1cccc(F)c1,0.018244446341617412
O[C@H](CN1CCN(O)CC1)[NH2+][NH2+]CN[C@H]1CCc2cc(Br)ccc21,0.14996430244221334
CCC(=O)N1CCCc2cc([C@H](O)CN3CCN(N4CCN(Cc5cccc(OC)c5)CC4)CC3)ccc21,0.11643005515964877
CCc1cccc2c(CN3CCC([C@H](O)CN4CCN(c5ccc(F)cc5)CC4)CC3)c[nH]c12,0.996448399643518
CC(=O)N1CCCc2cc([C@@H](O)CN3CCN(C)CC3)ccc21,0.3699965910617748
O=C(Cc1ccccc1)N1CCCc2cc([C@@H](O)CN3CCN(c4ccc(F)cc4)CC3)ccc21,0.9607086258500495
O[C@@H](CN1CCN(c2ccc(F)cc2)CC1)c1ccc2c(c1)CCCN2N1CC[C@H](Cl)Sc2ccccc21,0.8708516489398523
COc1cc2c(cc1OC)[C@@H](CN1CCN([C@H]3CCc4ccccc4C3)CC1)N(C1CCN(C)CC1)CC2,0.12710448145303554
COc1ccccc1N1CCN(CCNC(=O)C[C@@H](O)[NH2+][C@@H]2CCc3cc(N)ccc32)CC1,0.887248377866175
c1ccc2c(c1)CC(N1CCC[C@H]([NH2+][NH2+][NH2+][C@H]3CCCN(C4Cc5ccccc5C4)C3)C1)C2,0.06706696796864202
COc1c(CN[C@H]2CCc3ccccc3C2)cccc1N1CCC[C@H]([NH2+]c2ncccn2)C1,0.4474364108175785
CCc1cccc2c(CN3CCC(N4CCN(c5ncccn5)CC4)CC3)c[nH]c12,0.9958968166556362
O=C(CCc1cc(Br)ccc1F)N1CCCc2cc([C@@H](O)CN3CCN(c4ccc(F)cc4)CC3)ccc21,0.848812560860019
COc1cccc(-c2ccc(N3CCN(C[C@@H](O)[NH2+][C@@H]4CCc5cc(N)ccc54)CC3)cc2)c1,0.9536353679668457
O[C@H](CN1CCN(N2CCN(Cc3ccccc3)CC2)CC1)[NH2+][NH2+][C@H]1CCCN(C2Cc3ccccc3C2)C1,0.06184739540851504
CCc1cccc2c(CN3CCC(c4ccccc4)CC3)c[nH]c12,0.9898225558370708
COc1c(CN[C@H]2CCc3ccccc3C2)cccc1O[NH2+][C@H]1CCCN(C2Cc3ccccc3C2)C1,0.11352429750208197
Cc1cccc2cc(CO)c(N[C@H]3CCCN(C4Cc5ccccc5C4)C3)[nH+]c12,0.9293416940043983
O=C(N1CCCc2cc([C@@H](O)CN3CCN(c4ccc(F)cc4)CC3)ccc21)N1CC[C@H](Cl)Sc2ccccc21,0.8527328172757929
c1ccc(C2CCN(Cc3c[nH]c4c(C[NH2+][C@H]5CCCN(C6Cc7ccccc7C6)C5)cccc34)CC2)cc1,0.42808642805204444
COc1cc2c(cc1OC)[C@@H](N1CCN(Cc3ccccc3)CC1)N(C1CCN(C)CC1)CC2,0.08427446428783551
c1ccc(C2CCN(Cc3c[nH]c4c(CCN5CCN(c6ncccn6)CC5)cccc34)CC2)cc1,0.992690474217786
CCN1CCC([NH2+]c2cccc([C@@H](O)c3ccccn3)c2C(=O)Cc2ccccc2)CC1,0.5078963435119269
COc1cc2c(cc1OCl)[C@@H](c1cccc(Cl)c1)N(C1CCN(C)CC1)CC2,0.9925275158948986
COc1c(F)cccc1CN[C@H]1CCc2ccccc2C1,0.9430874892794947
Nc1ccc2c(c1)CC[C@H]2[NH2+]C1CCN(Cc2c[nH]c3c(CCc4cc(Br)ccc4F)cccc23)CC1,0.8262651782146362
O=C(Cc1ccccc1)Cc1cccc2c(CN3CCC(N4CCN(c5ncccn5)CC4)CC3)c[nH]c12,0.9006730020862412
c1cnc(N2CCN([C@H]3CCCC[C@@H]3N3CCN(c4ncccn4)CC3)CC2)nc1,0.4094199518499979
Fc1ccc(N2CCN(COc3cccc([C@@H](CN[C@H]4CCCc5ccccc54)N4CCCC4)c3)CC2)cc1,0.9728663139518413
O[C@H](CN1CCN(c2ccc(F)cc2)CC1)N1CCC[C@H]([NH2+]c2ncccn2)C1,0.9591342818118018
CCOc1cc2c(cc1OC)CCN(C1CCN(C)CC1)[C@@H]2c1cccc(Br)c1,0.972065473844097
CN1CCC([C@H]2CCCC[C@@H]2N2CCN(c3ncccn3)CC2)CC1,0.8427129004175239
CCc1cccc2c(CN3CCC([C@H]4CCCN([C@H](O)CN5CCN(c6ccc(F)cc6)CC5)C4)CC3)c[nH]c12,0.7191074715431927
c1cnc(N2CCN(CC[NH2+][C@H]3CCCN(C4Cc5ccccc5C4)C3)CC2)nc1,0.9871345185808033
c1ccc(CN2CCN(Cc3cccc4c(CN5CCC(c6ccccc6)CC5)c[nH]c34)CC2)cc1,0.28704932213391454
Cc1c(C[NH+]2CCC[C@H](N3CCN(Cc4cc(Br)ccc4F)CC3)C2)[nH]c2ccccc12,0.9056428738269625
O=C(CNN1CCN(c2ccc(F)cc2)CC1)CN1CCN(c2ncccn2)CC1,0.35159680601801024
COc1cc2c(cc1OCc1cccc(Br)c1)[C@@H](c1cccc(F)c1)N(C1CCN(C)CC1)CC2,0.8515007278131904
O[C@@H](CN[C@H]1CCc2cc(Br)ccc21)CN1CCN(c2ccc(F)cc2)CC1,0.996161275891781
O=C(Cc1ccccc1)N1CCCc2cc([C@@H](O)N3CCC(c4ccccc4)CC3)ccc21,0.18003662491564645
Fc1ccc([C@H]2CC[C@@H]([NH+]3CCN(N4CCN(c5ncccn5)CC4)CC3)c3cc(F)ccc32)cc1,0.08401519938537477
CN1CCc2c(c3cc(C(F)(F)F)ccc3n2C[C@@H](O)N2CCC[C@H]([NH2+]c3ncccn3)C2)C1,0.582931031208668
CC(=O)N1CCCc2cc([C@@H](O)Cc3ccccc3)ccc21,0.03179022897419027
Cc1c(C[NH+]2CCC[C@H](N3CCN(O)CC3)C2)[nH]c2ccccc12,0.12140159051695185
CCOc1cc2c(cc1OC)CCN(C1CCN(C)CC1)[C@@H]2N1CCC(c2ccccc2)CC1,0.5642964387894569
CCC(=O)N1CCCc2cc([C@H](O)CN3CCN(O)CC3)ccc21,0.14602356274290393
O=C(Cc1ccccc1)N1CCCc2cc([C@@H](O)CN3CCN([C@H]4CCc5ccccc5C4)CC3)ccc21,0.1702030770339345
CCc1cccc2c(CN3CCC(N4CCN(c5ccccc5)CC4)CC3)c[nH]c12,0.9999903886770647
O[C@@H](CN1CCN(c2ccc(F)cc2)CC1)c1ccc2c(c1)CCCN2N1CCC[C@H]([NH2+]c2ncccn2)C1,0.7004705653140987
CCC(=O)N1CCCc2cc([C@H](O)CN3CCN([C@H](O)CN4CCN(c5ccc(F)cc5)CC4)CC3)ccc21,0.3653155413054611
CCN1CCC([NH2+]c2cccc([C@@H](O)c3ccccn3)c2[NH2+]c2ncccn2)CC1,0.15328035072879662
CCOc1cc2c(cc1OC)CCN(C1CCN(C)CC1)[C@@H]2[C@H](O)CN1CCN(c2ccc(F)cc2)CC1,0.7176923587890369
CCOc1cc2c(cc1OC)CCN(C1CCN(C)CC1)[C@@H]2CN[C@H]1CCc2cc(Br)ccc21,0.9452439700771542
O[C@H](CCN1CCC(N2CCN(c3ccccc3)CC2)CC1)N1CCC[C@H]([NH2+]c2ncccn2)C1,0.6395405810180705
COc1cc2c(cc1OCl)[C@@H](c1cccc(F)c1)N(C1CCN(C)CC1)CC2,0.9925275158948986
c1cnc([NH2+][NH2+][C@H]2CCCN(C3Cc4ccccc4C3)C2)nc1,0.9144851385104755
O[C@H](CN1CCN([C@H]2CCCc3ccccc32)CC1)[NH2+][NH2+][C@H]1CCCN(C2Cc3ccccc3C2)C1,0.10934111418399724
CCc1cccc2c(CN3CCC(N4CCN(c5ccccc5)CC4)CC3)c[nH]c12,0.9999903886770647
CCc1cccc2c(N3CCC(N4CCc5cc(OC)c(OCl)cc5[C@H]4c4cccc(Cl)c4)CC3)c[nH]c12,0.3648751923553032
O[C@H](CN1CCN(c2ccc(F)cc2)CC1)N1CCC[C@H]([C@H]2CCCc3ccccc32)C1,0.9999908411601207
CCN1CCC([NH2+]c2cccc([C@@H](O)c3ccccn3)c2N2CCN(CF)CC2)CC1,0.9694479104689371
Brc1cccc(Cc2cccc3c(CN4CCC(N5CCN(c6ncccn6)CC5)CC4)c[nH]c23)c1,0.9848172496816355
CCc1cccc2c(CN3CCC(CN[C@H]4CCc5cc(Br)ccc54)CC3)c[nH]c12,0.9999825296040701
Fc1ccc([C@H]2CC[C@@H](C[NH2+][C@H]3CCCN(C4Cc5ccccc5C4)C3)c3cc(F)ccc32)cc1,0.900142825279812
COc1cc2c(cc1OCBr)[C@@H](c1cccc(Cl)c1)N(C1CCN(C)CC1)CC2,0.9798538250823552
COc1cc2c(cc1OC)[C@@H](c1cccc(F)c1)N(C1CCN(C)CC1)CC2,0.9704901576332613
c1cnc(N2CCN(CCCc3c[nH]c4c(CCN5CCN(c6ncccn6)CC5)cccc34)CC2)nc1,0.39727776889731
COc1cc2c(cc1Br)[C@@H](c1cccc(F)c1)N(C1CCN(C)CC1)CC2,0.9953194538061358
Brc1ccc2c(c1)CC[C@@H]2NC[NH2+][NH2+]N1CCN(c2ccccc2)CC1,0.11866748069102524
Brc1cccc(CN2CCC[C@H]([C@H]3CCCc4ccccc43)C2)c1,0.9791786030273602
CCc1cccc2c(CN3CCC(N4CCN(CC)CC4)CC3)c[nH]c12,0.149714774219784
c1ccc(C2CCN([NH2+][C@H]3CCCN(C4Cc5ccccc5C4)C3)CC2)cc1,0.39033870056062975
O=C(CN1CCC(N2CCN(c3ccccc3)CC2)CC1)CN1CCN(c2ncccn2)CC1,0.4755874781985567
O=C([C@H]1CCCc2ccccc21)N1CC[C@H](Cl)Sc2ccccc21,0.03215478843157889
CCc1cccc2c(CCN[C@H]3CCc4cc(Br)ccc43)c[nH]c12,0.9944057428523995
CCc1cccc2c(CN3CCC([C@H](O)CN4CCC[C@H]([C@H]5CCCc6ccccc65)C4)CC3)c[nH]c12,0.44052839338314936
O=C(CN1CCN(c2ncccn2)CC1)[NH2+][NH2+][C@H]1CCCN(C2Cc3ccccc3C2)C1,0.9659872370673221
Brc1ccc2c(c1)CC[C@@H]2NCCc1c[nH]c2c(CN3CCC[C@H]([NH2+]c4ncccn4)C3)cccc12,0.9090644809483531
Brc1cccc(Cc2cccc3c(CN4CCC(Cc5cccc(Br)c5)CC4)c[nH]c23)c1,0.8212903842704726
CCc1cccc2c(CCN[C@H]3CCc4cc(N5CCN(c6ncccn6)CC5)ccc43)c[nH]c12,0.24874140200360856
CCc1cccc2c(CN3CCC([NH2+][NH2+][C@H](O)CN4CCN(c5ccc(F)cc5)CC4)CC3)c[nH]c12,0.9878162009684254
c1cnc(N2CCN(C3CCN(CCN[C@H]4CCCc5ccccc54)CC3)CC2)nc1,0.9879812826205793
COc1cc2c(cc1OCN1CCN(c3ncccn3)CC1)[C@@H](c1cccc(F)c1)N(C1CCN(C)CC1)CC2,0.8141424103795694
O=C(CN1CCN(c2ncccn2)CC1)CN1CCC[C@H]([C@H]2CCCc3ccccc32)C1,0.9896203269968191
CCc1cccc2c(CN3CCC([C@H](O)c4ccc(F)cc4)CC3)c[nH]c12,0.981523572871019
CCc1cccc2c(CC(=O)N3CC[C@H](Cl)Sc4ccccc43)c[nH]c12,0.09276333277954418
Fc1ccc(N2CCN(COCc3cccc(Br)c3)CC2)cc1,0.4627235448383391
COc1cc2c(cc1OC[C@H]1CCCc3ccccc31)[C@@H](c1cccc(Cl)c1)N(C1CCN(C)CC1)CC2,0.6512407665206504
O[C@@H](CN[C@H]1CCc2cc(Br)ccc21)N1CCC(c2ccccc2)CC1,0.9999953344306224
O=C(CNNCCN1CCC(N2CCN(c3ncccn3)CC2)CC1)CN1CCN(c2ncccn2)CC1,0.09493097397584163
OC1CCN(Cc2c[nH]c3c(Cc4cccc(Br)c4)cccc23)CC1,0.9741672117669283
CCOc1cc2c(cc1OC)CCN(C1CCN(C)CC1)[C@@H]2Cc1c[nH]c2c(CC)cccc12,0.9098366164815759
O=C(CNC(=O)CN1CCC[C@H]([C@H]2CCCc3ccccc32)C1)CN1CCN(c2ncccn2)CC1,0.8322931660716858
CCOc1cc2c(cc1ON1CCC(c3ccccc3)CC1)CCN(C1CCN(C)CC1)[C@@H]2c1cccc(Br)c1,0.41320390788490485
OC1CCN(Cc2c[nH]c3c(Cc4cccc5c(CCN[C@H]6CCc7cc(Br)ccc76)c[nH]c45)cccc23)CC1,0.2884994026778967
O[C@@H](N[C@H]1CCc2cc(Br)ccc21)c1ccc(F)cc1,0.313581916427275
c1ccc(N2CCN(C3CCN(CN4CCC[C@H]([C@H]5CCCc6ccccc65)C4)CC3)CC2)cc1,0.5280095465887756
CN1CCC(N2CCc3cc(ON4CCN(c5ncccn5)CC4)c(OCl)cc3[C@H]2c2cccc(F)c2)CC1,0.6807942215006999
COc1cc2c(cc1O[C@H]1CCCc3ccccc31)[C@@H](c1cccc(F)c1)N(C1CCN(C)CC1)CC2,0.6893673877302312
c1ccc(C2CCN(CN3CCC(N4CCN(c5ncccn5)CC4)CC3)CC2)cc1,0.911914246229737
CCc1cccc2c(C[NH2+][C@H](O)CN3CCN(c4ccc(F)cc4)CC3)c[nH]c12,0.9778510538512132
CCc1cccc2c(CN3CCC([C@H]4CCCN(C5Cc6ccccc6C5)C4)CC3)c[nH]c12,0.8680493223267743
O[C@@H](CN[C@H]1CCc2cc(Br)ccc21)N1CC[NH+]([C@@H]2CC[C@H](c3ccc(F)cc3)c3ccc(F)cc32)CC1,0.5958593697348098
CN1CCN(C2CCN(CCN[C@H]3CCCc4ccccc43)CC2)CC1,0.21926828699709436
O[C@@H](CN[C@H]1CCc2cc(Br)ccc21)[NH2+][C@H]1CCCN(C2Cc3ccccc3C2)C1,0.9805487122310922
COc1cc2c(cc1OCl)[C@@H](c1cccc(F)c1)N(c1c[nH]c3c(Cc4cccc(Br)c4)cccc13)CC2,0.021308235922957802
O=C(CN1CCN(c2ncccn2)CC1)NC[C@H](O)[NH2+][C@H]1CCCN(C2Cc3ccccc3C2)C1,0.8176244719848516
O[C@H](CN1CCN(c2ccc(F)cc2)CC1)[NH2+][NH2+]C1CCN(CN2CCN(c3ccccc3)CC2)CC1,0.35654278298550174
O[C@@H](CN[C@H]1CCc2cc(Br)ccc21)CN1CCN(CCN2CCN(c3ncccn3)CC2)CC1,0.15903078419241984
CCc1cccc2c(C[NH2+][C@H](O)CN3CCN(C(=O)CN4CCN(c5ncccn5)CC4)CC3)c[nH]c12,0.8929294832606434
CCc1cccc2c([C@@H]3CC[C@H](c4ccc(F)cc4)c4ccc(F)cc43)c[nH]c12,0.475975070572474
O=C(CN1CCC[C@H]([C@H]2CCCc3ccccc32)C1)N1CC[C@H](Cl)Sc2ccccc21,0.7871811800938471
c1cnc(N2CCN(C3CCN(CCNC4Cc5ccccc5C4)CC3)CC2)nc1,0.9609385017026655
CCc1cccc2c(CN3CCC(CF)CC3)c[nH]c12,0.4166507529454648
O[C@H](CN1CCN(c2ccc(F)cc2)CC1)CN1CCN([C@H]2CCc3ccccc3C2)CC1,0.8944935655877503
OC1CCN(Cc2c[nH]c3c(N4CCN(C[C@@H](O)CN[C@H]5CCc6cc(Br)ccc65)CC4)cccc23)CC1,0.9572374503169662
CCc1cccc2c(CCN[C@H]3CCc4cc(Cc5c[nH]c6c(CC)cccc56)ccc43)c[nH]c12,0.11077927037555764
Fc1ccc(N2CCN(CN3CCC[C@H]([NH2+]CCN4CCN(c5ncccn5)CC4)C3)CC2)cc1,0.7270977431841595
COc1cc2c(cc1OCl)[C@@H](c1cccc(Cl)c1)N(C1CCN(c3ccc(F)cc3)CC1)CC2,0.469845874203652
c1cnc(Cc2cccc3c(CN4CCC(N5CCN(c6ncccn6)CC5)CC4)c[nH]c23)nc1,0.7169094637816711
O[C@@H](CN[C@H]1CCc2cc(Br)ccc21)CN1CCN(CN2CCN(c3ccc(F)cc3)CC2)CC1,0.8317475824772331
COc1cc2c(cc1Br)[C@@H](CCN[C@H]1CCc3cc(Br)ccc31)N(C1CCN(C)CC1)CC2,0.9926962540169769
Brc1ccc2c(c1)CC[C@@H]2NCCc1c[nH]c2c(CCN[C@H]3CCc4cc(Br)ccc43)cccc12,0.22941584272702154
CCc1cccc2c(CN3CCC([NH2+]CCN[C@H]4CCc5cc(Br)ccc54)CC3)c[nH]c12,0.9972217734053599
Brc1ccc2c(c1)CC[C@@H]2NCCN1CCC[C@H]([C@H]2CCCc3ccccc32)C1,0.9946794848310393
c1ccc(N2CCN(Cc3c[nH]c4c(CCN5CCN(c6ncccn6)CC5)cccc34)CC2)cc1,0.9646810473678635
c1ccc2c(c1)CC(N1CCC[C@H]([NH2+][NH2+]NCCN3CCC[C@H]([C@H]4CCCc5ccccc54)C3)C1)C2,0.11677063484959978
O=C(CN[NH2+][NH2+][C@H]1CCCN(C2Cc3ccccc3C2)C1)CN1CCN(c2ncccn2)CC1,0.9072664000924343
COCN1CCC([NH2+][NH2+][C@H](O)CN2CCN(c3ccc(F)cc3)CC2)CC1,0.15326924527247276
Brc1cccc(CN2CCC[C@H]([C@H]3CCCc4ccccc43)C2)c1,0.9791786030273602
c1ccc(C2CCN(Cc3c[nH]c4c(CN5CCC(c6ccccc6)CC5)cccc34)CC2)cc1,0.3625310815986902
Fc1ccc([C@H]2CC[C@@H]([NH+]3CCN([NH2+][C@H]4CCCN(C5Cc6ccccc6C5)C4)CC3)c3cc(F)ccc32)cc1,0.34998885840454524
O=C(CN1CCN(c2ncccn2)CC1)N1CC[C@H]([C@H](O)c2ccc(F)cc2)Sc2ccccc21,0.9488764837702758
Nc1ccc2c(c1)CC[C@H]2[NH2+]C1CCN(Cc2c[nH]c3c(CC4Cc5ccccc5C4)cccc23)CC1,0.28161138549272646
CCc1cccc2c(CN3CCC([NH2+]CCN[C@H]4CCc5cc(Br)ccc54)CC3)c[nH]c12,0.9972217734053599
O[C@@H](CN[C@H]1CCc2cc([C@H]3CCCN(C4Cc5ccccc5C4)C3)ccc21)N1CCC(c2ccccc2)CC1,0.09723638934504263
O[C@@H](Cc1cccc2c(CN3CCC(c4ccccc4)CC3)c[nH]c12)c1ccc(F)cc1,0.9245343517522348
COc1cc2c(cc1Br)[C@@H](CN1CCC(N3CCN(c4ncccn4)CC3)CC1)N(C1CCN(C)CC1)CC2,0.1435125160429446
CN1CCC(N2CCc3cc(ON4CC[C@H](Cl)Sc5ccccc54)c(OCl)cc3[C@H]2c2cccc(F)c2)CC1,0.8938474699717076
CCc1cccc2c(CN3CCC([C@@H]4c5cc(Br)c(OC)cc5CCN4C4CCN(C)CC4)CC3)c[nH]c12,0.5477726506735927
CCc1cccc2c(CCN3CCC(N4CCN(c5ncccn5)CC4)CC3)c[nH]c12,0.9967939212573312
Brc1ccc2c(c1)CC[C@@H]2NCCN1CCN([C@H]2CCc3ccccc3C2)CC1,0.9931322947740754
O[C@@H](CN[C@H]1CCc2cc(Br)ccc21)N[C@H]1CCc2cc(Br)ccc21,0.7695385974488362
BrNCCN1CCC(N2CCN(c3ncccn3)CC2)CC1,0.5058842064653756
COc1cc2c(cc1Br)[C@@H]([NH2+][NH2+][C@H]1CCCN(C3Cc4ccccc4C3)C1)N(C1CCN(C)CC1)CC2,0.35265736664189423
O[C@H](c1ccc(F)cc1)C1CCN(C[C@H](O)c2ccc(F)cc2)CC1,0.6275209129216899
COc1cc2c(cc1Br)[C@@H](CCN[C@H]1CCc3cc(-c4ncccn4)ccc31)N(C1CCN(C)CC1)CC2,0.8682227397071104
COc1cc2c(cc1Br)[C@@H](CC(=O)CN1CCC[C@H]([C@H]3CCCc4ccccc43)C1)N(C1CCN(C)CC1)CC2,0.14648350491413506
FCc1cccc2c(CN3CCC(N4CCN(c5ncccn5)CC4)CC3)c[nH]c12,0.9942133133793721
CCc1cccc2c(Cc3c[nH]c4c(CCN5CCN(c6ncccn6)CC5)cccc34)c[nH]c12,0.4069713402668592
Brc1ccc2c(c1)CC[C@@H]2NCc1cccc2c(CN3CCC(N4CCN(c5ncccn5)CC4)CC3)c[nH]c12,0.9243178329179333
c1ccc(N2CCN(C3CCN(CC[NH2+][C@H]4CCCN(C5Cc6ccccc6C5)C4)CC3)CC2)cc1,0.3320560155138986
O[C@H](CN1CCN(c2ccc(F)cc2)CC1)[NH2+]c1cccc2c(CN3CCC(c4ccccc4)CC3)c[nH]c12,0.9870118828066835
Fc1cccc(Cc2cccc3c(CN4CCC(c5ccccc5)CC4)c[nH]c23)c1,0.8789124755929698
c1ccc2c(c1)CC[C@H](N1CCN(CCNCCN3CCC[C@H]([C@H]4CCCc5ccccc54)C3)CC1)C2,0.07542943012603756
FCc1cccc2c(CN3CCC(N4CCC(c5ccccc5)CC4)CC3)c[nH]c12,0.9925096747181749
C[C@H]1CCN(C(=O)CN2CCN(c3ncccn3)CC2)c2ccccc2S1,0.9873017819215698
CCc1cccc2c(CN3CCC(N4CCc5cc(OC)c(OCl)cc5[C@H]4c4cccc(F)c4)CC3)c[nH]c12,0.8955143286992572
O[C@@H](CN[C@H]1CCc2cc(Br)ccc21)CN1CCN(c2cccc(F)c2)CC1,0.9947505109496684
COc1cc2c(cc1OCl)[C@@H](c1cccc(F)c1)N(C1CCN(N3CCN(c4ncccn4)CC3)CC1)CC2,0.08892551728675069
O[C@@H](Cc1cccc2c(CN3CCC(c4ccccc4)CC3)c[nH]c12)CN1CCN(c2ccc(F)cc2)CC1,0.9902410407841862
OCc1c[nH]c2c(CCN3CCN(c4ncccn4)CC3)cccc12,0.9282100221859733
O=C(CN1CCC[C@H]([C@H]2CCCc3ccccc32)C1)N1CCC(N2CCN(c3ncccn3)CC2)CC1,0.5
COc1cc2c(cc1OCl)[C@@H](c1cccc(F)c1)N(C[C@H](O)CN1CCN(c3ccc(F)cc3)CC1)CC2,0.945481396998452
O=C(CN1CCC[C@H]([C@H]2CCCc3ccccc32)C1)[NH2+][C@H](O)CN1CCN(c2ccc(F)cc2)CC1,0.9736941650606362
CCc1cccc2c(CN3CCC([NH2+]CCCCN4CCN([C@H]5CCc6ccccc6C5)CC4)CC3)c[nH]c12,0.2677410420097607
O=C([C@@H](O)CN[C@H]1CCc2cc(Br)ccc21)N1CC[C@H](Cl)Sc2ccccc21,0.5478891252657798
O=C(Cc1cccc2c(CN3CCC(c4ccccc4)CC3)c[nH]c12)CN1CCN(c2ncccn2)CC1,0.9726588630770777
C[C@H]1CCN(C(=O)N2CCN(C[C@@H](O)CN[C@H]3CCc4cc(Br)ccc43)CC2)c2ccccc2S1,0.8969925043992507
O=C(CN1CCN([C@H]2CCc3ccccc3C2)CC1)N1CC[C@H](Cl)Sc2ccccc21,0.8330580451870863
CCc1cccc2c(CN3CCC(C4CCN(Cc5c[nH]c6c(CF)cccc56)CC4)CC3)c[nH]c12,0.22775718642152168
COc1cc2c(cc1Br)[C@@H](CCCCN1CCN(c3ncccn3)CC1)N(C1CCN(C)CC1)CC2,0.9417455512021793
Brc1ccc2c(c1)CC[C@@H]2NN1CCC[C@H]([NH2+]CCN2CCN(c3ncccn3)CC2)C1,0.9792231787291096
O[C@@H](CNNCCN1CCC[C@H]([C@H]2CCCc3ccccc32)C1)CN1CCN(c2cccc(F)c2)CC1,0.7387749223483788
c1ccc(N2CCN(CN3CCN([C@H]4CCc5ccccc5C4)CC3)CC2)cc1,0.8980059123861494
O[C@@H](CN[C@H]1CCc2cc(Br)ccc21)N1CCC[C@H]([C@H]2CCCc3ccccc32)C1,0.9792198878850029
O[C@@H](CN[C@H]1CCc2cc(Br)ccc21)CN1CCN(c2cccc(-c3c[nH]c4c(CF)cccc34)c2)CC1,0.9846969693408946
O=C(CC1CCN(Cc2c[nH]c3c(CF)cccc23)CC1)CN1CCC[C@H]([C@H]2CCCc3ccccc32)C1,0.37672764788529994
O[C@@H](Cc1cccc2c(N3CCN(c4ccccc4)CC3)c[nH]c12)CN1CCN(c2ccc(F)cc2)CC1,0.18835100151694753
CCc1cccc2c(CN3CCC([NH2+]CCC4CCN(Cc5c[nH]c6c(CF)cccc56)CC4)CC3)c[nH]c12,0.22070293450888845
c1ccc(N2CCN(N3CCN(C4CCN(CCN[C@H]5CCCc6ccccc65)CC4)CC3)CC2)cc1,0.17620555444792516
F[C@@H](CN[C@H]1CCc2cc(Br)ccc21)N1CCC(c2ccccc2)CC1,0.9999987283668815
CCc1cccc2c(CCN[C@H]3CCc4cc([NH2+][C@H](O)CN5CCN(c6ccc(F)cc6)CC5)ccc43)c[nH]c12,0.9281023726226424
CCc1cccc2c(CN3CCC(CBr)CC3)c[nH]c12,0.4166507529454648
OCc1cccc2c(CCN[C@H]3CCc4cc(Br)ccc43)c[nH]c12,0.9840006255440957
Brc1ccc2c(c1)CC[C@@H]2NCCN1CCC[C@H](N2CCC[C@H]([NH2+]CCN3CCN(c4ncccn4)CC3)C2)C1,0.294259408016258
c1ccc(C2CCN(Cc3c[nH]c4c([NH2+]CN5CCN([C@H]6CCc7ccccc7C6)CC5)cccc34)CC2)cc1,0.5
FCc1cccc2c(CN3CCC([C@H](F)N4CCC(c5ccccc5)CC4)CC3)c[nH]c12,0.9674398459133958
C[C@H]1CCN(CN2CCN(c3ccc(F)cc3)CC2)c2ccccc2S1,0.9688534753245291
CCc1cccc2c(CN3CCC(CC4CCN(Cc5c[nH]c6c(CC)cccc56)CC4)CC3)c[nH]c12,0.1128332683626259
O[C@H](CN1CCN(c2ccc(F)cc2)CC1)[NH2+]CCN1CCN(c2ncccn2)CC1,0.8293995584957269
O[C@@H](CN[C@H]1CCc2cc(Br)ccc21)CN1CCN([C@H]2CCCN(CCN[C@H]3CCc4cc(Br)ccc43)C2)CC1,0.10124302607759182
CCc1cccc2c(CN3CCC([NH2+]C[C@@H](F)CN[C@H]4CCc5cc(Br)ccc54)CC3)c[nH]c12,0.9794836733671591
Fc1ccc(N2CCN(C[NH2+]c3cccc4c(CN5CCC(c6ccccc6)CC5)c[nH]c34)CC2)cc1,0.9906157579535946
Brc1ccc2c(c1)CC[C@@H]2NC[NH2+]c1cccc2c(CN3CCC(c4ccccc4)CC3)c[nH]c12,0.9561379484328887
c1ccc(C2CCN(CCc3cccc4c(CN5CCC(c6ccccc6)CC5)c[nH]c34)CC2)cc1,0.5217407573044144
CCc1cccc2c(CN3CCC([NH2+]CC(=O)CN[C@H]4CCCc5ccccc54)CC3)c[nH]c12,0.8000565033499731
O[C@@H](CN1CCC([NH2+]CCN[C@H]2CCc3cc(Br)ccc32)CC1)CN1CCN(c2ccc(F)cc2)CC1,0.9130634797389644
Brc1ccc2c(c1)CC[C@@H]2Cc1cccc2c(CCN[C@H]3CCc4cc(Br)ccc43)c[nH]c12,0.5355388618835684
CN1CCC([NH2+]CCN[C@H]2CCc3cc(Br)ccc32)CC1,0.9876052161458752
CN1CCC([NH2+]CC[NH2+]CCN[C@H]2CCc3cc(Br)ccc32)CC1,0.8225764976347316
Brc1ccc2c(c1)CC[C@@H]2NCNCCN1CCC[C@H]([C@H]2CCCc3ccccc32)C1,0.9661011145243422
F[C@H](N1CCC(c2ccccc2)CC1)N1CCN([C@H]2CCc3ccccc3C2)CC1,0.6768250740328582
COc1cc2c(cc1OCl)[C@@H](c1cccc(F)c1)N(O)CC2,0.014076880553707503
O=C(CN[C@H]1CCCc2ccccc21)C[C@@H](CN[C@H]1CCc2cc(Br)ccc21)N1CCC(c2ccccc2)CC1,0.13744630286806353
Fc1ccc(N2CCN(CN3CCN([C@H]4CCc5ccccc5C4)CC3)CC2)cc1,0.9903203478722915
Fc1cccc([C@@H](F)CN[C@H]2CCc3cc(Br)ccc32)c1,0.8481690443907302
CCc1cccc2c(CN3CCC(N4CCN(c5ncccn5)CC4)CC3)c[nH]c12,0.9958968166556362
O=C(CN1CCN(c2ncccn2)CC1)N1CC[C@H]([C@H]2CCc3cc(Br)ccc32)Sc2ccccc21,0.9931679364841826
c1ccc(C2CCN(NCCN3CCC[C@H]([C@H]4CCCc5ccccc54)C3)CC2)cc1,0.42762583460284787
CCc1cccc2c(CCN3CCC(CN[C@H]4CCc5cc(Br)ccc54)CC3)c[nH]c12,0.9999977660294025
CCc1cccc2c(CCC3CCN(Cc4c[nH]c5c(CC)cccc45)CC3)c[nH]c12,0.7113846488615665
ON1CCN(C2CCN(CCN[C@H]3CCCc4ccccc43)CC2)CC1,0.2335755464964774
CCc1cccc2c(Cc3ccc4c(c3)CC[C@@H]4NCCN3CCC[C@H]([C@H]4CCCc5ccccc54)C3)c[nH]c12,0.17023501419389636
Fc1cccc(NCCN2CCC[C@H]([C@H]3CCCc4ccccc43)C2)c1,0.9918064726571352
FCc1cccc2c(CN3CCC(N4CCN(c5ncccn5)CC4)CC3)c[nH]c12,0.9942133133793721
O=C(CN1CCN(c2ncccn2)CC1)N[C@H]1CCc2cc(Br)ccc21,0.9048462225369974
O[C@@H](CN[C@H](F)N1CCC(c2ccccc2)CC1)CN1CCN(c2cccc(F)c2)CC1,0.978058654184931
O[C@@H](CN[C@H]1CCc2cc(Br)ccc21)NCCN1CCC(N2CCN(c3ncccn3)CC2)CC1,0.9324512660727711
CCc1cccc2c(CN3CCC(CNc4cccc(F)c4)CC3)c[nH]c12,0.9778806708209734
O=C(CN[C@H]1CCCN(CCNc2cccc(F)c2)C1)CN1CCN(c2ncccn2)CC1,0.9566671559683592
CCc1cccc2c(CN3CCC(CCN[C@H]4CCc5cc(Br)ccc54)CC3)c[nH]c12,0.9959759951965756
CCc1cccc2c(CN3CCC(N4CCN([C@H](F)N5CCC(c6ccccc6)CC5)CC4)CC3)c[nH]c12,0.24204208765692667
FCc1cccc2c(CN3CCC(c4ncccn4)CC3)c[nH]c12,0.9410025261502646
COc1cc2c(cc1Br)[C@@H](CCCC(=O)CN[C@H]1CCCc3ccccc31)N(C1CCN(C)CC1)CC2,0.3912719678353352
Oc1cccc(N2CCN(C[C@@H](O)CN[C@H]3CCc4cc(Br)ccc43)CC2)c1,0.9962855594204523
F[C@@H](CN[C@H]1CCc2cc(CN3CCC(c4ccccc4)CC3)ccc21)N1CCC(c2ccccc2)CC1,0.12988605347992443
CCc1cccc2c(CCN3CCN([C@H]4CCc5ccccc5C4)CC3)c[nH]c12,0.966262994795016
Fc1ccc(N2CCN(CN3CCC(N4CCC(c5ccccc5)CC4)CC3)CC2)cc1,0.9538167853966478
O=C(CCN1CCC(CN[C@H]2CCc3cc(Br)ccc32)CC1)CN[C@H]1CCCc2ccccc21,0.5552522702123903
c1ccc(C2CCN(Cc3c[nH]c4c(CCCN5CCN(c6ncccn6)CC5)cccc34)CC2)cc1,0.9904043157730077
CCc1cccc2c(CN3CCC(CBr)CC3)c[nH]c12,0.4166507529454648
CCc1cccc2c(CN3CCC([NH2+]CCCN4CCC[C@H]([C@H]5CCCc6ccccc65)C4)CC3)c[nH]c12,0.28327437176953846
COc1cc2c(cc1OCl)[C@@H](c1cccc(F)c1)N([C@H]1CCc3cc(Br)ccc31)CC2,0.7727734107792891
COc1cc2c(cc1OCl)[C@@H](c1cccc(F)c1)N(N1CCN(c3ccc(F)cc3)CC1)CC2,0.02618125958594725
F[C@@H](CN[C@H]1CCc2cc(Br)ccc21)N1CCN([C@H]2CCc3ccccc3C2)CC1,0.9883758525276936
COc1cc2c(cc1Br)[C@@H](CCNCF)N(C1CCN(C)CC1)CC2,0.9556683943400711
FCCc1c[nH]c2c([NH2+]CN3CCN(c4ccc(F)cc4)CC3)cccc12,0.9667777060283466
CCc1cccc2c(C[NH2+]C3CCN(Cc4c[nH]c5c(CC)cccc45)CC3)c[nH]c12,0.7347439302111658
Oc1cccc(N2CCN(C[C@@H](O)CN[C@H]3CCc4cc(Br)ccc43)CC2)c1,0.9962855594204523
CCc1cccc2c(CN3CCC(CCF)CC3)c[nH]c12,0.6501483332461303
F[C@@H](CCCN1CCN(c2ncccn2)CC1)N1CCC(c2ccccc2)CC1,0.9999998956786694
c1ccc(C2CCN(CN3CCN(c4ncccn4)CC3)CC2)cc1,0.996525350638772
CCc1cccc2c(CN3CCC(CCCN4CCN([C@H]5CCc6ccccc6C5)CC4)CC3)c[nH]c12,0.4648122116826374
CCc1cccc2c(CN3CCN([C@H]4CCc5ccccc5C4)CC3)c[nH]c12,0.9464732912799244
O[C@H](CCC[C@H](F)N1CCC(c2ccccc2)CC1)CN[C@H]1CCc2cc(Br)ccc21,0.9893208122272695
O[C@@H](CN[C@H]1CCc2cc([C@H](F)N3CCC(c4ccccc4)CC3)ccc21)N1CCC(c2ccccc2)CC1,0.15990089973469118
O[C@@H](CN[C@H]1CCc2cc(Br)ccc21)CN1CCN(CN2CCN([C@H]3CCc4ccccc4C3)CC2)CC1,0.11325093192119053
c1cnc(-c2cccc3c(CN4CCC(N5CCN(c6ncccn6)CC5)CC4)c[nH]c23)nc1,0.8066773483143064
CCc1cccc2c(CN3CCC(CCN4CCC(CN[C@H]5CCc6cc(Br)ccc65)CC4)CC3)c[nH]c12,0.251737773263494
c1ccc(C2CCN(C3CCN(CN4CCC[C@H]([C@H]5CCCc6ccccc65)C4)CC3)CC2)cc1,0.1342181639212332
F[C@@H](Cc1cccc2c(CCN[C@H]3CCc4cc(Br)ccc43)c[nH]c12)N1CCC(c2ccccc2)CC1,0.9317504904857378
Oc1cccc(N2CCN(C[C@@H](O)CCC[C@H](F)N3CCC(c4ccccc4)CC3)CC2)c1,0.9872796379075647
COc1cc2c(cc1Br)[C@@H](C[C@H](O)CN1CCN(c3cccc(O)c3)CC1)N(C1CCN(C)CC1)CC2,0.8761021357149409
Brc1ccc2c(c1)CC[C@@H]2CCN1CCN(c2ncccn2)CC1,0.9999906597600661
COc1cc2c(cc1Br)[C@@H]([C@H](O)CN1CCN(c3cccc(O)c3)CC1)N(C1CCN(C)CC1)CC2,0.8972425119005294
CCc1cccc2c(CCN3CCC(CN[C@H]4CCc5cc(CF)ccc54)CC3)c[nH]c12,0.9848935443099724
Brc1ccc2c(c1)CC[C@@H]2CCN1CCN(CN2CCC(N3CCN(c4ccccc4)CC3)CC2)CC1,0.3734048267464461
CCc1cccc2c(Cc3cccc4c(CCN[C@H]5CCc6cc(Br)ccc65)c[nH]c34)c[nH]c12,0.2134698461997607
F[C@@H](CN1CCC(N2CCC(c3ccccc3)CC2)CC1)N1CCC(c2ccccc2)CC1,0.12701619175058423
FCc1cccc2c(CN3CCC([C@H]4CCCN(CCNc5cccc(F)c5)C4)CC3)c[nH]c12,0.9580271840172779
F[C@H](N1CCC(c2ccccc2)CC1)N1CCN([C@H]2CCc3ccccc3C2)CC1,0.6768250740328582
COc1cc2c(cc1OCl)[C@@H](c1cccc(F)c1)N(CCN1CCC[C@H]([C@H]3CCCc4ccccc43)C1)CC2,0.8750241837723107
O[C@H](CCN1CCN([C@H]2CCc3ccccc3C2)CC1)CN[C@H]1CCc2cc(Br)ccc21,0.9586383096022333
Fc1ccc(-c2ccc3c(c2)CC[C@@H]3NCCN2CCC[C@H]([C@H]3CCCc4ccccc43)C2)cc1,0.9066169664639163
Brc1ccc2c(c1)CC[C@@H]2NCC1CCN(CCN2CCN([C@H]3CCc4ccccc4C3)CC2)CC1,0.31497675444044104
COc1cc2c(cc1Br)[C@@H](CCCF)N(C1CCN(C)CC1)CC2,0.9715545127415419
Fc1ccc(-c2ccc3c(c2)CC[C@@H]3NC[C@H](F)N2CCC(c3ccccc3)CC2)cc1,0.988746846943223
CCc1cccc2c(CCN3CCC(N4CCN(c5cccc(O)c5)CC4)CC3)c[nH]c12,0.9999965792714692
O[C@@H](CNCc1c[nH]c2c(CF)cccc12)CN1CCN(c2cccc(F)c2)CC1,0.9588258915293725
COc1cc2c(cc1OCl)[C@@H](c1cccc(F)c1)N(N1CCN(c3ccccc3)CC1)CC2,0.01805438595113764
COc1cc2c(cc1Br)[C@@H](CCNN1CCN(c3cccc(O)c3)CC1)N(C1CCN(C)CC1)CC2,0.6660166545456063
F[C@H]1CCCN(CCN[C@H]2CCc3cc(Br)ccc32)C1,0.9627085305506188
O=C(CN1CCN(c2ncccn2)CC1)c1ccc(F)cc1,0.039982028219994525
Oc1cccc(N2CCN(C[C@@H](O)Cc3ncccn3)CC2)c1,0.20323283842577483
Oc1ccc2c(c1)CC[C@@H]2NCCN1CCN([C@H]2CCc3ccccc3C2)CC1,0.9561394104995987
CCc1cccc2c(CN3CCC(CCN4CCN(c5cccc(O)c5)CC4)CC3)c[nH]c12,0.9968706326698017
FN1CCN(CN2CCC(c3ccccc3)CC2)CC1,0.15984541985918688
F[C@@H](CN[C@H]1CCc2cc(Br)ccc21)N1CCC(c2ccccc2)CC1,0.9999987283668815
CCc1cccc2c(CN3CCC([C@H](O)CN[C@H]4CCc5cc(Br)ccc54)CC3)c[nH]c12,0.9900336422046131
F[C@@H](N1CCC(CN[C@H]2CCc3cc(Br)ccc32)CC1)N1CCC(c2ccccc2)CC1,0.9737985595827926
CCc1cccc2c(CC[C@@H](O)CN[C@H]3CCc4cc(Br)ccc43)c[nH]c12,0.9783583161650292
F[C@@H](CN[C@H]1CCc2cc(Br)ccc21)N1CCN([C@H]2CCc3ccccc3C2)CC1,0.9883758525276936
Fc1cccc(NCCN2CCC[C@H](CCN3CCN(c4ncccn4)CC3)C2)c1,0.9967189675723183
O[C@@H](CN[C@H]1CCc2cc(Br)ccc21)CN1CCN([C@@H](F)CN[C@H]2CCc3cc(Br)ccc32)CC1,0.46044330246236986
Brc1ccc2c(c1)CC[C@@H]2NCc1ccc2c(c1)CC[C@@H]2NCCN1CCN([C@H]2CCc3ccccc3C2)CC1,0.1349585883951071
CCc1cccc2c(CCCC(=O)CN[C@H]3CCCc4ccccc43)c[nH]c12,0.6551354260539145
COc1cc2c(cc1Br)[C@@H](CF)N(C1CCN(C)CC1)CC2,0.9674539056449579
O[C@@H](CN[C@H]1CCc2cc(Br)ccc21)CN1CCN(N[C@H]2CCc3cc(Br)ccc32)CC1,0.962995108112212
COc1cc2c(cc1Br)[C@@H](CC[C@H](F)N1CCC(c3ccccc3)CC1)N(C1CCN(C)CC1)CC2,0.7582853829220403
O[C@H](CCN1CCC(CN[C@H]2CCc3cc(Br)ccc32)CC1)CN[C@H]1CCc2cc(Br)ccc21,0.5652579842600256
O[C@@H](CN[C@H]1CCc2cc(Br)ccc21)CN1CCC(N2CCN(c3ccccc3)CC2)CC1,0.9878612946724252
COc1cc2c(cc1Br)[C@@H](CCNN1CCN([C@H]3CCc4ccccc4C3)CC1)N(C1CCN(C)CC1)CC2,0.24702114245452145
F[C@@H](CCCN1CCN([C@H]2CCCc3ccccc32)CC1)N1CCC(c2ccccc2)CC1,0.476531414546051
COc1cc2c(cc1OCl)[C@@H](c1cccc(F)c1)N(c1c[nH]c3c(CF)cccc13)CC2,0.051290173409451266
F[C@@H](CN[C@H]1CCc2cc(Br)ccc21)Cc1cccc2c(CCN[C@H]3CCc4cc(Br)ccc43)c[nH]c12,0.2125731165848677
F[C@@H](CN[C@H]1CCc2cc([C@H]3CCc4cc(Br)ccc43)ccc21)N1CCC(c2ccccc2)CC1,0.8490140904075395
CCc1cccc2c(NCCN3CCC[C@H]([C@H]4CCCc5ccccc54)C3)c[nH]c12,0.9887770369461636
F[C@@H](CN[C@H]1CCc2cc(-c3ncccn3)ccc21)N1CCC(c2ccccc2)CC1,0.9547642626356972
Oc1cccc(N2CCN(C[C@@H](O)CC3CCN(CN4CCN(c5ncccn5)CC4)CC3)CC2)c1,0.689173838325506
FCc1cccc2c(N3CCN(c4ccccc4)CC3)c[nH]c12,0.040166744998965935
COc1cc2c(cc1Br)[C@@H](CCN1CCN(CC[C@H]3CCc4cc(Br)ccc43)CC1)N(C1CCN(C)CC1)CC2,0.13129874315231282
c1ccc(N2CCN(CN3CCC(N4CCN(c5ccccc5)CC4)CC3)CC2)cc1,0.5080908503295138
c1ccc(C2CCN(C3CCN(CN4CCN(c5ccccc5)CC4)CC3)CC2)cc1,0.7738206308295922
CCc1cccc2c(CN3CCC([NH2+]CCN[C@H]4CCc5cc(Br)ccc54)CC3)c[nH]c12,0.9972217734053599
O=C(CNN1CCN([C@H]2CCc3ccccc3C2)CC1)CN1CCN(c2ncccn2)CC1,0.8098659989168501
Oc1cccc(N2CCN(C[C@@H](O)C[C@H](F)N3CCC(c4ccccc4)CC3)CC2)c1,0.9882870930912379
Brc1ccc2c(c1)CC[C@@H]2NCC[NH2+]C1CCN(C2CCN(CN3CCN(c4ncccn4)CC3)CC2)CC1,0.35577111690945634
O[C@@H](CN[C@H]1CCc2cc(Br)ccc21)c1cccc(F)c1,0.6803567833037074
COc1cc2c(cc1OCl)[C@@H](c1cccc(F)c1)N(C1CCN(c3c[nH]c4c(CF)cccc34)CC1)CC2,0.3457306469409737
F[C@@H](CCCN1CCN(N2CCN(c3ccccc3)CC2)CC1)N1CCC(c2ccccc2)CC1,0.40760387451850216
Oc1cccc(N2CCN(N3CCN(c4ncccn4)CC3)CC2)c1,0.021120241048339
CCc1cccc2c(C[C@H](F)N3CCC(c4ccccc4)CC3)c[nH]c12,0.98675409577649
CCc1cccc2c(CCCC[C@H](F)N3CCC(c4ccccc4)CC3)c[nH]c12,0.9953441829221223
COc1cc2c(cc1OCl)[C@@H](c1cccc(F)c1)N([C@@H](F)CN[C@H]1CCc3cc(Br)ccc31)CC2,0.8756652557248658
CCc1cccc2c(N3CCc4cc(OC)c(OCl)cc4[C@H]3c3cccc(F)c3)c[nH]c12,0.06147275231913279
O[C@H](CC[C@H](F)N1CCC(c2ccccc2)CC1)CN[C@H]1CCc2cc(Br)ccc21,0.994636967551268
O=C(CNNCCN1CCC[C@H](CCN2CCN(c3ncccn3)CC2)C1)CN1CCN(c2ncccn2)CC1,0.075041833850514
FCc1cccc2c(CN3CCC([NH2+]CCN[C@H]4CCc5cc(Br)ccc54)CC3)c[nH]c12,0.9999824213925662
CCc1cccc2c(CCN3CCC(N4CCC[C@H]([C@H]5CCCc6ccccc65)C4)CC3)c[nH]c12,0.7030396408752994
Oc1cccc(N2CCN(C[C@@H](O)CNCCN3CCC[C@H]([C@H]4CCCc5ccccc54)C3)CC2)c1,0.8794407232228737
O[C@@H](CN[C@H]1CCc2cc(Br)ccc21)c1ccc2c(c1)CC[C@@H]2NC[C@H](O)N1CCC(c2ccccc2)CC1,0.24702800014316656
CCc1cccc2c(CN3CCC([NH2+][C@@H](O)CN[C@H]4CCc5cc(Br)ccc54)CC3)c[nH]c12,0.9903619505276815
Oc1cccc(N2CCN(C[C@@H](O)[NH2+]C3CCN(Cc4c[nH]c5c(CF)cccc45)CC3)CC2)c1,0.9907683041916857
CCc1cccc2c(CCCC[C@H](F)[C@H](O)CN3CCN(c4cccc(O)c4)CC3)c[nH]c12,0.9999890863659845
F[C@@H](C[C@H]1CCc2cc(Br)ccc21)N1CCC(c2ccccc2)CC1,0.9999852831127441
CCc1cccc2c(C[NH2+]C3CCN(Cc4c[nH]c5c(CC)cccc45)CC3)c[nH]c12,0.7347439302111658
O[C@H](CC[C@H](F)[C@H](F)N1CCC(c2ccccc2)CC1)CN[C@H]1CCc2cc(Br)ccc21,0.980359103281062
COc1cc2c(cc1Br)[C@@H]([C@@H](F)CN[C@H]1CCc3cc(Br)ccc31)N(C1CCN(C)CC1)CC2,0.9794965424871833
Brc1ccc2c(c1)CC[C@@H]2CCN1CCN(N2CCN([C@H]3CCc4ccccc4C3)CC2)CC1,0.5211079571871476
F[C@@H](CCN1CCN(CN2CCC(c3ccccc3)CC2)CC1)N1CCC(c2ccccc2)CC1,0.07491047890162544
CCc1cccc2c(CN3CCC([C@H](O)N4CCN(c5ncccn5)CC4)CC3)c[nH]c12,0.9758327554822405
c1ccc(C2CCN(CN3CCN(CN4CCN([C@H]5CCc6ccccc6C5)CC4)CC3)CC2)cc1,0.04964975500991137
Oc1cccc(N2CCN([C@@H](CN[C@H]3CCc4cc(Br)ccc43)N3CCC(c4ccccc4)CC3)CC2)c1,0.992192178004198
Oc1cccc(N2CCN(CN3CCN([C@H]4CCc5ccccc5C4)CC3)CC2)c1,0.965780695200361
CCN1CCN(C[C@@H](O)CN[C@H]2CCc3cc(Br)ccc32)CC1,0.3104557982460939
Brc1ccc2c(c1)CC[C@@H]2NCC[NH2+]C1CCN([C@H]2CCCN(CCN[C@H]3CCc4cc(Br)ccc43)C2)CC1,0.14998572021297427
O[C@@H](CN[C@H]1CCc2cc(Br)ccc21)CN1CCN(N2CCN(c3ncccn3)CC2)CC1,0.5140613130687391
F[C@@H](CN[C@H]1CCc2cc(Br)ccc21)[C@H]1CCCc2ccccc21,0.9722178857570452
Brc1ccc2c(c1)CC[C@@H]2NCCN1CCC(N2CCN(c3ccccc3)CC2)CC1,0.9999884399247455
CCc1cccc2c(CN3CCC([NH2+][C@H](F)N4CCC(c5ccccc5)CC4)CC3)c[nH]c12,0.9706132448018175
CCc1cccc2c(CN3CCC([C@H](O)[C@@H]4c5cc(Br)c(OC)cc5CCN4C4CCN(C)CC4)CC3)c[nH]c12,0.30265184717345595
FCc1ccc2c(c1)CC[C@@H]2NC[C@H](F)N1CCC(c2ccccc2)CC1,0.9915332682867746
FCc1cccc2c(CN3CCC([NH2+]N4CCN(CN5CCC(c6ccccc6)CC5)CC4)CC3)c[nH]c12,0.6152607548753897
CCCc1cccc2c(CN3CCC(N4CCN(c5ccccc5)CC4)CC3)c[nH]c12,0.9999979906242231
Oc1cccc(N2CCN(C[C@@H](O)N3CCC(N4CCN(c5ncccn5)CC4)CC3)CC2)c1,0.7548106338031038
Brc1ccc2c(c1)CC[C@@H]2CCN1CCN(N2CCC(N3CCN(c4ccccc4)CC3)CC2)CC1,0.579829835130502
Cc1ccc2c(c1)CC[C@@H]2NCCN1CCC[C@H]([C@H]2CCCc3ccccc32)C1,0.9223644790930948
CCc1cccc2c(CN3CCC(CC(=O)CN4CCN(c5ncccn5)CC4)CC3)c[nH]c12,0.9864209481682117
O[C@@H](CN[C@H]1CCc2cc(CCN[C@H]3CCc4cc(Br)ccc43)ccc21)N1CCC(c2ccccc2)CC1,0.29415220774092066
CCc1cccc2c(CCCN3CCN([C@H]4CCc5ccccc5C4)CC3)c[nH]c12,0.9684017745376748
CCc1cccc2c(CN3CCC([NH2+]C[C@H]4CCCN(CCN[C@H]5CCc6cc(Br)ccc65)C4)CC3)c[nH]c12,0.5955898207116566
CCc1cccc2c(CN3CCC(N4CCN(c5c[nH]c6c(CF)cccc56)CC4)CC3)c[nH]c12,0.9712374269376064
CC[C@H](CN1CCN(c2ccc(F)cc2)CC1)N1CCC[C@H]([C@H]2CCCc3ccccc32)C1,0.9961066623447892
Oc1cccc(N2CCN(N3CCN(C[C@@H](O)CN[C@H]4CCc5cc(Br)ccc54)CC3)CC2)c1,0.5288691024421498
CCc1cccc2c(CCC3CCN(CCc4c[nH]c5c(CC)cccc45)CC3)c[nH]c12,0.7001993053106126
O[C@H](CC[C@H](F)N1CCC[C@H]([C@H]2CCCc3ccccc32)C1)CN[C@H]1CCc2cc(Br)ccc21,0.7389424931970398
Fc1ccc(N2CCN(C[C@@H](c3ncccn3)N3CCC[C@H]([C@H]4CCCc5ccccc54)C3)CC2)cc1,0.9903379718378069
CCc1cccc2c(CCCC[C@H](F)c3cccc(F)c3)c[nH]c12,0.9110392476378523
OCc1cccc2c(CCN[C@H]3CCc4cc(Br)ccc43)c[nH]c12,0.9840006255440957
Oc1cccc(N2CCN(C[C@@H](O)[C@@H](F)CCCCc3c[nH]c4c(-c5cccc(F)c5)cccc34)CC2)c1,0.9825151132401351
COc1cc2c(cc1Br)[C@@H](NC[C@H](O)CN1CCN(c3cccc(F)c3)CC1)N(C1CCN(C)CC1)CC2,0.8571720351401437
O[C@@H](CN[C@H]1CCc2cc(Br)ccc21)CN1CCN(c2cccc(Cc3c[nH]c4c(CF)cccc34)c2)CC1,0.9625135391963114
CCN1CCN(CC[C@H]2CCc3cc(Br)ccc32)CC1,0.7731814771402067
CCc1cccc2c(CN3CCC([NH2+]C[C@H](O)CN4CCN(c5cccc(O)c5)CC4)CC3)c[nH]c12,0.9791268840890013
CCc1cccc2c(CCCC[C@H](F)c3ccc4c(c3)CC[C@@H]4NCCc3c[nH]c4c(CC)cccc34)c[nH]c12,0.07061010607071584
Brc1ccc2c(c1)CC[C@@H]2NNCCN1CCC[C@H]([C@H]2CCCc3ccccc32)C1,0.9704374034358697
O[C@@H](CN[C@H]1CCc2cc(Br)ccc21)CN1CCN(N2CCN(CC[C@H]3CCc4cc(Br)ccc43)CC2)CC1,0.19015971375627735
O[C@@H](CNCC[C@H](F)N1CCC(c2ccccc2)CC1)CN1CCN(c2cccc(F)c2)CC1,0.9634779412363286
CCc1cccc2c(CC[C@@H]3c4cc(Br)c(OC)cc4CCN3C3CCN(C)CC3)c[nH]c12,0.9958332843231233
F[C@@H](CN1CCC(CN[C@H]2CCc3cc(Br)ccc32)CC1)N1CCC(c2ccccc2)CC1,0.9531615966318201
CCc1cccc2c(CN3CCC([C@H](O)[C@@H](O)CN[C@H]4CCc5cc(Br)ccc54)CC3)c[nH]c12,0.9337435528301281
Oc1cccc(N2CCN(C[C@@H](O)C[C@H](F)N3CCC(c4ccccc4)CC3)CC2)c1,0.9882870930912379
CCc1cccc2c(CN3CCC(CCC[C@@H](O)CN[C@H]4CCc5cc(Br)ccc54)CC3)c[nH]c12,0.9026208387907086
Oc1cccc(N2CCN(N3CCC(CN[C@H]4CCc5cc(Br)ccc54)CC3)CC2)c1,0.2711220320164358
c1ccc(N2CCN(C3CCN(N4CCN(c5ccccc5)CC4)CC3)CC2)cc1,0.08060322735932628
FCc1cccc2c(CN3CCC([NH2+]CCNF)CC3)c[nH]c12,0.3557084780775093
CCCc1cccc2c(C[C@@H](O)C3CCN(Cc4c[nH]c5c(CC)cccc45)CC3)c[nH]c12,0.7886465051110473
CCCc1cccc2c(CC[C@H](O)CN3CCN(c4cccc(O)c4)CC3)c[nH]c12,0.9999926858296206
Fc1ccc(N2CCN(CN3CCC(CN[C@H]4CCc5cc(Br)ccc54)CC3)CC2)cc1,0.9951443671477377
CCc1cccc2c(CCN3CCC(c4cccc(O)c4)CC3)c[nH]c12,0.9999981056473096
O[C@@H](CN[C@H]1CCc2cc(-c3cccc(F)c3)ccc21)N1CCC(c2ccccc2)CC1,0.9725633302009201
CCc1cccc2c(CN3CCC([C@H](Br)CN4CCN(c5ccc(F)cc5)CC4)CC3)c[nH]c12,0.9999814871131525
Oc1cccc2c(CN3CCC([C@H](Br)CN4CCN(c5ccc(F)cc5)CC4)CC3)c[nH]c12,0.9941201768057122
CCc1cccc2c(CCCC[C@H](F)c3ncccn3)c[nH]c12,0.38454549739576466
c1ccc(N2CCN(CCN3CCC(N4CCN(c5ccccc5)CC4)CC3)CC2)cc1,0.35941620797080576
Fc1ccc(C2CCN(CN3CCN(c4ncccn4)CC3)CC2)cc1,0.9941927260758274
Fc1ccc(N2CCN(CN3CCC(N4CCN(c5ccccc5)CC4)CC3)CC2)cc1,0.7080944230897588
Brc1ccc2c(c1)CC[C@@H]2NC[C@H]([C@H]1CCc2cc(Br)ccc21)N1CCC(c2ccccc2)CC1,0.8456955538774449
CCc1cccc2c(CC[C@@H]3c4cc(Br)c(Oc5ccc(F)cc5)cc4CCN3C3CCN(C)CC3)c[nH]c12,0.9794400832219777
CC[C@H](CCN1CCC(N2CCN(c3cccc(O)c3)CC2)CC1)N1CCC[C@H]([C@H]2CCCc3ccccc32)C1,0.09619578326421106
CCc1cccc2c(CCN3CCC(N4CCN(c5cccc(O)c5)CC4)CC3)c[nH]c12,0.9999965792714692
Fc1ccc(-c2cccc3c(CN4CCC(N5CCN(c6ncccn6)CC5)CC4)c[nH]c23)cc1,0.9871130433089458
Fc1ccc(Cc2cccc3c(CN4CCC([NH2+]CCN[C@H]5CCc6cc(Br)ccc65)CC4)c[nH]c23)cc1,0.8715183731226236
CCc1cccc2c(CCN[C@H]3CCc4cc(Br)ccc43)c[nH]c12,0.9944057428523995
CCc1cccc(N2CCN(C3CCN(CCc4c[nH]c5c(CC)cccc45)CC3)CC2)c1,0.9916835666607576
Oc1cccc(-c2cccc3c(CN4CCC([C@H](Br)CN5CCN(c6ccc(F)cc6)CC5)CC4)c[nH]c23)c1,0.973773367570707
Oc1cccc(N2CCN(C[C@@H](O)[C@@H](F)CCCCc3c[nH]c4c(Br)cccc34)CC2)c1,0.9999913619176167
CCc1cccc2c(CCN3CCC(F)CC3)c[nH]c12,0.9814148144474929
CCc1cccc2c(CC[C@@H]3c4cc(Br)c(-c5ccc(F)cc5)cc4CCN3C3CCN(C)CC3)c[nH]c12,0.9761973071069361
Oc1cccc(N2CCN(CCC3CCN(Cc4c[nH]c5c(-c6ccc(F)cc6)cccc45)CC3)CC2)c1,0.9698059439378046
Fc1ccc2c(c1)CC[C@@H]2C[C@H](F)N1CCC(c2ccccc2)CC1,0.9999852831127441
FCc1cccc2c(CN3CCC([NH2+]c4ccccc4)CC3)c[nH]c12,0.8333094208101102
CCc1cccc2c(CN3CCC([C@H](Br)CF)CC3)c[nH]c12,0.3591781017011505
F[C@@H](CN[C@H]1CCc2cc(Br)ccc21)C1CCN(CN2CCN(c3ncccn3)CC2)CC1,0.9848213917398604
COc1cc2c(cc1Br)[C@@H]([C@H](F)N1CCC(c3ccccc3)CC1)N(C1CCN(C)CC1)CC2,0.9065731727093929
CCc1cccc2c(CCN3CCC([C@H](F)[C@H](O)CN4CCN(c5cccc(O)c5)CC4)CC3)c[nH]c12,0.9695969909034406
CCc1cccc2c(CN3CCC(N4CCN([C@@H](F)CCCCc5c[nH]c6c(Br)cccc56)CC4)CC3)c[nH]c12,0.4357570776394079
F[C@@H](CCN1CCC(CN[C@H]2CCc3cc(Br)ccc32)CC1)N1CCC(c2ccccc2)CC1,0.9016601027337314
CCc1cccc2c(CN3CCN(CCC[C@H](F)N4CCC(c5ccccc5)CC4)CC3)c[nH]c12,0.7630902986295226
c1cnc(Cc2cccc3c(CCN4CCC(N5CCN(c6ncccn6)CC5)CC4)c[nH]c23)nc1,0.794273691945739
CCc1cccc2c(CCN3CCC(CN4CCC(N5CCN(c6cccc(O)c6)CC5)CC4)CC3)c[nH]c12,0.5098500407394161
Oc1cccc(N2CCN(CCCCc3c[nH]c4c(Br)cccc34)CC2)c1,0.9999999855155434
Cc1cccc2c(CCCCN3CCN(c4cccc(O)c4)CC3)c[nH]c12,0.9999999781683254
CCc1cccc2c(CCCCCCc3c[nH]c4c(Br)cccc34)c[nH]c12,0.38185824879686553
c1ccc(N2CCN(C3CCN(CN4CCC(N5CCN(c6ccccc6)CC5)CC4)CC3)CC2)cc1,0.061059809265616355
CCc1cccc2c(CN3CCC(CN4CCN(c5cccc(O)c5)CC4)CC3)c[nH]c12,0.9999860947871676
O[C@@H](CN[C@H]1CCc2cc(Br)ccc21)Cc1ccc2c(c1)CC[C@@H]2NC[C@H](F)N1CCC(c2ccccc2)CC1,0.1814849506386232
F[C@@H](CN[C@H]1CCc2cc(CCCCc3c[nH]c4c(Br)cccc34)ccc21)N1CCC(c2ccccc2)CC1,0.5942896435224294
CCCc1cccc2c(N3CCC(N4CCN(c5ncccn5)CC4)CC3)c[nH]c12,0.9897919494769589
CC[C@H](CN1CCN(CN2CCC(c3ccccc3)CC2)CC1)N1CCC[C@H]([C@H]2CCCc3ccccc32)C1,0.056092951556717806
CCc1cccc2c(N3CCN(CN4CCC(c5ccccc5)CC4)CC3)c[nH]c12,0.9999972520932828
CCc1cccc2c(C[C@@H](F)CN[C@H]3CCc4cc(Br)ccc43)c[nH]c12,0.9810877125575094
Fc1ccc2c(c1)CC[C@@H]2C[C@H](F)N1CCC(N2CCN(CN3CCC(c4ccccc4)CC3)CC2)CC1,0.17991401801443765
CCc1cccc2c(CN3CCC(C[C@@H](F)CN[C@H]4CCc5cc(Br)ccc54)CC3)c[nH]c12,0.9821019055576623
Fc1ccc2c(c1)CC[C@@H]2C[C@H](F)CN1CCC(CN[C@H]2CCc3cc(Br)ccc32)CC1,0.9659982258387292
Oc1cccc(-c2cccc3c(CCCC[C@H](F)[C@H](O)CN4CCN(c5cccc(O)c5)CC4)c[nH]c23)c1,0.9173661552502675
Oc1cccc(N2CCN(C3CCN(C[C@@H](F)C[C@H]4CCc5cc(F)ccc54)CC3)CC2)c1,0.9999901163404491
Oc1cccc(N2CCN(C[C@@H](O)CC[C@@H](F)C[C@H]3CCc4cc(F)ccc43)CC2)c1,0.9999839354731153
Oc1cccc(N2CCN(CCCCc3c[nH]c4c(N[C@H]5CCc6cc(Br)ccc65)cccc34)CC2)c1,0.9999899070494693
Oc1cccc(N2CCN(Cc3ccc4c(c3)CC[C@@H]4NC[C@H](O)N3CCC(c4ccccc4)CC3)CC2)c1,0.9298561952132761
Oc1cccc(-c2cccc3c(CN4CCC(CN5CCN(c6cccc(O)c6)CC5)CC4)c[nH]c23)c1,0.9095502532085564
CCCc1cccc2c(CCN3CCC(N4CCN(c5ccccc5)CC4)CC3)c[nH]c12,0.9999969540597462
CCc1cccc2c(CN3CCC([C@H](Br)CN4CCN(N5CCN(c6ccccc6)CC5)CC4)CC3)c[nH]c12,0.2862778620382896
CCCc1cccc2c(Cc3ccc4c(c3)CC[C@@H]4C[C@H](F)N3CCC(c4ccccc4)CC3)c[nH]c12,0.5073222498343883
F[C@@H](CN1CCC([NH2+]CCN[C@H]2CCc3cc(Br)ccc32)CC1)N1CCC(c2ccccc2)CC1,0.8850051162518149
CCc1cccc2c(CN3CCC([NH2+][C@@H](F)CN[C@H]4CCc5cc(Br)ccc54)CC3)c[nH]c12,0.9933569885678245
CCCc1cccc2c(CCCCN3CCN(c4cccc(O)c4)CC3)c[nH]c12,0.9999999993811852
CCc1cccc2c(CN3CCC([C@H](Br)CN4CCN(N5CCN(c6ccccc6)CC5)CC4)CC3)c[nH]c12,0.2862778620382896
CCc1cccc2c(CCN3CCC(CN[C@H]4CCc5cc([C@H]6CCc7cc(F)ccc76)ccc54)CC3)c[nH]c12,0.3971210865288264
CCc1cccc2c(CCN3CCC(N4CCN(Br)CC4)CC3)c[nH]c12,0.6387431736713348
CCc1ccc(N2CCN(C[C@@H](O)N3CCC[C@H]([C@H]4CCCc5ccccc54)C3)CC2)cc1,0.919684414954506
Oc1cccc(N2CCN(C[C@@H](O)CCC[C@@H](F)C[C@H]3CCc4cc(F)ccc43)CC2)c1,0.9924563126525052
F[C@@H](CCCCc1c[nH]c2c(Br)cccc12)N1CCC(c2ccccc2)CC1,0.9973884220727389
Cc1cccc2c([C@H](F)N3CCC(c4ccccc4)CC3)c[nH]c12,0.9543552520081205
CCCc1cccc2c(CCN3CCC(N4CCN(C[C@@H](F)C[C@H]5CCc6cc(F)ccc65)CC4)CC3)c[nH]c12,0.2903127108860981
Oc1cccc(N2CCN(C3CCN([NH2+]C4CCN(Cc5c[nH]c6c(CF)cccc56)CC4)CC3)CC2)c1,0.9377851546578089
CCc1cccc2c(CN3CCC(Cc4cccc(O)c4)CC3)c[nH]c12,0.9619861175159338
CCc1cccc2c(CN3CCC([C@H](Br)CN4CCC(N5CCN(c6ccccc6)CC5)CC4)CC3)c[nH]c12,0.5250252342325539
Brc1ccc2c(c1)CC[C@@H]2CCN1CCN(N2CCC(c3ccccc3)CC2)CC1,0.888413014464967
Brc1ccc2c(c1)CC[C@@H]2NCC[NH2+]C1CCN(N2CCC[C@H]([C@H]3CCCc4ccccc43)C2)CC1,0.07554164581601205
F[C@@H](CCCCc1c[nH]c2c(Br)cccc12)CCCc1c[nH]c2c(N[C@H]3CCc4cc(Br)ccc43)cccc12,0.12306014073303248
Cc1cccc2c(CCCCN3CCN([C@@H](F)CN[C@H]4CCc5cc(Br)ccc54)CC3)c[nH]c12,0.9776182279786786
CCc1cccc2c(CN3CCC([NH2+]N4CCN(CC[C@H]5CCc6cc(Br)ccc65)CC4)CC3)c[nH]c12,0.9393399910668756
Oc1cccc(N2CCN(CCCCCc3c[nH]c4c(Br)cccc34)CC2)c1,0.9999999919997588
FCc1cccc2c(CN3CCC([NH2+]CCNCC[C@H](F)N4CCC(c5ccccc5)CC4)CC3)c[nH]c12,0.6953775214199845
Oc1cccc(N2CCN(CC3CCN(CBr)CC3)CC2)c1,0.2192271655378816
Cc1cccc2c(CCCCN3CCN(O)CC3)c[nH]c12,0.6219269532992144
CCCc1cccc2c(CCCC[NH2+]C3CCN(Cc4c[nH]c5c(CC)cccc45)CC3)c[nH]c12,0.5955882513897113
CCc1cccc2c(CN3CCC([NH2+]CCCC[C@H](O)CN4CCN(c5cccc(O)c5)CC4)CC3)c[nH]c12,0.8965260923021269
CCc1cccc2c(CN3CCC([NH2+]CN4CCN(CCCCc5c[nH]c6c(C)cccc56)CC4)CC3)c[nH]c12,0.1813382139687438
CCc1cccc2c(N3CCN(CC[C@H](O)CN4CCN(c5cccc(O)c5)CC4)CC3)c[nH]c12,0.9203075585246685
c1ccc(N2CCN(C3CCN(N4CCC[C@H]([C@H]5CCCc6ccccc65)C4)CC3)CC2)cc1,0.1447741673558832
F[C@@H](c1c[nH]c2c(N[C@H]3CCc4cc(Br)ccc43)cccc12)N1CCC(c2ccccc2)CC1,0.9643136313644347
CCCc1cccc2c(CCN3CCC(N4CCN(c5ncccn5)CC4)CC3)c[nH]c12,0.9999843716574159
Cc1cccc2c(Cc3cccc4c(CCCCN5CCN(c6cccc(O)c6)CC5)c[nH]c34)c[nH]c12,0.8649711996603913
CCCc1cccc2c(CC[C@H](O)CN3CCN([C@H](F)N4CCC(c5ccccc5)CC4)CC3)c[nH]c12,0.57558093537228
Oc1cccc(N2CCN(C[C@@H](O)CCC3CCN([C@@H](F)C[C@H]4CCc5cc(F)ccc54)CC3)CC2)c1,0.965466436994502
Oc1cccc(N2CCN(CC3CCN(Cc4c[nH]c5c(Br)cccc45)CC3)CC2)c1,0.9999926720459406
Brc1cccc2c(CCCCCN3CCN(c4ncccn4)CC3)c[nH]c12,0.9999989522016512
CCc1cccc2c(CN3CCN(CC[C@H]4CCc5cc(Br)ccc54)CC3)c[nH]c12,0.9949274300455812
CCc1cccc2c(CCN3CCC(Cc4c[nH]c5c(Br)cccc45)CC3)c[nH]c12,0.9683466950716509
CCc1cccc2c(N3CCN(CC4CCN([C@@H](F)C[C@H]5CCc6cc(F)ccc65)CC4)CC3)c[nH]c12,0.990382226694026
CCc1cccc2c(N3CCN(C[C@@H](O)[C@@H](F)CCCCc4c[nH]c5c(Br)cccc45)CC3)c[nH]c12,0.9889650787111793
Fc1ccc2c(c1)CC[C@@H]2C[C@H](F)CN1CCC(N2CCN(c3ncccn3)CC2)CC1,0.9967266048612289
CCc1cccc2c(CCN3CCC(c4cccc(-c5ccc(F)cc5)c4)CC3)c[nH]c12,0.9964374516988957
Oc1cccc(N2CCN(C3CCN(C[C@@H](F)CCCCCCc4c[nH]c5c(Br)cccc45)CC3)CC2)c1,0.9426463258873832
Oc1cccc(N2CCN(CCCN3CCC(N4CCN(c5ncccn5)CC4)CC3)CC2)c1,0.6627681569322158
Oc1cccc(N2CCN(CC[C@H](F)N3CCC(c4ccccc4)CC3)CC2)c1,0.9999954968337423
Oc1cccc(N2CCN(CCCCC[C@@H](F)C[C@H]3CCc4cc(F)ccc43)CC2)c1,0.9999997278335677
CCc1cccc2c(Cc3c[nH]c4c(Br)cccc34)c[nH]c12,0.07171021770662728
CCc1cccc2c(CCN3CCC(c4cccc([C@H]5CCc6cc(F)ccc65)c4)CC3)c[nH]c12,0.9781199545777208
Oc1cccc(N2CCN(CCCN3CCN(CC[C@H](F)N4CCC(c5ccccc5)CC4)CC3)CC2)c1,0.11413225165632042
F[C@@H](CN[C@H]1CCc2cc(Br)ccc21)N1CCN(c2ncccn2)CC1,0.9799139383178632
Fc1ccc2c(c1)CC[C@@H]2C[C@H](F)CCN1CCC(N2CCN(c3ncccn3)CC2)CC1,0.9942271863157284
F[C@@H](CCN1CCN(CCCCc2c[nH]c3c(Br)cccc23)CC1)N1CCC(c2ccccc2)CC1,0.7739984406252647
Fc1ccc2c(c1)CC[C@@H]2CCN1CCC(CN[C@H]2CCc3cc(Br)ccc32)CC1,0.991965842753124
Oc1cccc(N2CCN(C[C@@H](O)CCN3CCN(CC[C@H](F)N4CCC(c5ccccc5)CC4)CC3)CC2)c1,0.09048058802512299
Fc1ccc2c(c1)CC[C@@H]2C[C@H](F)Cc1ccc2c(c1)CC[C@@H]2NC[C@H](F)N1CCC(c2ccccc2)CC1,0.2778092135732802
F[C@@H](CN[C@H]1CCc2cc(Br)ccc21)N1CCC[C@H]([C@H]2CCCc3ccccc32)C1,0.9846554414144228
CCc1cccc2c(CCN3CCC(c4c[nH]c5c(N[C@H]6CCc7cc(Br)ccc76)cccc45)CC3)c[nH]c12,0.6974483641116884
FCc1cccc2c(CN3CCC([NH2+]CCNN4CCC(c5ccccc5)CC4)CC3)c[nH]c12,0.7570448193214333
Cc1cccc2c(CCCCN3CCN([C@@H](F)C[C@H]4CCc5cc(F)ccc54)CC3)c[nH]c12,0.9897880864011476
Cc1cccc2c(CCCCN3CCN(Cc4c[nH]c5c(Br)cccc45)CC3)c[nH]c12,0.8217220030198437
CCCc1cccc2c(CCCCN3CCC(N4CCN(c5ccccc5)CC4)CC3)c[nH]c12,0.997040272839488
CCc1cccc2c(N3CCN(c4ncccn4)CC3)c[nH]c12,0.05865019773361406
Fc1ccc2c(c1)CC[C@@H]2C[C@H](F)CCN1CCC(N2CCN(c3ccccc3)CC2)CC1,0.9922146642929345
Cc1cccc2c(C[C@H](F)[C@H](O)CN3CCN(c4cccc(O)c4)CC3)c[nH]c12,0.9604481128409171
F[C@@H](CCCN1CCN(C2CCN(Cc3c[nH]c4c(Br)cccc34)CC2)CC1)N1CCC(c2ccccc2)CC1,0.1790891444710849
CCc1cccc2c(N3CCN(N4CCN(c5ncccn5)CC4)CC3)c[nH]c12,0.0454880631068562
CCCc1cccc2c(CN3CCC(CN4CCN(c5cccc(O)c5)CC4)CC3)c[nH]c12,0.9999958789188164
CCCc1cccc2c(CCCCN3CCN(c4cccc(O)c4)CC3)c[nH]c12,0.9999999993811852
Brc1ccc2c(c1)CC[C@@H]2NCC1CCN(CN2CCC(N3CCN(c4ccccc4)CC3)CC2)CC1,0.5520762615244454
Fc1ccc2c(c1)CC[C@@H]2C[C@H](F)Cc1c[nH]c2c(Br)cccc12,0.565173895391439
Oc1cccc(C2CCN(CCc3c[nH]c4c(Cc5ccccc5)cccc34)CC2)c1,0.9457566508872397
F[C@@H](CCCN1CCN(F)CC1)N1CCC(c2ccccc2)CC1,0.7999152953291558
CCCc1cccc2c(CC[C@@H](F)C[C@H]3CCc4cc(F)ccc43)c[nH]c12,0.9621503087511051
CCc1cccc2c(CCN3CCC(CN[C@H]4CCc5cc(-c6cccc(O)c6)ccc54)CC3)c[nH]c12,0.9339085173889392
Oc1cccc(N2CCN(C3CCN([C@H](F)N4CCC(c5ccccc5)CC4)CC3)CC2)c1,0.8844171814045813
CCCc1cccc2c(CN3CCN(c4c[nH]c5c(CC)cccc45)CC3)c[nH]c12,0.9712583730907476
CCc1cccc2c(CCCCc3c[nH]c4c(Br)cccc34)c[nH]c12,0.2658820931774534
Fc1ccc2c(c1)CC[C@@H]2C[C@H](F)CC1CCN(Cc2c[nH]c3c(Br)cccc23)CC1,0.9850897520287707
Fc1ccc2c(c1)CC[C@@H]2C[C@H](F)[C@@H](F)CN[C@H]1CCc2cc(Br)ccc21,0.8027347478757618
Oc1cccc(N2CCN(CC[C@H](F)C[C@@H](O)[C@@H](F)CCCCc3c[nH]c4c(Br)cccc34)CC2)c1,0.9952267843115932
CCc1cccc2c(CCN3CCC(c4cccc(CCN5CCN(c6cccc(O)c6)CC5)c4)CC3)c[nH]c12,0.9491106913021538
Cc1cccc2c(CCCCN3CCN(CCCCC[C@@H](F)C[C@H]4CCc5cc(F)ccc54)CC3)c[nH]c12,0.45860750409770057
CCCc1cccc2c(CC[C@H](O)CN3CCN([C@@H](F)CCCCc4c[nH]c5c(Br)cccc45)CC3)c[nH]c12,0.4223255804272873
Fc1ccc2c(c1)CC[C@@H]2C[C@H](F)CCCCCN1CCN([C@@H](F)C[C@H]2CCc3cc(F)ccc32)CC1,0.28967236600292967
Oc1cccc(N2CCN(CC3CCN(N4CCN(CC[C@H]5CCc6cc(Br)ccc65)CC4)CC3)CC2)c1,0.5651085246456446
F[C@@H](CC[C@H](F)N1CCC(c2ccccc2)CC1)N1CCC(c2ccccc2)CC1,0.4306946512152295
CCCc1cccc2c(N3CCN(c4ccccc4)CC3)c[nH]c12,0.1362409820948594
Oc1cccc(N2CCN(CCCCCCC[C@@H](F)C[C@H]3CCc4cc(F)ccc43)CC2)c1,0.9846935828948059
Fc1ccc2c(c1)CC[C@@H]2C[C@H](F)N1CCC([C@@H](F)CN[C@H]2CCc3cc(Br)ccc32)CC1,0.850016996920808
Oc1cccc([C@@H](F)C[C@H]2CCc3cc(F)ccc32)c1,0.682144197898145
OCN1CCC(N2CCN(c3ccccc3)CC2)CC1,0.019669090695186933
Oc1cccc(N2CCN(C3CCN(c4ncccn4)CC3)CC2)c1,0.8199282044193924
Brc1ccc2c(c1)CC[C@@H]2CCN1CCN(N[C@H]2CCc3cc(Br)ccc32)CC1,0.9949104984894396
CCCc1cccc2c(CCCCN3CCC(N4CCN(c5ncccn5)CC4)CC3)c[nH]c12,0.9932313284320544
Fc1ccc2c(c1)CC[C@@H]2C[C@H](F)N1CCC(C2CCN(Cc3c[nH]c4c(Br)cccc34)CC2)CC1,0.6702822592228874
C[C@H](CN1CCN(c2ccc(F)cc2)CC1)N1CCC[C@H]([C@H]2CCCc3ccccc32)C1,0.9999984625953844
Cc1cccc2c(C[C@H](F)[C@H](O)CN3CCN(c4cccc(O)c4)CC3)c[nH]c12,0.9604481128409171
Oc1cccc(N2CCN(CCCCc3c[nH]c4c(CCBr)cccc34)CC2)c1,0.9999999977234453
CCc1cccc2c(CCN3CCC(N4CCC(CN5CCN(c6cccc(O)c6)CC5)CC4)CC3)c[nH]c12,0.5219730739845072
Fc1ccc2c(c1)CC[C@@H]2C[C@H](F)Cc1c[nH]c2c(Br)cccc12,0.565173895391439
CCc1cccc2c(N3CCN(CCC[C@H](F)N4CCC(c5ccccc5)CC4)CC3)c[nH]c12,0.9999968030159875
BrCCc1cccc2c(CCCc3ccccc3)c[nH]c12,0.35861964705071464
Oc1cccc(N2CCN(N3CCN(CCCCCc4c[nH]c5c(Br)cccc45)CC3)CC2)c1,0.932708390951252
CCCCc1c[nH]c2c(N[C@H]3CCc4cc(Br)ccc43)cccc12,0.8430075320132786
Oc1cccc(N2CCN(C3CCN(C[C@@H](F)Cc4ccccc4)CC3)CC2)c1,0.9736406775335412
Oc1cccc(N2CCN(CCCN3CCN(CC[C@H]4CCc5cc(Br)ccc54)CC3)CC2)c1,0.8598235161247217
Oc1cccc(N2CCN(CN3CCC(N4CCN(c5ccccc5)CC4)CC3)CC2)c1,0.6667922737311143
Oc1cccc(N2CCN(CCCCN3CCN(CC[C@H]4CCc5cc(Br)ccc54)CC3)CC2)c1,0.8560471577434249
CCc1cccc2c(CCN3CCC(C[C@@H](F)C[C@H]4CCc5cc(F)ccc54)CC3)c[nH]c12,0.991945027195918
Oc1cccc(N2CCN(CCC[C@@H](F)CN[C@H]3CCc4cc(Br)ccc43)CC2)c1,0.9999999834906246
C[C@H](CCC[C@H](F)N1CCC(c2ccccc2)CC1)N1CCC[C@H]([C@H]2CCCc3ccccc32)C1,0.32273572077375673
Oc1cccc(N2CCN(C3CCN(C[C@@H](F)C[C@@H](F)CN[C@H]4CCc5cc(Br)ccc54)CC3)CC2)c1,0.9571302512660927
CCCc1cccc2c(-c3cccc(C4CCN(CCc5c[nH]c6c(CC)cccc56)CC4)c3)c[nH]c12,0.7236015497228322
CCc1cccc2c(N3CCN([C@@H](F)CCCCc4c[nH]c5c(Br)cccc45)CC3)c[nH]c12,0.9937583174837935
C[C@H]([C@H]1CCc2cc(F)ccc21)N1CCC[C@H]([C@H]2CCCc3ccccc32)C1,0.9837461255169083
Cc1cccc2c(Cc3ccc4c(c3)CC[C@@H]4NC[C@H](O)N3CCC(c4ccccc4)CC3)c[nH]c12,0.6967306000292937
Brc1ccc2c(c1)CC[C@@H]2NCCCCCc1c[nH]c2c(Br)cccc12,0.9489661681031025
CCc1cccc2c(N3CCN(CC[C@H](F)N4CCC(c5ccccc5)CC4)CC3)c[nH]c12,0.9999963443124997
Oc1cccc(N2CCN(C3CCN(CF)CC3)CC2)c1,0.13598781964265866
F[C@@H](CCN1CCN(CCCc2c[nH]c3c(CCBr)cccc23)CC1)N1CCC(c2ccccc2)CC1,0.4010693987439648
Fc1ccc2c(c1)CC[C@@H]2C[C@H](F)Cc1ncccn1,0.17515536389221614
Oc1cccc(N2CCN(C3CCN(CN4CCN(c5ncccn5)CC4)CC3)CC2)c1,0.8641246131438446
Brc1cccc2c(CCCCCN3CCN(CN4CCC(N5CCN(c6ccccc6)CC5)CC4)CC3)c[nH]c12,0.3216769280711103
CCCc1cccc2c(CCN3CCN(CCC[C@H](F)N4CCC(c5ccccc5)CC4)CC3)c[nH]c12,0.5152227809954466
Oc1cccc(N2CCN(CCCCc3c[nH]c4c(CN5CCN(c6ncccn6)CC5)cccc34)CC2)c1,0.9870564423863687
Oc1cccc(N2CCN(CCCCCC[C@H](F)N3CCC(c4ccccc4)CC3)CC2)c1,0.9931711938743217
Oc1cccc(N2CCN(CCCCCCCc3c[nH]c4c(Br)cccc34)CC2)c1,0.9999999319755404
Fc1ccc(N2CCN(C[C@@H](F)N3CCC[C@H]([C@H]4CCCc5ccccc54)C3)CC2)cc1,0.9999965126114867
Cc1cccc2c(C[C@H](F)N3CCC(c4ccccc4)CC3)c[nH]c12,0.9799942300549593
Oc1cccc(N2CCN(CCCCc3c[nH]c4c(Br)cccc34)CC2)c1,0.9999999855155434
Cc1cccc2c(CC[C@@H](F)C[C@H]3CCc4cc(F)ccc43)c[nH]c12,0.9204438408026352
Fc1ccc(N2CCN(C[C@H]3CCc4cc(F)ccc43)CC2)cc1,0.9954812544506926
CCCc1cccc2c(Cc3c[nH]c4c(Br)cccc34)c[nH]c12,0.14349563040925462
Cc1cccc2c(CCCCN3CCN(c4cccc(O)c4)CC3)c[nH]c12,0.9999999781683254
Oc1cccc(N2CCN(CCCCc3c[nH]c4c(Cc5ncccn5)cccc34)CC2)c1,0.9960177702253619
CCCc1cccc2c(CC[C@H](CC)CN3CCN(c4cccc(O)c4)CC3)c[nH]c12,0.9999991662183814
OCN1CCC(N2CCN(c3cccc(O)c3)CC2)CC1,0.10314941991489285
F[C@@H](CCCCN1CCN(c2ncccn2)CC1)N1CCC(c2ccccc2)CC1,0.9999998163037345
CCCc1cccc2c(CC[C@H](CC)CN3CCN(O)CC3)c[nH]c12,0.8846212090993681
CCc1cccc2c(CC3CCN(Cc4c[nH]c5c(Br)cccc45)CC3)c[nH]c12,0.9366134357375361
c1ccc(C2CCN(CCCCN3CCN(c4ncccn4)CC3)CC2)cc1,0.9999988825249942
Brc1ccc2c(c1)CC[C@@H]2NC[C@H](CN1CCN(c2ncccn2)CC1)N1CCC(c2ccccc2)CC1,0.9886983726847146
Cc1cccc2c(CCCCN3CCN(c4cccc(F)c4)CC3)c[nH]c12,0.9999999913085549
Fc1ccc(N2CCN(CN3CCC(c4ccccc4)CC3)CC2)cc1,0.9999886995734094
O[C@@H](CN[C@H]1CCc2cc([C@@H](F)CN[C@H]3CCc4cc(Br)ccc43)ccc21)N1CCC(c2ccccc2)CC1,0.26945437490072255
Oc1cccc(N2CCN(CCC[C@@H](F)N3CCC(c4ccccc4)CC3)CC2)c1,0.9999992740487257
Fc1ccc(N2CCN(CCC3CCN(Cc4c[nH]c5c(Br)cccc45)CC3)CC2)cc1,0.9974470251941395
CCCc1cccc2c(CC[C@H](O)CN3CCN(CCCc4c[nH]c5c(C)cccc45)CC3)c[nH]c12,0.3044335852042951
Oc1cccc(N2CCN(CC[C@H](F)[C@H](F)[C@H](O)CN3CCN(c4cccc(O)c4)CC3)CC2)c1,0.39024437446491045
c1ccc(C2CCN(CCCc3ncccn3)CC2)cc1,0.9872369609075492
F[C@H](CCCN1CCN(N2CCC(c3ccccc3)CC2)CC1)N1CCC(c2ccccc2)CC1,0.23139678922972526
CCCc1cccc2c(CCN3CCC(CN[C@H]4CCc5cc(Br)ccc54)CC3)c[nH]c12,0.9999883397651265
Oc1cccc(N2CCN(CCCCc3c[nH]c4c(CCCc5c[nH]c6c(Br)cccc56)cccc34)CC2)c1,0.843285121514625
Brc1cccc2c(CCCCN3CCN(c4cccc(CCCc5c[nH]c6c(Br)cccc56)c4)CC3)c[nH]c12,0.5666699120925925
c1cnc(N2CCN(CCN3CCN(c4ncccn4)CC3)CC2)nc1,0.2517173291169236
Oc1cccc(N2CCN(CCCN3CCN(c4ccc(F)cc4)CC3)CC2)c1,0.9607663672998965
Fc1cccc(CCCc2c[nH]c3c(Br)cccc23)c1,0.14076389498916828
Oc1cccc(N2CCN(CCCCC3CCN(Cc4c[nH]c5c(Br)cccc45)CC3)CC2)c1,0.9999986845999617
Oc1cccc(N2CCN(CCCCCc3c[nH]c4c(CCBr)cccc34)CC2)c1,0.9999999973051202
CCc1cccc2c(CCN3CCC(c4cccc(CCBr)c4)CC3)c[nH]c12,0.999992651475378
F[C@@H](CCN1CCN(CCN2CCC(c3ccccc3)CC2)CC1)N1CCC(c2ccccc2)CC1,0.04630710586476598
CCCc1cccc2c(CCCc3c[nH]c4c(C)cccc34)c[nH]c12,0.3037636172368256
Brc1ccc2c(c1)CC[C@@H]2NCC1CCN(CCCCc2c[nH]c3c(Br)cccc23)CC1,0.9999910310727843
BrCCCc1cccc2c(CN3CCC(N4CCN(c5ccccc5)CC4)CC3)c[nH]c12,0.9999930716530667
Oc1cccc(N2CCN(CCCCC[C@@H](F)CN[C@H]3CCc4cc(Br)ccc43)CC2)c1,0.999999594839186
Oc1cccc(N2CCN(CN3CCN(CC[C@H](F)N4CCC(c5ccccc5)CC4)CC3)CC2)c1,0.3708213972782407
Fc1cccc(CCCCN2CCN(c3cccc(F)c3)CC2)c1,0.9999821683415907
Oc1cccc(N2CCN(CCCCc3c[nH]c4c(CCN5CCN(c6ncccn6)CC5)cccc34)CC2)c1,0.9642931225679554
Oc1cccc(N2CCN(CCCCc3c[nH]c4c(CN5CCN(c6ncccn6)CC5)cccc34)CC2)c1,0.9870564423863687
Oc1cccc(N2CCN(CCCCCc3c[nH]c4c(CCBr)cccc34)CC2)c1,0.9999999973051202
F[C@H](CCCCC[C@H](F)N1CCC(c2ccccc2)CC1)N1CCC(c2ccccc2)CC1,0.19052002030920684
CCCc1cccc2c(CCN3CCC(N4CCN(CCN5CCN(c6ncccn6)CC5)CC4)CC3)c[nH]c12,0.07387791996867603
F[C@H](CCc1c[nH]c2c(CCBr)cccc12)CN[C@H]1CCc2cc(Br)ccc21,0.9811970295078365
F[C@@H](CCCN1CCN(CCc2c[nH]c3c(CCBr)cccc23)CC1)N1CCC(c2ccccc2)CC1,0.5335254869536956
Oc1cccc(N2CCN(CCCCCCc3c[nH]c4c(Br)cccc34)CC2)c1,0.9999999935065562
Oc1cccc(N2CCN(CCC[C@@H](F)Cc3c[nH]c4c(CCBr)cccc34)CC2)c1,0.9999998674248726
Oc1cccc(N2CCN(CCCCCCCN3CCN(c4ncccn4)CC3)CC2)c1,0.9895978357963432
Fc1cccc(Cc2c[nH]c3c(CCBr)cccc23)c1,0.1268693231956377
Fc1cccc(CN2CCN(c3cccc(F)c3)CC2)c1,0.8387738573500428
CC[C@@H](CCCCN1CCN(c2ncccn2)CC1)N1CCC(c2ccccc2)CC1,0.9999982536024011
Cc1cccc2c(CCCCN3CCN(CCCCCc4c[nH]c5c(Br)cccc45)CC3)c[nH]c12,0.6117649973565009
Oc1cccc(N2CCN(CCCCN3CCN(c4ncccn4)CC3)CC2)c1,0.9956916089181699
CCCc1cccc2c(C[C@@H](C)N3CCC[C@H]([C@H]4CCCc5ccccc54)C3)c[nH]c12,0.9560430114815329
F[C@@H](CN[C@H]1CCc2cc(Br)ccc21)CN1CCN(c2ncccn2)CC1,0.9893996657247108
F[C@@H](CN1CCN(c2ncccn2)CC1)N1CCC(c2ccccc2)CC1,0.9970131292873919
F[C@@H](CN[C@H]1CCc2cc(Br)ccc21)Cc1c[nH]c2c(CCBr)cccc12,0.9662017191821516
F[C@H](CCCCN1CCC(c2ccccc2)CC1)CN[C@H]1CCc2cc(Br)ccc21,0.9999970080133455
BrCCc1cccc2c(CCc3c[nH]c4c(Br)cccc34)c[nH]c12,0.14830746205775822
Oc1cccc(N2CCN(c3c[nH]c4c(CCBr)cccc34)CC2)c1,0.12364431933835547
Cc1cccc2c(CCCCN3CCN(F)CC3)c[nH]c12,0.6239862232581297
CCc1cccc2c(CCN3CCC(c4cccc(CN[C@H]5CCc6cc(Br)ccc65)c4)CC3)c[nH]c12,0.9284149222977864
CCc1cccc2c(N3CCN(CCCc4c[nH]c5c(C)cccc45)CC3)c[nH]c12,0.994505910447535
CCCc1cccc2c(CCN3CCC(N4CCN(c5c[nH]c6c(CCBr)cccc56)CC4)CC3)c[nH]c12,0.877399455961738
F[C@H](CCCN1CCN(CN2CCC(c3ccccc3)CC2)CC1)N1CCC(c2ccccc2)CC1,0.07184247153678386
Oc1cccc(C2CCN(CCc3c[nH]c4c(CCCCCCc5c[nH]c6c(Br)cccc56)cccc34)CC2)c1,0.41802304658078704
Oc1cccc(N2CCN(CCCCN3CCC(CN[C@H]4CCc5cc(Br)ccc54)CC3)CC2)c1,0.986047450296778
CCc1cccc2c(CCN3CCC(CCN4CCN(c5cccc(O)c5)CC4)CC3)c[nH]c12,0.9944177938230552
C[C@H](CC[C@H](F)CCCCCN1CCN(c2cccc(O)c2)CC1)N1CCC[C@H]([C@H]2CCCc3ccccc32)C1,0.20751833458295427
CCCc1cccc2c(CCCC3CCN(Cc4c[nH]c5c(Br)cccc45)CC3)c[nH]c12,0.9476857336367245
Oc1cccc(N2CCN(CCCCc3c[nH]c4c(N5CCN(c6ccc(F)cc6)CC5)cccc34)CC2)c1,0.6391423316422469
Brc1cccc2c(CN3CCC(CCCCN4CCN(c5cccc(-c6ncccn6)c5)CC4)CC3)c[nH]c12,0.977160555584176
Fc1ccc2c(c1)CC[C@@H]2C[C@H](F)CCCCC[C@H](F)N1CCC(c2ccccc2)CC1,0.8107317979990307
Fc1ccc2c(c1)CC[C@@H]2CCN1CCN(c2ncccn2)CC1,0.9999906597600661
Oc1cccc(N2CCN(CCCCCCC[C@@H](F)Cc3c[nH]c4c(CCBr)cccc34)CC2)c1,0.990872392172519
Cc1cccc2c(CCCCN3CCN(c4cccc(CN[C@H]5CCc6cc(Br)ccc65)c4)CC3)c[nH]c12,0.9910179137723012
Oc1cccc(N2CCN(CCCN3CCN(c4ncccn4)CC3)CC2)c1,0.9722596777526293
Brc1ccc2c(c1)CC[C@@H]2NCCCCC1CCN(Cc2c[nH]c3c(Br)cccc23)CC1,0.9831017193923887
C[C@H](CC[C@H](F)N1CCC(c2ccccc2)CC1)N1CCC[C@H]([C@H]2CCCc3ccccc32)C1,0.5
F[C@H](CCc1ncccn1)CN[C@H]1CCc2cc(Br)ccc21,0.5604108058569217
CCCc1cccc2c(CCN3CCC(N4CCN(c5cccc(F)c5)CC4)CC3)c[nH]c12,0.9999990730463516
CCCc1cccc2c(C[C@H](F)N3CCC(c4ccccc4)CC3)c[nH]c12,0.9961883614734208
Brc1ccc2c(c1)CC[C@@H]2NCCc1c[nH]c2c(Br)cccc12,0.961136342818947
F[C@H](CCCN1CCN(Br)CC1)N1CCC(c2ccccc2)CC1,0.7999152953291558
F[C@H](CC[C@@H](F)CN[C@H]1CCc2cc(Br)ccc21)CN[C@H]1CCc2cc(Br)ccc21,0.3022383811789533
CCCc1cccc2c(CCCCCc3c[nH]c4c(CCBr)cccc34)c[nH]c12,0.3393598079318603
F[C@H](CCCN1CCN(c2ncccn2)CC1)N1CCC(c2ccccc2)CC1,0.9999998956786694
Cc1cccc2c(CCCCN3CCN(CCC[C@@H](F)N4CCC(c5ccccc5)CC4)CC3)c[nH]c12,0.41146791748631356
F[C@@H](CCCCCc1c[nH]c2c(Br)cccc12)N1CCC(c2ccccc2)CC1,0.9955648541740514
Oc1cccc(N2CCN(CCCCCCCCN3CCN(c4ncccn4)CC3)CC2)c1,0.9591063602268753
BrCCc1cccc2c(N3CCN(CCCCc4c[nH]c5c(Br)cccc45)CC3)c[nH]c12,0.9999987947152196
Cc1cccc2c(CCCCN3CCN(c4cccc(CCc5c[nH]c6c(CCBr)cccc56)c4)CC3)c[nH]c12,0.5499739741891867
Oc1cccc(N2CCN(CCCCCCCCCCN3CCN(c4ncccn4)CC3)CC2)c1,0.5
Oc1cccc(N2CCN(CCC[C@@H](F)Cc3c[nH]c4c(Cc5ccccc5)cccc34)CC2)c1,0.9961453278002208
BrCCc1cccc2c(CCCCCc3c[nH]c4c(Br)cccc34)c[nH]c12,0.3749749514258602
F[C@@H](CCCN1CCN(CCBr)CC1)N1CCC(c2ccccc2)CC1,0.4287822231998128
Cc1cccc2c(CCCCN3CCC(CN[C@H]4CCc5cc(Br)ccc54)CC3)c[nH]c12,0.9973551045097754
Oc1cccc(C2CCN(CCc3c[nH]c4c(CN5CCN(c6ncccn6)CC5)cccc34)CC2)c1,0.990300695465433
Fc1ccc2c(c1)CC[C@@H]2Cc1c[nH]c2c(Br)cccc12,0.3677541622780909
Oc1cccc(N2CCN(CCC[C@@H](F)N3CCN(c4ccc(F)cc4)CC3)CC2)c1,0.989207025812931
F[C@@H](CCc1c[nH]c2c(CCBr)cccc12)N1CCC(c2ccccc2)CC1,0.9939655293923415
CCCc1cccc2c(CCCCCC3CCN(Cc4c[nH]c5c(Br)cccc45)CC3)c[nH]c12,0.7947019477578977
F[C@H](CCCCCN1CCN(c2ncccn2)CC1)N1CCC(c2ccccc2)CC1,0.9999989062951384
Brc1ccc2c(c1)CC[C@@H]2NCCCCCN1CCN(c2ncccn2)CC1,0.9999999532458302
C[C@H](C[C@H]1CCc2cc(Br)ccc21)N1CCC[C@H]([C@H]2CCCc3ccccc32)C1,0.9735736516371867
BrCCc1cccc2c(CCCCCCCCN3CCN(c4ncccn4)CC3)c[nH]c12,0.9941348687338429
CCCCCCCCN1CCN(c2ncccn2)CC1,0.632423479352124
Cc1cccc2c(CCCCCN3CCN(c4cccc(O)c4)CC3)c[nH]c12,0.9999999854584555
Brc1cccc2c(CCCCCN3CCN(Cc4c[nH]c5c(Br)cccc45)CC3)c[nH]c12,0.7171359089092726
Oc1cccc(N2CCN(CCCCN[C@H]3CCc4cc(Br)ccc43)CC2)c1,0.9999999982406272
F[C@@H](CCCCN1CCN(c2ncccn2)CC1)N1CCC(c2ccccc2)CC1,0.9999998163037345
Brc1ccc2c(c1)CC[C@@H]2NNCCCCCN1CCN(c2ncccn2)CC1,0.9999918374488126
c1cnc(N2CCN(CCCCCCN3CCN(c4ncccn4)CC3)CC2)nc1,0.6682224967007827
Oc1cccc(N2CCN(CCCCCCCBr)CC2)c1,0.3443412168927898
Brc1ccc2c(c1)CC[C@@H]2NCCCN1CCN(c2ncccn2)CC1,0.9999986043888613
F[C@H](CCCCCN1CCN(c2ncccn2)CC1)N1CCC(CCCc2c[nH]c3c(Br)cccc23)CC1,0.9576061916894036
Fc1cccc(N2CCN(C[C@@H](F)CCCCN3CCN(c4ncccn4)CC3)CC2)c1,0.9958041184741832
Oc1cccc(N2CCN(CCC[C@@H](F)Cc3c[nH]c4c(CBr)cccc34)CC2)c1,0.9999996383630354
Fc1cccc(N2CCN(CCCCCc3c[nH]c4c(CCBr)cccc34)CC2)c1,0.9999999966451008
Fc1ccc2c(c1)CC[C@@H]2Cc1ccc2c(c1)CC[C@@H]2NCCCCCN1CCN(c2ncccn2)CC1,0.8727549370210228
Oc1cccc(N2CCN(CCC[C@@H](O)N3CCC(c4ccccc4)CC3)CC2)c1,0.9973951469895038
Oc1cccc(N2CCN(CCCCCCCC[C@@H](F)Cc3c[nH]c4c(CBr)cccc34)CC2)c1,0.9517442771672471
BrCCc1cccc2c(N3CCN(CCCCCc4c[nH]c5c(Br)cccc45)CC3)c[nH]c12,0.999998027075239
CCC[C@H](CCCN1CCN(c2cccc(O)c2)CC1)N1CCC(c2ccccc2)CC1,0.9965817070041512
Oc1cccc(N2CCN(CCCCC[C@@H](F)Cc3c[nH]c4c(CCBr)cccc34)CC2)c1,0.999999680511612
Oc1cccc(N2CCN(CCCN3CCN(c4cccc(F)c4)CC3)CC2)c1,0.9281120675186545
Cc1cccc2c(CCC[C@@H](F)N3CCC(c4ccccc4)CC3)c[nH]c12,0.9960981412800449
Fc1ccc2c(c1)CC[C@@H]2CCCN1CCN(c2ncccn2)CC1,0.9999998982484001
Cc1cccc2c(CCc3c[nH]c4c(CCBr)cccc34)c[nH]c12,0.14498996217220383
Cc1cccc2c(CCCCN3CCN(C[C@@H](F)N4CCC(c5ccccc5)CC4)CC3)c[nH]c12,0.6402044149899799
Oc1cccc(N2CCN(CCCCCCCN[C@H]3CCc4cc(Br)ccc43)CC2)c1,0.9999986089535196
F[C@H](CCCCCN1CCN(c2ncccn2)CC1)N1CCC(c2c[nH]c3c(Br)cccc23)CC1,0.9999941920978047
F[C@H](c1c[nH]c2c(Br)cccc12)N1CCC(c2ccccc2)CC1,0.9565388946744433
Fc1ccc2c(c1)CC[C@@H]2C[C@H](F)CCCCCN1CCN(CCCCCc2c[nH]c3c(Br)cccc23)CC1,0.3761324200425526
F[C@H](CCN1CCN(c2ncccn2)CC1)N1CCC(c2ccccc2)CC1,0.9999987321574251
Oc1cccc(N2CCN(CCCCC[C@@H](F)Cc3c[nH]c4c(CCBr)cccc34)CC2)c1,0.999999680511612
Oc1cccc(N2CCN(CCC[C@@H](F)Cc3c[nH]c4c(CCBr)cccc34)CC2)c1,0.9999998674248726
F[C@H](CCCCCN1CCN(Cc2c[nH]c3c(CCBr)cccc23)CC1)Cc1c[nH]c2c(CCBr)cccc12,0.19582377156483882
Fc1ccc2c(c1)CC[C@@H]2C[C@H](F)CCCCCN1CCN(c2c[nH]c3c(CCBr)cccc23)CC1,0.9924523441595904
Fc1cccc(N2CCN(CCCCCN3CCN(c4ncccn4)CC3)CC2)c1,0.999986749767555
Fc1cccc(N2CCN(CCCCCN3CCN(c4cccc(F)c4)CC3)CC2)c1,0.898510722976325
Fc1cccc(Cc2c[nH]c3c(CCBr)cccc23)c1,0.1268693231956377
BrC[C@@H](CCCCN1CCN(c2ncccn2)CC1)N1CCC(c2ccccc2)CC1,0.999999660456226
F[C@H](CCCCC[C@@H](CBr)CCCCN1CCN(c2ncccn2)CC1)Cc1c[nH]c2c(CCBr)cccc12,0.6651587909854146
Cc1cccc2c(CCN[C@H]3CCc4cc(Br)ccc43)c[nH]c12,0.9881528304927482
Oc1cccc(N2CCN([C@@H](CBr)CCCCN3CCN(c4ncccn4)CC3)CC2)c1,0.9999851241626506
F[C@H](Cc1ccccc1)Cc1c[nH]c2c(CCBr)cccc12,0.24978757580176156
Oc1cccc(N2CCN(CCCCCCN3CCN(c4cccc(O)c4)CC3)CC2)c1,0.840581684840049
Oc1cccc(N2CCN(CCCCN3CCN(c4ncccn4)CC3)CC2)c1,0.9956916089181699
CCN1CCN(CCCC[C@H](CBr)N2CCC(c3ccccc3)CC2)CC1,0.64146845995544
Fc1cccc(N2CCN(CC[C@@H](F)N3CCC(c4ccccc4)CC3)CC2)c1,0.9999917456636273
Fc1cccc(N2CCN(CCCCN3CCC(c4ccccc4)CC3)CC2)c1,0.9999980471955761
Oc1cccc(N2CCN(CCCCC[C@@H](F)CCCCCN3CCN(c4cccc(F)c4)CC3)CC2)c1,0.37323852118329326
F[C@H](CCN1CCN(CCCCc2c[nH]c3c(Br)cccc23)CC1)N1CCC(c2ccccc2)CC1,0.7739984406252647
Oc1cccc(N2CCN(CCC[C@@H](F)C[C@@H](F)Cc3c[nH]c4c(CCBr)cccc34)CC2)c1,0.9999925715597432
BrC[C@@H](CCCCN1CCN(c2ncccn2)CC1)N1CCC(CN[C@H]2CCc3cc(Br)ccc32)CC1,0.9625460244079246
Cc1cccc2c(CCCCCCCCN3CCN(c4cccc(O)c4)CC3)c[nH]c12,0.999990919040656
Fc1cccc(N2CCN(CCCCC[C@@H](F)CN[C@H]3CCc4cc(Br)ccc43)CC2)c1,0.9999966558043164
F[C@H](CCCCCCCCc1c[nH]c2c(CCBr)cccc12)Cc1c[nH]c2c(CCBr)cccc12,0.07231454227867658
Fc1cccc(N2CCN(CCN3CCN(CCC[C@H]4CCc5cc(F)ccc54)CC3)CC2)c1,0.6236434098599696
CCCc1cccc2c(CCN3CCN(CCCCc4c[nH]c5c(Br)cccc45)CC3)c[nH]c12,0.8354878108376287
OCCc1cccc2c(C[C@H](F)CCCN3CCN(c4cccc(O)c4)CC3)c[nH]c12,0.9999977366040326
Fc1cccc(N2CCN(CCCN3CCC(c4ccccc4)CC3)CC2)c1,0.9972671747829398
BrC[C@@H](CCCCN1CCN(c2ncccn2)CC1)NCCCCCN1CCN(c2ncccn2)CC1,0.27937814297897545
Fc1cccc(N2CCN(CCCCCCCc3c[nH]c4c(CCBr)cccc34)CC2)c1,0.999999830533609
BrCCc1cccc2c(CCC[C@H]3CCc4cc(Br)ccc43)c[nH]c12,0.9374095611261586
Fc1cccc(CN2CCN(c3cccc(F)c3)CC2)c1,0.8387738573500428
F[C@@H](CN[C@H]1CCc2cc(Br)ccc21)CN1CCN(CCC[C@H](F)N2CCC(c3ccccc3)CC2)CC1,0.397951686644368
FN1CCN(CCCC[C@H](CBr)N2CCC(c3ccccc3)CC2)CC1,0.8876936576160606
CCCCCCCCCN1CCN(c2cccc(O)c2)CC1,0.20128850513455865
Fc1cccc(N2CCN(CCCC[C@@H](F)N3CCC(c4ccccc4)CC3)CC2)c1,0.9999975418243058
Fc1cccc(N2CCN(CCCCCN3CCC(c4ccccc4)CC3)CC2)c1,0.9999934077666006
Fc1cccc(N2CCN(CCCCC[C@@H](F)Cc3c[nH]c4c(CCBr)cccc34)CC2)c1,0.9999992427907292
Cc1cccc2c(CC[C@@H](F)Cc3c[nH]c4c(CCBr)cccc34)c[nH]c12,0.3217651047417218
Fc1cccc(N2CCN(CCCCCCCCc3c[nH]c4c(CCBr)cccc34)CC2)c1,0.9999819319619779
Fc1cccc(N2CCN(CCCCc3c[nH]c4c(Br)cccc34)CC2)c1,0.9999999350932309
F[C@H](CC[C@@H](F)N1CCC(c2ccccc2)CC1)Cc1c[nH]c2c(CCBr)cccc12,0.9714392314868098
Fc1ccc2c(c1)CC[C@@H]2C[C@H](F)CCCCCN1CCN(CCBr)CC1,0.9573432536565595
F[C@@H](Cc1c[nH]c2c(CBr)cccc12)C[C@H]1CCc2cc(Br)ccc21,0.7216530529998012
F[C@H](CCCCCCc1c[nH]c2c(CCBr)cccc12)Cc1c[nH]c2c(CCBr)cccc12,0.15692904653103654
Fc1cccc(N2CCN(CCCCCCCCCc3c[nH]c4c(Br)cccc34)CC2)c1,0.9673489908824118
Oc1cccc(N2CCN(CCCCN[C@H]3CCc4cc(Br)ccc43)CC2)c1,0.9999999982406272
F[C@@H](Cc1c[nH]c2c(CBr)cccc12)CN1CCN(CCCCc2c[nH]c3c(Br)cccc23)CC1,0.6748108793367147
Brc1ccc2c(c1)CC[C@@H]2N1CCC(c2ccccc2)CC1,0.9999938567801689
Oc1cccc(N2CCN(CCCCC[C@@H](F)[C@@H](CBr)CCCCN3CCN(c4ncccn4)CC3)CC2)c1,0.7798248760846838
Fc1cccc(N2CCN(C[C@@H](F)CN[C@H]3CCc4cc(Br)ccc43)CC2)c1,0.9999850060269713
F[C@H](CCCCCN1CCN(c2cccc(CBr)c2)CC1)CN[C@H]1CCc2cc(Br)ccc21,0.9999967553541905
Fc1ccc2c(c1)CC[C@@H]2C[C@@H](CBr)CCCCN1CCN(c2ncccn2)CC1,0.9999999682484753
Oc1cccc(N2CCN(CCCCCC(F)F)CC2)c1,0.23606820098089956
Oc1cccc(N2CCN(CCCCC[C@@H](F)Cc3c[nH]c4c(Br)cccc34)CC2)c1,0.9999999201692574
Oc1cccc(N2CCN(CCCCN[C@@H](CBr)CCCCN3CCN(c4ncccn4)CC3)CC2)c1,0.9562905698935641
F[C@H](CCCCCN[C@H]1CCc2cc(Br)ccc21)Cc1c[nH]c2c(Br)cccc12,0.8872608001490552
Cc1cccc2c(Cc3c[nH]c4c(C)cccc34)c[nH]c12,0.03941961588803614
Fc1ccc2c(c1)CC[C@@H]2C[C@H](F)CCCCCN1CCN(CCCCc2c[nH]c3c(Br)cccc23)CC1,0.6404867670110139
Brc1ccc2c(c1)CC[C@@H]2CCCCc1c[nH]c2c(Br)cccc12,0.7458468803025379
CCCc1cccc2c(CC[C@H](F)CCCN3CCN(c4cccc(O)c4)CC3)c[nH]c12,0.9999999979633157
Fc1cccc(N2CCN(CCCCCCc3ccccc3)CC2)c1,0.999999293968434
Cc1cccc2c(CCCCCc3c[nH]c4c(CCBr)cccc34)c[nH]c12,0.3273962492545788
F[C@@H](CN1CCN(CCCCCc2c[nH]c3c(Br)cccc23)CC1)N1CCC(c2ccccc2)CC1,0.7837966159626977
Oc1cccc(N2CCN(CCC[C@@H](F)c3c[nH]c4c(Br)cccc34)CC2)c1,0.9999989545595084
Fc1cccc(N2CCN(CCCCNCCCCCN3CCN(c4ncccn4)CC3)CC2)c1,0.953444532170395
F[C@H](CCCC[C@H](F)N1CCC(c2ccccc2)CC1)Cc1c[nH]c2c(CCBr)cccc12,0.930755175568611
Fc1ccc2c(c1)CC[C@@H]2CCC[C@H](F)N1CCC(c2ccccc2)CC1,0.9963436284730524
Oc1cccc(N2CCN(CCCCCCc3c[nH]c4c(Br)cccc34)CC2)c1,0.9999999935065562
Fc1ccc2c(c1)CC[C@@H]2C[C@H](F)CCCCCN1CCN(CCCN2CCN(c3ncccn3)CC2)CC1,0.2774839824178357
Oc1cccc(N2CCN(CCCCc3c[nH]c4c(-c5cccc(F)c5)cccc34)CC2)c1,0.999991884556512
Oc1cccc(N2CCN(CCCCC[C@@H](F)CCCCN3CCN(c4cccc(F)c4)CC3)CC2)c1,0.6524436507101357
Cc1cccc2c(CCN[C@H]3CCc4cc(Br)ccc43)c[nH]c12,0.9881528304927482
CCCc1cccc2c(N3CCN(CCCCc4c[nH]c5c(C)cccc45)CC3)c[nH]c12,0.9999870169708232
Oc1cccc(N2CCN(CCCCCN3CCN(c4cccc(O)c4)CC3)CC2)c1,0.8661196044662892
Brc1ccc2c(c1)CC[C@@H]2NCCCCN1CCN(CN2CCN(c3ncccn3)CC2)CC1,0.905617939681266
Brc1cccc2c(CCCCN3CCN(c4ncccn4)CC3)c[nH]c12,0.9999963762286912
Oc1cccc(N2CCN(CCCCCCCNCCCCCN3CCN(c4ncccn4)CC3)CC2)c1,0.40623807261401457
Fc1cccc(N2CCN(CCCCCCCCCCc3c[nH]c4c(CCBr)cccc34)CC2)c1,0.7645994741042447
Oc1cccc(N2CCN(CCCc3c[nH]c4c(CCBr)cccc34)CC2)c1,0.9999999096208816
Fc1cccc(N2CCN(CCCC[C@@H](F)Cc3c[nH]c4c(Br)cccc34)CC2)c1,0.9999996936065678
Brc1ccc2c(c1)CC[C@@H]2NCCCc1c[nH]c2c(Br)cccc12,0.9369765229548123
Fc1cccc(N2CCN(CCCCCCCC[C@@H](F)Cc3c[nH]c4c(Br)cccc34)CC2)c1,0.9259432352691185
F[C@H](CCCCc1c[nH]c2c(CCBr)cccc12)Cc1c[nH]c2c(Br)cccc12,0.4257942960084263
Oc1cccc(N2CCN(CCCCC[C@@H](F)CCN3CCN(c4cccc(O)c4)CC3)CC2)c1,0.7441767590320368
Cc1cccc2c(CCc3cccc4c(CCCCN5CCN(c6cccc(F)c6)CC5)c[nH]c34)c[nH]c12,0.7541109958724173
Oc1cccc(N2CCN(CCC[C@@H](F)[C@@H](F)CCCCN3CCN(c4ncccn4)CC3)CC2)c1,0.9562474388848167
Oc1cccc(CCCCCN2CCN(c3cccc(F)c3)CC2)c1,0.9999928706426081
Oc1ccc2c(c1)CC[C@@H]2NCCCCCN1CCN(c2ncccn2)CC1,0.9999998483679803
Cc1cccc2c(CCCCN3CCN(c4cccc(-c5cccc(O)c5)c4)CC3)c[nH]c12,0.9999924406636395
Fc1ccc2c(c1)CC[C@@H]2C[C@H](F)CCCCC[C@@H](F)Cc1c[nH]c2c(Br)cccc12,0.33544110473714256
Fc1cccc(N2CCN(CCCCCCc3c[nH]c4c(Br)cccc34)CC2)c1,0.9999999507487041
Cc1cccc2c(-c3ccc4c(c3)CC[C@@H]4NCCCCCN3CCN(c4ncccn4)CC3)c[nH]c12,0.9817634045335467
Oc1cccc(N2CCN(c3c[nH]c4c(CCBr)cccc34)CC2)c1,0.12364431933835547
Oc1cccc(N2CCN(CCC[C@@H](F)CCCC[C@H](F)N3CCC(c4ccccc4)CC3)CC2)c1,0.9023462148698574
Oc1cccc(N2CCN(CCCCC[C@@H](F)c3ncccn3)CC2)c1,0.9903729789707632
Oc1cccc(N2CCN(CCCCCCCCCN3CCN(c4cccc(F)c4)CC3)CC2)c1,0.5993997018490402
Fc1cccc(CCC[C@@H](F)Cc2c[nH]c3c(Br)cccc23)c1,0.2659915856445547
Oc1cccc(N2CCN(CCCCCCCCN3CCN(c4ncccn4)CC3)CC2)c1,0.9591063602268753
CCCc1cccc2c(CC[C@H](F)CCCCCCCC[C@@H](F)C[C@H]3CCc4cc(F)ccc43)c[nH]c12,0.046234964679806846
Brc1ccc2c(c1)CC[C@@H]2CCN[C@H]1CCc2cc(Br)ccc21,0.9225059899666774
Brc1cccc2c(CCCN3CCC(c4ccccc4)CC3)c[nH]c12,0.9999992968113857
Oc1cccc(N2CCN(CCC[C@@H](F)Cc3c[nH]c4c(CCCBr)cccc34)CC2)c1,0.9999999223145047
F[C@@H](CCCN1CCN(CCBr)CC1)N1CCC(c2ccccc2)CC1,0.4287822231998128
Fc1cccc(N2CCN(CCCCCCCCCCCN3CCN(c4ncccn4)CC3)CC2)c1,0.22962773012175464
Oc1cccc(N2CCN(CCCCc3c[nH]c4c(CCN[C@H]5CCc6cc(Br)ccc65)cccc34)CC2)c1,0.9930550293138065
Oc1cccc(N2CCN(CCC[C@@H](F)CCCN[C@H]3CCc4cc(Br)ccc43)CC2)c1,0.9999996209349802
Fc1cccc(N2CCN(CCCC[C@@H](F)CN[C@H]3CCc4cc(Br)ccc43)CC2)c1,0.9999996999380814
Cc1cccc2c(CCCCN3CCN(CCCCCN4CCN(c5ncccn5)CC4)CC3)c[nH]c12,0.39152624966328103
Oc1cccc(N2CCN(CCCCCCCC[C@@H](F)N3CCC(c4ccccc4)CC3)CC2)c1,0.7811778782001283
Fc1cccc(N2CCN(CCCCN3CCN(CCC[C@H]4CCc5cc(F)ccc54)CC3)CC2)c1,0.6097890506589808
Oc1cccc(N2CCN(CCCCCCCc3c[nH]c4c(CBr)cccc34)CC2)c1,0.9999999141996272
Oc1cccc(N2CCN(CCCCc3c[nH]c4c(Cc5c[nH]c6c(CCBr)cccc56)cccc34)CC2)c1,0.8498449922339053
O[C@@H](CCCCN1CCN(c2ncccn2)CC1)N1CCC(c2ccccc2)CC1,0.9999984443835307
Cc1cccc2c(CCCCc3c[nH]c4c(Br)cccc34)c[nH]c12,0.15765197692011992
BrCCc1cccc2c(CCCCCCc3c[nH]c4c(CBr)cccc34)c[nH]c12,0.29147100777400964
Fc1ccc2c(c1)CC[C@@H]2C[C@H](F)CCCCCCCC[C@@H](F)Cc1c[nH]c2c(Br)cccc12,0.06693776213100341
Oc1cccc(N2CCN(CCC[C@@H](F)CCBr)CC2)c1,0.5317812719851494
BrCCc1cccc2c(CCCc3c[nH]c4c(CBr)cccc34)c[nH]c12,0.21803279039375018
F[C@@H](CCN1CCN(CCCCc2c[nH]c3c(Br)cccc23)CC1)N1CCC(c2ccccc2)CC1,0.7739984406252647
Brc1ccc2c(c1)CC[C@@H]2NCCCN1CCN(c2ncccn2)CC1,0.9999986043888613
Fc1cccc(N2CCN(CCCCc3c[nH]c4c(CCBr)cccc34)CC2)c1,0.9999999977096838
BrCCc1cccc2c(CCCCCc3c[nH]c4c(Br)cccc34)c[nH]c12,0.3749749514258602
Cc1cccc2c(CCCCN[C@H]3CCc4cc(O)ccc43)c[nH]c12,0.9790693255702568
Fc1ccc2c(c1)CC[C@@H]2CCCCCN1CCN(c2ncccn2)CC1,0.9999999311734048
CCCc1cccc2c(CC[C@H](F)CCCCCBr)c[nH]c12,0.5071978242241201
F[C@@H](CCCN1CCN(N2CCC(c3ccccc3)CC2)CC1)N1CCC(c2ccccc2)CC1,0.23139678922972526
Oc1ccc2c(c1)CC[C@@H]2NCCN1CCN(c2cccc(F)c2)CC1,0.9999966443787666
Cc1cccc2c(CN3CCN(CCCCCc4c[nH]c5c(Br)cccc45)CC3)c[nH]c12,0.8429572258623267
F[C@H](Cc1c[nH]c2c(Br)cccc12)N1CCC(c2ccccc2)CC1,0.9801904985405251
Oc1cccc(N2CCN(CCCCCC[C@H]3CCc4cc(F)ccc43)CC2)c1,0.9999997787748963
Fc1cccc(N2CCN(CC[C@H]3CCc4cc(Br)ccc43)CC2)c1,0.9999994482240067
Fc1ccc2c(c1)CC[C@@H]2N1CCN(CCCCCc2c[nH]c3c(Br)cccc23)CC1,0.9999824711745141
Brc1ccc2c(c1)CC[C@@H]2NCc1cccc(N2CCN(CCCCc3c[nH]c4c(Br)cccc34)CC2)c1,0.9950559146501466
Cc1cccc2c(CCc3c[nH]c4c(CCCBr)cccc34)c[nH]c12,0.1985148741231263
Fc1cccc(N2CCN(CCCCCCc3c[nH]c4c(Br)cccc34)CC2)c1,0.9999999507487041
BrCCc1cccc2c(CCCCCN3CCN(c4ncccn4)CC3)c[nH]c12,0.9999998848227027
CCCc1cccc2c(CCc3c[nH]c4c(C)cccc34)c[nH]c12,0.22627186067011207
Oc1cccc(N2CCN(CCCCCCCc3ncccn3)CC2)c1,0.987292991243392
Oc1cccc(N2CCN(CCC[C@H](Cc3c[nH]c4c(CCBr)cccc34)c3cccc(F)c3)CC2)c1,0.9999830837001974
CCCc1cccc2c(CCc3c[nH]c4c(CCBr)cccc34)c[nH]c12,0.2982391486560252
Oc1cccc(N2CCN(CCC[C@@H](F)CCCN3CCN(c4cccc(F)c4)CC3)CC2)c1,0.9361097393380678
Cc1cccc2c(CCCCCCN3CCN(c4cccc(F)c4)CC3)c[nH]c12,0.9999999917891956
CCCc1cccc2c(CCCCCN3CCN(c4cccc(O)c4)CC3)c[nH]c12,0.9999999975669698
Oc1cccc(N2CCN(CCCC[C@H](F)CCCN3CCN(c4cccc(O)c4)CC3)CC2)c1,0.7383673487197417
Fc1cccc(N2CCN(CCCC[C@@H](F)Cc3c[nH]c4c(CCCBr)cccc34)CC2)c1,0.9999997465938274
Brc1ccc2c(c1)CC[C@@H]2NCCCCCCCc1c[nH]c2c(Br)cccc12,0.830932761672952
Oc1cccc(N2CCN(CCC[C@@H](F)CCN3CCN(c4cccc(O)c4)CC3)CC2)c1,0.8367398777657555
F[C@@H](CCCN1CCN(c2c[nH]c3c(CCCBr)cccc23)CC1)N1CCC(c2ccccc2)CC1,0.9944785127522315
Cc1cccc2c(CCCCCCCN3CCN(c4cccc(F)c4)CC3)c[nH]c12,0.9999998914135403
Brc1cccc2c(CCCc3cccc4c(CCCCCN5CCN(c6ncccn6)CC5)c[nH]c34)c[nH]c12,0.7564065154942299
Fc1cccc(N2CCN(CN3CCN(CCCCCCCc4c[nH]c5c(CBr)cccc45)CC3)CC2)c1,0.8447461933800253
Fc1cccc(CC[C@@H](F)N2CCC(c3ccccc3)CC2)c1,0.9617302280322139
Oc1cccc(N2CCN(CCC[C@@H](F)CCBr)CC2)c1,0.5317812719851494
Fc1ccc2c(c1)CC[C@@H]2CC[C@@H](F)N1CCC(c2ccccc2)CC1,0.9966613637930177
Fc1cccc(CCCCc2c[nH]c3c(Br)cccc23)c1,0.16898757764109743
Cc1cccc2c(CCCCN3CCN(c4cccc(-c5c[nH]c6c(CCCBr)cccc56)c4)CC3)c[nH]c12,0.906671161532324
Oc1cccc(N2CCN(CCCCN3CCN(c4cccc(O)c4)CC3)CC2)c1,0.8490112328622196
Fc1cccc(C[C@H](F)N2CCC(c3ccccc3)CC2)c1,0.902790297081456
Oc1cccc(N2CCN(CCCCC[C@@H](F)CN[C@H]3CCc4cc(Br)ccc43)CC2)c1,0.999999594839186
Oc1cccc(N2CCN(CCCCCCCCCCCCN3CCN(c4cccc(F)c4)CC3)CC2)c1,0.07384325373896297
Cc1cccc2c(CCCc3cccc(O)c3)c[nH]c12,0.35047319629124685
BrCCCc1cccc2c(NCCCCCN3CCN(c4ncccn4)CC3)c[nH]c12,0.99999927046511
Cc1cccc2c(CCC[C@H](F)CCCN3CCN(c4cccc(O)c4)CC3)c[nH]c12,0.999999972002491
Cc1cccc2c(CCCCCN3CCN(c4cccc(O)c4)CC3)c[nH]c12,0.9999999854584555
Fc1ccc2c(c1)CC[C@@H]2CCCN1CCN(CCc2c[nH]c3c(Br)cccc23)CC1,0.997198545161665
Brc1cccc2c(CCCCN3CCN(CCc4c[nH]c5c(Br)cccc45)CC3)c[nH]c12,0.6354324461278903
Oc1cccc(N2CCN(CCC[C@@H](F)CCN3CCN(c4cccc(O)c4)CC3)CC2)c1,0.8367398777657555
Oc1cccc(N2CCN(CCCCCCCCc3c[nH]c4c(Br)cccc34)CC2)c1,0.99999505327421
Brc1ccc2c(c1)CC[C@@H]2CCCN[C@H]1CCc2cc(Br)ccc21,0.9537715868834844
F[C@H](CCCCc1c[nH]c2c(CCBr)cccc12)Cc1c[nH]c2c(Br)cccc12,0.4257942960084263
BrCCc1cccc2c(CCCCCCCc3c[nH]c4c(CBr)cccc34)c[nH]c12,0.23596846774132524
Fc1ccc2c(c1)CC[C@@H]2CCCCc1c[nH]c2c(Br)cccc12,0.7458468803025379
Cc1cccc2c(C[C@H]3CCc4cc(F)ccc43)c[nH]c12,0.6193109516909067
Cc1cccc2c(CCCCCc3c[nH]c4c(CCBr)cccc34)c[nH]c12,0.3273962492545788
Fc1cccc(N2CCN(CCN[C@H]3CCc4cc(Br)ccc43)CC2)c1,0.9999976547703341
Oc1cccc(N2CCN(CCCCCCCN3CCN(c4cccc(F)c4)CC3)CC2)c1,0.9492040376885812
Fc1ccc2c(c1)CC[C@@H]2C[C@@H](CBr)CCCCN1CCN(Cc2c[nH]c3c(CCBr)cccc23)CC1,0.876655954464458
BrCCc1cccc2c(Cc3c[nH]c4c(CCBr)cccc34)c[nH]c12,0.1208389354263614
Cc1cccc2c(CCC[C@H](F)CCCCC[C@@H](F)N3CCC(c4ccccc4)CC3)c[nH]c12,0.7031751853146938
Fc1cccc(CC[C@@H](F)N2CCC(c3ccccc3)CC2)c1,0.9617302280322139
Cc1cccc2c(CCCCCCCN3CCN(c4cccc(F)c4)CC3)c[nH]c12,0.9999998914135403
Brc1ccc2c(c1)CC[C@@H]2NCCCCCN[C@H]1CCc2cc(Br)ccc21,0.5360298736623746
Fc1cccc(N2CCN(CCCCCCCCCCc3c[nH]c4c(CBr)cccc34)CC2)c1,0.8266950512618164
Fc1cccc(N2CCN(CC[C@@H](F)N3CCC(c4ccccc4)CC3)CC2)c1,0.9999917456636273
Cc1cccc2c(CCC[C@H](F)N3CCN(CCCCCCc4c[nH]c5c(Br)cccc45)CC3)c[nH]c12,0.543977693163887
Oc1cccc(N2CCN(CCC[C@@H](F)CCCN[C@H]3CCc4cc(Br)ccc43)CC2)c1,0.9999996209349802
Cc1cccc2c(CCCCN3CCN(NCCCCN4CCN(c5cccc(O)c5)CC4)CC3)c[nH]c12,0.9566320804711017
Oc1cccc(N2CCN(CCCCNCC[C@H](F)CCCN3CCN(c4cccc(O)c4)CC3)CC2)c1,0.42870262997119485
Fc1cccc(N2CCN(CCCCCN3CCN(c4cccc(F)c4)CC3)CC2)c1,0.898510722976325
Oc1cccc(N2CCN(CCCCc3c[nH]c4c(CCCN[C@H]5CCc6cc(Br)ccc65)cccc34)CC2)c1,0.9714957938304157
CCCCCCCN1CCN(c2cccc(O)c2)CC1,0.2306775247018538
F[C@H](CCCc1c[nH]c2c(CCBr)cccc12)Cc1c[nH]c2c(CCCBr)cccc12,0.2724004332304252
Cc1cccc2c(CCC[C@H](F)CCCCCCc3c[nH]c4c(CBr)cccc34)c[nH]c12,0.15229051385172634
CCCc1cccc2c(-c3c[nH]c4c(CCCBr)cccc34)c[nH]c12,0.12999029608908716
CCCc1cccc2c(CCCCCc3c[nH]c4c(CCC)cccc34)c[nH]c12,0.22194604959893174
Cc1cccc2c(CCCCCCCN3CCN(N4CCN(c5ncccn5)CC4)CC3)c[nH]c12,0.6811005074457691
CCCc1cccc2c(CCCc3c[nH]c4c(CCBr)cccc34)c[nH]c12,0.3618767756110967
F[C@@H](CCCCCN[C@H]1CCc2cc(Br)ccc21)N1CCC(c2ccccc2)CC1,0.9885289044479559
F[C@H](CCCN[C@H]1CCc2cc(Br)ccc21)Cc1c[nH]c2c(Br)cccc12,0.9500784309728173
Fc1cccc(N2CCN(CCCCCc3c[nH]c4c(CCBr)cccc34)CC2)c1,0.9999999966451008
CCCc1cccc2c(CCCc3c[nH]c4c(CCBr)cccc34)c[nH]c12,0.3618767756110967
Cc1cccc2c(CCC[C@H](F)CCCN3CCN(C[C@H](F)N4CCC(c5ccccc5)CC4)CC3)c[nH]c12,0.2419913710164507
Oc1cccc(N2CCN(CCC[C@H]3CCc4cc(Br)ccc43)CC2)c1,0.9999999968283771
CCCc1cccc2c(CCCc3c[nH]c4c(CCBr)cccc34)c[nH]c12,0.3618767756110967
CCCc1cccc2c(N3CCN(c4cccc(F)c4)CC3)c[nH]c12,0.17577348233821583
Fc1ccc2c(c1)CC[C@@H]2C[C@@H](CBr)CCCCN1CCN([C@@H](F)Cc2c[nH]c3c(Br)cccc23)CC1,0.946216722897662
CCCc1cccc2c(CC[C@H](F)CCCC[C@H](F)N3CCC(c4ccccc4)CC3)c[nH]c12,0.8919575603359706
Cc1cccc2c(CCCCCN3CCN(Br)CC3)c[nH]c12,0.6347908289661217
Cc1cccc2c(CCCNCCCCCN3CCN(c4ncccn4)CC3)c[nH]c12,0.9999973090781886
Fc1ccc2c(c1)CC[C@@H]2c1c[nH]c2c(Br)cccc12,0.22666696421795066
Brc1cccc2c(CCCCc3ccc4c(c3)CC[C@@H]4CCCCCN3CCN(c4ncccn4)CC3)c[nH]c12,0.6572741193363397
Fc1cccc(-c2cccc(N3CCN(CCC[C@@H](F)CN[C@H]4CCc5cc(Br)ccc54)CC3)c2)c1,0.9961654910028696
CCCCCCCCCCCCN1CCN(c2cccc(O)c2)CC1,0.11655224495291203
CCCc1cccc2c(C(F)CCCN3CCN(c4cccc(O)c4)CC3)c[nH]c12,0.9999999937697229
CCc1cccc2c(CCCCN3CCN(c4cccc(C(=O)O)c4)CC3)c[nH]c12,0.9999994103660338
CCCCCC(F)c1c[nH]c2c(CCc3cccc4ccccc34)cccc12,0.1658774419867713
BrCCc1cccc2c(CCCCCCCCc3c[nH]c4ccccc34)c[nH]c12,0.21134274342670667
Cc1cccc2c(CCCCN3CCN(N4CCN(CCC5CC5)CC4)CC3)c[nH]c12,0.5
CCCc1cccc2c(CN3CCN(CCCCCCc4c[nH]c5c(Br)cccc45)CC3)c[nH]c12,0.8345348702513489
Oc1cccc(N2CCN(CCCCNCCCc3ccc(-c4c[nH]c5c(CCBr)cccc45)cc3)CC2)c1,0.9851648296699547
Cc1cccc2c(CCCCCCN3CCN(CC4CC4)CC3)c[nH]c12,0.9129800077873758
FCc1ccccc1C(F)Cc1c[nH]c2c(Br)cccc12,0.058464678396524326
CN1CCN(CCC(F)N2CCC(c3ccccc3)CC2)CC1,0.2596804433968003
CCCCC(NC1CCc2cc(F)ccc21)C(=O)N1CCNCC1,0.12252413123301215
Oc1cccc(N2CCN(CCCCN3CCC(c4ccccc4)CC3)CC2)c1,0.9999970673625125
FC(CCCC(F)N1CCC(c2ccccc2)CC1)Cc1c[nH]c2c(CCC3(Br)CC3)cccc12,0.7834716390470304
BrCCc1cccc2c(CCCC3CCCC3)c[nH]c12,0.2579009595174711
c1ccc(N2CCN(CCCCc3c[nH]c4c(N5CCN(c6ncccn6)CC5)cccc34)CC2)cc1,0.8502285815894873
Cc1cccc2c(CCCCCN3CCN(CCc4c[nH]c5ccccc45)CC3)c[nH]c12,0.764209125489451
Oc1cccc(N2CCN(CCCCNCF)CC2)c1,0.40848331462364756
Cc1ccc2c(c1)CCC2CCCCCN1CCN(c2ncccn2)CC1,0.9999989673647348
Fc1cccc2c1-c1cccc(c1)N1CCN(CC2)CC1,0.8484612286345685
NC1CCc2cc(C(F)Cc3c[nH]c4c(C(=O)C=O)cccc34)ccc21,0.44150631576268273
Cc1cccc2c(CCCCN3CCCC3=O)c[nH]c12,0.013725121598667997
BrCCc1cccc2c(CCCCCCCN3CCN(c4ccccc4)CC3)c[nH]c12,0.9999999113174316
O=Cc1cccc(N2CCN(CCCN3CCN(CCCCc4c[nH]c5ccccc45)CC3)CC2)c1,0.8206294725921984
CCCc1cccc2c(CCCCCN3CCN(c4ccccc4)CC3)c[nH]c12,0.9999999973362214
CCc1cccc2c(Cc3c[nH]c4c(C)cccc34)c[nH]c12,0.07393292788802452
O=C1C2CCCN1CCCc1cccc3c(c[nH]c13)N1CCN2CC1,0.6414696274394912
Oc1cccc(N2CCN(CCCCCCCc3c[nH]c4ccccc34)CC2)c1,0.9999999463400566
CCc1cccc2c(CCCCN3CCN(c4cccc(O)c4)CC3)c[nH]c12,0.9999999952540426
Fc1cccc(N2CCN(CCCCc3cccc4c(CCCOc5ncon5)c[nH]c34)CC2)c1,0.9999848594702506
BrCCc1cccc2c(CCCCCN3CCNCC3)c[nH]c12,0.8946768887268022
Oc1cccc(N2CCN(CCCC(F)CN3CCNCC3)CC2)c1,0.47255517238084416
CCc1c[nH]c2c(CCC(F)c3nccc(-c4ccc5c(c4)CCC5NC)n3)cccc12,0.40151702228164327
Fc1cc2ccc1Cc1cccc3c(c[nH]c13)CC(F)CCCCN1CCN(CC1)c1cccc-2c1,0.9999813718003173
CNc1cccc2c(CCCCN3CCN(c4cccc(O)c4)CC3)c[nH]c12,0.9999997606090391
OCCN1CCN(c2cccc(CC3=COCCO3)c2)CC1,0.006375304795753921
Cc1cccc2c(CCCCN3CCN(CCCCCCN4CCN(c5ccccc5)CC4)CC3)c[nH]c12,0.3346260361224007
Oc1cccc(N2CCN(CCCCN3CCN(CCCCOCCC4CCC4)CC3)CC2)c1,0.12541523068890054
Brc1ccc2c(c1)CCC2N1CCN(c2ccccc2)CC1,0.9214727941327477
Brc1ccc2c(c1)CCC2CCc1cccc2c(CC3CCNCC3)c[nH]c12,0.9462077772624409
CCCc1cccc2c(CN3CCN(CCCCc4c[nH]c5c(Br)cccc45)CC3)c[nH]c12,0.88810674225956
Cc1cccc2c(CC(=O)CCCC3CCc4cc(F)ccc43)c[nH]c12,0.6881710821507397
FC(CNC1CCc2cc(Br)ccc21)CC1CCCC(Cc2c[nH]c3c(Br)cccc23)CC1,0.4411616040266456
CCN1CCN(CCCCc2c[nH]c3c(C)cccc23)CC1,0.3302712344452441
Cc1cccc2c(CCCCCCCN3CCN(CCCCNC4CCc5cc(Br)ccc54)CC3)c[nH]c12,0.42345784214909576
CCCc1cccc2c(CCCOc3ccccc3)c[nH]c12,0.23619270002017148
Cc1cccc2c(CCCC(F)CCCc3c[nH]c4ccccc34)c[nH]c12,0.2869182847500655
O=C(CN1CCN(CCCCCc2c[nH]c3c(Br)cccc23)CC1)Nc1cccc(O)c1,0.668570338329334
Fc1cccc(N2CCN(CCCC(F)Cc3cccc4ccccc34)CC2)c1,0.9966113842465173
BrCCc1cccc2c(CCc3ccccc3)c[nH]c12,0.15220018341746203
CCc1c[nH]c2c(Cc3cccc(N4CCN(CCCCCC5CC5)CC4)c3)cccc12,0.9999991287320511
Cc1cccc2c(CCCCCN3CCN(C)CC3)c[nH]c12,0.555968907194521
CCc1cccc2c(CCC3(CCc4c[nH]c5c(Br)cccc45)CCC3)c[nH]c12,0.5249020536947706
Cc1cccc2c(CCCCCN3CCN(N4CCN(CCCCc5ccccc5)CC4)CC3)c[nH]c12,0.36972976389043183
Oc1cccc(N2CCN(CCCC(F)CCc3cccc(N4CCN(c5ccccc5)CC4)c3)CC2)c1,0.5812004986385165
CCCc1cccc2c(CCCCCN3CCN(OCC)CC3)c[nH]c12,0.8347289051536386
Cc1cccc2c(C(c3ccccc3)c3cccc(O)c3)c[nH]c12,0.012586864315288488
CCCCCCN1CCN(c2cccc(OC(C)C)c2)CC1,0.40571097069632406
