CN(C[C@@H](O)c1ccccc1)C(=O)COC(=O)c1cc(O)c2ccccc2c1O,0.6546590346420014
O=C([O-])[C@@H](c1c[nH]c2ccc(Cl)cc12)N1CC[NH+](CCN2CCN(C(=O)c3cccc(O)c3)CC2)CC1,0.7181448966772946
CC(=O)Nc1ccc([C@@H](O)CC(=O)N2CCC[C@H]2C(=O)N2CCC[C@H]2C(=O)[O-])cc1,0.6820456617989816
CC(=O)Nc1ccc([C@@H](O)CCC(=O)N2CCC[C@H](c3ncncc3-c3ccncc3)C2)cc1,0.7735578452670254
O=C1CCCCC[C@@H]1[C@]1(O)C(=O)N(CCCNc2cc(=O)oc3ccccc23)c2ccccc21,0.699652595536625
O=C(NC[C@H]1CCCO1)c1cc2cc(C3(O)CC[NH+](C/C=C/c4ccco4)CC3)ccc2o1,0.7161985601618621
CN(C=CC[NH+]1CCC(O)(c2ccc3oc(C(=O)NC[C@H]4CCCO4)cc3c2)CC1)C[C@@H](O)c1ccccc1,0.7469007910928608
O=C([O-])CN1C(=O)C([O-])=C(C(=O)c2ccc(Br)cc2)[C@H]1c1cccc(O)c1,0.5976796023025682
CN(C=Cc1ccc(CN2C(=O)[C@@](O)([C@H]3CCCCCC3=O)c3ccccc32)cc1)C[C@@H](O)c1ccccc1,0.5122898961568486
COc1ccc(S(=O)(=O)N[C@@H](C(=O)C=CN(C)C[C@@H](O)c2ccccc2)c2ccccc2)cc1,0.6415371848010685
CC(=O)Nc1ccc([C@@H](O)C[NH+]2CCC3(CC2)C[C@@H](C[C@H]2CCCO2)c2ccc4ccccc4c2O3)cc1,0.44191516358546046
CC(=O)Nc1ccc([C@@H](O)CC2=C(O)C(=O)N(CC[NH+]3CCOCC3)[C@H]2c2ccncc2)cc1,0.7274919226455488
COc1cccc(-c2nnc(CCC(=O)N3CCC(C(=O)NC[C@H]4CCCO4)CC3)c([O-])n2)c1,0.6206685983264147
O=C1C(O)=C(C2(O)CC[NH+](C/C=C/c3ccco3)CC2)[C@H](c2ccncc2)N1CC[NH+]1CCOCC1,0.7251036335103839
O=C(C1=C([O-])C(=O)N(CCN2CCOCC2)[C@@H]1c1cccc(C[C@H]2CCCO2)c1)c1ccc(Br)cc1,0.661072000486467
O=C(NC[C@H]1CCCO1)[C@@H](C1CCCC1)N1CCN(C(=O)c2ccc([N+](=O)[O-])cc2)CC1,0.6296671105943499
O=C(NC[C@H]1CCCO1)c1cc2cc(C3(O)CC[NH+](C(=O)[O-])CC3)ccc2o1,0.670559843859041
O=C(NC[C@H]1CCCO1)c1cc2cc(CC(=O)N3CCC[C@H](c4ncncc4-c4ccncc4)C3)ccc2o1,0.6946057116925055
O=C(c1cc(-c2ccccc2O)n[nH]1)N1CCC(C2(O)CC[NH+](C/C=C/c3ccco3)CC2)CC1,0.7472783951971725
O=C([O-])[C@@H](c1c[nH]c2ccc(Cl)cc12)N1CC[NH+](C2(O)CC[NH+](C/C=C/c3ccco3)CC2)CC1,0.7454312333543458
O=C(C1=C([O-])C(=O)N(CCN2CCOCC2)[C@@H]1c1cccc(C[C@H]2CCCO2)c1)c1ccc(Br)cc1,0.661072000486467
C[C@@H]1Cc2cc(C(=O)C3=C(O)C(=O)N(C=CN(C)C[C@@H](O)c4ccccc4)[C@H]3c3ccncc3)ccc2O1,0.66702337249481
O=C(NC[C@H]1CCCO1)c1cc2cc(C3=C([O-])C(=O)N(CCN4CCOCC4)[C@H]3c3cccc(O)c3)ccc2o1,0.7214181638618852
O=c1cc(NCCN2CCC(C3(O)CC[NH+](C/C=C/c4ccco4)CC3)CC2)c2ccccc2o1,0.6989579409614295
CN(C[C@@H](O)c1ccccc1)C(=O)C1=C(O)C(=O)N(CC[NH+]2CCOCC2)[C@H]1c1ccncc1,0.6927460466324051
O=C(NC[C@H]1CCCO1)c1cccc2c1C(=O)N(Cc1ccncc1)C2=O,0.6022480744868832
CC(=O)Nc1ccc([C@@H](O)C(=O)[C@@H](C2CCCC2)N2CCN(C(=O)c3ccc([N+](=O)[O-])cc3)CC2)cc1,0.7336723575972913
O=C(O)C1CCN(c2cccc3c2C(=O)N(Cc2ccncc2)C3=O)CC1,0.6551853485522241
O=C([O-])[C@@H](c1c[nH]c2ccc(Cl)cc12)N1CC[NH+](Cc2ccco2)CC1,0.498933598421056
CC(=O)Nc1ccc([C@@H](O)C[NH+]2CCC(O)(c3ccc4oc(C(=O)NC[C@H]5CCCO5)cc4c3)CC2)cc1,0.725025845210317
O=C([O-])C(=O)Nc1c[nH+]c(N2CCN(C(c3ccccc3)c3ccccc3)CC2)c(C(=O)[O-])c1,0.7337945548609762
O=C(c1cc(-c2ccccc2O)n[nH]1)c1ccnn1C1CC[NH+](Cc2nc(-c3ccccc3)no2)CC1,0.6948537298689957
CC(=O)Nc1ccc(C2=C(O)C(=O)N(CC[NH+]3CCOCC3)[C@H]2c2ccncc2)cc1,0.7370819474529049
O=[N+]([O-])c1ccc(C(c2ccccc2)c2ccccc2)cc1,0.014393376967873812
O=C(c1cc(-c2ccccc2CC[NH+]2CCOCC2)n[nH]1)N1CCC([C@@H](O)c2ccccn2)CC1,0.7431995371329669
Oc1ccccc1-c1cc(CC[NH+]2CCOCC2)[nH]n1,0.18558678397167816
O=C([O-])C(=O)Nc1c[nH+]c(N2CCN(O)CC2)c(C(=O)[O-])c1,0.5804616135776928
O=C(c1ccc([N+](=O)[O-])cc1)N1CCN([C@@H](CC[NH+]2CCOCC2)C2CCCC2)CC1,0.5531042254789909
CC(=O)Nc1ccc([C@@H](c2ccccn2)C2CCN(C(=O)c3cc(-c4ccccc4O)n[nH]3)CC2)cc1,0.670500037023331
CCC[NH+](Cc1ccc(C(=O)[C@H](O)c2ccc(NC(C)=O)cc2)c(O)c1)C1CCN(C(=O)c2ccccc2)CC1,0.7726992325495908
CC(=O)Nc1ccc([C@@H](O)CCNc2cc(=O)oc3ccccc23)cc1,0.6254754403050586
CC(=O)Nc1ccc([C@@H](O)C(=O)[C@@H](C2CCCC2)N2CCN(C(=O)c3ccc([N+](=O)[O-])cc3)CC2)cc1,0.7336723575972913
O=C1C([O-])=C(CC[NH+]2CCOCC2)[C@H](c2cccc(O)c2)N1CCN1CCOCC1,0.7081780123249489
CC(=O)S(=O)(=O)N1CCN(C(=O)CC(c2ccccc2)c2ccccc2)CC1,0.4803298081370594
O=C(c1cc(-c2ccccc2O)n[nH]1)N1CCN(C(=O)c2ccc([N+](=O)[O-])cc2[N+](=O)[O-])CC1,0.6562270338535756
CC(=O)Nc1cccc2c1C(=O)N(Cc1ccncc1)C2=O,0.4303661573299796
CC(=O)N[C@@H](O)CCC(=O)N1CCC[C@H](c2ncncc2-c2ccncc2)C1,0.6907504218031768
O=[N+]([O-])N1CCC(C2(O)CC[NH+](C/C=C/c3ccco3)CC2)CC1,0.6104163984262887
O=C1C(O)=C(C2(O)CC[NH+](C/C=C/c3ccco3)CC2)[C@H](c2ccncc2)N1C1CCCC1,0.7116903832527653
COc1cccc(C[NH+](Cc2ccc(N(C)C[C@@H](O)c3ccccc3)c(O)c2)C2CCC(O)CC2)c1,0.5734021919975656
CC(=O)Nc1ccc([C@@H](O)C(=O)C[NH+]2CCN([C@@H](C(=O)[O-])c3c[nH]c4ccc(Cl)cc34)CC2)cc1,0.729715939929269
O=C(c1ccccc1)c1ccc(N2CCN(Cc3cccc([O-])c3)CC2)c([N+](=O)[O-])c1,0.7368747786895199
O=C(c1ccccc1)c1ccc(N2CCC(C3(O)CC[NH+](C/C=C/c4ccco4)CC3)CC2)c([N+](=O)[O-])c1,0.7804241393838772
O=C(C(=O)N1CCC(C2(O)CC[NH+](C/C=C/c3ccco3)CC2)CC1)N1CCC([C@@H](O)c2ccccn2)CC1,0.6922752289567522
O=C(c1cc(-c2ccccc2CC[NH+]2CCOCC2)n[nH]1)N1CCC([N+](=O)[O-])CC1,0.6903067797917316
CCC[NH+](Cc1ccc(C(=O)[C@H](O)c2ccc(NC(C)=O)cc2)c(O)c1)C1CCN(C(=O)c2ccccc2)CC1,0.7726992325495908
CCC[NH+](Cc1ccc([N+](=O)C=Cc2ccco2)c(O)c1)C1CCN(C(=O)c2ccccc2)CC1,0.5965213664191591
CC(=O)Nc1ccc([C@@H](O)CC2=C(O)C(=O)N([O-])[C@H]2c2ccncc2)cc1,0.6184442973566255
CN(C=CCN1C(=O)C([O-])=C(C(=O)c2ccc(Br)cc2)[C@H]1c1cccc(O)c1)C[C@@H](O)c1ccccc1,0.6852015638863033
CC(=O)Nc1ccc([C@@H](O)N2CCN(c3[nH+]cc(NC(=O)C(=O)[O-])cc3C(=O)[O-])CC2)cc1,0.6674020856066729
CCC[NH+](Cc1ccc(C(=O)[C@H](O)c2ccc(NC(C)=O)cc2)c(O)c1)C1CCN(c2ccccc2)CC1,0.7821733381901211
CC(=O)Nc1ccc(C2=C(O)C(=O)N([C@H](O)c3ccc(NC(C)=O)cc3)[C@H]2c2ccncc2)cc1,0.5788105639608305
O=C([O-])[C@H](c1cccc(C[NH+](Cc2ccc([N+](=O)[O-])c(O)c2)C2CCC(O)CC2)c1)c1c[nH]c2ccc(Cl)cc12,0.7328049453596966
O=C([O-])[C@H](c1cccc(C[NH+](Cc2ccc([N+](=O)[O-])c(O)c2)C2CCC(O)CC2)c1)c1ccco1,0.7575722441646457
CC(=O)Nc1ccc([C@@H](O)C(=O)[C@@H](NC(C)=O)N2CCN(C(=O)c3ccc([N+](=O)[O-])cc3)CC2)cc1,0.6792135646231735
O=C(c1ccccc1)c1ccc(N2CCC([C@@H](C(=O)[O-])c3c[nH]c4ccc(Cl)cc34)CC2)c([N+](=O)[O-])c1,0.6561000133898486
O=C([C@@H](O)c1ccccn1)N1CCC([C@@H](O)c2ccccn2)CC1,0.6609449185450164
CC(=O)Nc1ccc(C2=C(O)C(=O)N(Cc3ccc([N+](=O)[O-])c(O)c3)[C@H]2c2ccncc2)cc1,0.608108384093922
O=c1cc(NCCc2c[nH]c3ccc(Cl)cc23)c2ccccc2o1,0.09611061154000937
O=C(NCCC(=O)N1CCN(Cc2cccc([N+](=O)[O-])c2)CC1)c1ccccc1CC[NH+]1CCOCC1,0.7009919455707919
O=C(Nc1ccccc1)[C@@H](C1CCCC1)N1CCN(C(=O)c2ccc([N+](=O)[O-])cc2)CC1,0.7321911321470774
O=C(C1=C([O-])C(=O)N(CCN2CCOCC2)[C@@H]1C(c1ccccc1)c1ccccc1)c1ccncc1,0.7007093379255936
O=C(C1CCCC1)N1CCC([C@@H](O)c2ccccn2)CC1,0.06964400067292366
CC(=O)Nc1ccc([C@@H](O)C(=O)[C@@H](C2CCCC2)N2CCN(C(=O)C3CCCC3)CC2)cc1,0.6623470799833331
CCC[NH+](Cc1ccc(-c2ccccc2)c(O)c1)C1CCN(C(=O)c2ccccc2)CC1,0.026956463857295825
CC(=O)Nc1ccc([C@@H](O)CC2=C(O)C(=O)N(N3CCN(Cc4cccc([O-])c4)CC3)[C@H]2c2ccncc2)cc1,0.7385941055439628
O=C1C(O)=C(c2ccc(C(c3ccccc3)c3ccccc3)cc2)[C@H](c2ccncc2)N1CC[NH+]1CCOCC1,0.2999335454678831
CCC[NH+](Cc1ccc(-c2ccncc2)c(O)c1)C1CCN(C(=O)c2ccccc2)CC1,0.13927145766193205
O=C([O-])[C@@H](c1c[nH]c2ccc(Cl)cc12)N1CC[NH+](CO)CC1,0.6216038915836427
O=C(c1ccc([N+](=O)C2CCC(O)CC2)cc1[N+](=O)[O-])N1CCN(C(c2ccccc2)c2ccccc2)CC1,0.6610180620800233
CC(=O)Nc1ccc([C@@H](O)C(=O)[C@@H](C2CCCC2)N2CCN(C(=O)c3ccc(C)cc3)CC2)cc1,0.740077953757963
CN(C=CC[NH+]1CCC(O)(c2ccc3oc(C(=O)N[O-])cc3c2)CC1)C[C@@H](O)c1ccccc1,0.7363300188586245
O=C([O-])[C@H](c1cccc(C[NH+](Cc2ccc([N+](=O)[O-])c(O)c2)c2c[nH]c3ccc(Cl)cc23)c1)c1ccco1,0.6275514745520807
O=C(c1ccccc1)c1ccc(N2CCN(Cc3cccc([O-])c3)CC2)c(-c2ccccc2)c1,0.02812442071989514
CC(=O)Nc1ccc([C@@H](O)N2CCN(C(=O)c3ccc([N+](=O)[O-])cc3)CC2)cc1,0.7036278700431983
Cc1ccc(C(=O)N2CCN([C@@H](C(=O)c3ccccc3)C3CCCC3)CC2)cc1,0.012506929089200267
CC(=O)Nc1ccc(C2=C(O)C(=O)N(C(=O)[C@H](O)c3ccc(NC(C)=O)cc3)[C@H]2c2ccncc2)cc1,0.5609949068886704
CC(=O)Nc1ccc([C@@H](NC(C)=O)C(=O)[C@@H](C2CCCC2)N2CCN(C(=O)c3ccc(C)cc3)CC2)cc1,0.7066362752983736
O=C(CCC1(O)CC[NH+](C/C=C/c2ccco2)CC1)N1CCC[C@H](c2ncncc2-c2ccncc2)C1,0.7251761329992948
CC(=O)Nc1ccc([C@@H](O)C(=O)C[NH+]2CCN(c3ccc(C(=O)c4ccccc4)cc3[N+](=O)[O-])CC2)cc1,0.7426749536068733
CCC[NH+](Cc1ccc([N+](=O)[O-])c(O)c1)C1CCN(C(=O)c2ccccc2)CC1,0.7325794899829511
O=C(c1ccccc1)c1ccc(CCNc2cc(=O)oc3ccccc23)c([N+](=O)[O-])c1,0.5805212500554077
CC(=O)Nc1ccc([C@@H](O)C(=O)c2ccccc2CC[NH+]2CCOCC2)cc1,0.6236089562540293
CCC[NH+](Cc1ccc(C(=O)[C@H](O)c2ccc(NC(C)=O)cc2)c(O)c1)C1CCN(C)CC1,0.734553055383862
CCC[NH+](Cc1c[nH]c2ccc(Cl)cc12)C1CCN(C(=O)c2ccccc2)CC1,0.012119356100195749
CN1C(=O)C[C@@](CC(=O)N2CCC([C@@H](O)c3ccccn3)CC2)(c2ccc(-c3ccccc3)cc2)C1=O,0.7563948721762482
CCC[NH+](c1ccccn1)C1CCN(C(=O)c2ccccc2)CC1,0.00709943732151498
O=C(c1ccncc1)[C@@H](C1CCCC1)N1CCN(C(=O)c2ccc([N+](=O)[O-])cc2)CC1,0.7030020889677451
OC1(C2CCN(c3ccco3)CC2)CC[NH+](C/C=C/c2ccco2)CC1,0.08201470753137258
O=C(c1ccccc1)c1ccc(N2CCN(Cc3cccc([O-])c3)CC2)c(C2CCCC2)c1,0.028949336690827426
CCC[NH+](Cc1ccc([N+](=O)[O-])c(O)c1)C1CCN(C(=O)c2ccc([N+](=O)[O-])cc2)CC1,0.7191531422722859
CC(=O)Nc1ccc(C2=C(O)C(=O)N(C)[C@H]2c2ccncc2)cc1,0.5290099982396594
Cc1ccc(C(=O)N2CCN([C@@H](C(=O)c3ccco3)C3CCCC3)CC2)cc1,0.07780815732914549
CC(=O)N[N+](=O)c1ccc(C(=O)N2CCN(C(c3ccccc3)c3ccccc3)CC2)c([N+](=O)[O-])c1,0.7282380077006979
CC(=O)Nc1ccc([C@@H](O)C(=O)[C@@H](C2CCCC2)N2CCN(C(=O)c3ccc([N+](=O)[O-])cc3)CC2)cc1,0.7336723575972913
CC(=O)Nc1ccc(-c2ccccc2CC[NH+]2CCOCC2)cc1,0.017614007683295498
O=C([O-])[C@H](c1cccc(C[NH+](Cc2ccc([N+](=O)[O-])c(O)c2)C2CCC(O)CC2)c1)C1CCCC1,0.7410167128366655
O=C(c1cc(C[C@H]2CCCO2)n[nH]1)N1CCC([C@@H](O)c2ccccn2)CC1,0.6191436079103348
CC(=O)Nc1ccc([C@@H](O)C(=O)[C@@H](c2ccco2)N2CCN(C(=O)c3ccc([N+](=O)[O-])cc3)CC2)cc1,0.7181853851983635
CC(=O)N1CCN(C(=O)c2ccc([N+](=O)[O-])cc2[N+](=O)[O-])CC1,0.5740258103725654
O=C(c1ccccc1)c1ccc(N2CCN(Cc3cccc([O-])c3)CC2)c(C[C@H]2CCCO2)c1,0.11067629096324708
CN(C=CCC1CCC(O)CC1)C[C@@H](O)c1ccccc1,0.018302036658165228
O=C(c1ccccc1)c1cc(-c2ccccc2CC[NH+]2CCOCC2)n[nH]1,0.14288201802675604
O=C(CC(c1ccccc1)c1ccccc1)N1CCN(S(=O)(=O)c2cc(-c3ccccc3O)n[nH]2)CC1,0.7395365008644158
O=C([O-])Nc1ccc([C@@H](O)C(=O)C[NH+]2CCN(c3ccc(C(=O)c4ccccc4)cc3[N+](=O)[O-])CC2)cc1,0.748306725311679
Oc1cc(-c2ccccc2CC[NH+]2CCOCC2)n[nH]1,0.18170853942754953
CC(=O)Nc1ccc([C@@H](O)C(=O)[C@@H](C(=O)c2ccccc2)N2CCN(C(=O)c3ccc([N+](=O)[O-])cc3)CC2)cc1,0.7100802518427851
CC(=O)Nc1ccc([C@@H](O)[C@@H](C2CCCC2)N2CCN(C(=O)c3ccc([N+](=O)[O-])cc3)CC2)cc1,0.7262032960336443
O=C(CC[C@H](O)C1CCC(O)CC1)N1CCC[C@H](c2ncncc2-c2ccncc2)C1,0.6983383484443676
[O-]c1cccc(CN2CCN(C(c3ccccc3)c3ccccc3)CC2)c1,0.0017938309925163885
O=[N+]([O-])c1ccc(C[NH+](Cc2cccc([C@H](C3CCCC3)[C@@H](O)c3ccccn3)c2)C2CCC(O)CC2)cc1O,0.7133606624247355
O=C(c1ccc([N+](=O)C(=O)[O-])cc1[N+](=O)[O-])N1CCN(C(c2ccccc2)c2ccccc2)CC1,0.7454754044396207
O=C(CC[C@H](O)N1CCN(Cc2cccc([O-])c2)CC1)N1CCC[C@H](c2ncncc2-c2ccncc2)C1,0.7493786791670858
CCC[NH+](Cc1ccc(CC=CN(C)C[C@@H](O)c2ccccc2)c(O)c1)C1CCN(c2ccccc2)CC1,0.06345194295727638
CCC[NH+](Cc1ccc([C@@H](O)c2ccccn2)c(O)c1)C1CCN(c2ccccc2)CC1,0.1977899243333709
CN(C=CC[NH+]1CCC(O)(C(c2ccccc2)c2ccccc2)CC1)C[C@@H](O)c1ccccc1,0.04366356758626627
O=C1C(O)=C(c2ccc(O)cc2)[C@H](c2ccncc2)N1CC[NH+]1CCOCC1,0.7452452648930954
CCC[NH+](Cc1ccc(C(=O)[C@H](O)[C@H](O)N2CCN(Cc3cccc([O-])c3)CC2)c(O)c1)C1CCN(C)CC1,0.7337276272288228
O=C([O-])Nc1ccc(C(=O)N2CCN(C(c3ccccc3)c3ccccc3)CC2)c([N+](=O)[O-])c1,0.7516304399139071
O=C(C(=O)N1CCC([C@@H](O)c2ccccn2)CC1)c1cc(-c2ccccc2O)n[nH]1,0.7006433139614112
CN(C=CC[NH+]1CCC(O)(c2ccc(NC(=O)[O-])cc2[N+](=O)[O-])CC1)C[C@@H](O)c1ccccc1,0.7262186709472905
[O-]c1cccc(CN2CCN([C@@H](O)[C@@H](O)c3ccccn3)CC2)c1,0.6475607872415795
O=C(CC(c1ccccc1)c1ccccc1)N1CCN([C@@H](O)c2ccccn2)CC1,0.12386825613678308
O=C(N[O-])c1cc2cc(C3(O)CC[NH+]([N+](=O)C(=O)[O-])CC3)ccc2o1,0.6177759001141107
CCC[NH+](Cc1ccc(C(=O)[C@H](O)c2cccc([O-])c2)c(O)c1)C1CCN(C)CC1,0.7330414255930671
O=[N+]([O-])c1ccc(C[NH+](Cc2cccc([C@@H](C[C@H]3CCCO3)C3CCCC3)c2)C2CCC(O)CC2)cc1O,0.6089778295127884
CCN1CCN(C(=O)CC(c2ccccc2)c2ccccc2)CC1,0.0004722712456974162
CCc1cc(C[NH+](Cc2cccc([C@@H](C(=O)[O-])C3CCCC3)c2)C2CCC(O)CC2)ccc1[N+](=O)[O-],0.742513111775567
O=C(c1ccncc1)[C@@H](C1CCCC1)N1CCN(C(=O)c2ccc([N+](=O)[O-])cc2)CC1,0.7030020889677451
O=C([O-])Nc1cc(C(=O)N2CCC([C@@H](O)c3ccccn3)CC2)[nH]n1,0.6303108923861581
Cc1ccc(C(=O)N2CCN([C@@H](C(=O)c3ccccc3CC[NH+]3CCOCC3)C3CCCC3)CC2)cc1,0.08402487177770833
O=C(CN1CCN([C@@H](O)CCC(=O)N2CCC[C@H](c3ncncc3-c3ccncc3)C2)CC1)c1ccccc1,0.7524696885341456
O=C1C(O)=C(c2ccc(O)cc2)[C@H](c2ccncc2)N1Cc1cc(-c2ccccc2O)n[nH]1,0.6220442378540877
CC(=O)Nc1ccc([C@@H](O)C(=O)[C@@H](C2CCCC2)N2CCN(C(=O)c3ccc(C)cc3)CC2)cc1,0.740077953757963
O=C(c1ccccc1)c1ccccc1S(=O)(=O)N1CCN(C(=O)CC(c2ccccc2)c2ccccc2)CC1,0.4273925035481561
O=C(c1ccccc1)c1ccc(N2CC[NH+](CC(=O)[C@H](O)c3ccc(-c4ccncc4)cc3)CC2)c([N+](=O)[O-])c1,0.7353137778158505
O=C([O-])Nc1ccc(C(=O)N2CCN(C(c3ccccc3)c3ccccc3)CC2)c([N+](=O)c2ccccn2)c1,0.7329337077153142
CC=CC[NH+]1CCC(O)([NH+]2CCN([C@@H](C(=O)[O-])c3c[nH]c4ccc(Cl)cc34)CC2)CC1,0.7155748185968084
O=C([O-])c1ccc(C(=O)N2CCN(C(c3ccccc3)c3ccccc3)CC2)c([N+](=O)[O-])c1,0.7539474411291539
CN(C=CC1CCC(O)CC1)C[C@@H](O)c1ccccc1,0.01822515164002767
[O-]c1cccc(CN2CCN([C@@H](O)c3cc(-c4ccccc4O)n[nH]3)CC2)c1,0.7347468432982432
Cc1ccc(C(=O)N2CCN([C@@H](C(=O)c3cc(-c4ccccc4O)n[nH]3)C3CCCC3)CC2)cc1,0.6974331766703276
Oc1ccccc1-c1cc(C2(O)CC[NH+](C/C=C/c3ccco3)CC2)[nH]n1,0.6783447142794508
O=C(CC(c1ccccc1)c1ccccc1)N1CCN(S(=O)(=O)c2ccccc2-c2ccccc2)CC1,0.09278785783256745
CCc1cc(C[NH+](C2CCC(O)CC2)[C@H](O)c2ccc(NC(C)=O)cc2)ccc1[N+](=O)[O-],0.7259029006495089
O=C(CC[C@H](O)N1CCN(CC2CCC(O)CC2)CC1)N1CCC[C@H](c2ncncc2-c2ccncc2)C1,0.6725342720839401
CC(=O)c1ccc(N2CCC(C3(O)CC[NH+](C/C=C/c4ccco4)CC3)CC2)c([N+](=O)[O-])c1,0.7391240596615174
CCc1cc(C[NH+](C(=O)[O-])C2CCC(O)CC2)ccc1[N+](=O)[O-],0.6553123716939395
O=C([O-])c1ccc(C(=O)N2CCN(C(c3ccccc3)c3cccc([O-])c3)CC2)c([N+](=O)[O-])c1,0.7399913809626866
CCC=CC[NH+]1CCC(O)(C2CCN(c3ccc(C(=O)c4ccccc4)cc3[N+](=O)[O-])CC2)CC1,0.760242596970669
O=C(c1ccc([N+](=O)C2CCC(O)CC2)cc1[N+](=O)[O-])N1CCN(C(c2ccccc2)c2ccccc2)CC1,0.6610180620800233
CC(=O)Nc1ccc([C@@H](O)c2ncncc2-c2ccncc2)cc1,0.606206345361206
O=C(CN1CCN([C@@H](O)CCC(=O)N2CCC[C@H](C[NH+]3CCOCC3)C2)CC1)c1ccccc1,0.5051247858523793
CCC=CCC(=O)N1CCN(C(c2ccccc2)c2ccccc2)CC1,0.0004777826944530241
CCC=CC[NH+](Cc1cccc([C@@H](C(=O)[O-])c2ccco2)c1)Cc1ccc([N+](=O)[O-])c(O)c1,0.692380564025644
O=C([O-])c1ccc(C(=O)N2CCN(C(c3ccccc3)[N+](=O)[O-])CC2)c([N+](=O)[O-])c1,0.678945411444385
CC(=O)CCC(=O)N1CCC[C@H](c2ncncc2-c2ccncc2)C1,0.4740809996451501
CC(=O)Nc1ccc(-c2cc(-c3ccccc3CC[NH+]3CCOCC3)n[nH]2)cc1,0.38383013340140476
OC1(C2CCN(c3ncncc3-c3ccncc3)CC2)CC[NH+](C/C=C/c2ccco2)CC1,0.6188067905914935
O=C([O-])c1ccc(-c2cc(-c3ccccc3CC[NH+]3CCOCC3)n[nH]2)c([N+](=O)[O-])c1,0.6735997647614602
O=C([O-])c1ccc(C(=O)N2CCN(C(c3ccccc3)c3ccccc3)CC2)c(C(=O)[O-])c1,0.759857543812139
CCC[NH+](Cc1ccc(-c2ccc(C)cc2)c(O)c1)C1CCN(c2ccccc2)CC1,0.0011458978372440053
O=C([O-])[C@@H](c1c[nH]c2ccc(Cl)cc12)N1CC[NH+](C2(O)CC[NH+](CC=C[N+](=O)C(=O)[O-])CC2)CC1,0.7126823624954763
CCC[NH+](Cc1ccc(C(=O)[C@H](O)c2ccc(NC(C)=O)cc2)c(O)c1)C1CCN(c2cccc([O-])c2)CC1,0.7690616604133853
CCC=CC[C@H](O)C1CCN(C(=O)C[C@@]2(c3ccc(-c4ccccc4)cc3)CC(=O)N(C)C2=O)CC1,0.56863904994421
CCC[NH+](Cc1ccc(C(=O)[C@H](CC)c2ccc(NC(C)=O)cc2)c(O)c1)C1CCN(c2ccccc2)CC1,0.3971688854295467
O=C([O-])c1ccc([C@H]2CCCN(C(=O)CC[C@H](O)N3CCN(CC(=O)c4ccccc4)CC3)C2)c([N+](=O)[O-])c1,0.7233133411673695
O=C1C(O)=C(c2ccc(O)cc2)[C@H](c2ccncc2)N1Cc1ccccc1CC[NH+]1CCOCC1,0.7037227170968335
Cc1ccc(C=CC[NH+]2CCC(O)([NH+]3CCN([C@@H](C(=O)[O-])c4c[nH]c5ccc(Cl)cc45)CC3)CC2)cc1,0.7502560391526435
O=C([O-])Nc1ccc(-c2ncncc2-c2ccncc2)c([N+](=O)[O-])c1,0.5573508638534049
OC1([NH+]2CCN([C@@H](C[NH+]3CCOCC3)c3c[nH]c4ccc(Cl)cc34)CC2)CC[NH+](C/C=C/c2ccco2)CC1,0.4872365204588979
O=C1C(O)=C(c2ccc(O)cc2)[C@H](c2ccncc2)N1Cc1ccco1,0.5985657931052271
O=C([O-])Nc1ccc([C@@H](O)C(=O)C[NH+]2CCN(c3ccc(C[C@H]4CCCO4)cc3[N+](=O)[O-])CC2)cc1,0.7130215735712044
O=C(CC(c1ccccc1)c1ccccc1)N1CCN(S(=O)(=O)c2ccccc2)CC1,0.1322828257769922
O=C([O-])[C@H](c1cccc(C[NH+](Cc2ccc([N+](=O)[N+](=O)[O-])c(O)c2)C2CCC(O)CC2)c1)c1ccco1,0.7482333555436267
O=C(c1ccc([N+](=O)[O-])cc1)N1CCN([C@@H](C(=O)N2CCC([C@@H](O)c3ccccn3)CC2)C2CCCC2)CC1,0.6834314596422506
CCC=CC[C@@H](C1CCCC1)N1CCN(C(=O)c2ccc([N+](=O)[O-])cc2)CC1,0.28085551588096713
O=C([O-])c1ccc(C(=O)N2CCN(C(c3ccccc3)C3CCC(O)CC3)CC2)c([N+](=O)[O-])c1,0.7421665291804913
O=C(CC(c1ccccc1)c1ccccc1)N1CCN(S(=O)(=O)c2ccccc2O)CC1,0.5970710063706652
O=C([O-])[C@H](c1cccc(C[NH+](Cc2ccc([N+](=O)[O-])c(O)c2)c2ccco2)c1)c1ccco1,0.64117797735254
CCC=CCN1CCN(C(=O)c2ccc([N+](=O)[O-])cc2[N+](=O)[O-])CC1,0.6306562301234412
CCC=CC[NH+]1CCC(O)(C2CCN(CC)CC2)CC1,0.000915587153885909
O=C(c1ccccc1)c1ncncc1-c1ccncc1,0.07862373588162255
O=C(c1ccccc1)c1ccc(N2CC[NH+](CC(=O)[C@H](O)c3ccc([O-])cc3)CC2)c([N+](=O)[O-])c1,0.7527908384871929
O=C([O-])Nc1ccc(C(=O)N2CCN(C(c3ccccc3)c3ccccc3)CC2)c([N+](=O)C2CCC(O)CC2)c1,0.7405519859773754
O=C(N1CCC([C@@H](O)c2ccccn2)CC1)N1CCC(C2(O)CC[NH+](C/C=C/c3ccco3)CC2)CC1,0.7071423784991903
CCC[NH+](Cc1ccc(NC(=O)[O-])c(O)c1)C1CCN(c2ccccc2)CC1,0.6347910566414127
CC[C@@H](c1c[nH]c2ccc(Cl)cc12)N1CC[NH+](C2(O)CC[NH+](C/C=C/c3ccco3)CC2)CC1,0.18524493366164888
CC(=O)Nc1ccc([C@@H](O)C(=O)c2ccccc2)cc1,0.24678927038507859
CCC[NH+](Cc1ccc(C(=O)[C@H](O)c2ccc(NC(C)=O)cc2)c(O)c1)C1CCN(c2cccc([O-])c2)CC1,0.7690616604133853
CCC[NH+](Cc1ccc(C(=O)[C@H](O)c2ccc(NC(C)=O)cc2)c(O)c1)C1CCN(C(=O)C[C@H]2CCCO2)CC1,0.7298266595253333
O=C(c1ccccc1CC[NH+]1CCOCC1)[C@@H](C1CCCC1)N1CCN(C(=O)c2ccc([N+](=O)[O-])cc2)CC1,0.7013876654527766
O=C(c1ccc(-c2ccccc2)cc1[N+](=O)[O-])N1CCN(C(c2ccccc2)c2ccccc2)CC1,0.1757386041376529
Cc1ccc(C=C[C@@H](O)CCC(=O)N2CCC[C@H](c3ncncc3-c3ccncc3)C2)cc1,0.6122930852183456
O=C(CC(c1ccccc1)c1ccccc1)N1CCN(S(=O)(=O)c2cccc([O-])c2)CC1,0.6579595523162898
CC(=O)Nc1ccc([C@@H](O)C(=O)c2ccc(-c3ccccc3CC[NH+]3CCOCC3)cc2O)cc1,0.7325549692375005
O=C(c1cc(-c2ccccc2CC[NH+]2CCOCC2)n[nH]1)N1CCC(c2ccccc2)CC1,0.20719951731357128
CCC=CC[NH+](Cc1cccc([C@@H](C(=O)[O-])c2ccco2)c1)Cc1ccc([N+](=O)[N+](=O)[O-])c(O)c1,0.6864817659057532
O=C1C(O)=C(c2ccc(O)cc2)[C@H](c2ccncc2)N1Cc1ccccc1,0.39924256562268284
Cc1ccc(C=CC2(O)CC[NH+](C/C=C/c3ccco3)CC2)cc1,0.007406448973408438
O=C([O-])c1ccc(C(=O)N2CCN(C(c3ccccc3)c3ccccc3)CC2)c(C(=O)O)c1,0.759857543812139
O=C(CC(c1ccccc1)c1ccccc1)N1CCN(S(=O)(=O)c2ccccn2)CC1,0.3943654301586755
CCC=CC[NH+]1CCC(O)(C2CCN(Cc3ccc(C(=O)[C@H](O)c4ccc(NC(C)=O)cc4)c(O)c3)CC2)CC1,0.7627603456820341
O=C(c1ccc(C2CCC(O)CC2)cc1[N+](=O)[O-])N1CCN(C(c2ccccc2)c2ccccc2)CC1,0.5892126993478379
[O-]c1cccc(CN2CCN([C@@H](O)C3(O)CC[NH+](C/C=C/c4ccco4)CC3)CC2)c1,0.7179392641096387
[O-]N1CCC(C2(O)CC[NH+](C/C=C/c3ccco3)CC2)CC1,0.21165323242547968
O=C([O-])Nc1ccccc1S(=O)(=O)N1CCN(C(=O)CC(c2ccccc2)c2ccccc2)CC1,0.7562740762089104
O=C([O-])c1ccc(C2CCN(c3ccc(C(=O)c4ccccc4)cc3[N+](=O)[O-])CC2)c([N+](=O)[O-])c1,0.7063574306572654
CC(=O)Nc1ccc([C@@H](O)C(=O)c2ccc(-c3cccc([O-])c3)cc2O)cc1,0.6188489379409309
O=C(CC(c1ccccc1)c1ccccc1)N1CCN(S(=O)(=O)C[NH+]2CCOCC2)CC1,0.3956137642590286
O=C(CC(c1ccccc1)c1ccccc1)N1CCN(S(=O)(=O)C(=O)c2ccccc2)CC1,0.5035643016483858
CCC[NH+](Cc1ccc(C[NH+]2CCOCC2)c(O)c1)C1CCN(c2ccccc2)CC1,0.014493023818037963
CN(C=CC(=O)c1cc(-c2ccccc2O)n[nH]1)C[C@@H](O)c1ccccc1,0.633350833222841
O=C([O-])c1ccc(C(=O)N2CCN(C(c3ccccc3)c3ccccn3)CC2)c([N+](=O)[O-])c1,0.7345808341175942
O=C([O-])[C@@H](c1c[nH]c2ccc(Cl)cc12)N1CC[NH+](C2(O)CC[NH+](Cc3ccccc3)CC2)CC1,0.7476016494241169
O=C([O-])Nc1ccc(C(=O)N2CCN(C(c3ccccc3)c3ccccc3)CC2)c([N+](=O)c2ccccn2)c1,0.7329337077153142
O=C([O-])[C@H](c1cccc(C[NH+](Cc2ccc([N+](=O)[N+](=O)[O-])c(O)c2)C2CCC(O)CC2)c1)c1ccco1,0.7482333555436267
CN(C=CC[NH+]1CCC(O)(c2ccc3oc(C(=O)NC[C@H]4CCCO4)cc3c2)CC1)C[C@@H](O)c1ccccc1,0.7469007910928608
CCC=CC[NH+]1CCC(O)(C2CCN([NH+](CCC)C3CCN(c4cccc([O-])c4)CC3)CC2)CC1,0.13183329405786398
O=C(C[C@H]1CCCO1)N1CCC(C2(O)CC[NH+](C/C=C/c3ccco3)CC2)CC1,0.2774046470533312
O=C(CCC(=O)N1CCC[C@H](c2ncncc2-c2ccncc2)C1)c1cc(-c2ccccc2O)n[nH]1,0.705665967169149
O=C([O-])Nc1ccc([C@@H](O)C(=O)C[NH+]2CCN(c3ccc(C4CCC(O)CC4)cc3[N+](=O)[O-])CC2)cc1,0.7093269760730754
O=C(CC(c1ccccc1)c1ccccc1)N1CCN(S(=O)(=O)[N+](=O)C(=O)[O-])CC1,0.7002476657858202
OC1(C2CCN(c3ccccc3)CC2)CC[NH+](C/C=C/c2ccco2)CC1,0.013504578644342007
O=C([O-])c1ccc(C(=O)N2CCN(C(c3ccccc3)c3cccc([O-])c3)CC2)c([N+](=O)[O-])c1,0.7399913809626866
CCC=CC[NH+]1CCC(O)(C2CCN(C(=O)c3cc(-c4ccccc4O)n[nH]3)CC2)CC1,0.7151213866664298
O=C([O-])c1ccc(C(=O)N2CCN(C(c3ccccc3)c3ccccc3)CC2)c(C(=O)c2ccco2)c1,0.7397773250117903
CC(=O)Nc1ccc([C@@H](O)C2CCN(c3ccc(C(=O)c4ccccc4)cc3[N+](=O)[O-])CC2)cc1,0.6957409812692051
CCC[NH+](Cc1ccc(-c2ccccn2)c(O)c1)C1CCN(c2ccccc2)CC1,0.013856869874079211
O=C(c1ccc(C(=O)N2CCN(C(c3ccccc3)c3ccccc3)CC2)c(C(=O)O)c1)c1ccco1,0.6755802000422334
O=C(CC(c1ccccc1)c1ccccc1)c1ccccc1,7.315173456594346e-05
O=C(C(c1ccccc1)c1ccccc1)N1CCC[C@H](c2ncncc2-c2ccncc2)C1,0.11665497679973756
CCC[NH+](Cc1ccc(C(=O)[C@H](O)c2ccc(NC(C)=O)cc2)c(O)c1)C1CCN(C(=O)c2ccccc2)CC1,0.7726992325495908
O=C([O-])[C@@H](c1c[nH]c2ccc(Cl)cc12)N1CC[NH+](C2(O)CC[NH+](Cc3cc(-c4ccccc4O)n[nH]3)CC2)CC1,0.7321001049804478
OC1(C2CCN(C[C@H]3CCCO3)CC2)CC[NH+](C/C=C/c2ccco2)CC1,0.04562643973403185
CC(=O)Nc1ccc([C@@H](O)C[NH+]2CCC(O)([NH+]3CCN([C@@H](C(=O)[O-])c4c[nH]c5ccc(Cl)cc45)CC3)CC2)cc1,0.730680694725866
O=C(c1ccccc1)c1ccc(C(=O)c2cc(-c3ccccc3O)n[nH]2)c([N+](=O)[O-])c1,0.5483129362739011
CCC[NH+](Cc1ccc(C(=O)[C@H](O)c2ccc(NC(C)=O)cc2)c(O)c1)C1CCN(C(=O)[N+](=O)[O-])CC1,0.7232418200002151
O=C([O-])[C@H](c1cccc(C[NH+](Cc2ccc([N+](=O)[N+](=O)[O-])c(O)c2)c2ccccc2)c1)c1ccco1,0.642018875140431
O=C([O-])Nc1ccc([C@@H](O)C(=O)C[NH+]2CCN(c3ccc([N+](=O)[O-])cc3[N+](=O)[O-])CC2)cc1,0.7019433492798507
CC(=O)Nc1ccc([C@@H](O)C(=O)c2ccc(-c3ccc(NC(=O)[O-])cc3[N+](=O)[O-])cc2O)cc1,0.5844869241114646
CCC(=O)[C@H](c1cccc(C[NH+](Cc2ccc([N+](=O)[N+](=O)[O-])c(O)c2)C2CCC(O)CC2)c1)c1ccco1,0.7449429818743954
CC(=O)Nc1ccc([C@@H](O)C(=O)N2CCN(C(c3ccccc3)c3ccccc3)CC2)cc1,0.468438925381042
CCC[NH+](Cc1ccc([N+](=O)C(=O)[O-])c(O)c1)C1CCN(c2ccccc2)CC1,0.738393396630173
CCC[NH+](Cc1ccc(C(=O)[C@H](O)c2ccc(NC(C)=O)cc2)c(O)c1)C1CCN(CC)CC1,0.7419942774268338
O=C(O)c1ccc(C(=O)N2CCN(C(c3ccccc3)c3ccccc3)CC2)c(C(=O)O)c1,0.759857543812139
[O-]c1cccc(CN2CCN([C@@H](O)C3(O)CC[NH+](C/C=C/c4ccco4)CC3)CC2)c1,0.7179392641096387
CC(=O)Nc1ccc(CC(c2ccccc2)c2ccccc2)cc1,0.0011080748218125255
O=C(CC(c1ccccc1)c1ccccc1)N1CCN(S(=O)(=O)C2(O)CC[NH+](C/C=C/c3ccco3)CC2)CC1,0.7405224504498421
O=C([O-])Nc1ccc([C@@H](O)C(=O)C[NH+]2CCN(c3ccc(C[C@H]4CCCO4)cc3[N+](=O)[O-])CC2)cc1,0.7130215735712044
O=C(c1ccccc1)c1ccc(N2CC[NH+](C3(O)CC[NH+](Cc4ccccc4)CC3)CC2)c([N+](=O)[O-])c1,0.7654496518949165
CCC[NH+](c1ccco1)C1CCN(c2cccc([O-])c2)CC1,0.019286629619025282
O=C(c1ccc(C(=O)N2CCN(C(c3ccccc3)c3ccccc3)CC2)c(C(=O)O)c1)c1ccco1,0.6755802000422334
CC(=O)Nc1ccc([C@@H](O)C(=O)c2ccc(C[NH+](O)C3CCN(c4cccc([O-])c4)CC3)cc2O)cc1,0.7577584256034918
O=C(CN1CCN([C@@H](O)CCC(=O)N2CCC[C@H](c3cc(-c4ccccc4O)n[nH]3)C2)CC1)c1ccccc1,0.7391273709563778
CC(=O)Nc1ccc([C@@H](O)C(=O)N2CCN(S(=O)(=O)c3ccccc3NC(=O)[O-])CC2)cc1,0.6710782767231939
[O-]c1cccc(CN2CCN([C@@H](O)c3ccco3)CC2)c1,0.19870007680603846
CC(=O)Nc1ccc([C@@H](O)N2CCN(C(=O)c3ccc(C(=O)[O-])cc3C(=O)O)CC2)cc1,0.7082315049202549
O=C([O-])Nc1ccccc1S(=O)(=O)N1CCN(C(=O)c2ccccc2)CC1,0.6464184954989849
Cc1ccc(C=C[NH+]2CCC(O)(C3CCN(c4ccc(C(=O)c5ccccc5)cc4[N+](=O)[O-])CC3)CC2)cc1,0.7599710577421764
CC(=O)Nc1ccc([C@@H](O)C(=O)c2ccc(-c3ccc(C(=O)O)cc3C(=O)O)cc2O)cc1,0.5928155507483438
O=C([O-])N[C@@H](C(=O)C[NH+]1CCN(c2ccc(C(=O)c3ccccc3)cc2[N+](=O)[O-])CC1)c1ccc([O-])cc1,0.7379011101046478
CC(=O)Nc1ccc([C@@H](O)C(=O)c2ccc(C(=O)c3ccccc3)cc2O)cc1,0.6135779244466154
CC(=O)N1CCN(C(c2ccccc2)c2ccccc2)CC1,0.0004549140986546339
CCCC[NH+]1CCC(O)([NH+]2CCN(c3ccc(C(=O)c4ccccc4)cc3[N+](=O)[O-])CC2)CC1,0.7270587989405015
CCC[NH+](Cc1ccc(C(=O)[C@H](O)c2ccc(NC(C)=O)cc2)c(C)c1)C1CCN(c2cccc([O-])c2)CC1,0.764991717779337
CCC(c1ccccc1)N1CCN(C(=O)c2ccc(C(=O)[O-])cc2[N+](=O)[O-])CC1,0.7059016732037485
O=C([O-])c1ccc(C(=O)N2CCN(C(c3ccccc3)C(c3ccccc3)c3ccccc3)CC2)c([N+](=O)[O-])c1,0.7180263962386059
CCC[NH+](Cc1ccc(-c2cccc([O-])c2)c(O)c1)C1CCN(c2ccccc2)CC1,0.06284014591244422
CCC[NH+](Cc1ccc(-c2ccccc2)c(O)c1)C1CCN(c2ccccc2)CC1,0.0012414802105322161
O=C(C(=O)N1CCC[C@H](c2ncncc2-c2ccncc2)C1)c1ccccc1,0.47674175189239865
Cc1ccc(C=CN2CCN(C(=O)c3ccc(C(=O)[O-])cc3C(=O)O)CC2)cc1,0.6918645373173918
CC(=O)Nc1ccc([C@@H](O)C(=O)c2ccc(C[NH+](O)C3CCN(c4ccco4)CC3)cc2O)cc1,0.7442668621455238
CCCC(=O)c1ccc(C(=O)N2CCN(C(c3ccccc3)c3ccccc3)CC2)c(C(=O)O)c1,0.5098615969480225
O=C(CC(c1ccccc1)c1ccccc1)N1CCN(S(=O)(=O)c2ccccc2[O-])CC1,0.6602658420879555
O=C(CN1CCN([C@@H](O)CCC(=O)N2CCC[C@H](c3ncncc3-c3ccncc3)C2)CC1)c1ccccc1,0.7524696885341456
O=C(CN1CCN(C2CCN(c3ccc(C(=O)c4ccccc4)cc3[N+](=O)[O-])CC2)CC1)c1ccccc1,0.75458220507397
O=C(CC(c1ccccc1)c1ccccc1)N1CCN(S(=O)(=O)C2(O)CC[NH+](C/C=C/c3ccco3)CC2)CC1,0.7405224504498421
O=C(c1ccc(C(=O)N2CCN(C(c3ccccc3)c3ccccc3)CC2)c(C(=O)O)c1)c1ccco1,0.6755802000422334
O=C(c1ccc(N2CC[NH+](CC(=O)[C@H](O)c3ccc([O-])cc3)CC2)c([N+](=O)[O-])c1)c1ccccn1,0.7350490958646437
CCC[NH+](Cc1ccc(C(=O)[C@H](O)c2ccc(NC(C)=O)cc2)c([O-])c1)C1CCN(C(=O)c2ccccc2)CC1,0.7726992325495908
[O-]c1cccc(CN2CCN([C@@H](O)C3(O)CC[NH+](C/C=C/c4ccco4)CC3)CC2)c1,0.7179392641096387
CCC[NH+](Cc1ccc(C(C)=O)c(C)c1)C1CCN(c2cccc([O-])c2)CC1,0.037657800996823546
O=C(c1ccccc1)c1ccc(N2CCC(c3ncncc3-c3ccncc3)CC2)c([N+](=O)[O-])c1,0.5982454479557576
[O-]c1cccc(N2CCC([NH+](O)Cc3ccc(-c4ccccc4)c(O)c3)CC2)c1,0.43075538349252174
O=C([O-])Nc1ccc(C(c2ccccc2)c2ccccc2)c([N+](=O)[O-])c1,0.6094861880989352
CC1([NH+]2CCN(c3ccc(C(=O)c4ccccc4)cc3[N+](=O)[O-])CC2)CC[NH+](Cc2ccccc2)CC1,0.44742800403369426
CCC[NH+](CC=Cc1ccc(C)cc1)C1CCN(c2cccc([O-])c2)CC1,0.002163690405549414
CCC=CCC(c1ccccc1)N1CCN(C(=O)c2ccc(C(=O)[O-])cc2[N+](=O)[O-])CC1,0.7426635113161897
O=C([O-])[C@H](c1cccc(C[NH+](Cc2ccc([N+](=O)[O-])c(O)c2)C2CCC(O)CC2)c1)c1ccco1,0.7575722441646457
O=C([O-])Nc1ccc(N2CCN(CC(=O)c3ccccc3)CC2)c([N+](=O)[O-])c1,0.671634460831856
CC(=O)Nc1ccc([C@H](O)N2CCN(Cc3cccc([O-])c3)CC2)cc1,0.6072016383636561
CCC[NH+](Cc1ccc(C(=O)[C@H](O)c2ccc(NC(C)=O)cc2)c(O)c1)C1CCN(C(=O)c2ccccc2)CC1,0.7726992325495908
CCC[NH+](c1ccco1)C1CCN(c2cccc([O-])c2)CC1,0.019286629619025282
CCC[NH+](Cc1ccc(C(=O)[C@H](O)c2ccc(NC(C)=O)cc2)c(O)c1)C(=O)[O-],0.6728654028963633
CCC=CC[N+](=O)c1cc(NC(=O)[O-])ccc1C(=O)N1CCN(C(c2ccccc2)c2ccccc2)CC1,0.7265114905678243
CCC=CCc1ccc(C(=O)c2ccccc2)cc1[N+](=O)[O-],0.13844846817033477
CC(=O)C1CCC([NH+](Cc2cccc([C@@H](C(=O)[O-])c3ccco3)c2)Cc2ccc([N+](=O)[O-])c(O)c2)CC1,0.7435841364238918
O=C(O)c1ccc(CCC(=O)N2CCC[C@H](c3ncncc3-c3ccncc3)C2)c(C(=O)O)c1,0.7316460420515933
O=C([O-])c1ccc(N2CCN(CC(=O)c3ccccc3)CC2)c([N+](=O)[O-])c1,0.6778570418654936
CCC[C@H]1CCCN(C(=O)CC[C@H](O)N2CCN(CC(=O)c3ccccc3)CC2)C1,0.21739918076264697
CCC=CCC[NH+](CCC)C1CCN(C(=O)c2ccccc2)CC1,0.000566186496990149
Cc1ccc(C=CC[NH+](Cc2cccc([C@@H](C(=O)[O-])c3ccco3)c2)Cc2ccc([N+](=O)[O-])c(O)c2)cc1,0.6891292819325354
CC(=O)Nc1ccc(CC=Cc2ccc(C)cc2)cc1,0.0011822204588175006
O=C([O-])c1ccc(C(=O)N2CCN(C(c3ccccc3)c3ccccc3)CC2)c(-c2ccco2)c1,0.5623281609267163
CCC[NH+](CC1CCC(O)CC1)C1CCN(C(=O)c2ccccc2)CC1,0.022968899043010253
O=C(O)c1ccc(S(=O)(=O)N2CCN(C(=O)CC(c3ccccc3)c3ccccc3)CC2)c(C(=O)O)c1,0.7610290976463837
O=C(C[NH+]1CCN(c2ccc(C(=O)[N+](=O)[O-])cc2[N+](=O)[O-])CC1)[C@H](O)c1ccc([O-])cc1,0.6912728241266185
CCC=CC[NH+]1CCC(O)(C2CCN(C[NH+](CCC)C3CCN(c4cccc([O-])c4)CC3)CC2)CC1,0.1280922353204037
CN1C(=O)C[C@@](CC(=O)N2CCC([C@@H](O)c3ccccn3)CC2)(c2ccc(-c3ccccc3)cc2)C1=O,0.7563948721762482
O=C(c1ccccc1)c1ccc(C2(O)CC[NH+](C/C=C/c3ccco3)CC2)c([N+](=O)[O-])c1,0.7348141524634512
CC(=O)Nc1ccc([C@@H](O)C(=O)N2CCN(C(=O)c3ccc(C(=O)[O-])cc3C(=O)O)CC2)cc1,0.6866000078322433
[O-]c1cccc(N2CCC([NH+](O)Cc3ccc(C4CCC(O)CC4)c(O)c3)CC2)c1,0.714440037659704
CCC[NH+](C1CCN(C(=O)c2ccccc2)CC1)C1CCN(c2cccc([O-])c2)CC1,0.05825126173332682
CCC=CC[NH+]1CCC(O)(C2CCN(c3ccc(C(=O)c4ccccc4)cc3[N+](=O)c3ccccn3)CC2)CC1,0.5664182592708793
CN1C(=O)C[C@@](CC(=O)N2CCC([C@@H](O)c3ccccn3)CC2)(C(=O)[O-])C1=O,0.66625017799526
CCC=CC[NH+]1CCC(O)(C2CCN(c3ccccc3)CC2)CC1,0.0010961170408886008
O=C([O-])C(=O)c1ccc(C(=O)N2CCN(C(c3ccccc3)c3ccccc3)CC2)c(C(=O)O)c1,0.7568417015281532
CC(=O)Nc1ccc([C@@H](O)C(=O)c2ccc(C[NH+](O)C3CCN(C(C)=O)CC3)cc2O)cc1,0.7264919465138867
CCC=CC[NH+]1CCC(O)(C2CCN(N3CCN(C(=O)CC(c4ccccc4)c4ccccc4)CC3)CC2)CC1,0.063056282910078
O=C(O)c1ccc(S(=O)(=O)N2CCN(C(=O)CC(c3ccccc3)c3ccccc3)CC2)c(C(=O)[N+](=O)[O-])c1,0.741601094774512
O=C(CC(c1ccccc1)c1ccccc1)N1CCN(CC(c2ccccc2)c2ccccc2)CC1,0.00022325382793330926
Cc1cc(C(=O)c2ccccc2)ccc1N1CC[NH+](C2(O)CC[NH+](Cc3ccccc3)CC2)CC1,0.04991335173856923
CCC=CC[NH+]1CCC(O)(C2CCN(N3CCN(C(=O)CC(c4ccccc4)c4ccccc4)CC3)CC2)CC1,0.063056282910078
CCC[NH+](Cc1ccc(C(=O)[C@H](O)c2ccc(NC(C)=O)cc2)c([O-])c1)C1CCN(C(=O)c2ccccc2)CC1,0.7726992325495908
O=C(c1ccccc1)N1CCC(c2ncncc2-c2ccncc2)CC1,0.13413283732817996
O=C([O-])c1ccc(C(=O)N2CCN(c3ccc(C(=O)c4ccccc4)cc3[N+](=O)[O-])CC2)c(C(=O)O)c1,0.690063521281662
CC(=O)Nc1ccc([C@@H](O)C(=O)N2CCN(C(=O)c3ccc(C(=O)[O-])cc3C(=O)O)CC2)cc1,0.6866000078322433
CN1C(=O)C[C@@](CC(=O)N2CCC([C@@H](C(=O)[O-])c3ccccn3)CC2)(c2ccc(-c3ccccc3)cc2)C1=O,0.7511298491179809
CC(=O)Nc1ccc([C@@H](O)C(=O)c2ccc(C[NH+](C(C)=O)C3CCN(c4cccc([O-])c4)CC3)cc2O)cc1,0.7307409145467654
O=C([O-])C(=O)c1ccc(C(=O)N2CCN(N3CCN(CC(=O)c4ccccc4)CC3)CC2)c(C(=O)O)c1,0.7057046045638481
CCC[NH+](Cc1ccc(C(=O)CC)c(C)c1)C1CCN(c2cccc([O-])c2)CC1,0.037306995612197816
CCC[NH+](Cc1ccc(C2CCN(C(=O)c3ccccc3)CC2)c(O)c1)C1CCN(C(=O)c2ccccc2)CC1,0.25503012890258314
O=C([O-])c1ccc(N2CCN(C(=O)CC(c3ccccc3)c3ccccc3)CC2)c([N+](=O)[O-])c1,0.7642767718321997
CCC[NH+](Cc1ccc(C(=O)[C@H](O)c2ccc(NC(C)=O)cc2)c(O)c1)C1CCN(c2ccccc2)CC1,0.7821733381901211
CCC[NH+](Cc1ccc(C(c2ccccc2)c2ccccc2)c(O)c1)C1CCN(c2ccccc2)CC1,0.0006461335887281372
CC(=O)Nc1ccc([C@@H](O)C(=O)c2ccc(C[NH+](C[N+](=O)[O-])C3CCN(c4ccccc4)CC3)cc2O)cc1,0.7617953362748248
O=C(CC(c1ccccc1)c1ccccc1)CC(c1ccccc1)c1ccccc1,1.9972533971286056e-05
CC(=O)[C@]1(CC(=O)N2CCC([C@@H](O)c3ccccn3)CC2)CC(=O)N(C)C1=O,0.6401640847283818
O=C([O-])C(=O)c1ccc(C(=O)N2CCN(c3ccc(C(=O)c4ccccc4)cc3[N+](=O)[O-])CC2)c(C(=O)O)c1,0.6870878374818614
CCC[NH+]1CCC(O)([NH+]2CCN(c3ccc(C(=O)c4ccccc4)cc3[N+](=O)[O-])CC2)CC1,0.735513330388448
CC(=O)Nc1ccc([C@@H](O)C(=O)c2ccc(C[NH+](C[N+](=O)[O-])C3CCN(c4ccccc4)CC3)cc2O)cc1,0.7617953362748248
CC(=O)Nc1ccc([C@@H](O)[C@]2(CC(=O)N3CCC([C@@H](O)c4ccccn4)CC3)CC(=O)N(C)C2=O)cc1,0.7634964627236568
CC(=O)c1ccc(N2CCC(C3(O)CC[NH+](C=Cc4ccc(C)cc4)CC3)CC2)c([N+](=O)[O-])c1,0.7567965843724023
CC(=O)c1cc(C(=O)O)ccc1S(=O)(=O)N1CCN(C(=O)CC(c2ccccc2)c2ccccc2)CC1,0.7541527086157809
CCC[NH+](Cc1ccc(C(=O)[C@H](O)c2ccc(NC(C)=O)cc2)c([O-])c1)C(c1ccccc1)c1ccccc1,0.7163933266503456
O=C(c1ccccc1)c1ccc(N2CCC(C3(O)CC[NH+](C4CCC(O)CC4)CC3)CC2)c([N+](=O)[O-])c1,0.7479542491760112
CCC[NH+]1CCC(O)(C2CCN(c3ccc(C(=O)c4ccccc4)cc3[N+](=O)[O-])CC2)CC1,0.7552409857737223
O=C(CCc1ccccc1)N1CCC[C@H](c2ncncc2-c2ccncc2)C1,0.14510312498452485
CCC[NH+](Cc1ccc(C(=O)[C@H](O)c2ccc(NC(C)=O)cc2)c([O-])c1)C(C)=O,0.6583353265356829
CCC[NH+](Cc1ccc(C(=O)[C@H](O)c2ccc(NO)cc2)c(C)c1)C1CCN(c2cccc([O-])c2)CC1,0.7764277110865471
CCC[NH+](Cc1ccc(C(=O)[C@H](O)c2ccc(NC(C)=O)cc2)c([O-])c1)C(=O)[C@H](O)c1ccc(NC(C)=O)cc1,0.6705524052611672
O=C([O-])c1ccc(N2CCN(c3ccco3)CC2)c([N+](=O)[O-])c1,0.6093995136302544
CCCC=C[NH+]1CCC(O)(C2CCN(c3ccc(C(C)=O)cc3[N+](=O)[O-])CC2)CC1,0.6978523913254572
CC(=O)Nc1ccc([C@@H](O)C(=O)c2ccc(CC3CCC(O)CC3)cc2O)cc1,0.725220671516358
O=C(c1ccc(C[NH+](C[N+](=O)[O-])C2CCN(c3ccccc3)CC2)cc1O)[C@H](O)c1ccc(N[O-])cc1,0.7702673331154035
[O-]c1cccc(N2CCC([NH+](O)Cc3ccc(-c4ccc(NO)cc4)c(O)c3)CC2)c1,0.761549623675578
CCC=CC[NH+]1CCC(O)(C2CCN(CC(c3ccccc3)c3ccccc3)CC2)CC1,0.0012501307231202621
CC(=O)Nc1ccc([C@@H](O)C2CCN(c3ccc(C(=O)c4ccccc4)cc3[N+](=O)[O-])CC2)cc1,0.6957409812692051
O=C(c1ccc(C[NH+](O)C2CCN(c3cccc([O-])c3)CC2)cc1O)N1CCC([C@@H](O)c2ccccn2)CC1,0.7469007910928608
CCC[NH+](Cc1ccc(C(=O)[C@H](O)c2ccc(NC(C)=O)cc2)c([O-])c1)C1CCN(C(=O)c2ccccc2)CC1,0.7726992325495908
CCC=CCc1ccc(C[NH+](CCC)C2CCN(c3ccccc3)CC2)cc1O,0.0012106128922262714
CC(=O)Nc1ccc(-c2ccc(C(=O)O)cc2C(=O)O)cc1,0.5535288146859203
O=C(c1ccccc1)c1ccc(N2CCC(C[N+](=O)[O-])CC2)c([N+](=O)[O-])c1,0.713418137375748
CCC[NH+](Cc1ccc(C(=O)[C@H](O)c2ccc(NC(C)=O)cc2)c(O)c1)C1CCN(c2cccc([O-])c2)CC1,0.7690616604133853
CCCN1CCC([NH+](CCC)Cc2ccc(C(=O)[C@H](O)c3ccc(NC(C)=O)cc3)c(O)c2)CC1,0.7450492693904268
[O-]c1cccc(N2CCC([NH+](O)Cc3ccc(-c4ccc(NO)cc4)c(O)c3)CC2)c1,0.761549623675578
CCC=CC[NH+]1CCC(O)(C2CCN(Cc3ccc(-c4ccc(NO)cc4)c(O)c3)CC2)CC1,0.662989055836271
CC(=O)Nc1ccc([C@@H](O)C(=O)c2ccc(C[NH+](O)C3CCN(c4ccc(NC(C)=O)cc4)CC3)cc2O)cc1,0.7482890857207688
CCC[NH+](Cc1ccc(C(=O)CC)c(C)c1)C1CCN(c2cccc([O-])c2)CC1,0.037306995612197816
O=C(O)c1ccc(S(=O)(=O)N2CCN(C(=O)CC(O)c3ccccc3)CC2)c(C(=O)O)c1,0.7114481984084231
CCC[NH+](Cc1ccc(C(=O)C(=O)c2ccccc2)c([O-])c1)C1CCN(C(=O)c2ccccc2)CC1,0.6852891387809132
CCC[NH+](C(=O)c1ccccc1)C1CCN(c2cccc([O-])c2)CC1,0.03648909197397745
O=C(O)c1ccc(S(=O)(=O)c2cccc([O-])c2)c(C(=O)O)c1,0.5561905398471563
O=C(c1ccccc1)N1CCC([NH+](O)C2CCN(c3cccc([O-])c3)CC2)CC1,0.41247384062489495
CCC=CC[NH+]1CCC(O)(C2CCN(Cc3ccc(NO)cc3)CC2)CC1,0.15598484815702435
CCC=CC[NH+]1CCC(O)(C2CCN(CO)CC2)CC1,0.030899470947019145
CCC[NH+](Cc1ccc(C(=O)[C@H](O)c2ccc(NC[N+](=O)[O-])cc2)c(O)c1)C1CCN(c2cccc([O-])c2)CC1,0.7711085796461337
O=C(c1ccccc1)c1ccc(-c2ccc(C[NH+](O)C3CCN(c4cccc([O-])c4)CC3)cc2O)c([N+](=O)[O-])c1,0.7375005913142695
O=C(O)c1ccc(N2CCC(C3(O)CC[NH+](C/C=C/c4ccco4)CC3)CC2)c([N+](=O)[O-])c1,0.7406828061175763
CCC[NH+](Cc1ccc(C(=O)[C@H](O)c2ccc(NC(C)=O)cc2)c(NO)c1)C1CCN(c2ccccc2)CC1,0.764771129519742
CC(=O)C=CC[NH+]1CCC(O)(C2CCN(c3ccc(C(=O)c4ccccc4)cc3[N+](=O)[O-])CC2)CC1,0.7590943112128545
CC(=O)Nc1ccc([C@@H](O)C(=O)c2ccc([NH+](C[N+](=O)[O-])C3CCN(c4ccccc4)CC3)cc2NO)cc1,0.741601094774512
CCC[NH+](Cc1ccc(O)c(O)c1)C1CCN(c2cccc([O-])c2)CC1,0.4017351297544101
ONc1ccc(-c2ccc(C[NH+](O)C3CCN(C4(O)CC[NH+](C/C=C/c5ccco5)CC4)CC3)cc2O)cc1,0.761390167328906
CCC[NH+](Cc1ccc(NO)c(O)c1)C1CCN(c2cccc([O-])c2)CC1,0.6688473722520376
O=C(O)c1ccc(S(=O)(=O)N2CCN(C(=O)CC(c3ccccc3)c3ccco3)CC2)c(C(=O)O)c1,0.7290936599526199
CC(=O)Nc1ccc(C(=O)CC(c2ccccc2)c2ccccc2)cc1,0.021511763526417055
CCC[NH+](Cc1ccccc1)C1CCN(c2cccc([O-])c2)CC1,0.002048354520919413
CC(=O)Nc1ccc([C@@H](O)C(=O)c2ccc(CN3CCC([C@@H](O)c4ccccn4)CC3)cc2NO)cc1,0.7566018852418407
CC(=O)C(CC(=O)N1CCN(S(=O)(=O)c2ccc(C(=O)O)cc2C(=O)O)CC1)c1ccccc1,0.6936060189083242
O=C(CC(c1ccccc1)c1ccccc1)c1ccco1,0.001490574451365354
CCNc1ccc([C@@H](O)[C@]2(CC(=O)N3CCC([C@@H](O)c4ccccn4)CC3)CC(=O)N(C)C2=O)cc1,0.7593514245933308
CCCC(=O)c1ccc(C[NH+](CCC)C2CCN(C(=O)c3ccccc3)CC2)cc1[O-],0.25644694135242274
O=C(CC(c1ccccc1)c1ccccc1)N1CCN(c2ccccc2)CC1,0.00045886194171221653
CCC[NH+](CC)Cc1ccc(C(=O)[C@H](O)c2ccc(NC(C)=O)cc2)c([O-])c1,0.6851719516358512
CC(=O)Nc1ccc([C@@H](O)C(=O)[C@H](O)c2ccc(NC[N+](=O)[O-])cc2)cc1,0.6160097040444547
CC(=O)Nc1ccc([C@@H](O)[C@]2(CC3CCN(C(=O)c4ccccc4)CC3)CC(=O)N(C)C2=O)cc1,0.7327044509885299
CCCCC(=O)N1CCC[C@H](c2ncncc2-c2ccncc2)C1,0.13523036411368958
CCC=CC[NH+]1CCC(O)(C2CCN(CC)CC2)CC1,0.000915587153885909
CNc1ccc([C@@H](O)[C@]2(CC(=O)N3CCC([C@@H](O)c4ccccn4)CC3)CC(=O)N(C)C2=O)cc1,0.7588870828241531
CCC[NH+](Cc1ccc(C(=O)[C@H](O)c2ccc(NC(C)=O)cc2)c([O-])c1)c1ccccc1,0.6964705593236631
CC(=O)Nc1ccc([C@@H](O)C(=O)c2ccc(CN3CCN(c4ccc(C(=O)[O-])cc4[N+](=O)[O-])CC3)cc2O)cc1,0.7146569498815023
CCC[NH+](CN1CCC([C@@H](O)c2ccccn2)CC1)C1CCN(c2cccc([O-])c2)CC1,0.30404422351525284
CCC[NH+](Cc1ccc(C(=O)[C@H](O)c2ccc(NO)cc2)c(C)c1)C1CCN(c2ccc(NO)cc2)CC1,0.7705392272798465
CC[NH+]1CCC(O)(C2CCN(c3ccc(C(=O)c4ccccc4)cc3[N+](=O)[O-])CC2)CC1,0.7550819818451012
O=C(O)c1ccc(S(=O)(=O)N2CCN(C(=O)CC(C(=O)c3ccccc3)c3ccccc3)CC2)c(C(=O)O)c1,0.7525167973859893
CCC=CC[NH+]1CCC(O)(C2CCN(C3(O)CC[NH+](C/C=C/c4ccco4)CC3)CC2)CC1,0.24313543927768078
CCC=CC[NH+]1CCC(O)(C2CCN(c3ccco3)CC2)CC1,0.011620122584897278
CCC[NH+](CC1CCN(c2ccc(C(=O)c3ccccc3)cc2[N+](=O)[O-])CC1)C1CCN(c2ccccc2)CC1,0.3499438556496492
CCC1([NH+]2CCN(c3ccc(C(=O)c4ccccc4)cc3[N+](=O)[O-])CC2)CC[NH+](Cc2ccccc2)CC1,0.44468997550877337
CCC=CC[NH+]1CCC(O)(C2CCN(Cc3ccc(NC(C)=O)cc3)CC2)CC1,0.11440096347725245
CCC[NH+](CC[N+](=O)[O-])C1CCN(c2ccccc2)CC1,0.04904081307268109
CCC=CC[NH+]1CCC(O)(C2CCN(C[C@H](O)c3ccc(NC(C)=O)cc3)CC2)CC1,0.5397212482356398
CC(=O)Nc1ccc([C@@H](O)C(=O)c2ccc(NO)cc2O)cc1,0.6007737560864487
CC(=O)Nc1ccc([C@@H](O)C(=O)c2ccc(CC(=O)[C@H](O)c3ccc(NC[N+](=O)[O-])cc3)cc2NO)cc1,0.6445235633778249
CC(=O)Nc1ccc(C2CCN(C(=O)c3ccccc3)CC2)cc1,0.042694243355343844
CC(=O)Nc1ccc([C@@H](O)C(=O)c2ccc(C[NH+](C[N+](=O)[O-])C3CCN(c4ccccc4)CC3)cc2O)cc1,0.7617953362748248
CC(=O)Nc1ccc([C@@H](O)C(=O)c2ccc(C[N+](=O)[O-])cc2O)cc1,0.6204780707537653
CCC[NH+](CCc1ccc(-c2ccc(NO)cc2)c(O)c1)C1CCN(c2cccc([O-])c2)CC1,0.7057084562259897
CC(=O)Nc1ccc([C@@H](O)C(=O)c2ccc(CC(=O)[C@H](O)c3ccc(NC[N+](=O)[O-])cc3)cc2NO)cc1,0.6445235633778249
CCC[NH+](CC(=O)N1CCC([C@@H](O)c2ccccn2)CC1)C1CCN(C(=O)c2ccccc2)CC1,0.5691019059843978
CCC[NH+](Cc1ccc(NC(C)=O)cc1)C1CCN(c2ccccc2)CC1,0.006533289725927188
CCC=CC[NH+]1CCC(O)(C2CCN(CN3CCN(c4ccc(C(=O)[O-])cc4[N+](=O)[O-])CC3)CC2)CC1,0.6869716025633014
O=C(c1ccccc1)c1ccc(C(=O)CC(c2ccccc2)c2ccccc2)c([N+](=O)[O-])c1,0.20543778455959605
O=C(Cc1ccc(C(=O)[C@H](O)c2ccc(N[O-])cc2)c(O)c1)c1ccccc1,0.6473075331968045
O=C(c1ccc(N2CCN(C(=O)CC(c3ccccc3)c3ccccc3)CC2)c([N+](=O)[O-])c1)c1ccco1,0.5699788229076045
CCC=CC[NH+]1CCC(O)(C2CCN(Cc3ccc(NO)cc3)CC2)CC1,0.15598484815702435
CCC[NH+](Cc1ccc(C2CCN(C(=O)c3ccccc3)CC2)c(O)c1)C1CCN(c2ccccc2)CC1,0.03556069534935224
CCC[NH+](Cc1ccc(-c2ccco2)c(O)c1)C1CCN(c2ccccc2)CC1,0.014206580893515888
O=C(O)c1ccc(C[NH+](C[N+](=O)[O-])C2CCN(c3ccccc3)CC2)cc1O,0.7228311297401886
CC(=O)Nc1ccc(C(=O)c2ccc(C[NH+](C[N+](=O)[O-])C3CCN(c4ccccc4)CC3)cc2O)cc1,0.7518263272417686
CCC[NH+](Cc1ccc(C(=O)[C@H](O)c2ccc(NO)cc2)c(C)c1)C1CCN(c2ccc(NO)cc2)CC1,0.7705392272798465
O=C(O)c1ccc(S(=O)(=O)CCC(=O)N2CCC[C@H](c3ncncc3-c3ccncc3)C2)c(C(=O)O)c1,0.7090164937157666
CC(=O)Nc1ccc([C@@H](O)C(=O)c2ccc(-c3ccc(NO)cc3)cc2NO)cc1,0.5992658005009509
CCCC(=O)C[C@@]1([C@H](O)c2ccc(NC(C)=O)cc2)CC(=O)N(C)C1=O,0.6269889688546222
CCC[NH+](Cc1ccc(C(=O)[C@H](O)c2ccc(NC[N+](=O)[O-])cc2)c(O)c1)C1CCN(c2cccc([O-])c2)CC1,0.7711085796461337
CCC[NH+](CCc1ccc(-c2ccc(NO)cc2)c(O)c1)C1CCN(c2ccccc2)CC1,0.17226192052623246
[O-]c1cccc(-c2ccc(-c3ccc(C[NH+](O)C4CCN(c5cccc([O-])c5)CC4)cc3O)cc2)c1,0.7528170834503368
CC(=O)C[NH+]1CCC(O)([NH+]2CCN(c3ccc(C(=O)c4ccccc4)cc3[N+](=O)[O-])CC2)CC1,0.7327204137006977
CCC[NH+](Cc1ccc(C(=O)[C@H](O)c2ccc(NC(C)=O)cc2)c(C)c1)C1CCN(c2cccc([O-])c2)CC1,0.764991717779337
CC(=O)Nc1ccc(C(=O)CC(c2ccccc2)c2ccccc2)cc1,0.021511763526417055
CCC[NH+](Cc1ccc(C(=O)[C@H](O)c2ccc(NC(C)=O)cc2)c(O)c1)C1CCN(c2ccco2)CC1,0.7575266923490008
CC(=O)[C@@H](C(=O)c1ccc(C[NH+](C[N+](=O)[O-])C2CCN(c3ccccc3)CC2)cc1O)c1ccc(N[O-])cc1,0.7455616563673185
CCC[NH+](Cc1ccc(C(=O)[C@H](O)c2ccc(NC(C)=O)cc2)c(NO)c1)C1CCN(c2cccc([O-])c2)CC1,0.7522240943953569
O=C(c1ccccc1)c1ccc(N2CCC(NO)CC2)c([N+](=O)[O-])c1,0.7057770216607714
CCC[NH+](Cc1ccc(C2CCN(c3cccc([O-])c3)CC2)c(O)c1)C1CCN(c2ccccc2)CC1,0.08572703770725981
CC(=O)Nc1ccc([C@@H](O)C2CCN(c3cccc([O-])c3)CC2)cc1,0.5061928094647755
CCCC[NH+](CCC)C1CCN(c2cccc([O-])c2)CC1,0.001870698905074746
CCC[NH+](C(=O)[C@H](O)c1ccc(NO)cc1)C1CCN(c2cccc([O-])c2)CC1,0.733295256595403
O=C(c1ccc(C[NH+](C[N+](=O)[O-])C2CCN(c3ccccc3)CC2)cc1O)[C@H](NO)c1ccc(N[O-])cc1,0.7537440563226497
CC(=O)Nc1ccc([C@@H](O)C2(O)CC[NH+](C/C=C/c3ccco3)CC2)cc1,0.7345882537059832
CC(=O)Nc1ccc([C@@H](O)[C@@H](O)CCC(=O)N2CCC[C@H](c3ncncc3-c3ccncc3)C2)cc1,0.7928881400264653
CN1C(=O)C[C@@](CC(=O)N2CCC([C@@H](O)c3ccccn3)CC2)([C@H](O)c2ccc(NO)cc2)C1=O,0.757481527813142
CCC[NH+](Cc1ccc(C2CCN(c3cccc([O-])c3)CC2)c(C)c1)C1CCN(c2ccc(NO)cc2)CC1,0.2573970134592499
CC(=O)Nc1ccc([C@@H](O)C(=O)c2ccc(C[NH+](CC[O-])C3CCN(c4cccc([O-])c4)CC3)cc2O)cc1,0.771770159204919
Cc1cc(C[NH+](C[O-])C2CCN(c3ccc(NO)cc3)CC2)ccc1C(=O)[C@H](O)c1ccc(NO)cc1,0.7743636991964787
O=C(c1ccc(C[NH+](CC[O-])C2CCN(c3cccc([O-])c3)CC2)cc1O)[C@H](O)c1ccc(C[O-])cc1,0.7889477142675626
O=C(CCC(=O)N1CCC[C@H](c2ncncc2-c2ccncc2)C1)N1CCC([C@@H](O)c2ccccn2)CC1,0.72807820785866
CC(=O)C[NH+](Cc1ccc(C(=O)[C@H](O)c2ccc(NO)cc2)c(C)c1)C1CCN(c2ccc(NO)cc2)CC1,0.7516647518105676
O=C([O-])c1ccc(N2CCN(c3ccc(NO)cc3)CC2)c([N+](=O)[O-])c1,0.6258829962935801
CC(=O)Nc1ccc([C@@H](O)[C@]2(CCC[O-])CC(=O)N(C)C2=O)cc1,0.64786076074832
CCC[NH+](Cc1ccc(C(=O)[C@H](O)c2ccc(NC(C)=O)cc2)c(NO)c1)C1CCN(c2cccc([O-])c2)CC1,0.7522240943953569
CCC[NH+](CC1CCN(c2cccc([O-])c2)CC1)C1CCN(C(=O)c2ccccc2)CC1,0.058481572790389943
CCC[NH+](CCC)C1CCN(c2cccc([O-])c2)CC1,0.0018302695375210843
CC(=O)NCCC(=O)N1CCC[C@H](c2ncncc2-c2ccncc2)C1,0.6585992050412427
CC(=O)Nc1ccc(CCC(=O)N2CCC[C@H](c3ncncc3-c3ccncc3)C2)cc1,0.7138831629697787
CCC[NH+](Cc1ccc(C(=O)[C@H](O)c2ccc(NC(C)=O)cc2)c(C)c1)C1CCN(c2ccc(NO)cc2)CC1,0.7597840821340814
CCCCCC(=O)N1CCC[C@H](c2ncncc2-c2ccncc2)C1,0.1379592648424477
O=C(C[NH+]1CCC(O)([NH+]2CCN(c3ccc(C(=O)c4ccccc4)cc3[N+](=O)[O-])CC2)CC1)c1ccccc1,0.7536880852637883
CCC[NH+](Cc1ccc(C(=O)[C@H](O)c2ccc(CC)cc2)c(O)c1)C1CCN(C(=O)c2ccccc2)CC1,0.7198834701965938
CCCCc1ccc(C(=O)[C@H](O)c2ccc(NC(C)=O)cc2)c(NO)c1,0.6522990320585607
O=C(c1ccccc1)[C@H](O)c1ccc(NC[N+](=O)[O-])cc1,0.6494088546492697
Cc1cc(C[NH+](CC[O-])C2CCN(c3ccc(NO)cc3)CC2)ccc1C(=O)[C@H](O)c1ccc(NO)cc1,0.774678844903809
CC(=O)Nc1ccc([C@@H](O)C(=O)c2ccc(O)cc2NO)cc1,0.5931485932626407
O=C(CC[O-])Nc1ccc([C@@H](O)[C@@H](O)CCC(=O)N2CCC[C@H](c3ncncc3-c3ccncc3)C2)cc1,0.7966511126939827
CCC[NH+](Cc1ccc(C(=O)[C@H](O)c2ccc(NC(C)=O)cc2)c([O-])c1)C1CCN(c2ccccc2)CC1,0.7821733381901211
O=C(c1ccc(C[NH+](O)C2CCN(c3cccc([O-])c3)CC2)cc1O)[C@H](O)c1ccc(C[O-])cc1,0.7770769182491853
CCC(=O)Nc1ccc([C@@H](O)C(=O)c2ccc(C[NH+](CC[O-])C3CCN(c4cccc([O-])c4)CC3)cc2O)cc1,0.7743896546515956
CC(=O)Nc1ccc([C@@H](O)[C@H](CCC(=O)N2CCC[C@H](c3ncncc3-c3ccncc3)C2)NC(C)=O)cc1,0.7562798973288101
CC(=O)Nc1ccc([C@@H](O)C(=O)c2ccc(C(=O)[C@H](O)c3ccc(NC[N+](=O)[O-])cc3)cc2O)cc1,0.6313481076793266
CCCc1ccc(C[NH+](CCC)C2CCN(c3ccc(NO)cc3)CC2)cc1C,0.010802828464805882
[O-]c1cccc(N2CCC([NH+](O)Cc3ccc(C4(O)CC[NH+](C/C=C/c5ccco5)CC4)c(O)c3)CC2)c1,0.7465418766737826
CCC[NH+](Cc1ccc(C(=O)c2ccccc2)c(O)c1)C1CCN(c2cccc([O-])c2)CC1,0.3526254392790961
CC(=O)Nc1ccc([C@@H](O)C(=O)c2ccc(-c3ccco3)cc2O)cc1,0.6032610761558871
O=C(CC[O-])Nc1ccc([C@@H](O)[C@@H](O)c2cccc([O-])c2)cc1,0.6748757332687703
[O-]c1cccc(N2CCC([NH+](O)Cc3ccccc3)CC2)c1,0.05414368056750484
CCC[NH+](Cc1ccc(C(=O)C2CCN(c3cccc([O-])c3)CC2)c(O)c1)C1CCN(c2cccc([O-])c2)CC1,0.7289247520935122
CCC[NH+](Cc1ccc(C(=O)[C@H](O)c2ccc(NC(C)=O)cc2)c(O)c1)C1CCN(c2ccccc2)CC1,0.7821733381901211
CCC(=O)Nc1ccc([C@@H](O)C(=O)C(=O)[C@H](O)c2ccc(C[O-])cc2)cc1,0.6239318247316844
CCC[NH+](CC(=O)[C@H](O)c1ccc(NC(=O)CC)cc1)C1CCN(C(=O)c2ccccc2)CC1,0.7675853705332297
CCC[NH+](Cc1ccc(C(=O)[C@H](C[O-])c2ccc(NC(C)=O)cc2)c([O-])c1)C1CCN(c2ccccc2)CC1,0.7742504142351544
CCC[NH+](Cc1ccc(C(=O)[C@H](O)c2ccc(NC[N+](=O)O)cc2)c(O)c1)C1CCN(c2cccc([O-])c2)CC1,0.7711085796461337
O=C(CC[C@H](O)C[O-])N1CCC[C@H](c2ncncc2-c2ccncc2)C1,0.7080811819745926
O=C(c1ccc(-c2cccc([O-])c2)cc1O)[C@H](O)c1ccc(C[O-])cc1,0.654787301462419
CCC[NH+](Cc1ccc(C(=O)[C@H](O)c2ccc(NC[N+](=O)O)cc2)c(O)c1)[C@H](O)c1ccc(NC(C)=O)cc1,0.7193928666631423
CC(=O)Nc1ccc(C(=O)[C@H](O)c2ccc(C[O-])cc2)c(O)c1,0.6248416409385387
O=C(c1ccccc1)N1CCC(C[NH+](O)C2CCN(c3cccc([O-])c3)CC2)CC1,0.4082592214455377
[O-]CN1CCC[C@H](c2ncncc2-c2ccncc2)C1,0.2270371752750416
CC(=O)Nc1ccc([C@@H](O)C(=O)c2ccc(C[NH+](CCC[O-])C3CCN(c4cccc([O-])c4)CC3)cc2O)cc1,0.7745269148372361
O=C(CC[O-])Nc1ccc([C@@H](O)[C@@H](O)C[NH+](O)C2CCN(c3cccc([O-])c3)CC2)cc1,0.756951791598658
CC(=O)Nc1ccc([C@@H](O)C(=O)c2ccc(C[NH+](C[O-])C3CCN(c4ccccc4)CC3)cc2O)cc1,0.7820621847600894
CC(=O)Nc1ccc([C@@H](O)C(=O)c2ccc(C[NH+](C[O-])C3CCN(C(=O)c4ccccc4)CC3)cc2O)cc1,0.7750730674614202
CC(=O)Nc1ccc([C@@H](O)C(=O)c2ccc(C[NH+](C[O-])C3CCN(c4ccccc4)CC3)cc2O)cc1,0.7820621847600894
CCC[NH+](Cc1ccc(C(C)=O)c(O)c1)C1CCN(c2ccccc2)CC1,0.025436650113431082
O=C(c1ccccc1)c1ccc(N2CCC(c3ccccc3)CC2)c([N+](=O)[O-])c1,0.1773691855861085
O=C(c1ccccc1)[NH+](C[O-])C1CCN(c2ccccc2)CC1,0.035451626244004476
O=C(c1ccccc1)N1CCC([NH+](C[O-])C2CCN(c3ccccc3)CC2)CC1,0.05841450121363666
CC(=O)Nc1ccc([C@@H](O)C(=O)c2ccc(CO)cc2O)cc1,0.6299605249474366
O=C(CC[C@H](O)C1CCN(C(=O)c2ccccc2)CC1)N1CCC[C@H](c2ncncc2-c2ccncc2)C1,0.7507762891054344
CCC[NH+](Cc1ccc(C(C)=O)c(O)c1)C1CCN(c2cccc([O-])c2)CC1,0.3313129427619391
CC(=O)Nc1ccc([C@@H](O)[C@@H](O)CCC(=O)N2CCC[C@H](c3ncncc3-c3ccncc3)C2)cc1,0.7928881400264653
CCC[NH+](CCC[O-])C1CCN(C(=O)c2ccccc2)CC1,0.03454006898642556
[O-]Cc1ccc(C[NH+](O)C2CCN(c3cccc([O-])c3)CC2)cc1O,0.7130954006139324
O=C(c1ccccc1)c1ccc(N2CCC(C3(O)CC[NH+](CC=C[O-])CC3)CC2)c([N+](=O)[O-])c1,0.7672169219958133
OC1(C2CCN(c3ccccc3)CC2)CC[NH+](C/C=C/c2ccco2)CC1,0.013504578644342007
CC(=O)Nc1ccc([C@@H](O)C[NH+](CC[O-])C2CCN(c3cccc([O-])c3)CC2)cc1,0.7493577192845708
CCC[NH+](O)Cc1ccc(C(=O)[C@H](O)c2ccc(NC[N+](=O)[O-])cc2)c(O)c1,0.6833834658598145
CCC[NH+](Cc1ccc(CC)c(O)c1)C1CCN(c2cccc([O-])c2)CC1,0.05741754760283403
Cc1cc(C[NH+](O)C2CCN(c3ccc(NO)cc3)CC2)ccc1C(=O)[C@H](O)c1ccc(NO)cc1,0.7601818015302991
CCC[NH+](Cc1ccc(C(=O)[C@H](O)c2ccc(NC(C)=O)cc2)c(O)c1)C1CCN(C[O-])CC1,0.7450156220691454
O=C(c1ncncc1-c1ccncc1)[C@H](O)c1ccc(C[O-])cc1,0.6190300660761532
[O-]CC[NH+](CC1(O)CC[NH+](C/C=C/c2ccco2)CC1)C1CCN(c2cccc([O-])c2)CC1,0.7142821176627994
CCC[NH+](CCC[O-])C1CCN(C(=O)c2ccccc2)CC1,0.03454006898642556
CCC[NH+](Cc1ccc(C(=O)[C@H](O)c2ccc(NC[N+](=O)O)cc2)c(O)c1)C1CCN(c2cccc([O-])c2)CC1,0.7711085796461337
CCC(=O)C[NH+](CC[O-])C1CCN(c2cccc([O-])c2)CC1,0.3581658589709676
Cc1cc(C[NH+](CC[O-])C2CCN(c3ccc(NO)cc3)CC2)ccc1C(=O)O,0.7435607764669829
O=C(C[NH+](O)C1CCN(c2cccc([O-])c2)CC1)[C@H](O)c1ccc(NC[N+](=O)O)cc1,0.7287066599532732
O=C(CC[O-])Nc1ccc([C@@H](O)[C@@H](O)C2CCN(c3ccccc3)CC2)cc1,0.7201712756365882
CC(=O)Nc1ccc([C@@H](O)C2CCN(C(=O)c3ccccc3)CC2)cc1,0.3563798483435232
CCC(=O)Nc1ccc([C@@H](O)C(=O)c2ccc(NO)cc2)cc1,0.6405408735644808
CC(=O)Nc1ccc([C@@H](O)C(=O)c2ccc(C[NH+](NC(C)=O)C3CCN(c4ccccc4)CC3)cc2O)cc1,0.7318561164177043
CCC[NH+](Cc1ccc(C(=O)[C@H](C[O-])c2ccc(C(=O)CC)cc2)c([O-])c1)C1CCN(c2ccccc2)CC1,0.7743436343642325
CCC(=O)Nc1ccc([C@@H](O)C(=O)c2ccc(C[NH+](CC[O-])C3CCN(c4cccc([O-])c4)CC3)cc2O)cc1,0.7743896546515956
CCC[NH+](Cc1ccc(C(=O)[C@H](O)c2ccc(C(=O)CC)cc2)c(O)c1)C1CCN(C(=O)c2ccccc2)CC1,0.7756040394950316
O=C(C1CCN(C(=O)c2ccccc2)CC1)[C@H](O)c1ccc(C[O-])cc1,0.6104631029315015
O=C(c1ccc(C[NH+](O)c2cccc([O-])c2)cc1O)[C@H](O)c1ccc(C[O-])cc1,0.6728654028963633
CCC[NH+](Cc1ccc(C(=O)[C@H](O)c2ccc(C(=O)CC)cc2)c(O)c1)C1CCN(C(=O)c2ccccc2)CC1,0.7756040394950316
CCC[NH+](CC[O-])Cc1ccc(C(=O)[C@H](O)c2ccc(C(=O)CC)cc2)c(O)c1,0.7215192736268898
CC[C@@H](O)CCC(=O)N1CCC[C@H](c2ncncc2-c2ccncc2)C1,0.5771934533354924
CCC(=O)Nc1ccc(C[NH+](O)C2CCN(c3cccc([O-])c3)CC2)cc1O,0.7213981455988231
CCC[NH+](Cc1ccc([C@H](O)[C@H](O)c2ccc(NC(=O)CC[O-])cc2)c(O)c1)C1CCN(c2ccccc2)CC1,0.7940788389708344
CCC[NH+](CCC[O-])C1CCN(c2ccccc2)CC1,0.0018777757280060818
CCC(=O)c1ccc(C(=O)[C@H](O)c2ccc(NC[N+](=O)[O-])cc2)c(O)c1,0.6421366779091824
CCC[NH+](CO)C1CCN(C(=O)c2ccccc2)CC1,0.022231316878385234
O=C(c1ccc(C[NH+](CCC[O-])C2CCN(c3cccc([O-])c3)CC2)cc1O)[C@H](O)c1ccc(NO)cc1,0.7859566123974019
CCC[NH+](Cc1ccc(C(=O)[C@H](O)c2ccc(NC(C)=O)cc2)c([O-])c1)C1CCN(c2cccc([O-])c2)CC1,0.7690616604133853
Cc1cc(C[NH+](C[O-])C2CCN(c3ccc(NO)cc3)CC2)ccc1-c1ccc(NO)cc1,0.7639521002672885
CC(=O)Nc1ccc([C@@H](O)[C@@H](O)CCC(=O)C2(O)CC[NH+](C/C=C/c3ccco3)CC2)cc1,0.7552268042493316
CC(=O)Nc1ccc(N2CCC[C@H](c3ncncc3-c3ccncc3)C2)cc1,0.37575023558196136
CC(=O)Nc1ccc([C@@H](O)C(=O)c2ccc(C[NH+](C[O-])C3CCN(c4ccc(NO)cc4)CC3)cc2C)cc1,0.7655810009351595
CCC(=O)c1ccc([C@@H](O)C(=O)c2ccc(C[C@H](O)c3ccc(NC(C)=O)cc3)cc2O)cc1,0.6690218399875226
CCC[NH+](Cc1ccc(C(=O)c2ccc(NC(C)=O)cc2)c([O-])c1)C1CCN(C(=O)c2ccccc2)CC1,0.7549250942168727
CCN1CCC([NH+](CC[O-])Cc2ccc(C(=O)[C@H](O)c3ccc(NO)cc3)c(C)c2)CC1,0.7476816602356349
O=C(c1ccc(C[NH+](O)[NH+](C[O-])C2CCN(c3ccccc3)CC2)cc1O)[C@H](O)c1ccc(C[O-])cc1,0.7748910206529049
O=C(c1ccc(C[NH+](O)[NH+](C[O-])C2CCN(c3ccccc3)CC2)cc1O)[C@H](O)c1cccc([O-])c1,0.7624581408737776
O=C(CC[C@H](O)c1ccco1)N1CCC[C@H](c2ncncc2-c2ccncc2)C1,0.7298915509180642
[O-]Cc1ccc(C[NH+](O)C2CCN(c3cccc([O-])c3)CC2)cc1O,0.7130954006139324
CCC(=O)Nc1ccc([C@@H](O)C(=O)c2ccc(C[NH+]([O-])CC[O-])cc2O)cc1,0.6899287365727547
CCC[NH+](Cc1ccc([C@H](O)[C@H](O)[C@H](O)c2ccc(NO)cc2)c(O)c1)C1CCN(c2ccccc2)CC1,0.7514128476931596
CC(=O)Nc1ccc([C@@H](O)C(=O)c2ccc(C[NH+](C[O-])c3cccc([O-])c3)cc2O)cc1,0.6722147860372724
CC(=O)Nc1ccc([C@@H](O)[C@@H](O)CCC(=O)N2CCC[C@H]([C@H](O)c3ccc(NO)cc3)C2)cc1,0.7864027039569713
CCC(=O)c1cc(C[NH+](C[O-])C2CCN(c3ccccc3)CC2)ccc1C(=O)[C@H](O)c1ccc(NC(C)=O)cc1,0.7671500198002577
O=C(CC[O-])Nc1ccc([C@@H](O)[C@@H](O)C2CCN(c3cccc([O-])c3)CC2)cc1,0.723785786331853
CCC(=O)Cc1ccc(C(=O)[C@H](O)c2ccc(NC(C)=O)cc2)c(O)c1,0.6377553403582765
CC(=O)Nc1ccc([C@@H](O)[NH+](C[O-])C2CCN(c3ccccc3)CC2)cc1,0.6090524648584796
O=C(c1ccc(C[NH+](O)c2ccc(NO)cc2)cc1O)[C@H](O)c1ccc(C[O-])cc1,0.6644331354528402
CCC(=O)c1ccc([C@@H](C[O-])C(=O)c2ccc([C@H](O)c3ccc(NC(C)=O)cc3)cc2[O-])cc1,0.6634835119259962
CCC[NH+](C[O-])Cc1ccc(C(=O)[C@H](O)c2ccc(NC(C)=O)cc2)c(O)c1,0.6978066256060952
[O-]Cc1ccc([NH+](C[O-])C2CCN(c3ccccc3)CC2)cc1,0.07925654388868644
CCC[NH+](Cc1ccc(C(=O)[C@H](O)c2ccc(NO)cc2)c(C)c1)C1CCN(C[O-])CC1,0.7539143543936425
CCC(=O)NC[NH+](C[O-])C1CCN(c2ccccc2)CC1,0.13841088300823493
O=C(c1ccc(C[NH+](C[O-])C2CCN(c3ccccc3)CC2)cc1O)[C@H](O)c1ccc(C[O-])cc1,0.7988747302881631
CCC(=O)N[C@H](O)[C@H](O)c1ccc(NC(=O)CC[O-])cc1,0.5938817680649627
O=C(CC[C@H](O)[C@H](O)c1ccc(-c2ccco2)cc1)N1CCC[C@H]([C@H](O)c2ccc(NO)cc2)C1,0.7897035565714399
O=C(CCc1ncncc1-c1ccncc1)N1CCC[C@H](c2ncncc2-c2ccncc2)C1,0.7309332836442064
CC(=O)Nc1ccc([C@@H](O)[C@@H](CC[O-])CCC(=O)N2CCC[C@H](c3ncncc3-c3ccncc3)C2)cc1,0.789466349517027
O=C(CC(=O)N1CCC[C@H]([C@H](O)c2ccc(NO)cc2)C1)[C@H](O)c1ccc(C[O-])cc1,0.7528954358614464
O=C(CN1CCC[C@H](c2ncncc2-c2ccncc2)C1)N1CCC[C@H]([C@H](O)c2ccc(NO)cc2)C1,0.7531775626002538
CCC(=O)c1ccc([C@@H](C[O-])C(=O)c2ccc(C[NH+](O)C3CCN(c4cccc([O-])c4)CC3)cc2[O-])cc1,0.7658176565919438
CCC(=O)c1ccc([C@@H](C[O-])C(=O)c2ccc(C3CCN(c4cccc([O-])c4)CC3)cc2[O-])cc1,0.7118488386032353
O=C(c1ccc(C[NH+](O)[NH+](C[O-])C2CCN(c3ccccc3)CC2)cc1O)[C@H](O)NO,0.7242656121795925
CCC[NH+](Cc1ccc(C(=O)[C@H](C[O-])c2ccc(O)cc2)c([O-])c1)C1CCN(c2ccccc2)CC1,0.788082639325699
Cc1cc(C[NH+](CC[O-])C2CCN(C[O-])CC2)ccc1C(=O)[C@H](O)c1ccc(NO)cc1,0.7601230117074337
O=C(c1ccc(C[NH+](CC[O-])C2CCN(c3cccc([O-])c3)CC2)cc1O)[C@H](O)c1ccc(N[O-])cc1,0.7833915600954846
[O-]C[NH+](c1ncncc1-c1ccncc1)C1CCN(c2ccccc2)CC1,0.3404742232178897
CC(=O)Nc1ccc([C@@H](O)[C@@H](O)CCC(=O)N2CCC[C@H](c3ccc(NC(=O)CC[O-])cc3)C2)cc1,0.7613965000037959
O=C(CC[O-])Nc1ccc(C[C@H](O)[C@H](O)c2ccc(-c3ccco3)cc2)cc1,0.6669279753955734
CCC[NH+](Cc1ccc(C(=O)[C@H](O)c2ccc(C(=O)CC)cc2)c(O)c1)c1ccncc1,0.6937922012946022
O=C(CC[O-])Nc1ccc([C@@H](O)[C@@H](O)CCC(=O)N2CCC[C@H](c3ncncc3-c3ccncc3)C2)cc1,0.7966511126939827
CC(=O)[C@@H](O)[C@@H](O)CCC(=O)N1CCC[C@H]([C@H](O)c2ccc(NO)cc2)C1,0.7108966437255052
O=C(c1ccc(CN2CCC[C@H](c3ncncc3-c3ccncc3)C2)cc1O)[C@H](O)c1ccc(N[O-])cc1,0.7288065588102325
CC(=O)C[NH+](Cc1ccc(C(=O)[C@H](O)c2ccc(NC(C)=O)cc2)c(O)c1)C1CCN(c2ccccc2)CC1,0.7631428283688879
CC(=O)[NH+](O)Cc1ccc(C(=O)[C@H](O)c2ccc(C[O-])cc2)c(O)c1,0.6548572636958869
[O-]C[C@H](c1ccc(O)cc1)c1ncncc1-c1ccncc1,0.563302474374131
CCC[NH+](Cc1ccc(C(C)=O)c(O)c1)C1CCN(c2ccccc2)CC1,0.025436650113431082
Cc1cc(C[NH+](CC[O-])C2CCN(c3cccc([O-])c3)CC2)ccc1C(=O)[C@H](O)c1ccc(NO)cc1,0.7806086181323716
CC(=O)NCC[NH+](Cc1ccc(C(=O)[C@H](O)c2ccc(C[O-])cc2)c(O)c1)C1CCN(c2cccc([O-])c2)CC1,0.7696679419131329
[O-]CCC[NH+](Cc1ccc(-c2ccc(C[O-])cc2)c(O)c1)C1CCN(c2cccc([O-])c2)CC1,0.7930740848982801
CCC[NH+](Cc1ccc(C(=O)[C@H](O)c2ccc(C(=O)CC)cc2)c(O)c1)c1ncncc1-c1ccncc1,0.6872610056165912
[O-]CCC[NH+](Cc1ccc(-c2ccc(C[O-])cc2)c(-c2cccc([O-])c2)c1)C1CCN(c2cccc([O-])c2)CC1,0.7820111315788727
O=C(c1ccc(-c2ccncc2)cc1O)[C@H](O)c1ccc(C[O-])cc1,0.6433023978825247
O=C(c1ccc(C[NH+](O)c2ccc(-c3ccco3)cc2)cc1O)[C@H](O)c1ccc(C[O-])cc1,0.684557378415266
CCC[NH+](Cc1ccc(C(=O)[C@H](O)c2ccc(NO)cc2)c(C)c1)C1CCN(c2ccc(NO)cc2)CC1,0.7705392272798465
O=C([O-])Nc1ccc([C@@H](O)[C@@H](CC[O-])CCC(=O)N2CCC[C@H](c3ncncc3-c3ccncc3)C2)cc1,0.7961994784953874
CCC[NH+](Cc1ccc([C@H](O)[C@H](O)CC[O-])c(O)c1)C1CCN(c2ccccc2)CC1,0.7512780400403619
O=C(c1ccc(C[NH+](O)[NH+](C[O-])C2CCN(c3ccccc3)CC2)cc1O)[C@H](O)NO,0.7242656121795925
O=C(c1ccc(C[NH+](O)[NH+](C[O-])C2CCN(c3ccccc3)CC2)cc1O)[C@H](O)c1ccncc1,0.7664388109934104
CCC[NH+](C(=O)CC[C@H](CC[O-])[C@H](O)c1ccc(NC(=O)[O-])cc1)C1CCN(C(=O)c2ccccc2)CC1,0.7489697789229736
O=C(c1ccc(C[NH+](O)[NH+](C[O-])C2CCN(c3ccccc3)CC2)cc1O)[C@H](O)c1cccc([O-])c1,0.7624581408737776
CC(=O)Nc1ccc([C@@H](O)[C@@H](CC[O-])CCC(=O)N2CCC[C@H](c3ncncc3-c3ccncc3)C2)cc1,0.789466349517027
O=C([O-])Nc1ccc([C@@H](O)[C@H](CCC(=O)N2CCC[C@H](c3ncncc3-c3ccncc3)C2)NO)cc1,0.7836225809169258
O=C(CC[O-])Nc1ccc([C@@H](O)[C@@H](O)CCC(=O)N2CCC[C@H](c3ncncc3C[O-])C2)cc1,0.7411195934242737
CC(=O)Nc1ccc([C@@H](O)[C@@H](O)CCC(=O)[NH+](C[O-])C2CCN(c3ccccc3)CC2)cc1,0.7636250752707359
O=C(CC[O-])Nc1ccc([C@@H](O)[C@@H](O)CCC(=O)N2CCC[C@H](c3ccccc3)C2)cc1,0.7811142462003087
O=C(c1ccc(C[NH+](O)C2(O)CC[NH+](C/C=C/c3ccco3)CC2)cc1O)[C@H](O)c1ccc(C[O-])cc1,0.7788823903444966
O=C(c1ccc(C[NH+](C[O-])C2CCN(c3ccccc3)CC2)cc1O)[C@H](c1ccccc1)c1ccc(C[O-])cc1,0.7922361305433704
CCC[NH+](Cc1ccc(C(=O)[C@H](O)c2ccc(NC(C)=O)cc2)c([O-])c1)C1CCN(c2ccccc2)CC1,0.7821733381901211
CC(=O)Nc1ccc([C@@H](O)[C@@H](O)CCC(=O)N2CCC[C@H]([C@H](NO)c3ccc(NO)cc3)C2)cc1,0.7769419205190968
O=C(c1ccccc1)c1ccc(N2CCC(C3CCN(c4cccc([O-])c4)CC3)CC2)c([N+](=O)[O-])c1,0.6439117159804566
[O-]CCC[NH+](Cc1ccc(-c2ccco2)c(-c2cccc([O-])c2)c1)C1CCN(c2cccc([O-])c2)CC1,0.7861768454351693
CC(=O)NCC(=O)N1CCC[C@H]([C@H](O)c2ccc(NO)cc2)C1,0.6361298857311416
CCC[NH+](Cc1ccc([NH+](C[O-])C2CCN(c3ccccc3)CC2)c([O-])c1)C1CCN(c2ccccc2)CC1,0.1884042801949139
O=C(CCC[O-])N1CCC[C@H]([C@H](O)c2ccc(NO)cc2)C1,0.6894438954175911
O=C(CC[C@H](O)[C@H](O)c1ccc(NC(=O)CC[O-])cc1)CC(=O)N1CCC[C@H]([C@H](O)c2ccc(NO)cc2)C1,0.722905897137214
O=C(c1ccc(C[NH+](C[O-])C2CCN(c3ccccc3)CC2)cc1O)[C@H](O)c1ccc(N[O-])cc1,0.7901766067743926
O=C(CN1CCC[C@H](c2ccccc2)C1)N1CCC[C@H]([C@H](O)c2ccc(NO)cc2)C1,0.5520798711800493
CC(=O)N[C@@H](CCC(=O)N1CCC[C@H](c2ccccc2)C1)[C@H](O)c1ccc(NC(=O)CC[O-])cc1,0.7505765431657682
O=C(CC[O-])Nc1ccc([C@@H](O)[C@@H](O)CCC(=O)N2CCC[C@H](c3ncncc3C[O-])C2)cc1,0.7411195934242737
CCC[NH+](Cc1ccc([C@H](C[O-])c2ccc(O)cc2)c([O-])c1)C1CCN(c2ccccc2)CC1,0.5223955326543315
CCC[NH+](Cc1ccc(C(=O)[C@H](O)c2ccc(NC(C)=O)cc2)c(NO)c1)C1CCN(c2ccccc2)CC1,0.764771129519742
O=C(c1ccc(CCc2ccc(-c3ccco3)c(-c3cccc([O-])c3)c2)cc1O)[C@H](O)c1ccc(N[O-])cc1,0.33847222972254254
CCC[NH+](Cc1ccc(C(=O)[C@H](NO)c2ccc(NC(C)=O)cc2)c(O)c1)C1CCN(c2ccccc2)CC1,0.7634964627236568
CCCC[NH+](Cc1ccc(C(=O)[C@H](C[O-])c2ccc(O)cc2)c([O-])c1)C1CCN(c2ccccc2)CC1,0.7946791959347601
CC(=O)Nc1ccc([C@@H](O)[C@H](CCC(=O)N2CCC[C@H](c3ncncc3-c3ccncc3)C2)C(=O)CC[O-])cc1,0.7680199501948403
CC(=O)Nc1ccc([C@@H](O)C(=O)c2ccc(C[NH+](NC(C)=O)C3CCN(c4ccccc4)CC3)cc2[O-])cc1,0.7318561164177043
CC(=O)Nc1ccc([C@@H](O)[C@@H](O)CCC(=O)N2CCC[C@H]([C@H](C)c3ccc(NO)cc3)C2)cc1,0.784897603328651
CC(=O)Nc1ccc([C@@H](O)[C@@H](C)CCC(=O)N2CCC[C@H](c3ncncc3-c3ccncc3)C2)cc1,0.7626342168287203
O=C(c1ccc(C[C@H](C[O-])c2ccc(O)cc2)cc1O)[C@H](c1ccccc1)c1ccc(C[O-])cc1,0.712919255349159
CCCCC[C@H](O)[C@H](O)c1ccc(-c2ccco2)cc1,0.0728905709594497
O=C(CC[C@H](CC[O-])[C@H](O)c1ncncc1-c1ccncc1)N1CCC[C@H](c2ncncc2-c2ccncc2)C1,0.7475502703688948
C[C@H](c1ccc(NO)cc1)[C@H]1CCCN(C(=O)Cc2ccc(NC(=O)CC[O-])cc2)C1,0.7226574673100504
CCCCc1cccc(N2CCC([NH+](CCC[O-])Cc3ccc(-c4ccco4)c(-c4cccc([O-])c4)c3)CC2)c1,0.28631723645976265
CCc1cc(C[NH+](C[O-])C2CCN(c3ccccc3)CC2)ccc1C(=O)[C@H](O)c1ccc(N[O-])cc1,0.7888754795377808
[O-]CCC[NH+](Cc1ccc(-c2ccco2)c(-c2cccc([O-])c2)c1)C1CCN(c2cccc(CC[O-])c2)CC1,0.7801896515017779
[O-]CC[NH+](C1CCN(c2cccc([O-])c2)CC1)[C@H](C[O-])c1ccc(O)cc1,0.7344572732657617
[O-]C[NH+](c1ncncc1-c1ccncc1)C1CCN(c2ccccc2)CC1,0.3404742232178897
CC[C@@H](O)[C@@H](O)CCC(=O)N1CCC[C@H]([C@H](O)c2ccc(NO)cc2)C1,0.6956333107207081
CCCCC[NH+](Cc1ccc(C(=O)[C@H](O)c2ccc(NC(C)=O)cc2)c(O)c1)C1CCN(c2ccccc2)CC1,0.759363123413451
O=C(c1ccc(C[NH+]([O-])C2CCN(c3ccccc3)CC2)cc1[O-])[C@H](C[O-])c1ccc(O)cc1,0.7755828750438442
CC(=O)Nc1ccc([C@@H](O)[C@@H](O)C[C@H]2CCCN(C(=O)CC[C@H](NO)[C@H](O)c3ccc(NC(=O)[O-])cc3)C2)cc1,0.7496530989329353
CCCc1cc(C[NH+](CCC)C2CCN(c3ccccc3)CC2)ccc1C(=O)[C@H](O)c1ccc(NC(C)=O)cc1,0.43517085165775443
O=C(c1ccc(CCC[O-])cc1[O-])[C@H](C[O-])c1ccc(O)cc1,0.6830743823866908
O=C(c1ccc(C[NH+](C[O-])C2CCN(c3ccccc3)CC2)cc1O)[C@H](O)c1ncncc1-c1ccncc1,0.7482551019300995
[O-]CCC[NH+](Cc1ccc(-c2ccc(C[O-])cc2)c(O)c1)C1CCN(c2cccc([O-])c2)CC1,0.7930740848982801
CC(=O)Nc1ccc([C@@H](O)C(=O)c2ccc(C[NH+](NC(C)=O)C3CCN(c4ccccc4)CC3)cc2O)cc1,0.7318561164177043
CC(=O)Nc1ccc([C@@H](O)[C@@H](O)CCC(=O)C(=O)CC[C@H](CC[O-])[C@H](O)c2ccc(NC(=O)[O-])cc2)cc1,0.7312828064135404
O=C(c1ccc(C[NH+]([O-])CCC[O-])cc1O)[C@H](O)c1ccc(NO)cc1,0.7024542765504797
CCc1cc(C[NH+](C[O-])C2CCN(NC(C)=O)CC2)ccc1C(=O)[C@H](O)c1ccc(N[O-])cc1,0.7397727243779242
O=C(c1ccc(CO)cc1O)[C@H](O)c1ccc(N[O-])cc1,0.6326314979403055
CCC[NH+](Cc1ccc(C(=O)CCC[O-])c([O-])c1)C1CCN(c2ccccc2)CC1,0.40385901243633715
CCCC[NH+](Cc1ccc(-c2ccco2)cc1)C1CCN(c2ccccc2)CC1,0.0002346171015061268
O=C(CC[O-])Nc1ccc(N2CCC([NH+](CCC[O-])Cc3ccc(-c4ccc(C[O-])cc4)c(O)c3)CC2)cc1,0.7904087318903923
CCCN1CCC[C@H](c2ncncc2-c2ccncc2)C1,0.01392906951363204
CC(=O)NCC[NH+](Cc1ccc(C(=O)[C@H](C[O-])c2ccc(O)cc2)c([O-])c1)C1CCN(c2ccccc2)CC1,0.7712696284839176
O=C(CC[O-])Nc1ccc(N2CCC([NH+](CC[O-])Cc3ccc(-c4ccc(C[O-])cc4)c(O)c3)CC2)cc1,0.787950307749953
[O-]CC[NH+](Cc1ccc(-c2ccc(C[O-])cc2)c(O)c1)C1CCN(c2ccc(Nc3ccccc3)cc2)CC1,0.778731561398864
O=C(CC[O-])Nc1ccc([C@@H](O)C(=O)c2ccc(C[NH+](C[O-])C3CCN(c4ccccc4)CC3)cc2O)cc1,0.7861187937897084
O=C(CC[O-])Nc1ccc(N2CCC([NH+](Cc3ccc(-c4ccc(C[O-])cc4)c(O)c3)NO)CC2)cc1,0.754905208444808
CC(=O)Nc1ccc([C@@H](O)[C@@H](CC[O-])CCC(=O)N2CCC[C@H](c3ncncc3[O-])C2)cc1,0.7457517111381757
O=C(CC[O-])NNc1ccc(N2CCC([NH+](CC[O-])Cc3ccc(-c4ccc(C[O-])cc4)c(O)c3)CC2)cc1,0.7736727673498693
CC(=O)Nc1ccc([C@@H](O)[C@@H](CCC[O-])CCC(=O)N2CCC[C@H](c3ncncc3-c3ccncc3)C2)cc1,0.7839054040322362
O=C(CC[O-])N1CCC([NH+](CCC[O-])Cc2ccc(-c3ccc(C[O-])cc3)c(O)c2)CC1,0.7612677770089501
CC(=O)C(=O)Nc1ccc([C@@H](O)[C@@H](O)CCC(=O)N2CCC[C@H](c3ncncc3-c3ccncc3)C2)cc1,0.7848481090643724
[O-]CCN1CCC([NH+](CC[O-])Cc2ccc(-c3ccc(C[O-])cc3)c(O)c2)CC1,0.7672317034562438
O=C(c1ccc(C[NH+](C[O-])C2CCN(c3ccccc3)CC2)cc1NO)[C@H](O)c1ccc(N[O-])cc1,0.7733298345502438
O=C(CC[C@H](CC[O-])C(O)O)N1CCC[C@H](c2ncncc2-c2ccncc2)C1,0.7156909150808963
O=C(c1ccc(CO)cc1O)[C@H](c1ccccc1)c1ccc(C[O-])cc1,0.5861262338907292
O=C(CC[C@H](O)[C@H](O)C1CCN(c2cccc([O-])c2)CC1)N1CCC[C@H](c2ncncc2-c2ccncc2)C1,0.7462104942198374
CCCCc1ccc(-c2ccc(C[NH+](CCC[O-])C3CCN(c4cccc([O-])c4)CC3)cc2O)cc1,0.5151614325943497
O=C(CC[O-])Nc1ccc(C[NH+](CCC[O-])C2CCN(c3cccc([O-])c3)CC2)cc1O,0.7386665682365907
O=C(c1ccc(C[NH+](CCC[O-])[C@H](C[O-])c2ccc(O)cc2)cc1O)[C@H](O)c1ccc(NO)cc1,0.757711273759282
O=C(c1ccc(C[NH+](c2ccncc2)C2CCN(c3cccc([O-])c3)CC2)cc1O)[C@H](O)c1ccc(C[O-])cc1,0.777624837346141
CC(=O)Nc1ccc([C@@H](C[O-])[C@@H](O)CCC(=O)N2CCC[C@H]([C@H](O)c3ccc(NO)cc3)C2)cc1,0.7805428383546833
CC(=O)Nc1cc(C[NH+](C[O-])C2CCN(c3ccccc3)CC2)ccc1C(=O)[C@H](O)c1ccc(N[O-])cc1,0.7573980495748848
CCC[NH+](Cc1ccc(C(=O)C[O-])c([O-])c1)C1CCN(c2ccccc2)CC1,0.40493750817194274
[O-]CCCCc1ccc(-c2ccco2)c(-c2cccc([O-])c2)c1,0.14589714748161708
CC(=O)Nc1ccc([C@@H](O)[C@@H](CCC[O-])[NH+](CCC[O-])C2CCN(c3cccc([O-])c3)CC2)cc1,0.764715759161253
CC(=O)Nc1ccc([C@@H](CC[O-])[C@@H](O)CCC(=O)N2CCC[C@H]([C@H](O)c3ccc(NO)cc3)C2)cc1,0.7825201560836291
CC(=O)Nc1ccc([C@@H](O)[C@@H](O)CCC(=O)Cc2ccc(-c3ccco3)c(-c3cccc([O-])c3)c2)cc1,0.6832933690064396
CCCCCC(=O)N1CCC[C@H]([C@H](C)c2ccc(NO)cc2)C1,0.06449533069765916
O=C(c1ccc(O)cc1[O-])[C@H](C[O-])c1ccc(O)cc1,0.6244584052746833
O=C(c1ccc(C[NH+](C[O-])C2CCN(c3ccccc3)CC2)cc1-c1ccncc1)[C@H](O)c1ccc(N[O-])cc1,0.790298654772906
CC(=O)NCC[NH+](Cc1ccc(C(=O)[C@H](O)c2ccc(C[O-])cc2)c(O)c1)C1CCN(c2cccc([O-])c2)CC1,0.7696679419131329
O=C(CC[C@H](O)[C@H](O)c1ccncc1)N1CCC[C@H]([C@H](O)c2ccc(NO)cc2)C1,0.7641051784784685
C[C@H](c1ccc(NO)cc1)[C@H]1CCCN(C(=O)C[O-])C1,0.45998103849111366
O=C(CC[O-])[C@@H](O)[C@@H](O)CCC(=O)N1CCC[C@H]([C@H](O)c2ccc(NO)cc2)C1,0.7005785235676666
CCCCCc1ccc(C(=O)[C@H](c2ccccc2)c2ccc(C[O-])cc2)c(O)c1,0.1410904038426658
O=C(c1ccc(C[C@H](O)c2ccc(N[O-])cc2)cc1O)[C@H](c1ccccc1)c1ccc(C[O-])cc1,0.6637325736641171
CCC[NH+](Cc1ccc([C@H](O)[C@H](O)NC(C)=O)c(O)c1)C1CCN(c2ccccc2)CC1,0.7386665682365907
CC(=O)N[C@@H](O)C(=O)c1ccc(C[NH+](C[O-])C2CCN(c3ccccc3)CC2)cc1O,0.7355762368401104
O=C(c1ccc(-c2ccncc2)cc1[O-])[C@H](C[O-])c1ccc(O)cc1,0.6371197801670291
O=C(CC[O-])N[NH+](Cc1ccc(-c2ccc(C[O-])cc2)c(O)c1)C1CCN(c2cccc([O-])c2)CC1,0.7458353106290762
C[C@H](c1ccc(NO)cc1)[C@H]1CCCN(C(=O)C[C@H](C[O-])c2ccc(O)cc2)C1,0.7394312826828653
CC(=O)Nc1ccc([C@@H](O)[C@@H](O)CCC(=O)N2CCC[C@H]([C@H](C)c3ccc(NO)cc3)C2)cc1,0.784897603328651
[O-]CCC[NH+](Cc1ccc(-c2ccc(-c3ccc(C[O-])cc3)cc2)c(O)c1)C1CCN(c2cccc([O-])c2)CC1,0.7703929332214154
O=C(CC[C@H](CC[O-])[C@H](O)c1ccc(NC(=O)[O-])cc1)CC(=O)N1CCC[C@H]([C@H](O)c2ccc(NO)cc2)C1,0.7318748381643042
[O-]CC[NH+](Cc1ccc(-c2ccc(C[O-])cc2)c(O)c1)C1CCN(c2ccncc2)CC1,0.7732843679962419
O=C(CC[O-])CC[NH+](Cc1ccc(C(=O)[C@H](C[O-])c2ccc(O)cc2)c([O-])c1)C1CCN(c2ccccc2)CC1,0.7778664494953763
CC(=O)N[NH+](Cc1ccc(C(=O)[C@H](C[O-])c2ccc(O)cc2)c([O-])c1)C1CCN(c2ccccc2)CC1,0.7363796602003011
Cc1ccc(C[NH+](CCC[O-])C2CCN(c3cccc([O-])c3)CC2)cc1O,0.48911410484206086
CC(=O)Nc1ccc([C@@H](O)[C@@H](O)CCC(=O)N2CCC[C@H]([C@H](NC(C)=O)c3ccc(NO)cc3)C2)cc1,0.7653151926362666
CC(=O)NNc1ccc([C@@H](O)[C@@H](O)CCC(=O)N2CCC[C@H](c3ncncc3-c3ccncc3)C2)cc1,0.7675595315629332
O=C(CC[O-])NC[NH+](Cc1ccc(C(=O)[C@H](O)c2ccc(C[O-])cc2)c(O)c1)C1CCN(c2ccccc2)CC1,0.7705337240768148
CC[C@@H](O)C(=O)c1ccc(C[NH+](C[O-])C2CCN(c3ccccc3)CC2)cc1O,0.7460972487311122
CC(=O)Nc1ccc([C@@H](O)[C@@H](O)CCC(=O)N2CCC[C@H](c3ncncc3-c3ccncc3)C2)cc1,0.7928881400264653
O[C@H](c1ccc(-c2ccco2)cc1)[C@@H](O)Cc1ncncc1-c1ccncc1,0.617592388416897
CCCC(=O)Nc1ccc([C@@H](O)C(=O)c2ccc(C[NH+](C[O-])C3CCN(c4ccccc4)CC3)cc2O)cc1,0.7861187937897084
O=C(CC[O-])Nc1ccc([C@@H](O)[C@@H](O)Cc2ccc(-c3ccco3)c(-c3cccc([O-])c3)c2)cc1,0.6786044041487266
CCCCc1ccc(C(=O)[C@H](C[O-])c2ccc(O)cc2)c([O-])c1,0.6279419283342363
O=C(CC[C@H](O)[C@H](O)c1ccccc1)N1CCC[C@H]([C@H](O)c2ccc(NO)cc2)C1,0.7819556232112683
O=C(c1ccc(C[NH+](C[O-])C2CCN(c3ccccc3)CC2)cc1O)[C@H](O)c1ccc(-c2ccncc2)cc1,0.7793999745220864
CC(=O)Nc1ccc([C@@H](O)[C@@H](CC[O-])CCC(=O)N2CCC[C@H](C)C2)cc1,0.722351190212304
CCCC[NH+](CN1CCC[C@H](c2ncncc2-c2ccncc2)C1)C1CCN(c2ccccc2)CC1,0.049344973447386024
CCc1ccc(C(=O)[C@H](c2ccccc2)c2ccc(C[O-])cc2)c(O)c1,0.1566795921936576
CCc1cc(C[NH+](CCC[O-])C2CCN(c3cccc([O-])c3)CC2)ccc1-c1ccc(C[O-])cc1,0.5897475911811709
CCCCC(=O)c1ccc(C[NH+](C[O-])C2CCN(c3ccccc3)CC2)cc1-c1ccncc1,0.1879285995894731
CC(=O)c1ccc(C[NH+](CCC[O-])C2CCN(c3cccc([O-])c3)CC2)cc1O,0.7526558947639053
CCCCCc1ccc(C(=O)[C@H](C[O-])c2ccc(O)cc2)c([O-])c1,0.646819908134837
CC(=O)Nc1ccc([C@@H](O)[C@@H](O)CCC(=O)N2CCC[C@H]([C@H](NC(C)=O)c3ccc(NO)cc3)C2)cc1,0.7653151926362666
O=C(c1ccc(C[NH+](C[O-])C2CCN(c3ccccc3)CC2)cc1O)[C@H](NO)c1ccc(C[O-])cc1,0.7837858186220782
O=C(CC[O-])Nc1ccc([C@H](O)c2ccc(N[O-])cc2)cc1,0.6657489437829822
O=C(CCc1ccc(-c2ccco2)c(-c2cccc([O-])c2)c1)N1CCC[C@H]([C@H](O)c2ccc(NO)cc2)C1,0.5622222547501358
O=C(CC[C@H](O)[C@H](O)C1CCN(c2cccc([O-])c2)CC1)N1CCC[C@H]([C@H](O)c2ccc(NO)cc2)C1,0.734498772716255
O=C(c1ccc(C[NH+](CCC[O-])c2ccncc2)cc1O)[C@H](O)c1ccc(NO)cc1,0.7138579186873332
CCCC[NH+](Cc1ccc(-c2ccco2)c(-c2cccc([O-])c2)c1)C1CCN(c2ccccc2)CC1,0.015398752684031718
O=C(CC[O-])N[NH+](Cc1ccc(-c2ccc(C[O-])cc2)c(O)c1)C1CCN(c2cccc([O-])c2)CC1,0.7458353106290762
O=C(CC[O-])Nc1ccc([C@@H](O)[C@@H](O)Cc2ccc(-c3ccco3)c(-c3cccc([O-])c3)c2)cc1,0.6786044041487266
O=C(CC[O-])NCc1ccc(C(=O)[C@H](C[O-])c2ccc(O)cc2)c([O-])c1,0.6615934358682005
CCC[C@H]1CCCN(C(=O)CC[C@H](O)[C@H](O)c2ccc(NC(C)=O)cc2)C1,0.7244507141378445
CC(=O)c1ccc([C@@H](O)C(=O)c2ccc(C[NH+](CCC[O-])C3CCN(c4cccc([O-])c4)CC3)cc2O)cc1,0.7832433729057021
CCCC[NH+](C(=O)CC[C@H](CC[O-])[C@H](O)c1ccc(NC(=O)[O-])cc1)C1CCN(c2ccccc2)CC1,0.761147437491136
O=C(CC[C@H](O)[C@H](O)c1ccc(-c2ccco2)cc1)N1CCC[C@H]([C@H](O)c2ccc(NCC[O-])cc2)C1,0.7879961156185624
CCCC(=O)Nc1ccc([C@@H](O)C(=O)c2ccc(C[NH+](C[O-])C3CCN(NC(=O)CC[O-])CC3)cc2O)cc1,0.7398806314403098
c1cc(-c2cncnc2[C@H]2CCCN(c3ccncc3)C2)ccn1,0.08222842598765867
O=C(CC[O-])Nc1ccc([C@@H](O)[C@@H](CC[O-])CCC(=O)N2CCC[C@H](c3ncncc3-c3ccncc3)C2)cc1,0.786596843018318
CCCC(=O)Nc1ccc([C@@H](O)C(=O)c2ccc(C[NH+](C[O-])C3CCN(C(=O)CC[O-])CC3)cc2O)cc1,0.7511506736908738
O=C(CC[O-])Nc1ccc([C@@H](O)[C@@H](O)c2ccc(-c3ccco3)cc2)cc1,0.6770930307618325
O=C(CC[O-])c1ccc([C@@H](O)[C@@H](O)CCC(=O)N2CCC[C@H]([C@H](O)c3ccc(NO)cc3)C2)cc1,0.7856913178561816
O=C(CC[C@H](CC[O-])[C@H](O)c1ccc(NCC[O-])cc1)N1CCC[C@H](c2ncncc2-c2ccncc2)C1,0.7766846275791517
O=C(CC[O-])c1ccc(-c2ccc(C[NH+](CCC[O-])C3CCN(c4cccc([O-])c4)CC3)cc2O)cc1,0.7893394460669196
c1ccc(N2CCC[C@H](c3ncncc3-c3ccncc3)C2)cc1,0.014119253097020156
O[C@H](c1ccc(-c2ccco2)cc1)[C@@H](O)Cc1ccncc1,0.24939714697676443
CCc1cc(C[NH+](CCC[O-])C2CCN(c3cccc([O-])c3)CC2)ccc1-c1ccc(C[O-])cc1,0.5897475911811709
CCC[NH+](Cc1ccc(C(=O)c2ccncc2)c([O-])c1)C1CCN(c2ccccc2)CC1,0.18790848116673323
CCCC[NH+](NC(C)=O)C1CCN(c2ccccc2)CC1,0.005450232784630368
CCCC[NH+](NC(C)=O)C1CCN(c2ccccc2)CC1,0.005450232784630368
O=C(c1ccc(-c2ccc(NCC[O-])cc2)cc1[O-])[C@H](C[O-])c1ccc(O)cc1,0.6696649490437616
O=C(c1ccc(C[NH+](CCCCC[O-])C2CCN(c3ccccc3)CC2)cc1[O-])[C@H](C[O-])c1ccc(O)cc1,0.7987776396830918
CC(=O)NC(=O)Nc1ccc([C@@H](O)[C@@H](O)CCC(=O)N2CCC[C@H](c3ncncc3-c3ccncc3)C2)cc1,0.7771805177854315
O=C(CC[C@H](O)[C@H](O)c1ncncc1-c1ccncc1)N1CCC[C@H]([C@H](O)c2ccc(NO)cc2)C1,0.7580825189307626
[O-]CCCCC[NH+](CN1CCC[C@H](c2ncncc2-c2ccncc2)C1)C1CCN(c2ccccc2)CC1,0.45143274090962604
CCCC[NH+](Cc1ccc(-c2ccco2)cc1)C1CCN(c2ccccc2)CC1,0.0002346171015061268
CCCC[NH+](C(=O)CC[O-])C1CCN(c2ccccc2)CC1,0.033887772281064
c1coc(-c2ccc(N3CCC[C@H](c4ncncc4-c4ccncc4)C3)cc2)c1,0.07197080619254702
[O-]CCNc1ccc([C@H](O)c2ccc(-c3ccco3)cc2)cc1,0.2959548404462463
O=C(CC[O-])Nc1ccc([C@@H](O)[C@@H](O)C[C@H](O)[C@H](O)c2ccc(-c3ccco3)cc2)cc1,0.6693214151000849
O=C(CC[O-])Nc1ccc([C@@H](O)C(=O)c2ccc(C[NH+](C[O-])C3CCN(c4ccccc4)CC3)cc2O)cc1,0.7861187937897084
CCCC[NH+](CCC[O-])C1CCN(c2ccccc2)CC1,0.0019087473936476587
O=C([O-])Nc1ccc([C@@H](O)[C@@H](C[O-])CCC(=O)N2CCC[C@H](c3ncncc3-c3ccncc3)C2)cc1,0.7960662643445577
CCc1cc(C[NH+](C[O-])C2CCN(c3ccccc3)CC2)ccc1C(=O)[C@H](NC(=O)[O-])c1ccc(N[O-])cc1,0.7545703980603872
[O-]CCNc1ccc(-c2ncncc2-c2ccncc2)cc1,0.39911265971924964
[O-]CCC[NH+](Cc1ccc(-c2ccc(C[O-])cc2)c(O)c1)C1CCN(c2cccc([O-])c2)CC1,0.7930740848982801
O=C(CC[C@H](O)[C@H](O)c1ccc(-c2ccco2)cc1)N1CCC[C@H]([C@H](O)c2cccc([O-])c2)C1,0.7945558073850479
O=C(C[O-])Nc1ccc([C@@H](O)[C@@H](CC[O-])CCC(=O)N2CCC[C@H](c3ncncc3-c3ccncc3)C2)cc1,0.7878238556032866
O=C(c1ccc(C[NH+](CCCCC[O-])C2CCN(c3ccccc3)CC2)cc1[O-])[C@H](C[O-])c1ccc(O)cc1,0.7987776396830918
O=C(CC[O-])CC(=O)N1CCC[C@H]([C@H](O)c2ccc(NO)cc2)C1,0.6849617242732642
CCCC[NH+](Cc1ccc(C[O-])cc1)C1CCN(c2ccccc2)CC1,0.002107669008847256
[O-]CCC[NH+](Cc1ccc(-c2ccc(C[O-])cc2)c(O)c1)C1CCN([C@H](O)c2ccc(N[O-])cc2)CC1,0.7942959504579626
O=C(CC[O-])Cc1ccc(-c2ccc(C[O-])cc2)c(O)c1,0.622433022075999
CC(=O)Nc1ccc([C@@H](O)[C@@H](O)CCC(=O)c2ccc(NC(=O)CC[O-])cc2)cc1,0.6558692585983967
CCC[NH+](Cc1ccc([C@H](O)[C@H](O)C[O-])c(O)c1)C1CCN(c2ccccc2)CC1,0.7493337098737927
CCCC[NH+](c1ccc(-c2ccco2)cc1)C1CCN(c2ccccc2)CC1,0.00022752435208936642
O=C(CC[O-])Nc1ccc(Cc2ccc(C(=O)[C@H](c3ccccc3)c3ccc(C[O-])cc3)c(O)c2)cc1,0.6695793382237442
O=C(c1ccc(C[NH+](c2ccccc2)C2CCN(c3ccccc3)CC2)cc1[O-])[C@H](C[O-])c1ccc(O)cc1,0.7796432177731704
[O-]CCCN1CCC([NH+](CCC[O-])Cc2ccc(-c3ccc(C[O-])cc3)c(O)c2)CC1,0.7620259436980928
O=C(c1ccc(Cc2ccc(C[O-])cc2)cc1O)[C@H](c1ccccc1)c1ccc(C[O-])cc1,0.6227314344484566
O=C(CC[O-])Nc1ccc([C@@H](O)[C@@H](O)CCC(=O)N2CCC[C@H](C[O-])C2)cc1,0.7363796602003011
O=C(CC[C@H](C[O-])[C@H](O)c1ccc(-c2ccco2)cc1)N1CCC[C@H]([C@H](O)c2cccc([O-])c2)C1,0.797426874161943
O=C(c1ccc(C[NH+](c2ccco2)C2CCN(c3ccccc3)CC2)cc1[O-])[C@H](C[O-])c1ccc(O)cc1,0.7657579320717881
CCc1cc(C[NH+](C[O-])C2CCN(CCC[O-])CC2)ccc1C(=O)[C@H](O)c1ccc(N[O-])cc1,0.7688809598286293
O=C(c1ccc(C[NH+](C[O-])C2CCN(c3ccccc3)CC2)cc1O)[C@@H](c1ccc(C[O-])cc1)c1ccco1,0.7841233602034904
CCCC[C@@H](CCC(=O)N1CCC[C@H](c2ncncc2-c2ccncc2)C1)[C@H](O)c1ccc(NC(C)=O)cc1,0.528014543042092
CC(=O)C[NH+](Cc1ccc(C(=O)[C@H](O)c2ccc(N[O-])cc2)c(O)c1)C1CCN(c2ccccc2)CC1,0.7716527248221011
O=C(c1ccc(C[NH+](CCC[O-])C2CCN(c3ccccc3)CC2)cc1O)[C@H](O)c1ccc(C[O-])cc1,0.8090130520805513
O=C(c1ccc(CCC[O-])cc1O)[C@H](c1ccccc1)c1ccc(C[O-])cc1,0.6693568842353915
O=C([O-])Nc1ccc([C@@H](O)[C@@H](CC[O-])CCC(=O)c2ncncc2-c2ccncc2)cc1,0.7031377076623129
CCCC[NH+](Cc1ccncc1)C1CCN(c2ccccc2)CC1,0.00022646473717146152
O=C(c1ccc(-c2ccco2)cc1[O-])[C@H](C[O-])c1ccc(O)cc1,0.6369412652290865
[O-]CCC[NH+](C[O-])C1CCN(c2cccc([O-])c2)CC1,0.49921149959046435
[O-]CCC[NH+](Cc1ccc(-c2ccc(C[O-])cc2)c(O)c1)C1CCN(c2cccc([O-])c2)CC1,0.7930740848982801
O=C(c1ccc(C[NH+](O)C2CCN(c3ccccc3)CC2)cc1[O-])[C@H](C[O-])c1ccc(O)cc1,0.7755828750438442
[O-]CCC[NH+](Cc1ccc(-c2ccc(-c3ccccc3)cc2)c(O)c1)C1CCN(c2cccc([O-])c2)CC1,0.5087956419580534
CCCC[NH+](CC1CCN(c2cccc([O-])c2)CC1)C1CCN(c2ccccc2)CC1,0.0038348182191374116
CCCCc1ccc(-c2ccc(C[NH+](CCC[O-])C3CCN(c4cccc([O-])c4)CC3)cc2O)cc1,0.5151614325943497
[O-]Cc1ccc(C[C@H](O)[C@H](O)c2ccc(-c3ccco3)cc2)cc1,0.49230771798435524
O=C([O-])NNc1ccc([C@@H](O)[C@@H](C[O-])CCC(=O)N2CCC[C@H](c3ncncc3-c3ccncc3)C2)cc1,0.7718156484281296
[O-]CCCN1CCC([NH+](CCC[O-])Cc2ccc(-c3ccc(C[O-])cc3)c(O)c2)CC1,0.7620259436980928
[O-]Cc1ccc(-c2ccc(C[NH+]([O-])C3CCN(c4cccc([O-])c4)CC3)cc2O)cc1,0.7696340268720248
O=C(c1ccc([NH+](CCC[O-])C2CCN(c3cccc([O-])c3)CC2)cc1[O-])[C@H](C[O-])c1ccc(O)cc1,0.7687903219685618
[O-]CCC[NH+](C[O-])C1CCN(c2cccc([O-])c2)CC1,0.49921149959046435
O=C(c1ccc(CO)cc1[O-])[C@H](C[O-])c1ccc(O)cc1,0.6472385459285428
O=C(CC[O-])Nc1ccc([C@@H](O)[C@@H](C[O-])CCC(=O)N2CCC[C@H](c3ncncc3-c3ccncc3)C2)cc1,0.7889133134776757
O=C(c1ccc(Cc2cccc([O-])c2)cc1[O-])[C@H](C[O-])c1ccc(O)cc1,0.6681626757775458
CC(=O)Nc1ccc([C@@H](O)[C@@H](CC[O-])CCC(=O)N2CCC[C@H](c3ncncc3-c3ccncc3)C2)cc1,0.789466349517027
[O-]CCC[NH+](Cc1ccc(-c2ccc(C[O-])cc2)c(O)c1)C[C@H](O)[C@H](O)c1ccc(-c2ccco2)cc1,0.7747719228464888
[O-]CCC[NH+](Cc1ccc(-c2ccc(C[O-])cc2)c(O)c1)C1CCN(c2cccc(C[O-])c2)CC1,0.7922645177604328
CCCC[NH+](C[NH+](CCC[O-])Cc1ccc(-c2ccc(C[O-])cc2)c(O)c1)C1CCN(c2ccccc2)CC1,0.6183993898490228
CC(=O)Nc1ccc([C@@H](O)C(=O)CC[C@H](CC[O-])[C@H](O)c2ccc(NC(=O)[O-])cc2)cc1,0.7103973639839174
CC(=O)Nc1ccc([C@@H](O)[C@@H](C[O-])CCC(=O)N2CCC[C@H](c3ncncc3-c3ccncc3)C2)cc1,0.7850082335842928
CCCCCc1ccc(-c2ccc(C[NH+](CCC[O-])C3CCN([C@H](O)c4ccc(N[O-])cc4)CC3)cc2O)cc1,0.7938902703197969
CC(=O)c1ccc([C@@H](O)[C@@H](O)CCC(=O)N2CCC[C@H]([C@H](O)c3cccc([O-])c3)C2)cc1,0.8005679384912051
O=C([O-])c1ccc(-c2ccc(C[NH+](CCC[O-])C3CCN([C@H](O)c4ccc(N[O-])cc4)CC3)cc2O)cc1,0.7948711774239527
O=C(CCC[O-])c1ccc([C@@H](O)[C@@H](O)CCC(=O)N2CCC[C@H]([C@H](O)c3cccc([O-])c3)C2)cc1,0.7920144868629869
CCCC[NH+](C1CCN(c2ccccc2)CC1)[NH+](CCC[O-])C1CCN(c2cccc(C[O-])c2)CC1,0.18002529946978907
O=C([O-])Nc1ccc([C@@H](O)[C@@H](CC[O-])CCC(=O)c2ccncc2)cc1,0.6842786173810163
O=C(c1ccc(C[NH+](C[O-])C2CCN(c3ccccc3)CC2)cc1O)[C@H](c1ccncc1)c1ccc(C[O-])cc1,0.7858198109283518
O=C([O-])NC(=O)c1ccc(C[NH+](C[O-])C2CCN(c3ccccc3)CC2)cc1-c1ccncc1,0.766479091873806
[O-]CCC[NH+](c1ccncc1)C1CCN(c2cccc([O-])c2)CC1,0.28659155325031005
O=C(CC[O-])N1CCC[C@H]([C@H](O)c2cccc([O-])c2)C1,0.6604733711179087
O=C(CC[O-])Nc1ccc([C@@H](O)[C@@H](O)C(=O)CC[O-])cc1,0.626851477299656
CC(=O)Cc1ccc(C(=O)[C@H](C[O-])c2ccc(O)cc2)c([O-])c1,0.640360153373024
O=C(c1ccc(CC2CCN(c3cccc([O-])c3)CC2)cc1O)[C@H](c1ccccc1)c1ccc(C[O-])cc1,0.6809081699213579
CC(=O)C[NH+](CCCCC[O-])C1CCN(c2ccccc2)CC1,0.033950824776770645
CCCCC[NH+](Cc1ccc(C(=O)[C@H](O)c2ccc(C[O-])cc2)c(O)c1)C1CCN(c2ccccc2)CC1,0.8063885226325787
O=C(CC[O-])N1CCC[C@H](c2ncncc2-c2ccncc2)C1,0.5963655207578376
O=C([O-])Nc1cc(C[NH+](CCC[O-])C2CCN(c3cccc([O-])c3)CC2)ccc1-c1ccc(C[O-])cc1,0.7636330796928905
O=C(CC[O-])Nc1ccc(Cc2ccc(C(=O)[C@H](c3ccccc3)c3ccc(C[O-])cc3)c(O)c2)cc1,0.6695793382237442
O=C(CC[O-])Nc1ccc([C@@H](O)[C@@H](O)CCC[O-])cc1,0.6480477884681104
[O-]CN1CCC[C@H](c2ncncc2-c2ccncc2)C1,0.2270371752750416
CC(=O)Nc1ccc([C@@H](O)[C@@H](O)CCC(=O)N2CCC[C@H](C(=O)[O-])C2)cc1,0.7181967520386329
O=C(CC[O-])[C@@H](O)C(=O)c1ccc(C[NH+](C[O-])C2CCN(c3ccccc3)CC2)cc1O,0.7571174278190853
O=C(CC[O-])C[NH+](CCCCC[O-])C1CCN(c2ccccc2)CC1,0.36365996789687427
O=C(c1ccc(CC(=O)[C@H](O)c2ccc(C[O-])cc2)cc1O)[C@H](c1ccccc1)c1ccc(C[O-])cc1,0.6926727324137782
CCCCCc1ccc(-c2ccc(CCCCC)cc2O)cc1,7.421698961518079e-05
O=C(CC[O-])N1CCC([NH+](CCC[O-])Cc2ccc(-c3ccc(C[O-])cc3)c(O)c2)CC1,0.7612677770089501
CC(=O)Nc1ccc([C@@H](O)[C@@H](O)CCC(=O)N2CCC[C@H]([C@H](O)[C@H](O)c3ccc(NC(=O)CC[O-])cc3)C2)cc1,0.7784146384847866
O=C(c1ccc(C[C@H](O)c2cccc([O-])c2)cc1O)[C@H](c1ccccc1)c1ccc(C[O-])cc1,0.6897310440952802
CCCCCc1ccc([C@@H](O)[C@@H](C[O-])CCC(=O)N2CCC[C@H](c3ncncc3-c3ccncc3)C2)cc1,0.752860580071438
CCCCCc1ccc(C(=O)CC[C@H](C[O-])[C@H](O)c2ccc(-c3ccco3)cc2)cc1,0.3276930502632316
CC(=O)c1cccc([C@@H](O)[C@H]2CCCN(C(=O)CC[C@H](C[O-])[C@H](O)c3ccc(-c4ccco4)cc3)C2)c1,0.7964840676464727
[O-]CCC[NH+](Cc1ccc(-c2ccc(C[O-])cc2)c(O)c1)c1ccco1,0.670112412429057
[O-]CCC[NH+](C[O-])C1CCN(c2cccc(C[O-])c2)CC1,0.49912141011734024
O=C(CC[O-])C[NH+](Cc1ccc(C(=O)[C@H](O)c2ccc(C[O-])cc2)c(O)c1)C1CCN(c2ccccc2)CC1,0.7916399300275524
CCCC[C@H](O)[C@H](O)c1ccc(NC(=O)CC[O-])cc1,0.6457160241231225
O=C([O-])N1CCC([NH+](CCC[O-])Cc2ccc(-c3ccc(C[O-])cc3)c(O)c2)CC1,0.7746334003097526
O=C(c1ccc(CO)cc1O)[C@H](c1ccccc1)c1ccc(C[O-])cc1,0.5861262338907292
CC(=O)c1ccc(-c2ccc([C@@H](O)[C@@H](O)CCC(=O)N3CCC[C@H]([C@H](O)c4cccc([O-])c4)C3)cc2)cc1,0.7929004241051093
CC(=O)c1ccc(-c2ccc([C@@H](O)[C@@H](O)CCc3ccc(-c4ccc(C(=O)[O-])cc4)c(O)c3)cc2)cc1,0.6861482971260747
O=C([O-])c1ccc(-c2ccc(C[NH+](CCC[O-])C3CCN(C(=O)[C@H](O)c4ccc(C[O-])cc4)CC3)cc2O)cc1,0.7710108348637903
O=C(N1CCC[C@H]([C@H](O)c2cccc([O-])c2)C1)[NH+](CCC[O-])C1CCN(c2cccc(C[O-])c2)CC1,0.7377870604722123
CC(=O)c1cccc([C@@H](O)[C@H]2CCCN(C(=O)CC[C@H](C[O-])[C@H](O)c3ccco3)C2)c1,0.7635304073224494
CC(=O)c1ccc([C@H]2CCCN(C(=O)CC[C@H](O)[C@H](O)c3ccc(NC(=O)CC[O-])cc3)C2)cc1,0.7758584823553124
CCCC[C@H]1CCCN(C(=O)CC[C@H](O)[C@H](O)c2ccc(NC(C)=O)cc2)C1,0.7222003789000361
O=C(CC[C@H](O)[C@H](O)c1ccc(-c2ccco2)cc1)N1CCC[C@H]([C@H](O)c2cccc([O-])c2)C1,0.7945558073850479
CC(=O)Nc1ccc([C@@H](O)[C@@H](O)CCC(=O)N2CCC[C@H](c3ncncc3-c3ccc(C[O-])cc3)C2)cc1,0.8003279982420425
[O-]CCC[NH+](Cc1ccc(-c2ccc(C[O-])cc2)c(O)c1)C1CCN(c2cccc(-c3ccncc3)c2)CC1,0.7705159023973497
CCCCCc1ccc(-c2ccc(NC(=O)CC[O-])cc2)cc1,0.06209220507844747
O=C([O-])N[C@H]1CCCN(C(=O)CC[C@H](O)[C@H](O)c2ccc(NC(=O)CC[O-])cc2)C1,0.7321360221715459
O=C([O-])Nc1ccc([C@@H](O)[C@@H](CC[O-])CCC(=O)[C@H](O)c2cccc([O-])c2)cc1,0.7204727732383818
CCCCCc1ccc(Cc2ccc(C(=O)[C@H](C[O-])c3ccc(O)cc3)c([O-])c2)cc1,0.6677532670142192
CCCC[NH+](CN1CCC[C@H]([C@H](O)c2cccc([O-])c2)C1)C1CCN(c2ccccc2)CC1,0.08872783123338072
CCC[NH+](Cc1ccc([C@H](O)[C@H](O)c2ccc(-c3ccco3)cc2)c(O)c1)C1CCN(c2ccccc2)CC1,0.6064352799430525
O=C(CC[C@H](O)[C@H](O)c1ccc(C[O-])cc1)N1CCC[C@H]([C@H](O)c2cccc([O-])c2)C1,0.7853308742225659
CCCCC[NH+](CCCC)C1CCN(c2ccccc2)CC1,8.109340025337757e-06
CCCCNc1ccc([C@@H](O)[C@@H](C[O-])CCC(=O)N2CCC[C@H](c3ncncc3-c3ccncc3)C2)cc1,0.7753084931711144
Cc1cc(C[NH+](CCC[O-])C2CCN(c3ccccc3)CC2)ccc1C(=O)[C@H](O)c1ccc(C[O-])cc1,0.8103838904266505
CCCCCc1ccc(N2CCC[C@H]([C@H](O)c3cccc([O-])c3)C2)cc1,0.02890091466481185
CC(=O)Nc1cc(C[NH+](CCC[O-])C2CCN([C@H](O)c3ccc(N[O-])cc3)CC2)ccc1-c1ccc(C[O-])cc1,0.7712945033348825
CC(=O)Nc1ccc([C@@H](O)[C@@H](O)CCC(=O)N2CCC[C@H](c3ncncc3C(=O)CC[O-])C2)cc1,0.7307890531516651
CC(=O)c1ccc([NH+](Cc2ccc(-c3ccc(C[O-])cc3)c(O)c2)C2CCN(c3cccc([O-])c3)CC2)cc1,0.7804513041299731
O=C(CC[O-])Nc1ccc([C@@H](O)[C@@H](O)N2CCC[C@H](c3ncncc3-c3ccc(C[O-])cc3)C2)cc1,0.7304564550116057
CC(=O)NC(=O)CC[C@H](C[O-])[C@H](O)c1ccc(-c2ccco2)cc1,0.6377869217855024
CC(=O)c1ccc(-c2ccc([C@@H](O)[C@@H](O)[NH+](CCC[O-])C3CCN(c4ccccc4)CC3)cc2)cc1,0.7598787577307422
O=C(CC[O-])Nc1ccc(CCC(=O)N2CCC[C@H]([C@H](O)c3cccc([O-])c3)C2)cc1,0.7505983800255258
O=C(c1ccc(C[NH+](CCC[O-])C2CCN(c3ccccc3)CC2)cc1O)[C@H](O)c1ccc(C[O-])cc1,0.8090130520805513
[O-]CCCCC[NH+](CN1CCC[C@H](c2ncncc2-c2ccc(C[O-])cc2)C1)C1CCN(c2ccccc2)CC1,0.6945895145400127
O=C(CC[C@H](O)[C@H](O)c1ccc(C[O-])cc1)N1CCC[C@H]([C@H](O)c2cccc([O-])c2)C1,0.7853308742225659
[O-]CCCCC[NH+](Cc1ccc(C[O-])cc1)C1CCN(c2ccccc2)CC1,0.08532004266406244
CCCCCc1ccc(-c2ccc([C@H](O)[C@H](O)c3ccc(-c4ccc(C(C)=O)cc4)cc3)cc2O)cc1,0.0756500185458109
CCCCCc1ccc(-c2ccc(-c3ccc(CCCCC)cc3)c(O)c2)cc1,1.1354052050370705e-05
Cc1cc(Cc2ccco2)ccc1C(=O)[C@H](O)c1ccc(C[O-])cc1,0.42107225894215516
O=C(c1ccc(C[NH+](CCC[O-])C2CCN(c3ccccc3)CC2)cc1CCC[O-])[C@H](O)c1ccc(C[O-])cc1,0.799301602766994
O=C([O-])c1ccc(-c2ccc(C3CCN(c4cccc([O-])c4)CC3)cc2O)cc1,0.7058856534143574
CCC[NH+](Cc1ccc([C@H](O)[C@H](O)c2ccc(NC(=O)CC[O-])cc2)c(O)c1)C1CCN(c2ccccc2)CC1,0.7940788389708344
O=C(c1ccc([NH+](CCC[O-])Cc2ccc(-c3ccc(C[O-])cc3)c(O)c2)cc1[O-])[C@H](C[O-])c1ccc(O)cc1,0.7329739501962605
[O-]c1cccc([C@@H](O)[C@H](O)[C@H](O)c2ccc(-c3ccco3)cc2)c1,0.6100916581190966
CC(=O)c1ccc([NH+](CCC[O-])C2CCN(c3cccc([O-])c3)CC2)cc1,0.4114474597313426
[O-]CCC[NH+](Cc1ccc(-c2ccc(C[O-])cc2)c(O)c1)C1CCN(c2ccco2)CC1,0.7741736477044923
O=C([O-])C[NH+](CCC[O-])C1CCN([C@H](O)c2ccc(N[O-])cc2)CC1,0.6875651984571732
O=C(CC[O-])Nc1ccc([C@@H](O)[C@@H](O)CCC(=O)N2CCC[C@H]([C@H](O)c3cccc([O-])c3)C2)cc1,0.7924346537783311
O=C([O-])c1cc(C[NH+](CCC[O-])C2CCN(c3cccc([O-])c3)CC2)ccc1-c1ccc(C[O-])cc1,0.7852332161473012
CC(=O)c1ccc(Cc2ccc(-c3ccc(C[O-])cc3)c(O)c2)cc1,0.1435523141588922
O=C(c1ccc([NH+](CCC[O-])Cc2ccc(-c3ccc(C[O-])cc3)c(O)c2)cc1[O-])[C@H](C[O-])c1ccc(O)cc1,0.7329739501962605
O=C([O-])N[NH+](CCC[O-])Cc1ccc(C(=O)[C@H](O)c2ccc(C[O-])cc2)c(CCC[O-])c1,0.730050502767945
[O-]c1cccc([C@@H](O)[C@H]2CCCN([C@H](O)c3cccc([O-])c3)C2)c1,0.6789609052930526
CCCCCC[NH+](CCC[O-])C1CCN([C@H](O)c2ccc(N[O-])cc2)CC1,0.6678416395619261
O=C(c1ccc(C[NH+](CCC[O-])C2CCN(c3ccccc3)CC2)cc1O)[C@H]([O-])c1ccc(C[O-])cc1,0.8090130520805513
[O-]c1cccc([C@@H](O)C2CCN(c3ccccc3)CC2)c1,0.029060126162303797
[O-]CCC[NH+](Cc1ccc(-c2ccc(C[O-])cc2)c(O)c1)c1ccc(C[O-])cc1,0.7385780839798463
O=C([O-])C(=O)Nc1ccc([C@@H](O)[C@@H](C[O-])CCC(=O)N2CCC[C@H](c3ncncc3-c3ccncc3)C2)cc1,0.7827950877528718
O=C(CC[C@H](O)[C@H](O)c1ccc(-c2ccco2)cc1)c1ccc(C[O-])cc1,0.6617089925378717
[O-]CCC[NH+](c1ccc(C[O-])cc1)C1CCN(c2ccccc2)CC1,0.08270941048221142
O=C(CC[C@H](C[O-])[C@H](O)c1ccc(-c2ccco2)cc1)N1CCC[C@H]([C@H](O)c2cccc(C[O-])c2)C1,0.7928881400264653
O=C(C[O-])CC[C@H](CC[O-])[C@H](O)c1ccc(NC(=O)[O-])cc1,0.6798657535273716
CCCCc1cc(C[NH+](CCC[O-])C2CCN(c3cccc([O-])c3)CC2)ccc1-c1ccc(C[O-])cc1,0.5768164347562731
O=C(c1ccc(CC[NH+](CCCCC[O-])C2CCN(c3ccccc3)CC2)cc1[O-])[C@H](C[O-])c1ccc(O)cc1,0.7855952047840639
O=C([O-])c1ccc(-c2ccc(C[NH+](CCC[O-])C3CCN([O-])CC3)cc2O)cc1,0.7659224317937317
O=C([O-])CC[C@H](CC[O-])[C@H](O)c1ccc(NC(=O)[O-])cc1,0.6522749921443332
O=C([O-])Nc1ccc([C@@H](O)[C@@H](CC[O-])CCC(=O)C(=O)[O-])cc1,0.6493892409719805
Cc1ccc([C@@H](O)C(=O)c2ccc(C[NH+](CCC[O-])C3CCN(c4ccccc4)CC3)cc2O)cc1,0.7981153734577742
Cc1ccc([C@@H](O)C(=O)[C@@H](O)C(=O)c2ccc(C[NH+](C[O-])C3CCN(c4ccccc4)CC3)cc2O)cc1,0.7416555282079704
O=C(c1ccc(C[NH+](CCC[O-])C(=O)[O-])cc1CCC[O-])[C@H](O)c1ccc(C[O-])cc1,0.7398872239203864
O=C(c1ccc(C[NH+](CCC[O-])C2CCN(c3cccc([O-])c3)CC2)cc1O)[C@H](O)c1ccc(C[O-])cc1,0.7913797509649234
CCCC[NH+](Cc1ccc(C(=O)[C@H]([O-])c2ccc(C[O-])cc2)c(O)c1)C1CCN(c2ccccc2)CC1,0.8062698628679448
CCCCC[NH+](Cc1ccc(CCCC)c(O)c1)C1CCN(c2ccccc2)CC1,0.0010247088338857604
CC(=O)Nc1cc(C[NH+](CCC[O-])C2CCN([C@H](O)c3ccc(N[O-])cc3)CC2)ccc1-c1ccc(C[O-])cc1,0.7712945033348825
O=C([O-])c1ccc(-c2ccc(C[NH+](CCC[O-])C3CCN([C@H](O)c4ccc(N[O-])cc4)CC3)cc2O)cc1,0.7948711774239527
[O-]CCC[NH+](Cc1ccc([O-])c(O)c1)C1CCN(c2ccccc2)CC1,0.4894215050599999
CCc1ccc([C@@H](O)[C@@H](C[O-])CCC(=O)N2CCC[C@H](c3ncncc3-c3ccncc3)C2)cc1,0.79023097566096
O=C([O-])NC(=O)CC[C@H](C[O-])[C@H](O)c1ccc(-c2ccco2)cc1,0.6483122681124004
[O-]CCC[NH+](Cc1ccc(-c2ccc(C[O-])cc2)c(CC[O-])c1)C1CCN([C@H](O)c2ccc(N[O-])cc2)CC1,0.7835382351710138
O=C([O-])NC(=O)CC[C@H](C[O-])[C@H](O)c1ccc(-c2ccco2)cc1,0.6483122681124004
O=C(c1ccc(C[NH+](CC[O-])C2CCN(c3ccccc3)CC2)cc1O)[C@H]([O-])c1ccc(C[O-])cc1,0.8041610366940463
O=C(c1ccc([NH+](CC[O-])C2CCN(c3ccccc3)CC2)cc1[O-])[C@H](C[O-])c1ccc(O)cc1,0.7757792403485969
O=C(CC[C@H](O)[C@H](O)c1ccc([O-])cc1)N1CCC[C@H]([C@H](O)c2cccc([O-])c2)C1,0.7754825127753727
CCCCCc1ccc([C@@H](O)[C@@H](O)c2ccc(C[NH+](CCC)C3CCN(c4ccccc4)CC3)cc2O)cc1,0.26854093629157183
O=C([O-])Nc1ccc([C@@H](O)[C@H](CCC(=O)N2CCC[C@H](c3ncncc3-c3ccncc3)C2)N[O-])cc1,0.7836225809169258
[O-]Cc1ccc(-c2ccc(C[NH+](CCCO)C3CCN([C@H](O)c4ccc(N[O-])cc4)CC3)cc2O)cc1,0.7942959504579626
CCC[NH+](Cc1ccc([C@H](O)[C@H](O)C(=O)CC[O-])c(O)c1)C1CCN(c2ccccc2)CC1,0.7594849419649542
CC(=O)Nc1ccc(-c2ccc(C(=O)[O-])cc2)c(O)c1,0.5692013135503035
Cc1cc(C[C@H](O)[C@H](O)c2ccc(-c3ccco3)cc2)ccc1C(=O)[C@H](O)c1ccc(C[O-])cc1,0.7050207233729006
O=C(c1ccc(C[NH+](CCC[O-])C2CCN(c3ccccc3)CC2)cc1O)[C@H](O)c1ccc(CO)cc1,0.8090130520805513
Cc1ccc([C@@H](O)C(=O)c2ccc(C[NH+](CCCCO)C3CCN(c4ccccc4)CC3)cc2O)cc1,0.7802774909026969
CCCC[C@@H](O)[C@@H](O)CCC(=O)N1CCC[C@H]([C@H](O)c2cccc([O-])c2)C1,0.686443762264874
O=C([O-])Nc1ccc([C@@H](O)[C@@H](O)CCC(=O)N2CCC[C@H]([C@H](O)c3cccc([O-])c3)C2)cc1,0.7928278474068453
CC(=O)NNc1ccc([C@@H](O)[C@@H](C[O-])CCC(=O)N2CCC[C@H](c3ncncc3-c3ccncc3)C2)cc1,0.7635502725618158
CC(=O)c1ccc([NH+](CC[O-])C2CCN(c3ccccc3)CC2)cc1,0.03807224596016123
O=C([O-])Nc1ccc([C@@H](O)[C@@H](CC[O-])CCC(=O)N2CCC[C@H](c3ncncc3-c3ccc(C[O-])cc3)C2)cc1,0.7979568703881805
CC(=O)c1ccc(C(=O)[C@H](O)c2ccc(C[O-])cc2)cc1,0.5043663533866568
O=C([O-])N[NH+](CCC[O-])Cc1ccc(C(=O)[C@H](O)c2ccc(C[O-])cc2)c(CCC[O-])c1,0.730050502767945
O=C([O-])C(=O)CC[C@H](O)[C@H](O)c1ccc(-c2ccco2)cc1,0.6185041487358202
O=C(c1ccc(C[NH+](CCC[O-])C2CCN(c3ccccc3)CC2)cc1O)[C@H](O)c1ccc(C[O-])cc1,0.8090130520805513
O=C(CC[C@H](CC[O-])[C@H](O)CO)N1CCC[C@H](c2ncncc2-c2ccc(C[O-])cc2)C1,0.7290736946297567
CC(=O)Nc1cc(C[NH+](CCC[O-])C2CCN([C@H](O)c3ccc(N[O-])cc3)CC2)ccc1-c1ccc(C[O-])cc1,0.7712945033348825
O=C(CC[C@H](O)[C@@H]([O-])O)N1CCC[C@H]([C@H](O)c2cccc([O-])c2)C1,0.6889118853149203
CC(=O)c1cccc([C@@H](CCC[O-])[C@H]2CCCN(C(=O)CC[C@H](C[O-])[C@H](O)c3ccc(-c4ccco4)cc3)C2)c1,0.7871437550641852
CCCC[NH+](Cc1ccc(C(=O)[C@H]([O-])c2ccc(C[O-])cc2)c(O)c1)C1CCN(c2ccccc2)CC1,0.8062698628679448
CC(=O)c1ccc(-c2ccc(-c3ccco3)cc2)cc1,0.001242247691347873
O=C(CC[C@H](O)[C@H](O)c1ccc(-c2ccco2)cc1)[C@H](O)[C@H](O)c1ccc(-c2ccco2)cc1,0.673433831171772
O=C([O-])Nc1ccc([C@@H](O)[C@@H](C[O-])CCC(=O)N2CCC[C@H](c3ncncc3-c3ccncc3)C2)cc1,0.7960662643445577
Cc1ccc([C@@H](O)C(=O)Cc2ccc(C(=O)[C@H](C[O-])c3ccc(O)cc3)c([O-])c2)cc1,0.6772389992442467
O=C(c1ccc(C[NH+](CO)CCC[O-])cc1CCC[O-])[C@H](O)c1ccc(C[O-])cc1,0.7584423704717101
CC(=O)c1ccc([C@@H](O)C[NH+](CCCCC[O-])C2CCN(c3ccccc3)CC2)cc1,0.3454005322144503
CCCc1cc(C[NH+](CCC[O-])C2CCN(c3ccccc3)CC2)ccc1C(=O)[C@H](O)c1ccc(CO)cc1,0.7995113697603292
CC(=O)c1cccc([C@@H](O)[C@H]2CCCN(C(=O)CC[C@H](CO)[C@H](O)c3ccc(-c4ccco4)cc3)C2)c1,0.7582211400072927
O=C([O-])Nc1ccc([C@@H](O)[C@@H](CC[O-])CCC(=O)[C@H](O)[C@H](O)c2ccc(NC(=O)CC[O-])cc2)cc1,0.7198580350787672
O=C([O-])Nc1ccc(C2CCN(c3ccccc3)CC2)cc1,0.09082009023461786
CCCc1cc(C[NH+](CCC[O-])C2CCN(NC(C)=O)CC2)ccc1C(=O)[C@H](O)c1ccc(CO)cc1,0.7503475440719839
OCc1ccc([C@@H](O)C2CCN(c3ccccc3)CC2)cc1,0.01946420132586652
CC(=O)Nc1ccc(-c2ccc(C(=O)[O-])cc2)c(O)c1,0.5692013135503035
O=C(CC[O-])Nc1ccc([C@@H](O)[C@@H](C[O-])CCC(=O)N2CCC[C@H](c3ncncc3-c3ccncc3)C2)cc1,0.7889133134776757
O=C([O-])Nc1ccc([C@@H](O)[C@@H](C[O-])[C@H](O)[C@H](O)c2ccc(NC(=O)CC[O-])cc2)cc1,0.6571237780381902
CC(=O)c1ccc(Cc2ccc(C(=O)[C@H](O)c3ccc(C[O-])cc3)c(C)c2)cc1,0.5111945161475576
O=C([O-])c1ccc([C@@H](O)[C@@H](O)CCC(=O)N2CCC[C@H](c3ncncc3-c3ccc(C[O-])cc3)C2)cc1,0.8045744871713582
O=C(c1ccc(C[NH+](CCC[O-])C2CCN(c3ccccc3)CC2)cc1O)[C@H](O)[C@H](O)c1ccc(CO)cc1,0.7855370382980307
O=C([O-])Nc1ccc([C@@H](O)[C@@H](C[O-])C[NH+](CCCCC[O-])C2CCN(c3ccccc3)CC2)cc1,0.7836270957561279
[O-]CCC[NH+](Cc1ccc(CC[O-])c(O)c1)C1CCN(c2ccccc2)CC1,0.48660991674466314
O=C(c1ccc(C[NH+](CO)CCC[O-])cc1CCC[O-])[C@H](O)c1ccc(C[O-])cc1,0.7584423704717101
C[C@H]1CCCN(C(=O)CC[C@H](O)[C@H](O)c2ccc(NC(=O)CC[O-])cc2)C1,0.7216846648701903
Cc1cc(C[NH+](CCC[O-])C2CCN(c3ccccc3)CC2)ccc1C1CCN(c2ccccc2)CC1,0.0039215994335050075
O=C(CC[C@H](C[O-])[C@H](O)c1ccc(-c2ccco2)cc1)N1CCC[C@H](c2ccc(C[O-])cc2)C1,0.7672807867125065
CCC[NH+](CCC[O-])C1CCN(c2ccccc2)CC1,0.0018777757280060818
CC(=O)c1ccc([C@@H](O)C2CCN(c3ccccc3)CC2)cc1,0.012149768664599827
[O-]CCC[NH+](Cc1ccc(-c2ccccc2)c(O)c1)C1CCN(c2ccccc2)CC1,0.06424409753441744
[O-]c1cccc([C@@H](O)c2ccc(-c3ccco3)cc2)c1,0.09154618716676495
O=C(c1ccc(CN[O-])cc1O)[C@H](O)c1ccc(CO)cc1,0.6552293857447585
O=C([O-])Nc1ccc([C@@H](O)[C@@H](CC[O-])CCC(=O)C(=O)[O-])cc1,0.6493892409719805
O=C(N[O-])c1ccc([C@@H](O)[C@@H](O)CCC(=O)N2CCC[C@H](c3ncncc3-c3ccc(C[O-])cc3)C2)cc1,0.7944801930138847
CC(=O)N[NH+](CCC[O-])Cc1ccc(C(=O)[C@H](O)c2ccc(C[O-])cc2)c(CCC[O-])c1,0.7269636239826918
Cc1ccc([C@@H](O)C(=O)[NH+](CC[O-])C2CCN(c3ccccc3)CC2)cc1,0.3293414523835513
CCCCN1CCCC(c2ncncc2-c2ccncc2)C1,0.014490759452681492
CC(=O)c1cccc(C(O)C2CCCN(C(C)=O)C2)c1,0.10942868452323753
O=C([O-])c1ccc(-c2ccc(-c3ccco3)cc2)cc1CC(CO)CCC(=O)N1CCCC(CCC[O-])C1,0.7172161729746471
CC(=O)c1cccc(C(CO)C2CCCN(C(=O)CCC(C[O-])CCC3CC3)C2)c1,0.6157662099681694
CCCc1cc(C[NH+](CCC[O-])C2CCN(N[O-])CC2)ccc1C(=O)C(O)c1ccccc1,0.7682944752686137
Cc1cc2ccc1-c1ccc(cc1)C(=O)OCC(=O)N1CCC(CC1)[NH+](CCC[O-])C2,0.4893816820813493
Cc1cc(CC2CCCN(C(=O)CCC(O)C(O)c3ccc(C(=O)[O-])cc3)C2)ccc1C(=O)C1CC1,0.7766755201140056
CCc1ccc(-c2cncnc2C2CCCN(C(=O)CCC(O)C(O)c3ccc(C=O)cc3)C2)cc1,0.8024312820202681
O=C([O-])Nc1ccc(C(O)C(CO)C(O)c2ccccc2)cc1,0.6520948056732468
COC(c1cccc([O-])c1)C1CCCN(C(=O)CCC(O)C(O)c2ccc(C(=O)C=O)cc2)C1,0.7800720645140887
Cc1cc(C[NH+](CCC[O-])C2CCN(S(C)(=O)=O)CC2)ccc1C(=O)[O-],0.6662018692412934
CCC(=O)N1CCCC(c2ncncc2-c2ccncc2)C1,0.12752414447223318
O=C([O-])C(C(=O)c1ccc(C[NH+](CCCCCO)C2CCN(c3ccccc3)CC2)cc1[O-])c1ccc([O-])cc1,0.7863339708206731
O=C(Nc1ccc(C(O)C(C[O-])Cc2cccc(F)c2)cc1)C1CCN(c2ccccc2)CC1,0.5052778464040953
CCc1cc(C)ccc1C(=O)O[NH+](COc1ccc(C[O-])cc1)C(O)C(CC[O-])CCC=O,0.661523339666538
O=C(Cc1ccc([O-])cc1)c1ccc(C[NH+](CCCCCO)C2CCN(c3ccccc3)CC2)cc1[O-],0.7909349965024441
O=C([O-])C(=O)N1CCCC(c2ncncc2-c2ccncc2)C1,0.6133176733306546
Cc1ccc(C(=O)C(O)c2ccc(CCO)cc2)c(CCC[O-])c1,0.6159947355062524
CCc1ccc(-c2cncnc2-c2ccccc2C(=O)C(O)c2ccc(CO)cc2)cc1,0.5404464639393846
O=C(c1ccc(C[NH+](CCC[O-])C2CCN(c3ccccc3)CC2)cc1[O-])[C@H](O)c1ccc(CO)cc1,0.8090130520805513
CCC(=O)N1CCCC(c2ncncc2[NH+](Cc2ccc(C(C)=O)c([O-])c2)C2CCN(c3ccccc3)CC2)C1,0.7288998036127315
[O-]CCCCC[NH+](CNc1ccc(CO)cc1)C1CCN(c2ccccc2)CC1,0.21713468403929911
O=C(c1ccccc1[O-])C(CC(=O)N1CCCC(c2ncncc2-c2ccncc2)C1)c1ccc(CO)cc1,0.7598957248369995
CCC(=O)N1CCCC(c2ncncc2-c2ccc(Cc3ccc(C(O)CO)cc3)cc2)C1,0.7235303035849027
[O-]Cc1ccc(-c2cncnc2C2CCCN(C(O)OC3CCN(c4ccccc4)CC3)C2)cc1,0.7011045017354023
O=C(CCC(C[O-])C(O)c1ccccc1)N1CCCC(C(O)c2cccc(-c3ccccc3)c2)C1,0.7714428339474879
[O-]c1ccc(C[NH+](CCCCCO)C2CCN(c3ccccc3)CC2)cc1,0.05975149649462064
NC(=O)c1ccc(C[NH+](CCCO)C2CCN(c3ccccc3)CC2)cc1[O-],0.749843030552134
O=Cc1ccc(C(O)C(O)CCC(=O)N2CCCC(c3ccncn3)C2)cc1,0.7347468432982432
O=C(NCc1ccc(OC[O-])c([O-])c1)Oc1ccc(CC(F)F)cc1,0.5706896475268731
Cc1ccc(OC2CCC([NH+](CCCC(=O)[O-])C3CCN(c4ccccc4)CC3)CC2)c(O)c1,0.5647020275342577
CC(CCC(=O)[O-])C(C(=O)CCCO)c1ccc(-c2ccco2)cc1,0.6847045461482689
O=Cc1ccc(C(O)C(O)CCC(=O)N2CCCC(C(O)c3cccc([O-])c3)C2)cc1,0.7900845281083737
O=C([O-])c1ccc(CCCC(=O)c2cccc(C[NH+](CCC[O-])C3CCN(c4ccccc4)CC3)c2)cc1,0.7545709095732882
CCC(O)C(O)Oc1cncnc1C1CCCN(C(=O)C(=O)CCc2ccccc2)C1,0.667788145051214
CCCNC(=O)c1ccc(Nc2ccc(C(=O)C(O)c3ccc(C)cc3)c([O-])c2)cc1C,0.6263890826169605
CCCCC[NH+](Cc1ccc(C(=O)C(CO)c2ccc([O-])cc2)c([O-])c1)C1CCN(c2ccccc2)CC1,0.8004027777138887
CC(=O)c1cccc(C(O)C2CCCN(C(=O)CCC(C[O-])C(O)Cc3ccc(C(O)C=O)cc3)C2)c1,0.7782205080101272
O=C([O-])Nc1ccc(C(O)C(C[O-])C(=O)c2ccc(C(O)CO)cc2)cc1,0.6715428382561237
C[NH+](CCCCc1ccc(C(=O)C(O)c2ccc(CO)cc2)c([O-])c1)C1CCN(C(F)F)CC1,0.7451422204776459
O=C([O-])Nc1ccc([NH+](COCO)C2CCN(c3ccccc3)CC2)cc1,0.7298265528613634
CCCc1cc(C[NH+](CCC[O-])C2CCNCC2)ccc1C(=O)c1ccc(CN2CCOCC2)cc1,0.35490958747842233
CCC(=O)N1CCCC(c2ncncc2-c2ccncc2)C1,0.12752414447223318
CCC(=O)N1CCCC(C(O)c2cccc(N3C(=O)C(C[O-])Oc4ccc3cc4)c2)C1,0.7469007910928608
O=C(c1ccccc1C(O)CCC(=O)N1CCCC(C(O)c2cccc([O-])c2)C1)C([O-])c1ccc(C[O-])cc1,0.8016267331596373
CC(=O)NC[NH+](Cc1ccc(C(=O)Cc2ccc(CCCO)cc2)c(O)c1)C1CCN(c2ccccc2)CC1,0.7503332877993886
CC[NH+](Cc1ccc(C(=O)C(CO)c2ccc([O-])cc2)c([O-])c1)C1CCN(c2ccccc2)CC1,0.77799590834833
O=Cc1ccc(C[NH+](O)C2CCN(c3ccccc3)CC2)cc1[O-],0.32580315232153423
Cc1ccc(C(=O)C(O)c2ccc(C[O-])cc2)c(C(O)c2ccc(CO)cc2)c1,0.6560136039694613
O=C1CC(=O)c2cc(ccc2C(=O)CO)C[NH+](C2CCN(c3ccccc3)CC2)C2CCN(CC2)N1,0.7123678505979086
O=C(CCO)Cc1ccc(C(=O)Cc2ccc(CO)cc2)c([O-])c1,0.6663966319008383
Cc1ccc(C(=O)C(O)C(CO)C(=O)c2ccccc2[O-])c([O-])c1,0.5889908278140824
O=C(CO)c1ccc(C[NH+](C(O)CCC(=O)N2CCCC(C(O)c3cccc([O-])c3)C2)C2CCNCC2)cc1[O-],0.7350432150484578
CC(=O)Nc1cc(C[NH+](CC[O-])C2CCN(c3ccccc3)CC2)ccc1C(=O)C([O-])c1ccc(C)cc1,0.7616152292602991
O=CCCC(C[O-])C(O)Cc1ccc(C(=O)C([O-])c2ccc(C(=O)c3ccccc3)cc2)c([O-])c1,0.7205394563371306
CCCc1ccccc1C(=O)C(=O)C(O)c1ccc(C[O-])cc1,0.5047713828267156
CCCC1CCCN(C(=O)C2(CC(O)CC)CCCCCC2)C1,0.008738316431054495
CC(=O)c1ccc(C(O)C(O)c2ccc(NC=O)cc2)cc1,0.6272942038401129
CC(C[O-])c1ccc(-c2cccc(C(O)C3CCCN(C(=O)CCc4ccc(CO)cc4)C3)c2)cc1,0.7251788942177784
CNc1ccc(C(=O)C(O)c2ccc(C)cc2)c(O)c1,0.2983160896441762
O=CCCC(O)COC(=O)c1ccc(C[NH+](CC[O-])C2CCN(c3ccccc3)CC2)cc1C=O,0.7320700401937038
O=C(CCC(O)c1ccccc1-c1ccccc1)N1CCCC(C(O)c2cccc([O-])c2)C1,0.7762107400329065
O=C(c1ccc(C(F)F)cc1[O-])C(O)c1ccc(CO)cc1,0.5399815669996804
CC(=O)c1ccc(-c2ncncc2-c2ccccc2)cc1,0.01423312859767035
C[NH+](CC(=O)c1ccccc1)C1CCN(c2ccccc2)CC1,0.0005469595759346834
O=CCCC(CCO)C(c1ccc(-c2ccco2)cc1)C1CCNCC1,0.20305843869911205
CC(=O)c1cccc(C(C2CCCN(C=O)C2)C(O)C(O)c2ccc(NC(=O)c3ccccc3)cc2)c1,0.7258646129169658
O=c1c(=O)c2cc(C[NH+](CN(CC[S-])c3ccc(C[O-])cc3)C3CCN(c4ccccc4)CC3)ccc12,0.32503367601016675
Cc1ccc(C(=O)C(O)c2ccc(CO)cc2)c([O-])c1,0.5515940483735702
O=C(CCC(O)CO)N1CCCC(c2ncncc2-c2ccc(C[O-])cc2)C1,0.7368062997280774
CCCc1ccccc1C(=O)Cc1ccc(C(=O)C(O)c2ccc(C=O)cc2)c([O-])c1,0.6720987141954332
C[NH+](Cc1ccc(C(=O)C(O)c2ccc(C[O-])cc2)c([O-])c1)C1CCN(c2ccccc2)CC1,0.7761235930651194
O=C(CCC(O)C(O)c1ccc(NC(O)C(O)O)cc1)N1CCCC(c2ncncc2-c2ccncc2)C1,0.7640567727492819
Cc1ccc(C(Oc2ccsc2)C(=O)c2ncncc2-c2ccc(C[O-])cc2)cc1,0.3987015906718688
CC(=O)c1cncnc1C1CCCN(N2CCCC(CO)C2)C1,0.3198072376571369
CCC(=O)N1CCCC(c2ncncc2-c2ccc(C[O-])cc2)C1,0.3293857165311733
CC(=O)c1ccc(C[NH+](CCO)C2CCN(c3ccccc3)CC2)cc1[O-],0.33840934820056406
NC(=O)CCC1CCCN(C(=O)CCC2CC(=O)C2c2ccc(C=O)cc2)C1,0.6953578007638073
O=C(c1ncncc1-c1ccc(C[O-])cc1)C(F)(F)F,0.20932204087357184
O=CNc1ccc(C(O)C(O)CCC(=O)N2CCCC(c3ncncc3-c3ccncc3)C2)cc1,0.787499487305355
O=C([O-])CC(C(=O)c1cccc([O-])c1)c1ccc(C[O-])cc1,0.6538368687207051
Cc1cc(C[NH+](CCC[O-])C2CCN(c3ccccc3)CC2)ccc1C(=O)[C@H](O)c1ccc(C[O-])cc1,0.8103838904266505
CCCC[NH+](Cc1ccc(C=O)c(CC)c1)C1CCN(c2ccccc2)CC1,0.0006219054209226559
O=C([O-])Nc1ccc(C(CCC[O-])C(O)CCC(=O)N2CCCC(C(O)c3cccc([O-])c3)C2)cc1,0.7829980936505438
CC(=O)NC(=O)c1ccc(C[NH+](c2ccccc2)C2CCN(c3ccccc3)CC2)cc1,0.08446651789507853
CC(=O)N1CCCC(c2ncncc2N2CCCC(C(O)c3cccc([O-])c3)C2)C1,0.6908550232703013
O=C([O-])Cc1ccc(C(O)C(=O)c2ccc(C[NH+](CC[O-])C3CCN(c4ccccc4)CC3)cc2[O-])cc1,0.8012934129273787
Cc1ccc(C(=O)C(O)c2ccc(CO)cc2)c(-c2ccc(C(=O)NCCCC3(C)CC3)cc2)c1,0.49873277215913203
O=C(c1ccc(C[NH2+]C2CCN(c3ccccc3)CC2)cc1[O-])C(O)c1ccc(CO)cc1,0.7661714083573556
O=C([O-])OC(=O)Nc1ccc(C(O)c2ccccc2)cc1,0.626851477299656
C[NH+](CCC[O-])C1CCN(C(=O)CCC(C[O-])C(O)c2ccc(-c3ccco3)cc2)CC1,0.7279069209800751
O=CCCC(CO)Oc1ccc(CCOc2ncncc2-c2ccc(C[O-])cc2)cc1,0.647977949146678
CNNc1ccc(-c2ncncc2-c2ccc(CC=O)cc2)cc1,0.23813622266928722
CCCCN(C)C[NH+](CC)C1CCN(c2ccccc2)CC1,1.8695346658847376e-05
CC[NH+](Cc1ccc(C(=O)C(O)c2ccc(CCO)cc2)c([O-])c1)C1CCN(c2ccccc2)CC1,0.7929929773859969
Cc1ccc(C(=O)C(O)c2ccc(CO)cc2)c(O)c1,0.4980480323008901
Cc1ccc(C(=O)C(O)c2ccc(CO)cc2)c(C)c1,0.11030225343557089
CC[NH+](Cc1ccc(C(=O)C(C)O)c(O)c1)C1CCN(c2ccccc2)CC1,0.2649575572417699
NC(O)CC(CCC(=O)N1CCCC(c2ncncc2-c2ccc(C[O-])cc2)C1)C(O)C1CCCNC1,0.7050433651843161
O=C(c1ccc(C2CCC2)cc1[O-])C(CO)c1ccccc1,0.15827327168131475
O=Cc1ccc(C(O)C(O)CCC(=O)N2CCCC(c3ncncc3C(=O)CO)C2)cc1,0.7378154272067452
O=C(CCO)c1ccc(CCCc2ccccc2)cc1[O-],0.14469003063952077
O=Cc1ccc(C[NH+](CO)C2CCN(c3ccccc3)CC2)cc1[O-],0.3318850434438411
Cc1ccc(C(O)C(=O)c2ccc(C[NH+](CC3CC3)C3CCN(c4ccccc4)CC3)cc2[O-])cc1,0.3589603955325615
