C[C@@H](O)C(=O)N/N=C\c1c(F)cccc1-c1ncc(F)c(N[C@H]2CCCOC2)n1,1.2186283585024178e-10
Cc1cc([C@H]([NH3+])CO)c([C@@](NC(=O)c2cccn2C)(C(=O)[O-])C(F)(F)F)c(F)c1F,4.3386174781961194e-08
CN[C@@H](C(N)=O)c1cc(F)ccc1[C@H](N)c1cc(Cl)c(O)c(OC)c1,9.874647865468517e-07
C[C@H](CO)NC(=O)c1ccc(F)c(-c2ccc([C@H]([NH3+])C(=O)[O-])cc2C(F)(F)F)c1F,6.82560337633487e-08
CN[C@@H](C(N)=O)c1cc(-c2cc(F)ccc2SC[C@@H]2CNC(=O)O2)ccc1F,1.8370862266141198e-08
CC(C)=C(F)Oc1cc([C@@H](N)C(F)(F)F)cc(Cl)c1O,0.20636166380601706
CC(C)=C(F)C(F)(F)CCNS(=O)(=O)c1ccc(Br)cc1,0.016939196889542374
Nc1cnccc1S[C@@H](F)C(CO)Nc1ncc(Cl)cc1F,0.0529980584033558
Cn1cc(C(=O)OCNCC[C@H](O)C(F)(F)F)c(C(F)(F)F)c1,0.013400007665140828
[NH3+][C@H](CCc1c[nH]nc1-c1nc(CS(=O)(=O)CC(F)(F)F)cs1)C(=O)[O-],0.0018134938327346152
CCOC(=O)[C@H](Sc1ccc(F)cc1N)C(C)=C(F)C(=O)NCc1csc(=O)[nH]1,2.631504521291054e-08
Nc1cnccc1S[C@@H](F)Cc1nc(CS(=O)(=O)CC(F)(F)F)cs1,0.0204325716890638
Cc1cc([N-]S(=O)(=O)c2c[nH+]c[nH]2)cc(Oc2cc(C)sc2C(=O)N2CCSC2)c1,3.995728557559744e-10
Nc1cnccc1S[C@@H](F)C(F)(F)c1ccc(S[C@H]2CS(=O)(=O)C[C@@H]2Cl)nc1,0.00014886063876446985
C[C@@H](Nc1ccc(C(=O)[O-])c(OC(=O)[C@@H](F)Sc2ccc(F)cc2N)c1F)C(N)=O,3.7266531720786714e-06
Cc1ccc(C(F)(F)CSCC(=O)Nc2cc(Br)c(=O)n(C)c2)cc1N/C(N)=N/O,1.4845932617797694e-09
CN[C@@H](C(N)=O)c1cc(F)ccc1-c1cc(Cl)cc(CNC(C)=O)c1OC(F)F,9.680764127326769e-09
COC(=O)c1ccc(CNCc2c([C@H]([NH3+])CO)cc(C)c(F)c2F)[nH]1,3.398267819495071e-09
CC(=O)NCc1cc(Cl)cc(NS(=O)(=O)c2cc(N)c(Cl)cc2C)c1OC(F)F,1.9638082208988035e-06
O=C(/C=C/NOC(=O)c1ccc(CNCC(F)(F)F)[nH]1)Nc1ccc(F)cc1,1.0616246940951275e-05
Nc1ccc([C@@H](C(=O)[O-])c2nc(CS(=O)(=O)CC(F)(F)F)cs2)cc1C(F)(F)F,0.0017853782168585108
Cc1ccc(C(F)(F)C(=O)Nc2cc(Br)c(F)cc2Cl)cc1N/C(N)=N/O,0.0013062106070345731
Nc1cc(F)ccc1S[C@H](F)C(=O)OCCc1nc(CS(=O)(=O)CC(F)(F)F)cs1,2.430083125932946e-05
COC(=O)c1ccc(CNCC(F)(F)c2c([O-])c([C@H]([NH3+])CO)cc(C)c2F)[nH]1,1.2186283585024178e-10
CC1=NN([C@H]2CS(=O)(=O)C[C@@H]2Sc2ccc(C(F)(F)F)cn2)[C@@](O)(C(F)F)C1,5.3913750568331754e-05
CCOC(=O)c1cn(C)cc1C(F)(F)C(C)=C(F)C(=O)NCc1csc(=O)[nH]1,7.224446708721363e-07
C[C@H](Cc1cc(N2C[C@@H]([NH3+])CC2=O)ccc1Cl)NC(=O)c1ccc(F)c(F)c1F,4.3204126993085624e-10
CCC(=O)OCc1cn(C)nc1C(F)(F)OC(=O)c1ccc(CNCC(F)(F)F)[nH]1,1.8370862266141198e-08
Nc1cc(F)c(SC[C@H](O)CO)c(C(F)(F)c2cc([N+](=O)[O-])ccc2NCC[NH3+])c1,2.2542357972251756e-11
COc1cc([C@@H](N)c2cc(Cl)cc(CNC(C)=O)c2OC(F)F)cc(Cl)c1O,2.829133980761967e-07
COc1cc([C@@H](N)C(F)(F)F)cc(Cl)c1-c1nc(CS(=O)(=O)CC(F)(F)F)cs1,0.0005796274432709663
CCOC(=O)[C@H](F)Sc1ccncc1-c1cc(Cl)cc(CNC(C)=O)c1OC(F)F,2.4720697221535385e-08
Cn1cc(NC(=O)CSCC(F)(F)c2n[nH]cc2CC[C@@H]([NH3+])C(=O)[O-])cc(Br)c1=O,3.561354097273517e-09
O=C(O[C@H](CCc1c[nH]nc1C(F)(F)F)C(=O)[O-])c1ccc(CNCC(F)(F)F)[nH]1,1.2219225328134202e-05
CS(=O)(=O)N(CC(N)=O)c1ccccc1OC(=O)[C@@H](F)Sc1ccc(F)cc1N,1.436752786663464e-06
CCOC(=O)c1cn(C)cc1C(F)(F)C(F)(F)c1ccc([C@H]([NH3+])CO)c(O)c1,9.146313756209838e-10
COc1cc([C@@H](N)C(F)(F)F)cc(Cl)c1[N-]S(=O)(=O)c1c[nH+]c[nH]1,0.08081238867682222
Cc1cc([C@H]([NH3+])CO)c([O-])c([N-]S(=O)(=O)c2c[nH+]c[nH]2)c1F,0.012588142242433998
Cc1cc([C@H]([NH3+])CO)c(-c2cnc(NC(CO)CO)c(F)c2)c(F)c1F,1.3440409951135022e-08
COC(=O)c1ccc(CNCC(F)(F)Oc2cc(C)sc2C(=O)N2CCSC2)[nH]1,5.461513395104304e-10
C[C@H](NOC(=O)c1ccc(CNCC(F)(F)F)[nH]1)C(=O)Nc1cc(F)cc(F)c1,1.1189441953335287e-06
Nc1cc(F)c(SC[C@@H](CO)C(F)(F)CCNS(=O)(=O)c2ccc(Br)cc2)c(F)c1,1.3440409951135022e-08
C[C@@H](O)C(=O)N/N=C\c1c(Cl)cccc1[N-]S(=O)(=O)CC1CC1,0.000374235604625066
CCC(=O)OCc1cn(C)nc1C(F)(F)CCCC(=O)Nc1ccc(F)cc1F,1.5647497858135657e-10
O=S(=O)(Cc1csc(CSC(F)(F)F)n1)CC(F)(F)F,0.1632455124539584
C=CCNC(=O)Nc1c(F)cccc1[C@H]1CC(=O)N(c2ccc(Cl)c(F)c2)C1,2.9818852775393173e-08
C[C@H](Nc1cc(F)ccc1SC[C@@H]1CNC(=O)O1)C(=O)Nc1cc(F)cc(F)c1,4.993718107117558e-08
O=C(NCCCO)c1ncccc1C(F)(F)c1ncc(F)c(N[C@H]2CCCOC2)n1,6.06719333997777e-12
C=CCNC(=O)Nc1c(F)cccc1-c1c(F)ccc(C(=O)N[C@H](C)CO)c1F,3.8127508250269574e-10
OCC(CO)Nc1ncc(-c2ccc(C(F)(F)F)cc2O)cc1F,0.003779645714749375
[NH3+][C@H](C(=O)[O-])c1ccc(CCCC(=O)Nc2ccc(F)cc2F)c(C(F)(F)F)c1,1.514326296014268e-07
C[C@@H](Nc1ccc(C(=O)[O-])c(C(=O)[C@H](F)Sc2ccncc2N)c1F)C(N)=O,3.763786373644493e-05
Cc1cc([C@H]([NH3+])CO)c([O-])c(COC(=O)[C@@H](F)Sc2ccc(F)cc2N)c1F,4.993718107117558e-08
Cc1cc([C@@H](CO)C(=O)[C@H](F)Sc2ccncc2N)c([O-])c(F)c1F,0.0014123504170288818
CC1=NN(c2nc(CS(=O)(=O)CC(F)(F)F)cs2)[C@@](O)(C(F)F)C1,0.0759162135601666
Nc1c(F)ccc(-c2c(F)cccc2NC(=O)NC2CC2)c1F,0.0026386179570919216
COC(=O)c1ccc(CNC[C@H](F)Sc2ccncc2N)[nH]1,0.0006671470977542672
CC(CCCC(=O)Nc1ccc(F)cc1F)=C(F)C(=O)NCc1csc(=O)[nH]1,3.0115974460573396e-07
CC1=NN(c2cccc(F)c2/C=N\NC(=O)[C@@H](C)O)[C@@](O)(C(F)F)C1,8.88887473452297e-05
Cc1ccc(C(F)(F)c2ccc([C@H]([NH3+])CO)c(O)c2)cc1N/C(N)=N/O,1.186112015134383e-08
[NH3+][C@H](CCc1c[nH]nc1NCC[C@H](O)C(F)(F)F)C(=O)[O-],0.003335525636133462
CCOC(=O)[C@H](F)Sc1ccncc1NNC(=O)c1cc(Cl)ccc1F,0.0010172778436147007
Cc1ccc(-c2c([O-])c([C@H]([NH3+])CO)cc(C)c2F)cc1N/C(N)=N/O,2.0494177818374155e-08
[NH3+][C@H](CCc1c[nH]nc1C(F)(F)c1ccc([C@H]([NH3+])CO)c(O)c1)C(=O)[O-],2.5109991557439816e-08
CCOC(=O)[C@H](F)Sc1ccncc1CSC(F)(F)F,0.3678794411714424
O=C(Nc1cccc(F)c1OC(=O)c1ccc(CNCC(F)(F)F)[nH]1)NC1CC1,1.1253517471925912e-07
C[C@@H](O)C(=O)N/N=C\c1c(Cl)cccc1C(=O)[C@H](F)Sc1ccncc1N,2.2828518322240145e-05
CSCC(=O)NNC(=O)c1cc(Cl)ccc1-c1n[nH]cc1CC[C@@H]([NH3+])C(=O)[O-],1.1677230527891051e-08
Cc1cc([C@H]([NH3+])CO)c([O-])c([N-]S(=O)(=O)c2c[nH+]c[nH]2)c1F,0.012588142242433998
CCOC(=O)[C@H](F)Sc1ccncc1C=CNOC,0.04325575460518773
COC(=O)c1ccc(CNCCc2nc(CS(=O)(=O)CC(F)(F)F)cs2)[nH]1,7.411334799450557e-06
CSCC(=O)NNC(=O)c1cc(Cl)ccc1N[C@@H](C)C(=O)Nc1cc(F)cc(F)c1,4.363462252943701e-09
C[C@H](Cc1c(C(=O)N[C@H]2C[C@@H]2[NH3+])ccc(F)c1F)NC(=O)c1ccc(F)c(F)c1F,8.071593559922058e-10
Nc1cnccc1S[C@@H](F)C(CO)Nc1ncc(Cl)cc1F,0.0529980584033558
COC(=O)c1ccc(CNCC(F)(F)c2c([C@H]([NH3+])CO)cc(C)c(F)c2F)[nH]1,1.2186283585024178e-10
CC1=NN(C(F)(F)CCC(=O)NCc2ccc(Cl)nc2)[C@@](O)(C(F)F)C1,5.144486017970227e-05
COc1cc([C@@H](N)c2ccc(C(F)(F)F)cc2O)cc(Cl)c1O,0.013192259802176308
CC(=O)NCc1cc(Cl)cc(Cl)c1OC(F)CCNC(=O)c1cnc(C)cn1,4.691164021834417e-08
COC(=O)c1ccc(CNC[N-]S(=O)(=O)c2c[nH+]c[nH]2)[nH]1,0.014043087460021496
CN[C@@H](C(N)=O)c1cc(N[C@@H](C(N)=O)c2cc(F)ccc2F)ccc1F,1.013009359863071e-05
C[C@@H](O)C(=O)N/N=C\c1c(F)cccc1[C@H](CCc1c[nH]nc1C(F)(F)F)C(=O)[O-],2.3823696675018182e-07
Nc1cnccc1S[C@@H](F)CCCC(=O)Nc1ccc(F)cc1F,0.000257208118800665
Cn1cc(NC(=O)CSCSC(F)(F)F)cc(Br)c1=O,0.676633846161729
Cc1cc([C@H]([NH3+])CO)c(-c2ccc([C@H]([NH3+])C(=O)[O-])cc2C(F)(F)F)c(F)c1F,1.9444334532409246e-07
Cc1cc(OCc2nc(CS(=O)(=O)CC(F)(F)F)cs2)c(C(=O)N2CCSC2)s1,5.014759970544497e-06
Nc1c(F)ccc([C@H]2CS(=O)(=O)C[C@@H]2Sc2ccc(C(F)(F)F)cn2)c1F,0.000955644094802374
C[C@H](NCCCC(=O)Nc1ccc(F)cc1F)C(=O)Nc1cc(F)cc(F)c1,1.522997974471263e-08
Cn1cc(NC(=O)CSCC(F)(F)[C@@H](N)c2ccc3c(c2)OCCO3)cc(Br)c1=O,6.188705455066193e-10
COC(=O)c1ccc(CNCN[C@@H](C)C(=O)Nc2cc(F)cc(F)c2)[nH]1,8.105604564484683e-08
Cn1cc(C(=O)OC[C@H]2CC(=O)N(c3ccc(Cl)c(F)c3)C2)c(C(F)(F)F)c1,1.670170079024566e-05
CCOC(=O)[C@H](F)Sc1ccncc1[C@H](CCc1c[nH]nc1C(F)(F)F)C(=O)[O-],6.14421235332821e-06
O=C(NCC(F)(F)C(=O)Nc1cc(Br)c(F)cc1Cl)NNC(=O)c1ccccc1Cl,0.000257208118800665
Cc1cc(Cl)c(N)cc1S(=O)(=O)Nc1c(F)ccc([N-]S(=O)(=O)CC2CC2)c1F,2.0904629695241164e-06
Cc1cc(Oc2c(N[C@H](C)C(N)=O)ccc(C(=O)[O-])c2F)c(C(=O)N2CCSC2)s1,2.817262973736831e-09
[NH3+][C@H](C(=O)[O-])c1ccc(-c2cc(Cl)cnc2NC(CO)CO)c(C(F)(F)F)c1,3.5008666704259795e-06
CS(=O)(=O)N(CC(N)=O)c1ccccc1-c1cnc(NC(CO)CO)c(F)c1,1.818961687553046e-09
Cn1cc(C(=O)OC[N-]S(=O)(=O)CC2CC2)c(C(F)(F)F)c1,0.03817306945803752
CON/C=C/C(=O)C(F)(F)c1ccc(S[C@H]2CS(=O)(=O)C[C@@H]2Cl)nc1,0.002292471008846966
COc1ccc(NS(=O)(=O)c2cc(N)c(Cl)cc2C)c2nc(C(F)(F)F)[nH]c12,0.000330261761918494
CCC(=O)OCc1cn(C)nc1C(F)(F)C(F)(F)c1n[nH]cc1CC[C@@H]([NH3+])C(=O)[O-],3.581747930283181e-10
C[C@H](Cc1cccc(F)c1/C=N\NC(=O)[C@@H](C)O)NC(=O)c1ccc(F)c(F)c1F,1.0364131284113012e-09
C=CCNC(=O)Nc1c(F)cccc1C(F)=C(C)C,0.006737946999085467
CCNC(=O)Cn1cccc(C(F)(F)C(F)(F)c2cn(C)cc2C(=O)OCC)c1=O,6.224144622907783e-11
CN[C@@H](C(N)=O)c1cc(F)ccc1-c1ccc([C@H]([NH3+])C(=O)[O-])cc1C(F)(F)F,1.1365650024464047e-06
C[C@H](Nc1ccc([C@H]([NH3+])C(=O)[O-])cc1C(F)(F)F)C(=O)Nc1cc(F)cc(F)c1,1.873878895066731e-06
Cc1ccc(C(F)(F)c2cccnc2C(=O)NCCCO)cc1N/C(N)=N/O,8.071593559922058e-10
Nc1cc(F)c(SC[C@@H](CO)C(CO)Nc2ncc(Cl)cc2F)c(F)c1,3.3215298167313715e-05
CCOC(=O)[C@@H](C=CNOC)Sc1ccc(F)cc1N,0.0028087941945255128
OCC(CO)Nc1ncc(Cl)cc1-c1ncc(F)c(N[C@H]2CCCOC2)n1,4.5728691787242234e-09
Cc1cc([C@H]([NH3+])CO)c([O-])c([C@H](CCc2c[nH]nc2C(F)(F)F)C(=O)[O-])c1F,5.989276684272566e-07
Cc1cc(CCCC(=O)Nc2ccc(F)cc2F)cc([N-]S(=O)(=O)c2c[nH+]c[nH]2)c1,1.665667476591448e-10
CCOC(=O)c1cn(C)cc1C(F)(F)c1c([N-]S(=O)(=O)CC2CC2)ccc(F)c1N,7.507751520922312e-11
CC1=NN(c2ccc(C)c(N/C(N)=N/O)c2)[C@@](O)(C(F)F)C1,0.0009118819655545162
NC(=O)CN(c1ccccc1F)S(=O)(=O)c1cc(N2C[C@@H]([NH3+])CC2=O)ccc1Cl,2.1815938727736594e-08
C[C@H](Nc1nc(CS(=O)(=O)CC(F)(F)F)cs1)C(=O)Nc1cc(F)cc(F)c1,0.000511519423339656
C[C@@H](O)C(=O)N/N=C\c1c(Cl)cccc1[C@H](C(=O)[O-])c1ccc(N)c(C(F)(F)F)c1,4.6644533717427827e-07
N[C@@H](c1ccc2c(c1)OCCO2)c1ncc(F)c(N[C@H]2CCCOC2)n1,3.850741922767617e-09
O=S(=O)(Cc1csc(-c2cnc(NC(CO)CO)c(F)c2)n1)CC(F)(F)F,0.000656803940697575
C[C@@H](O)C(=O)N/N=C\c1c(F)cccc1-c1ccc(F)c(N)c1F,0.00202309856457243
COC(=O)c1ccc(CNCC(F)(F)c2cc(N3C[C@@H]([NH3+])CC3=O)ccc2Cl)[nH]1,2.020683909022217e-11
Cc1cc([C@H]([NH3+])CO)c(CCCC(=O)Nc2ccc(F)cc2F)c(F)c1F,7.012722012894485e-10
Nc1c(F)ccc([N-]S(=O)(=O)CC2CC2)c1-c1cc(N2C[C@@H]([NH3+])CC2=O)ccc1Cl,2.3759470500712956e-12
[NH3+]CCNc1ccc([N+](=O)[O-])cc1C(F)(F)[C@H]1CC(=O)N(c2ccc(Cl)c(F)c2)C1,4.099093439508832e-09
[NH3+][C@H](CCc1c[nH]nc1C(F)(F)c1ccc(S[C@H]2CS(=O)(=O)C[C@@H]2Cl)nc1)C(=O)[O-],3.432128916326245e-08
C[C@@H](N[C@@H](C(N)=O)c1cc(F)ccc1F)C(=O)N/N=C\c1c(F)cccc1Cl,5.014759970544497e-06
Cc1cc([C@H]([NH3+])CO)c([O-])c(-c2ncc(F)c(N[C@H]3CCCOC3)n2)c1F,2.620462764742462e-10
CC(=O)NCc1cc(Cl)cc(-c2ccc(C)c(N/C(N)=N/O)c2)c1OC(F)F,5.3157852544244216e-08
CCC(=O)OCc1cn(C)nc1C(F)(F)N/C=C/C(=O)Nc1ccc(F)cc1,4.691164021834417e-08
Cc1cc(Cl)c(N)cc1S(=O)(=O)N[C@H](CO)CSc1c(F)cc(N)cc1F,4.495201785261944e-06
C[C@H](N[C@H](C(=O)[O-])c1ccc(N)c(C(F)(F)F)c1)C(=O)Nc1cc(F)cc(F)c1,6.439079260767403e-06
Nc1cc(F)ccc1S[C@H](F)C(=O)Oc1ncc(F)c(N[C@H]2CCCOC2)n1,3.2887598813664843e-06
CONC=CNS(=O)(=O)c1cc(N)c(Cl)cc1C,0.1509774184559146
C[C@H](N[C@H]1CC(=O)N(c2ccc(Cl)c(F)c2)C1)C(=O)Nc1cc(F)cc(F)c1,4.737907824157172e-07
C[C@@H](Nc1ccc(C(=O)[O-])c([C@H](F)Sc2ccncc2N)c1F)C(N)=O,0.0002960447300568554
CCOC(=O)[C@H](F)Sc1ccncc1-c1c([O-])c([C@H]([NH3+])CO)cc(C)c1F,1.6212229047677827e-08
[NH3+][C@H](CCc1c[nH]nc1-c1cc(Cl)cnc1NC(CO)CO)C(=O)[O-],4.1811889795500234e-07
COc1cc([C@@H](N)SCC(=O)Nc2cc(Br)c(=O)n(C)c2)cc(Cl)c1O,2.1445408316589164e-05
C=CCNC(=O)Nc1c(F)cccc1C(=O)/C=C/NOC,0.0033880525218347116
Nc1cnccc1S[C@@H](F)[N-]S(=O)(=O)c1c[nH+]c[nH]1,0.44374731008107987
Cc1cc(OCSC(F)(F)F)c(C(=O)N2CCSC2)s1,0.31961919737930994
CCC(=O)OCc1cn(C)nc1C(F)(F)C(F)(F)c1ccc(C)c(N/C(N)=N/O)c1,1.493094676197164e-10
C=CCNC(=O)Nc1c(F)cccc1-c1ccc(Cl)cc1C(=O)NNC(=O)CSC,1.665667476591448e-10
Nc1cnccc1S[C@@H](F)C(=O)c1cc(N2C[C@@H]([NH3+])CC2=O)ccc1Cl,1.0783428504061669e-05
CC(C)=C(F)COC(=O)c1cn(C)cc1C(F)(F)F,0.14183015908734253
C[C@@](NC(=O)c1cccn1-c1cc(Cl)cnc1NC(CO)CO)(C(=O)[O-])C(F)(F)F,6.475952175842209e-07
OCC(CO)Nc1ncc(Cl)cc1-c1ccc(C(F)(F)F)cc1O,0.004853161163813102
Cc1cnc(C(=O)NCCC(=O)[C@H](F)Sc2ccncc2N)cn1,0.000374235604625066
C=CCNC(=O)Nc1c(F)cccc1[N-]S(=O)(=O)CC1CC1,0.0007559767017882707
Cc1cc([C@H]([NH3+])CO)c(-c2c(N[C@H](C)C(N)=O)ccc(C(=O)[O-])c2F)c(F)c1F,1.1744099331974158e-09
O=S1(=O)C[C@H](CCSC(F)(F)F)[C@@H](Sc2ccc(C(F)(F)F)cn2)C1,0.00965166345239672
[NH3+][C@H](CCc1c[nH]nc1CCCC(=O)Nc1ccc(F)cc1F)C(=O)[O-],8.105604564484683e-08
Cn1cccc1C(=O)N[C@](C)(C(=O)c1cc(Cl)cnc1NC(CO)CO)C(F)(F)F,1.6822645580191797e-09
CONC=Cc1ccc(C(F)(F)F)cc1O,0.7202729799554398
COc1ccc(-c2ccc(C)c(N/C(N)=N/O)c2)c2nc(C(F)(F)F)[nH]c12,1.670170079024566e-05
CC(=O)NCc1cc(Cl)cc(Cl)c1OC(F)c1c(F)cccc1NC(=O)NC1CC1,1.3307807990689667e-09
O=S(=O)(CC1CC1)[N-]c1ccc(F)c(NCC[C@H](O)C(F)(F)F)c1F,0.00048809524352341505
CC(C)=C(F)NS(=O)(=O)c1cc(N)c(Cl)cc1C,0.17107982817134254
Cc1cc([C@@H](CO)[N-]S(=O)(=O)CC2CC2)c([O-])c(F)c1F,0.014043087460021496
CONC=Cc1c(F)cccc1NC(=O)NC1CC1,0.011108996538242308
Nc1ccc([C@H]([NH3+])C(=O)[O-])cc1C(F)(F)OC(=O)c1ccc(CNCC(F)(F)F)[nH]1,5.04347662567888e-07
O=C(Nc1ccc(=O)n(C(CO)Nc2ncc(Cl)cc2F)c1)OCC(F)(F)F,0.0012463948683920495
C[C@@H](O)C(=O)N/N=C\c1c(F)cccc1-c1cccc(Cl)c1/C=N\NC(=O)[C@@H](C)O,1.3808868393003807e-10
Cc1cc([C@@H](CO)c2c([N-]S(=O)(=O)CC3CC3)ccc(F)c2N)c([O-])c(F)c1F,8.025635347790163e-09
C[C@H](CO)NC(=O)c1ccc(F)c([N-]S(=O)(=O)CC2CC2)c1F,0.00048052802816808926
COc1cc([C@@H](N)C(F)(F)F)cc(Cl)c1CCSC(F)(F)F,0.06293675158337987
CC(=O)NCc1cc(Cl)cc(CSC(F)(F)F)c1OC(F)F,0.15335496684492847
COc1cc([C@@H](N)C(F)(F)F)cc(Cl)c1[C@H](CO)CSc1c(F)cc(N)cc1F,1.197930699220045e-07
CN[C@@H](C(N)=O)c1cc(F)ccc1C(=O)[C@H](F)Sc1ccncc1N,0.00015846132511575126
CCOC(=O)c1cn(C)cc1C(F)(F)Cc1nc(CS(=O)(=O)CC(F)(F)F)cs1,3.0416056732348593e-06
CCOC(=O)[C@H](Sc1ccc(F)cc1N)[C@H](C)C(=O)N/N=C\c1c(F)cccc1Cl,2.1387593756935528e-10
COc1cc([C@@H](N)[C@H](C(=O)[O-])c2ccc(N)c(C(F)(F)F)c2)cc(Cl)c1O,7.844404420678988e-05
COc1cc([C@@H](N)c2cc(C)cc([N-]S(=O)(=O)c3c[nH+]c[nH]3)c2)cc(Cl)c1O,3.432128916326245e-08
Nc1cc(F)c(SC[C@H](O)CO)c(-c2ncc(F)c(N[C@H]3CCCOC3)n2)c1,1.2972231351059908e-10
Nc1cnccc1S[C@@H](F)C(F)(F)c1ccc(S[C@H]2CS(=O)(=O)C[C@@H]2Cl)nc1,0.00014886063876446985
CN[C@@H](C(N)=O)c1cc(F)ccc1Oc1cc(C)sc1C(=O)N1CCSC1,1.7257827987960214e-08
CCOC(=O)[C@H](F)Sc1ccncc1C(F)(F)c1cc([C@H]([NH3+])C(=O)[O-])ccc1N,1.3574333187024558e-07
CN[C@@H](C(N)=O)c1cc(F)ccc1C(=O)[C@H](F)Sc1ccncc1N,0.00015846132511575126
C[C@@H](O)C(=O)N/N=C\c1c(Cl)cccc1-c1c(C(=O)N[C@H]2C[C@@H]2[NH3+])ccc(F)c1F,1.7730937992312898e-10
COc1cc([C@@H](N)c2cc(C)cc([N-]S(=O)(=O)c3c[nH+]c[nH]3)c2)cc(Cl)c1O,3.432128916326245e-08
Nc1c(F)ccc([N-]S(=O)(=O)CC2CC2)c1F,0.7667265960708202
COC(=O)c1ccc(CNCC(F)(F)CNCc2ccc(C(=O)OC)[nH]2)[nH]1,6.286163385101408e-10
O=S1(=O)C[C@H](Sc2ccc(C(F)(F)C3CC3)cn2)[C@@H](Cl)C1,0.04393693362340741
Nc1cnccc1S[C@@H](F)C(=O)OC(=O)c1ccc(CNCC(F)(F)F)[nH]1,0.0009118819655545162
CCOC(=O)[C@H](F)Sc1ccncc1COC(=O)[C@@H](F)Sc1ccc(F)cc1N,6.786739609772671e-07
CN[C@@H](C(N)=O)c1cc(-c2cc(Cl)cc(CNC(C)=O)c2OC(F)F)ccc1F,9.680764127326769e-09
COc1cc([C@@H](N)C(F)(F)F)cc(Cl)c1C(=O)N1N=C(C)C[C@]1(O)C(F)F,0.0003102522132940274
C[C@@H](Nc1ccc(C(=O)[O-])c(-c2n[nH]cc2CC[C@@H]([NH3+])C(=O)[O-])c1F)C(N)=O,6.023573837886479e-08
[NH3+][C@H](CCc1c[nH]nc1C(F)(F)N/C=C/C(=O)Nc1ccc(F)cc1)C(=O)[O-],5.285518122592676e-07
CCOC(=O)c1cn(C)cc1C(F)(F)C(C)=C(F)C(=O)NCc1csc(=O)[nH]1,7.224446708721363e-07
COC(=O)c1ccc(CNCC(F)(F)N2N=C(C)C[C@]2(O)C(F)F)[nH]1,3.535750085040998e-05
Cc1cc([N-]S(=O)(=O)c2c[nH+]c[nH]2)cc(C(=O)[C@H](F)Sc2ccncc2N)c1,9.368805042462686e-06
Nc1ccc([C@H]([NH3+])C(=O)[O-])cc1C(F)(F)S(=O)(=O)[N-]c1ccc(F)c(N)c1F,0.0011708796207911744
N[C@H](c1cc(Cl)c(O)c(OCC2CC2)c1)C(F)(F)F,0.18211352912101367
COC(=O)c1ccc(CNCc2cc(N)cc(F)c2SC[C@H](O)CO)[nH]1,1.3946463030807815e-09
O=C(CCCNNC(=O)c1cc(Cl)ccc1F)Nc1ccc(F)cc1F,0.00014886063876446985
CC1=NN(C(=O)c2ccc(C)c(N/C(N)=N/O)c2)[C@@](O)(C(F)F)C1,0.00021659095137688503
Cc1ccc(C(F)(F)N/C=C/C(=O)Nc2ccc(F)cc2)cc1N/C(N)=N/O,1.9444334532409246e-07
Nc1c(F)ccc([N-]S(=O)(=O)CC2CC2)c1C1CC1,0.011825465259096618
Nc1cc(F)ccc1S[C@H](F)C(=O)OCc1cnc(NC(CO)CO)c(F)c1,7.224446708721363e-07
CC(C)=C(F)c1cc(F)ccc1SC[C@@H]1CNC(=O)O1,0.013400007665140828
Cc1cc(Oc2cccc(Cl)c2/C=N\NC(=O)[C@@H](C)O)c(C(=O)N2CCSC2)s1,1.0364131284113012e-09
Nc1c(F)ccc([N-]S(=O)(=O)CC2CC2)c1F,0.7667265960708202
Cc1ccc(S(=O)(=O)N(CC(N)=O)c2ccccc2F)cc1N/C(N)=N/O,1.9947337004816555e-06
Nc1c([N-]S(=O)(=O)CC2CC2)ccc([N-]S(=O)(=O)CC2CC2)c1F,6.922662603870115e-05
C[C@@H](Nc1ccc(C(=O)[O-])c(-c2ncc(F)c(N[C@H]3CCCOC3)n2)c1F)C(N)=O,3.753639602428471e-10
Nc1c(F)ccc([N-]c2cc(Cl)cnc2NC(CO)CO)c1F,0.011825465259096618
Cc1cnc(C(=O)NCCNCC[C@H](O)C(F)(F)F)cn1,0.0025977099773754862
COc1ccc(-c2nc(CS(=O)(=O)CC(F)(F)F)cs2)c2nc(C(F)(F)F)[nH]c12,0.00202309856457243
COc1cc([C@@H](N)N[C@@H](C(N)=O)c2cc(F)ccc2F)cc(Cl)c1O,0.00019114084371795175
C[C@H](NCS(=O)(=O)[N-]c1ccc(F)c(N)c1F)C(=O)Nc1cc(F)cc(F)c1,9.028854143505791e-05
Cc1ccc([C@H]2CS(=O)(=O)C[C@@H]2Sc2ccc(C(F)(F)F)cn2)cc1N/C(N)=N/O,1.2626096677664469e-08
CC(C)=C(F)C(F)(F)CNS(=O)(=O)c1cc(N)c(Cl)cc1C,0.0051661631671143975
C[C@H](C[C@H](C(=O)[O-])c1ccc(N)c(C(F)(F)F)c1)NC(=O)c1ccc(F)c(F)c1F,7.811489408304491e-07
CCNC(=O)Cn1cccc(C(F)(F)[N-]S(=O)(=O)c2c[nH+]c[nH]2)c1=O,0.002153577211832027
COc1cc([C@@H](N)c2cccc(F)c2/C=N\NC(=O)[C@@H](C)O)cc(Cl)c1O,9.184853273417225e-08
CN[C@@H](C(N)=O)c1cc(F)ccc1[N-]c1ccc(F)c(N)c1F,0.004929587331545052
C=CCNC(=O)Nc1c(F)cccc1-c1c(C(=O)N[C@H]2C[C@@H]2[NH3+])ccc(F)c1F,3.364740793413151e-10
Nc1cc(F)ccc1S[C@H](F)C(=O)O[N-]S(=O)(=O)CC1CC1,0.0820849986238988
Cc1cc([C@H]([NH3+])CO)c(-c2c(N[C@H](C)C(N)=O)ccc(C(=O)[O-])c2F)c(F)c1F,1.1744099331974158e-09
C[C@H](CCCCC(=O)Nc1ccc(F)cc1F)NC(=O)c1ccc(F)c(F)c1F,1.6822645580191797e-09
COC(=O)c1ccc(CNCn2cccc2C(=O)N[C@](C)(C(=O)[O-])C(F)(F)F)[nH]1,2.3823696675018182e-07
COC(=O)c1ccc(CNCC(F)(F)c2ccc(OC)c3[nH]c(C(F)(F)F)nc23)[nH]1,2.1024338523818466e-07
COC(=O)c1ccc(CNCc2cccc(Cl)c2/C=N\NC(=O)[C@@H](C)O)[nH]1,1.4845932617797694e-09
CC(C)=C(F)c1c([N-]S(=O)(=O)CC2CC2)ccc(F)c1N,0.0013062106070345731
C[C@@H](O)C(=O)N/N=C\c1c(Cl)cccc1-c1c(F)cccc1NC(=O)NC1CC1,3.364740793413151e-10
Cc1cc([C@@H](CO)C(F)(F)c2cc([C@H]([NH3+])C(=O)[O-])ccc2N)c([O-])c(F)c1F,1.0030150942450052e-06
Nc1cnccc1S[C@@H](F)[N-]S(=O)(=O)CC1CC1,0.32465246735834974
N[C@H](c1cc(Cl)c(O)c(Oc2n[nH]cc2CC[C@@H]([NH3+])C(=O)[O-])c1)C(F)(F)F,0.00010890876985506645
CN[C@@H](C(N)=O)c1cc(F)ccc1OC(=O)[C@@H](F)Sc1ccc(F)cc1N,2.586810022265412e-05
C[C@@H](O)C(=O)N/N=C\c1c(F)cccc1-c1n[nH]cc1CC[C@@H]([NH3+])C(=O)[O-],2.5109991557439816e-08
COc1ccc(N[C@@H](C(N)=O)c2cc(F)ccc2F)c2nc(C(F)(F)F)[nH]c12,0.00019114084371795175
Cc1cnc(C(=O)NCCC(F)(F)c2ccc([C@H]([NH3+])CO)c(O)c2)cn1,1.186112015134383e-08
Cc1cc([C@H]([NH3+])CO)c(CC2CC2)c(F)c1F,0.0019304541362277093
CN[C@@H](C(N)=O)c1cc(-c2c(C(=O)[O-])ccc(N[C@H](C)C(N)=O)c2F)ccc1F,6.65348539521593e-09
O=C(Nc1ccc(=O)n(CCSC(F)(F)F)c1)OCC(F)(F)F,0.13533528323661267
CC1=NN(c2c(C(=O)N[C@H]3C[C@@H]3[NH3+])ccc(F)c2F)[C@@](O)(C(F)F)C1,7.844404420678988e-05
CC(=C(F)C(=O)NCc1csc(=O)[nH]1)c1c(F)ccc(C(=O)N[C@H](C)CO)c1F,1.3574333187024558e-07
CSCC(=O)NNC(=O)c1cc(Cl)ccc1Oc1cc(C)sc1C(=O)N1CCSC1,5.130617026091759e-10
Cc1cc(Cl)c(N)cc1S(=O)(=O)NC(F)(F)c1cccnc1C(=O)NCCCO,6.719782204413765e-08
O=C(Nc1cccc(F)c1S(=O)(=O)CC1CC1)NC1CC1,0.0011527268148311548
[NH3+][C@H](CCc1c[nH]nc1-c1cc(Cl)cnc1NC(CO)CO)C(=O)[O-],4.1811889795500234e-07
C=CCNC(=O)Nc1c(F)cccc1[C@H](CO)c1cc(C)c(F)c(F)c1[O-],1.7429788826727445e-07
COC(=O)c1ccc(CNCc2nc(CS(=O)(=O)CC(F)(F)F)cs2)[nH]1,0.00039837172745315756
[NH3+][C@H](C(=O)[O-])c1ccc(-c2c(F)cccc2NC(=O)NC2CC2)c(C(F)(F)F)c1,1.9444334532409246e-07
Cc1ccc(C(F)(F)COC(=O)[C@@H](F)Sc2ccc(F)cc2N)cc1N/C(N)=N/O,5.930186981438233e-08
CC1=NN(OC(=O)c2ccc(CNCC(F)(F)F)[nH]2)[C@@](O)(C(F)F)C1,0.00202309856457243
Nc1cnccc1S[C@@H](F)[C@@H](N)c1ccc2c(c1)OCCO2,0.0013062106070345731
Nc1cnccc1S[C@@H](F)C(=O)c1c([N-]S(=O)(=O)CC2CC2)ccc(F)c1N,3.5008666704259795e-06
Cc1cc([C@H]([NH3+])CO)c([O-])c(C(F)(F)c2n[nH]cc2CC[C@@H]([NH3+])C(=O)[O-])c1F,2.4862258480890196e-09
Cc1cc([C@@H](CO)OC(=O)c2ccc(CNCC(F)(F)F)[nH]2)c([O-])c(F)c1F,8.267941430892258e-06
Nc1c(F)ccc([N-]CCSC(F)(F)F)c1F,0.2865047968601901
[NH3+][C@H]1C[C@@H]1NC(=O)c1ccc(F)c(F)c1-c1ncc(F)c(N[C@H]2CCCOC2)n1,1.2186283585024178e-10
COC(=O)c1ccc(CNCC(F)(F)CCCC(=O)Nc2ccc(F)cc2F)[nH]1,1.5647497858135657e-10
NC(=O)[C@H](NCc1nc(CS(=O)(=O)CC(F)(F)F)cs1)c1cc(F)ccc1F,0.000511519423339656
Cn1cc(NC(=O)CS[N-]S(=O)(=O)CC2CC2)cc(Br)c1=O,0.012588142242433998
C[C@@H](O)C(=O)N/N=C\c1c(F)cccc1COC(=O)[C@@H](F)Sc1ccc(F)cc1N,2.1815938727736594e-08
CC1=NN(C(=O)[C@H]2CS(=O)(=O)C[C@@H]2Sc2ccc(C(F)(F)F)cn2)[C@@](O)(C(F)F)C1,6.439079260767403e-06
CC1=NN(C(F)(F)CSCC(=O)Nc2cc(Br)c(=O)n(C)c2)[C@@](O)(C(F)F)C1,1.5689795893558925e-05
CCOC(=O)[C@H](F)Sc1ccncc1[C@H](C)C(=O)N/N=C\c1c(F)cccc1Cl,5.6586239481320604e-08
CSCC(=O)NNC(=O)c1cc(Cl)ccc1[N-]S(=O)(=O)CC1CC1,0.0002454297015009895
Nc1c(F)ccc([N-]S(=O)(=O)CC2CC2)c1[C@H]1CC(=O)N(c2ccc(Cl)c(F)c2)C1,1.4166087866431964e-09
COc1cc([C@@H](N)[C@H](CCc2c[nH]nc2C(F)(F)F)C(=O)[O-])cc(Cl)c1O,5.829466373086881e-05
CN(C[C@H](c1ccc(C(F)(F)F)cc1O)C(F)(F)F)c1ncccc1[N+](=O)[O-],0.0003570981085762476
CCOC(=O)[C@@H](F)Sc1ccc(F)cc1N,0.7316156289466419
COc1cc([C@@H](N)[C@H]2CC(=O)N(c3ccc(Cl)c(F)c3)C2)cc(Cl)c1O,4.222851277057527e-06
C[C@H](CO)NC(=O)c1ccc(F)c(NCC[C@H](O)C(F)(F)F)c1F,0.00021659095137688503
Nc1cc(F)c(SC[C@H](O)CO)c(-c2ncc(F)c(N[C@H]3CCCOC3)n2)c1,1.2972231351059908e-10
C[C@@H](O)C(=O)N/N=C\c1c(F)cccc1F,0.8161762130223398
C[C@H](CS(=O)(=O)[N-]c1ccc(F)c(N)c1F)NC(=O)c1ccc(F)c(F)c1F,0.0005530843701478336
COc1cc([C@@H](N)CCSC(F)(F)F)cc(Cl)c1O,0.24891968120366054
CCOC(=O)c1cn(C)cc1C(F)(F)c1cccc(Cl)c1/C=N\NC(=O)[C@@H](C)O,1.3307807990689667e-09
Nc1cnccc1S[C@@H](F)C(=O)NNC(=O)c1cc(Cl)ccc1F,0.0529980584033558
CN[C@@H](C(N)=O)c1cc(F)ccc1-c1ccc(OC)c2[nH]c(C(F)(F)F)nc12,3.905498991975189e-06
Nc1c(F)ccc([N-]S(=O)(=O)CC2CC2)c1F,0.7667265960708202
Nc1ccc([C@H]([NH3+])C(=O)[O-])cc1C(F)(F)[C@@H](N)c1ccc2c(c1)OCCO2,9.184853273417225e-08
Nc1ccc([C@H]([NH3+])C(=O)[O-])cc1C(F)(F)c1cc(F)ccc1SC[C@@H]1CNC(=O)O1,2.1815938727736594e-08
CCOC(=O)[C@H](F)Sc1ccncc1-c1c([N-]S(=O)(=O)CC2CC2)ccc(F)c1N,6.188705455066193e-10
Nc1cc(F)ccc1S[C@H](F)C(=O)Oc1cnc(NC(CO)CO)c(F)c1,5.476276860109711e-05
COC(=O)c1ccc(CNCOC(=O)[C@@H](F)Sc2ccc(F)cc2N)[nH]1,2.586810022265412e-05
COC(=O)c1ccc(CNCC(F)(F)C=NNC(=O)[C@@H](C)O)[nH]1,0.00016868120253849862
NC(=O)[C@H](Nc1c(F)ccc([N-]S(=O)(=O)CC2CC2)c1F)c1cc(F)ccc1F,2.5612887709420384e-06
Cn1cc(C(=O)OCNNC(=O)c2cc(Cl)ccc2F)c(C(F)(F)F)c1,0.00800151004091445
CC1=NN([C@H](CCc2c[nH]nc2C(F)(F)F)C(=O)[O-])[C@@](O)(C(F)F)C1,0.005247518399181385
N[C@H](c1cc(Cl)c(O)c(ONNC(=O)c2cc(Cl)ccc2F)c1)C(F)(F)F,0.009066898725060887
CCOC(=O)c1cn(C)cc1C(F)(F)c1c([O-])c([C@H]([NH3+])CO)cc(C)c1F,2.160070450089596e-09
CC(N[C@@H](C)C(=O)Nc1cc(F)cc(F)c1)=C(F)C(=O)NCc1csc(=O)[nH]1,3.2887598813664843e-06
COC(=O)c1ccc(CNC[N-]S(=O)(=O)c2c[nH+]c[nH]2)[nH]1,0.014043087460021496
Cn1cccc1C(=O)N[C@]([N-]S(=O)(=O)c1c[nH+]c[nH]1)(C(=O)[O-])C(F)(F)F,0.0301973834223185
COc1cc([C@@H](N)C(F)(F)F)cc(Cl)c1NNC(=O)c1cc(Cl)ccc1F,0.0012270713070337978
COc1cc([C@@H](N)C(F)(F)F)cc(Cl)c1[C@H](F)Sc1ccncc1N,0.0026386179570919216
Cc1cc(Cl)c(N)cc1S(=O)(=O)NCC(F)(F)CC1CC1,0.0024403226861474305
COc1cc([C@@H](N)OC(=O)c2ccc(CNCC(F)(F)F)[nH]2)cc(Cl)c1O,1.5446548154550848e-05
Cc1ccc(-c2c([N-]S(=O)(=O)CC3CC3)ccc(F)c2N)cc1N/C(N)=N/O,7.582560427911907e-10
Cc1cc(Cl)c(N)cc1S(=O)(=O)NN,0.4650431881340563
Nc1c(C(=O)N[C@H]2C[C@@H]2[NH3+])ccc(F)c1F,0.5609491608144709
NC(=O)[C@H](N[C@H]1CC(=O)N(c2ccc(Cl)c(F)c2)C1)c1cc(F)ccc1F,3.2700342699792625e-05
Nc1c(N/C=C/C(=O)Nc2ccc(F)cc2)ccc([N-]S(=O)(=O)CC2CC2)c1F,8.025635347790163e-09
CCOC(=O)[C@@H](F)Sc1ccc(NS(=O)(=O)c2cc(N)c(Cl)cc2C)cc1N,1.4449802461092448e-07
Cc1cc([C@@H](CO)[C@@](NC(=O)c2cccn2C)(C(=O)[O-])C(F)(F)F)c([O-])c(F)c1F,2.4061081290604234e-06
O=C(NNc1ccc(C(F)(F)F)cc1O)c1cc(Cl)ccc1F,0.0974783477499485
Nc1c(F)ccc([N-]S(=O)(=O)CC2CC2)c1CC1CC1,0.00048052802816808926
Nc1cc(F)c(SC[C@@H](CO)COC(=O)[C@@H](F)Sc2ccc(F)cc2N)c(F)c1,1.4449802461092448e-07
CCOC(=O)[C@H](F)Sc1ccncc1CC,0.19385884264329525
Nc1cnccc1S[C@@H](F)C(=O)c1ccc(F)c(N)c1F,0.20961138715109784
NNNC(=O)c1cc(Cl)ccc1F,0.16071462536804407
COc1cc([C@@H](N)c2c([C@H]([NH3+])CO)cc(C)c(F)c2F)cc(Cl)c1O,1.9750538246287656e-07
CCOC(=O)[C@@H](F)Sc1ccc(CCNC(=O)c2cnc(C)cn2)cc1N,2.0291983974115507e-09
CCOC(=O)[C@@H](F)Sc1ccc(-c2nc(CS(=O)(=O)CC(F)(F)F)cs2)cc1N,1.670170079024566e-05
Cc1cc([C@H]([NH3+])CO)c([O-])c(-c2c(N[C@H](C)C(N)=O)ccc(C(=O)[O-])c2F)c1F,9.146313756209838e-10
CN[C@@H](C(N)=O)c1cc([C@H](CO)CSc2c(F)cc(N)cc2F)ccc1F,1.8370862266141198e-08
COC(=O)c1ccc(CNCC(F)(F)CCC(=O)NCc2ccc(Cl)nc2)[nH]1,1.1744099331974158e-09
CN[C@@H](C(N)=O)c1cc(F)ccc1-n1cc(NC(=O)OCC(F)(F)F)ccc1=O,5.093730949192808e-06
Nc1c(F)ccc([N-]c2cc(F)ccc2SC[C@@H]2CNC(=O)O2)c1F,0.003133436353933003
Nc1c(F)ccc(CS(=O)(=O)[N-]c2ccc(F)c(N)c2F)c1F,0.13533528323661267
Nc1cc(F)c(SC[C@@H](CO)Cc2nc(CS(=O)(=O)CC(F)(F)F)cs2)c(F)c1,3.668876769866355e-06
CCOC(=O)[C@@H](F)Sc1ccc([C@H](CO)c2cc(C)c(F)c(F)c2[O-])cc1N,1.430724191856769e-08
N[C@H](c1cc(Cl)c(O)c(Oc2c(C(=O)N[C@H]3C[C@@H]3[NH3+])ccc(F)c2F)c1)C(F)(F)F,1.1189441953335287e-06
C[C@@H](O)C(=O)N/N=C\c1c(Cl)cccc1-c1ccc(F)c(N)c1F,0.002292471008846966
CSCC(=O)NNC(=O)c1cc(Cl)ccc1-c1ccc(C)c(N/C(N)=N/O)c1,4.867793902108199e-09
CCOC(=O)[C@@H](F)SOC(=O)c1ccc(CNCC(F)(F)F)[nH]1,0.02351774585600911
N[C@H](OC(=O)c1ccc(CNCC(F)(F)F)[nH]1)c1ccc2c(c1)OCCO2,1.2878968743320372e-06
Nc1c(F)ccc(Oc2cc([C@@H](N)C(F)(F)F)cc(Cl)c2O)c1F,0.05217639966630833
Nc1cc(F)ccc1-c1nc(CS(=O)(=O)CC(F)(F)F)cs1,0.2649736213568966
N[C@H](c1cc(Cl)c(O)c(ONCC[C@H](O)C(F)(F)F)c1)C(F)(F)F,0.022092877665062443
CN[C@@H](C(N)=O)c1cc(-c2c([N-]S(=O)(=O)CC3CC3)ccc(F)c2N)ccc1F,1.665667476591448e-10
Nc1cc(F)ccc1OC(=O)[C@@H](F)Sc1ccc(F)cc1N,0.09301448921066349
C[C@@H](Nc1ccc(C(=O)[O-])c(F)c1[N-]S(=O)(=O)c1c[nH+]c[nH]1)C(N)=O,0.008517563101529046
COC(=O)c1ccc(CNCC(F)=C(C)C)[nH]1,0.010274142264416326
CC(=O)NCc1cc(Cl)cc(CSC(F)(F)F)c1OC(F)F,0.15335496684492847
Cc1cc([C@@H](CO)c2c(N[C@H](C)C(N)=O)ccc(C(=O)[O-])c2F)c([O-])c(F)c1F,1.514326296014268e-07
NC(=O)CN(c1ccccc1F)S(=O)(=O)[C@H](C(=O)[O-])c1ccc(N)c(C(F)(F)F)c1,2.710953627260597e-05
Cc1cc([C@H]([NH3+])CO)c([O-])c(N[C@@H](C(N)=O)c2cc(F)ccc2F)c1F,2.6842075855134967e-06
CCOC(=O)[C@@H](F)Sc1ccc([C@H](CO)c2cc(C)c(F)c(F)c2[O-])cc1N,1.430724191856769e-08
CCC(=O)OCc1cn(C)nc1C(F)(F)CCNC(=O)c1cnc(C)cn1,4.5728691787242234e-09
Nc1cc(F)c(SC[C@@H](CO)C(F)(F)CCC(=O)NCc2ccc(Cl)nc2)c(F)c1,6.587842664792692e-10
C=CCNC(=O)Nc1c(F)cccc1-c1cnccc1S[C@@H](F)C(=O)OCC,1.8370862266141198e-08
[NH3+][C@H](CCc1c[nH]nc1-c1ccc(C(F)(F)F)cc1O)C(=O)[O-],0.011825465259096618
Cn1cc(C(=O)OC[C@@H](N)c2ccc3c(c2)OCCO3)c(C(F)(F)F)c1,1.013009359863071e-05
Cn1cc(NC(=O)CS[C@H](CO)CSc2c(F)cc(N)cc2F)cc(Br)c1=O,9.27637319550433e-07
N[C@H](c1cc(Cl)c(O)c(OCCCC(=O)Nc2ccc(F)cc2F)c1)C(F)(F)F,2.1233829711794397e-06
CC1=NN([C@H](F)Sc2ccncc2N)[C@@](O)(C(F)F)C1,0.15335496684492847
CC(C)=C(F)COC(=O)[C@@H](F)Sc1ccc(F)cc1N,0.049015191417106724
CC1=NN(C(=O)c2c(F)cccc2NC(=O)NC2CC2)[C@@](O)(C(F)F)C1,2.430083125932946e-05
Nc1c(F)ccc([N-]S(=O)(=O)CC2CC2)c1[N-]S(=O)(=O)c1c[nH+]c[nH]1,0.00202309856457243
CC(=O)NCc1cc(Cl)cc(CCSC(F)(F)F)c1OC(F)F,0.02972921638615875
CCCc1nc(CS(=O)(=O)CC(F)(F)F)cs1,0.569782824730923
CCOC(=O)[C@@H](F)Sc1ccc(N)cc1N,0.4168620196785084
Cc1cc(Cl)c(N)cc1S(=O)(=O)N[C@@H](N)c1ccc2c(c1)OCCO2,8.398142563157737e-06
Cn1cc(C(=O)OCc2cc(Cl)cnc2NC(CO)CO)c(C(F)(F)F)c1,1.5446548154550848e-05
Cc1cc(Cl)c(N)cc1S(=O)(=O)NCCSC(F)(F)F,0.43686764570555725
CCOC(=O)[C@H](F)Sc1ccncc1CCCC(=O)Nc1ccc(F)cc1F,1.8370862266141198e-08
CC(=O)NCc1cc(Cl)cc(-c2ccc(F)cc2N)c1OC(F)F,0.002292471008846966
Oc1cc(C(F)(F)F)ccc1-c1ncc(F)c(N[C@H]2CCCOC2)n1,0.00045141430670910486
Nc1cc(F)ccc1S[C@H](F)C(=O)Oc1c(F)ccc([N-]S(=O)(=O)CC2CC2)c1F,4.495201785261944e-06
CCC(=O)OCc1cn(C)nc1C(F)(F)CCNC(=O)c1cnc(C)cn1,4.5728691787242234e-09
CCOC(=O)c1cn(C)cc1C(F)(F)[C@H]1CC(=O)N(c2ccc(Cl)c(F)c2)C1,1.0407802278418505e-07
C[C@H](CCC1CC1)NC(=O)c1ccc(F)c(F)c1F,0.005946217356472094
C[C@H](Cc1ncc(F)c(N[C@H]2CCCOC2)n1)NC(=O)c1ccc(F)c(F)c1F,1.0364131284113012e-09
C=CCNC(=O)Nc1c(F)cccc1SCC(=O)Nc1cc(Br)c(=O)n(C)c1,2.496701975019262e-07
CC(NS(=O)(=O)c1cc(N)c(Cl)cc1C)=C(F)C(=O)NCc1csc(=O)[nH]1,0.00010890876985506645
CCOC(=O)[C@@H](F)Sn1cccc1C(=O)N[C@](C)(C(=O)[O-])C(F)(F)F,0.012392981186193542
CN[C@@H](C(N)=O)c1cc(F)ccc1[C@@H](CN(C)c1ncccc1[N+](=O)[O-])C(F)(F)F,7.65811474749932e-09
CCOC(=O)[C@@H](F)SCSC(F)(F)F,0.16071462536804407
O=C(/C=C/NC(F)(F)CCC(=O)NCc1ccc(Cl)nc1)Nc1ccc(F)cc1,4.691164021834417e-08
CC([N-]S(=O)(=O)c1c[nH+]c[nH]1)=C(F)C(=O)NCc1csc(=O)[nH]1,0.0820849986238988
[NH3+][C@H](C(=O)[O-])c1ccc(Cc2nc(CS(=O)(=O)CC(F)(F)F)cs2)c(C(F)(F)F)c1,4.7578717883271245e-05
O=C1C[C@H](S(=O)(=O)CC2CC2)CN1c1ccc(Cl)c(F)c1,0.00965166345239672
COC(=O)c1ccc(CNCc2ccc(C)c(N/C(N)=N/O)c2)[nH]1,5.6586239481320604e-08
C[C@@H](O)C(=O)N/N=C\c1c(F)cccc1OC(=O)c1ccc(CNCC(F)(F)F)[nH]1,4.916297683866628e-08
Nc1cnccc1S[C@@H](F)C(=O)c1cc(F)ccc1SC[C@@H]1CNC(=O)O1,8.88887473452297e-05
O=C(Nc1cccc(F)c1-n1cc(NC(=O)OCC(F)(F)F)ccc1=O)NC1CC1,9.874647865468517e-07
CC(C)=C(F)C[C@@H](C)NC(=O)c1ccc(F)c(F)c1F,0.009803655035821828
C[C@@H](O)C(=O)NN=C[N-]c1ccc(F)c(N)c1F,0.569782824730923
CCOC(=O)[C@@H](F)Sc1ccc(Oc2cc([C@@H](N)C(F)(F)F)cc(Cl)c2O)cc1N,3.2563132514430866e-07
CC1=NN(C(=O)c2ccc([C@H]([NH3+])C(=O)[O-])cc2C(F)(F)F)[C@@](O)(C(F)F)C1,0.0006671470977542672
COc1ccc(-c2cc(N)cc(F)c2SC[C@H](O)CO)c2nc(C(F)(F)F)[nH]c12,6.375551843334077e-07
CC(=O)NCc1cc(Cl)cc(C(=O)N2N=C(C)C[C@]2(O)C(F)F)c1OC(F)F,2.8857951146021778e-05
Nn1cc(NC(=O)OCC(F)(F)F)ccc1=O,0.5028315779709409
C[C@@H](Nc1ccc(C(=O)[O-])c(F)c1-c1ncc(F)c(N[C@H]2CCCOC2)n1)C(N)=O,3.753639602428471e-10
Cn1cc(NC(=O)CSNCC[C@H](O)C(F)(F)F)cc(Br)c1=O,0.013192259802176308
C=CCNC(=O)Nc1c(F)cccc1C(F)Oc1c(Cl)cc(Cl)cc1CNC(C)=O,1.3307807990689667e-09
CCOC(=O)[C@@H](F)Sc1ccc(CSC(F)(F)F)cc1N,0.0974783477499485
Cc1cc([C@@H](CO)c2cnc(NC(CO)CO)c(F)c2)c([O-])c(F)c1F,2.368804880109736e-06
CC(=O)NCc1cc(Cl)cc(-c2cc(N)cc(F)c2SC[C@H](O)CO)c1OC(F)F,6.587842664792692e-10
Nc1c(F)ccc([N-]c2ccc([N-]S(=O)(=O)CC3CC3)c(F)c2N)c1F,0.0002960447300568554
Nc1c([C@@H](N)c2ccc3c(c2)OCCO3)ccc([N-]S(=O)(=O)CC2CC2)c1F,3.160881454313692e-10
Cn1cc(NC(=O)CS[C@H](C(=O)[O-])c2ccc(N)c(C(F)(F)F)c2)cc(Br)c1=O,7.485182988770058e-05
CN[C@@H](C(N)=O)c1cc(CCSC(F)(F)F)ccc1F,0.06293675158337987
Nc1cc(F)c(SC[C@H](O)CO)c(-c2n[nH]cc2CC[C@@H]([NH3+])C(=O)[O-])c1,2.3588654076195056e-08
Nc1cc(F)ccc1[C@H]1CS(=O)(=O)C[C@@H]1Sc1ccc(C(F)(F)F)cn1,0.0008433529536363545
CC(=O)NCc1cc(Cl)cc([N-]S(=O)(=O)c2c[nH+]c[nH]2)c1OC(F)F,0.018031681227436498
Cc1cnc(C(=O)NCCN/C=C/C(=O)Nc2ccc(F)cc2)cn1,2.902320408650404e-06
N[C@H](c1cc(Cl)c(O)c(OF)c1)C(F)(F)F,0.16071462536804407
CCC1=NN(C(=O)c2ccc(Br)o2)[C@@](O)(C(F)F)C1,0.5269629692433709
CCOC(=O)c1cn(C)cc1C(F)(F)c1cc(C)cc([N-]S(=O)(=O)c2c[nH+]c[nH]2)c1,5.130617026091759e-10
Nc1cc(F)ccc1CSC(F)(F)F,0.15335496684492847
Nc1c(F)ccc([N-]S(=O)(=O)CC2CC2)c1N/C=C/C(=O)Nc1ccc(F)cc1,8.025635347790163e-09
CCOC(=O)c1cn(C)cc1C(F)(F)c1c(F)cccc1F,0.014264233908999256
OCC(CO)Nc1ncc(Cl)cc1F,0.7202729799554398
O=C(NN[N-]S(=O)(=O)c1c[nH+]c[nH]1)c1cc(Cl)ccc1F,0.36217599908082576
CCOC(=O)[C@@H](F)SCCNC(=O)c1cnc(C)cn1,0.012392981186193542
C[C@@H](O)C(=O)NN=C[C@H](CCc1c[nH]nc1C(F)(F)F)C(=O)[O-],0.022092877665062443
COC(=O)c1ccc(CNC[C@H](CCc2c[nH]nc2C(F)(F)F)C(=O)[O-])[nH]1,2.7264777043563346e-06
O=S1(=O)C[C@H](NCC[C@H](O)C(F)(F)F)[C@@H](Sc2ccc(C(F)(F)F)cn2)C1,0.00012340980408667956
CCOC(=O)[C@@H](F)SNS(=O)(=O)c1cc(N)c(Cl)cc1C,0.07243975703425146
COc1cc([C@@H](N)c2cccc(Cl)c2/C=N\NC(=O)[C@@H](C)O)cc(Cl)c1O,7.153170921733292e-08
CCOC(=O)[C@H](F)Sc1ccncc1-c1cc(Cl)cnc1NC(CO)CO,2.657725417977281e-07
Cc1cc(Cl)c(N)cc1S(=O)(=O)Nc1ccccc1N(CC(N)=O)S(C)(=O)=O,1.855391362615978e-07
C[C@@H](Nc1ccc(C(=O)[O-])c(F)c1[C@@H](N)c1ccc2c(c1)OCCO2)C(N)=O,1.0467401794744656e-08
CCOC(=O)[C@@H](F)Sc1ccc(N[C@@H](C(N)=O)c2cc(F)ccc2F)cc1N,3.0115974460573396e-07
Nc1c(F)ccc([N-]S(=O)(=O)CC2CC2)c1CC1CC1,0.00048052802816808926
COc1ccc(Cc2nc(CS(=O)(=O)CC(F)(F)F)cs2)c2nc(C(F)(F)F)[nH]c12,0.000139841628594101
Nc1c(F)ccc([N-]S(=O)(=O)c2ccc([C@H]([NH3+])C(=O)[O-])cc2C(F)(F)F)c1F,0.0038391664740261636
CC1=NN(C(F)(F)CCC(=O)NCc2ccc(Cl)nc2)[C@@](O)(C(F)F)C1,5.144486017970227e-05
Cc1cc(OCOC(=O)[C@@H](F)Sc2ccc(F)cc2N)c(C(=O)N2CCSC2)s1,1.538173465229056e-07
CCOC(=O)[C@H](Sc1ccc(F)cc1N)c1c([C@H]([NH3+])CO)cc(C)c(F)c1F,4.772217220174583e-11
Cc1cc([C@H]([NH3+])CO)c([N-]S(=O)(=O)CC2CC2)c(F)c1F,0.0005887552473364432
C[C@H](CO)NC(=O)c1ccc(F)c(Oc2cc([C@@H](N)C(F)(F)F)cc(Cl)c2O)c1F,9.874647865468517e-07
CC1=NN([C@H](CCc2c[nH]nc2C(F)(F)F)C(=O)[O-])[C@@](O)(C(F)F)C1,0.005247518399181385
Cn1cc(C(=O)OCc2c([N-]S(=O)(=O)CC3CC3)ccc(F)c2N)c(C(F)(F)F)c1,5.930186981438233e-08
Nc1ccc(F)c(N)c1F,0.021750359344450344
Nc1cc(F)c(SC[C@@H](CO)CSC(F)(F)F)c(F)c1,0.18211352912101367
CCOC(=O)[C@H](Sc1ccc(F)cc1N)c1c(Cl)cc([C@@H](N)C(F)(F)F)cc1OC,4.363462252943701e-09
CCOC(=O)[C@@H](N[C@@H](C(N)=O)c1cc(F)ccc1F)Sc1ccc(F)cc1N,3.0115974460573396e-07
Nc1c(F)ccc([N-]S(=O)(=O)CS(=O)(=O)CC2CC2)c1F,0.14183015908734253
CN[C@@H](C(N)=O)c1cc([C@@H](CN(C)c2ncccc2[N+](=O)[O-])C(F)(F)F)ccc1F,7.65811474749932e-09
CCOC(=O)[C@H](Sc1ccc(F)cc1N)c1c(F)cccc1F,0.0028087941945255128
C[C@@H](O)C(=O)N/N=C\c1c(F)cccc1CC1CC1,0.002292471008846966
COC(=O)c1ccc(CNCc2c(N[C@H](C)C(N)=O)ccc(C(=O)[O-])c2F)[nH]1,4.5728691787242234e-09
COc1cc([C@@H](N)[C@H](CO)CSc2c(F)cc(N)cc2F)cc(Cl)c1O,6.475952175842209e-07
C[C@@H](N/C=C/C(=O)Nc1ccc(F)cc1)C(=O)N/N=C\c1c(F)cccc1Cl,4.1811889795500234e-07
C[C@@H](Nc1ccc(C(=O)[O-])c(F)c1[C@H]1CC(=O)N(c2ccc(Cl)c(F)c2)C1)C(N)=O,3.224186737256733e-08
Nc1cnccc1S[C@@H](F)CC1CC1,0.3455907525769745
Nc1cc(F)ccc1-c1cc(N2C[C@@H]([NH3+])CC2=O)ccc1Cl,0.0005796274432709663
CCC(=O)OCc1cn(C)nc1C(F)(F)c1cc(N2C[C@@H]([NH3+])CC2=O)ccc1Cl,2.020683909022217e-11
[NH3+][C@H](C(=O)[O-])c1ccc(Cc2nc(CS(=O)(=O)CC(F)(F)F)cs2)c(C(F)(F)F)c1,4.7578717883271245e-05
O=C(CCC[N-]S(=O)(=O)c1c[nH+]c[nH]1)Nc1ccc(F)cc1F,0.01831563888873418
NC(=O)CN(c1ccccc1F)S(=O)(=O)COC(=O)[C@@H](F)Sc1ccc(F)cc1N,3.0416056732348593e-06
CC(=O)NCc1cc(Cl)cc(-c2c(F)cccc2F)c1OC(F)F,0.007061307827106542
CC1=NN(C(=O)[C@@H](N)c2ccc3c(c2)OCCO3)[C@@](O)(C(F)F)C1,0.00014886063876446985
O=S(=O)(Cc1csc(NCC[C@H](O)C(F)(F)F)n1)CC(F)(F)F,0.0820849986238988
CN[C@@H](C(N)=O)c1cc(F)ccc1N1N=C(C)C[C@]1(O)C(F)F,0.00045141430670910486
Cc1cnc(C(=O)NCCF)cn1,0.5352614285189902
CS(=O)(=O)N(CC(N)=O)c1ccccc1-c1c(F)cccc1NC(=O)NC1CC1,1.2972231351059908e-10
C[C@@H](O)C(=O)N/N=C\c1c(Cl)cccc1-c1c(F)cccc1F,0.007061307827106542
COc1cc([C@@H](N)C(F)(F)F)cc(Cl)c1[N-]c1ccc(F)c(N)c1F,0.008127515489292211
CCOC(=O)[C@@H](F)Sc1ccc(NS(=O)(=O)c2cc(N)c(Cl)cc2C)cc1N,1.4449802461092448e-07
Cc1cc(Cl)c(N)cc1S(=O)(=O)Nc1c(C(=O)[O-])ccc(N[C@H](C)C(N)=O)c1F,1.1911098957708444e-06
C[C@@H](O)C(=O)NN=Cc1cc(N)cc(F)c1SC[C@H](O)CO,0.00029145498193520206
Nc1cc(F)ccc1S[C@H](F)C(=O)O[C@H](CCc1c[nH]nc1C(F)(F)F)C(=O)[O-],0.00029145498193520206
Nc1c(F)ccc([N-]S(=O)(=O)Cc2ccc(C(F)(F)F)cc2O)c1F,0.036424997337364234
CCOC(=O)[C@@H](F)Sc1n[nH]cc1CC[C@@H]([NH3+])C(=O)[O-],0.014043087460021496
Nc1cc(F)ccc1S[C@H](F)C(=O)OCCS(=O)(=O)[N-]c1ccc(F)c(N)c1F,0.00015846132511575126
Nc1c(F)ccc([N-]S(=O)(=O)c2c(F)cccc2NC(=O)NC2CC2)c1F,0.00048809524352341505
O=C(CCC(F)(F)c1ccc(C(F)(F)F)cc1O)NCc1ccc(Cl)nc1,0.00016868120253849862
COC(=O)c1ccc(CNCc2ccc(C(F)(F)F)cc2O)[nH]1,0.0025977099773754862
Cc1cc([N-]S(=O)(=O)c2c[nH+]c[nH]2)cc(-c2c([O-])c([C@H]([NH3+])CO)cc(C)c2F)c1,1.2972231351059908e-10
CC(=C(F)C(=O)NCc1csc(=O)[nH]1)c1c([O-])c([C@H]([NH3+])CO)cc(C)c1F,2.657725417977281e-07
CC1=NN(C(=O)NNC(=O)c2cc(Cl)ccc2F)[C@@](O)(C(F)F)C1,0.05217639966630833
C[C@@H](O)C(=O)N/N=C\c1c(Cl)cccc1S(=O)(=O)[N-]c1ccc(F)c(N)c1F,0.00029145498193520206
COC(=O)c1ccc(CNC[C@H](CO)c2cc(C)c(F)c(F)c2[O-])[nH]1,8.714346155389552e-07
C[C@@](NC(=O)c1cccn1N)(C(=O)[O-])C(F)(F)F,0.6872892787909721
COc1cc([C@@H](N)C(F)(F)F)cc(Cl)c1S(=O)(=O)[N-]c1ccc(F)c(N)c1F,0.0027652478767918433
CC(=C(F)C(=O)NCc1csc(=O)[nH]1)S(=O)(=O)CC1CC1,0.021750359344450344
NC(=O)[C@H](N[C@H]1CC(=O)N(c2ccc(Cl)c(F)c2)C1)c1cc(F)ccc1F,3.2700342699792625e-05
Nc1cc(F)ccc1NCC[C@H](O)C(F)(F)F,0.44374731008107987
CC1=NN(C(=O)c2cc(F)ccc2SC[C@@H]2CNC(=O)O2)[C@@](O)(C(F)F)C1,5.476276860109711e-05
CCOC(=O)[C@H](Sc1ccc(F)cc1N)C(C)=C(F)C(=O)NCc1csc(=O)[nH]1,2.631504521291054e-08
CCc1c(Cl)cc([C@@H](N)C(F)(F)F)cc1OC,0.3002544491440824
Cc1cc(OC2CC2)c(C(=O)N2CCSC2)s1,0.05217639966630833
C[C@@H](O)C(=O)N/N=C\c1c(Cl)cccc1-c1cc(F)ccc1SC[C@@H]1CNC(=O)O1,1.103256032343554e-09
O=C(Oc1nc(CS(=O)(=O)CC(F)(F)F)cs1)c1ccc(CNCC(F)(F)F)[nH]1,0.0008433529536363545
CCOC(=O)c1cn(C)cc1C(F)(F)N[C@@H](C)C(=O)Nc1cc(F)cc(F)c1,4.691164021834417e-08
Fc1cccc(F)c1CSC(F)(F)F,0.022092877665062443
CCOC(=O)c1cn(C)cc1C(F)(F)S(=O)(=O)N(CC(N)=O)c1ccccc1F,2.8736863582436966e-07
Nc1cc(F)ccc1S[C@H](F)C(=O)OCCSC(F)(F)F,0.2865047968601901
COC(=O)c1ccc(CNCc2ccc([N-]S(=O)(=O)CC3CC3)c(F)c2N)[nH]1,1.0102783934388884e-10
COC(=O)c1ccc(CNCC2CC2)[nH]1,0.04393693362340741
COC(=O)c1ccc(CNCC(F)(F)C[C@@H](C)NC(=O)c2ccc(F)c(F)c2F)[nH]1,4.2534309088621987e-10
[NH3+][C@H]1CC(=O)N(c2ccc(Cl)c(OC(=O)c3ccc(CNCC(F)(F)F)[nH]3)c2)C1,2.631504521291054e-08
Nc1cc(F)ccc1S[C@H](F)C(=O)Oc1n[nH]cc1CC[C@@H]([NH3+])C(=O)[O-],0.00017677638246969176
CCOC(=O)[C@@H](F)SCc1nc(CS(=O)(=O)CC(F)(F)F)cs1,0.06293675158337987
C[C@@H](O)C(=O)N/N=C\c1c(Cl)cccc1[C@H](CO)CSc1c(F)cc(N)cc1F,1.6052280551856116e-09
CC(C)=C(F)C1=NN(C(=O)c2ccc(Br)o2)[C@@](O)(C(F)F)C1,0.10376516104428836
Nc1c(F)ccc(CS(=O)(=O)[N-]c2ccc(F)c(N)c2F)c1F,0.13533528323661267
C=CCNC(=O)Nc1c(F)cccc1[N-]S(=O)(=O)c1c[nH+]c[nH]1,0.012588142242433998
CC1=NN(c2cc(C)cc([N-]S(=O)(=O)c3c[nH+]c[nH]3)c2)[C@@](O)(C(F)F)C1,4.2649287069692566e-05
[NH3+][C@H](CCc1c[nH]nc1C(F)(F)CCC(=O)NCc1ccc(Cl)nc1)C(=O)[O-],1.808604844573311e-08
[NH3+][C@H]1CC(=O)N(c2ccc(Cl)c(-c3ccc([C@H]([NH3+])C(=O)[O-])cc3C(F)(F)F)c2)C1,5.3157852544244216e-08
O=S(=O)(CC1CC1)c1ncc(F)c(N[C@H]2CCCOC2)n1,0.0005195746821548384
CCOC(=O)[C@@H](F)Sc1ccc(Oc2cc(C)sc2C(=O)N2CCSC2)cc1N,1.665667476591448e-10
CC(=O)NCc1cc(Cl)cc(Cl)c1OC(F)CSC(F)(F)F,0.19691167520419406
Cn1cc(NC(=O)CSCC(F)(F)c2ccc(C(F)(F)F)cc2O)cc(Br)c1=O,5.829466373086881e-05
O=C(Nc1ccc(=O)n(CCSC(F)(F)F)c1)OCC(F)(F)F,0.13533528323661267
C[C@@H](Nc1ccc(C(=O)[O-])c(F)c1C(=O)[C@H](F)Sc1ccncc1N)C(N)=O,3.763786373644493e-05
CS(=O)(=O)N(CC(N)=O)c1ccccc1CC1CC1,0.0009118819655545162
Cc1cc(Oc2cc(N3C[C@@H]([NH3+])CC3=O)ccc2Cl)c(C(=O)N2CCSC2)s1,3.364740793413151e-10
COC(=O)c1ccc(CNCC(F)(F)[C@H](F)Sc2ccncc2N)[nH]1,9.462157900914659e-05
NC(=O)[C@H](NOc1cc([C@@H](N)C(F)(F)F)cc(Cl)c1O)c1cc(F)ccc1F,0.0005887552473364432
[NH3+][C@H](C(=O)[O-])c1ccc(NCC[C@H](O)C(F)(F)F)c(C(F)(F)F)c1,0.006231582285617883
Cc1cc(Cl)c(N)cc1S(=O)(=O)Nc1c(C(=O)N[C@H]2C[C@@H]2[NH3+])ccc(F)c1F,8.186370612251337e-07
O=C(Nc1ccc(=O)n(NCC[C@H](O)C(F)(F)F)c1)OCC(F)(F)F,0.011642128413511858
Nc1c(-c2c(F)cccc2F)ccc([N-]S(=O)(=O)CC2CC2)c1F,0.002153577211832027
CCOC(=O)[C@H](Sc1ccc(F)cc1N)c1c(F)ccc(C(=O)N[C@H](C)CO)c1F,2.15100682437863e-11
OCC(CO)Nc1ncc(NCC[C@H](O)C(F)(F)F)cc1F,0.001703619795802574
O=S(=O)([N-]CC1CC1)c1c[nH+]c[nH]1,0.41039917309637
Cc1cc(O[C@H]2CC(=O)N(c3ccc(Cl)c(F)c3)C2)c(C(=O)N2CCSC2)s1,1.0407802278418505e-07
[NH3+][C@H](C(=O)[O-])c1ccc(-c2c(C(=O)N[C@H]3C[C@@H]3[NH3+])ccc(F)c2F)c(C(F)(F)F)c1,7.734421907141565e-08
Nc1c(F)ccc([N-]S(=O)(=O)CNCC[C@H](O)C(F)(F)F)c1F,0.05554148833106887
C[C@@H](O)C(=O)NN=CC1CC1,0.32465246735834974
CC1=NN(C(=O)c2cc(F)ccc2SC[C@@H]2CNC(=O)O2)[C@@](O)(C(F)F)C1,5.476276860109711e-05
Cc1cc([C@H]([NH3+])CO)c([O-])c([C@H]2CC(=O)N(c3ccc(Cl)c(F)c3)C2)c1F,3.828816486007464e-08
Cc1cc([C@@H](CO)CC2CC2)c([O-])c(F)c1F,0.035860280096566576
CCc1cc(Cl)cc(CNC(C)=O)c1OC(F)F,0.1251646760876602
CN[C@@H](C(N)=O)c1cc(F)ccc1-c1ccc([C@H]([NH3+])C(=O)[O-])cc1C(F)(F)F,1.1365650024464047e-06
Nc1cc(F)c(SC[C@H](O)CO)c([N-]S(=O)(=O)CC2CC2)c1,0.0003102522132940274
Cc1cc([C@H]([NH3+])CO)c([O-])c(C(F)(F)c2cc([C@H]([NH3+])C(=O)[O-])ccc2N)c1F,7.539386683091652e-09
CN[C@@H](C(N)=O)c1cc(F)ccc1[C@H](N)c1cc(Cl)c(O)c(OC)c1,9.874647865468517e-07
C[C@@H](Nc1ccc(C(=O)[O-])c(F)c1NNC(=O)c1cc(Cl)ccc1F)C(N)=O,0.00011413541084880993
CCOC(=O)[C@@H](F)Sc1ccc(F)c(N)c1F,0.7316156289466419
Nc1cc(F)c(SC[C@H](O)CO)c(OC(=O)c2ccc(CNCC(F)(F)F)[nH]2)c1,5.930186981438233e-08
NNCC[C@H](O)C(F)(F)F,0.05641613950377735
CCCc1nc(CS(=O)(=O)CC(F)(F)F)cs1,0.569782824730923
O=C(/C=C/Nc1ncc(F)c(N[C@H]2CCCOC2)n1)Nc1ccc(F)cc1,7.153170921733292e-08
O=C1C[C@H](F)CN1c1ccc(Cl)c(F)c1,0.4723665527410147
CN(C[C@H](C1CC1)C(F)(F)F)c1ncccc1[N+](=O)[O-],0.0759162135601666
Nc1c(F)ccc(CC2CC2)c1F,0.4950358969261986
Nc1ccc([C@H](NCC[C@H](O)C(F)(F)F)C(=O)[O-])cc1C(F)(F)F,0.013400007665140828
CN[C@@H](C(N)=O)c1cc(F)ccc1-c1c(Cl)cc([C@@H](N)C(F)(F)F)cc1OC,2.829133980761967e-07
Nc1c(F)ccc(-c2cnc(NC(CO)CO)c(F)c2)c1F,0.016939196889542374
CCc1ccc(C(F)(F)F)cc1O,0.3855343441745787
CN[C@@H](C(N)=O)c1cc(C(F)(F)CCC(=O)NCc2ccc(Cl)nc2)ccc1F,1.3307807990689667e-09
Cn1cc(NC(=O)CSCC(F)(F)NNC(=O)c2cc(Cl)ccc2F)cc(Br)c1=O,1.5689795893558925e-05
COc1cc([C@@H](N)C(F)(F)F)cc(Cl)c1-c1ccc(OC)c2[nH]c(C(F)(F)F)nc12,8.267941430892258e-06
Cc1cnc(C(=O)NCCCSC(F)(F)F)cn1,0.4650431881340563
Nc1c(F)ccc([N-]S(=O)(=O)Cn2cc(NC(=O)OCC(F)(F)F)ccc2=O)c1F,0.0005445095917739227
CC(=O)NCc1cc(Cl)cc([N-]c2ccc(F)c(N)c2F)c1OC(F)F,0.0019304541362277093
CCc1c(N[C@H](C)C(N)=O)ccc(C(=O)[O-])c1F,0.1104574389603643
Cc1cc(OCCSC(F)(F)F)c(C(=O)N2CCSC2)s1,0.060054667895307945
CC1=NN(C(=O)c2cc(C)cc([N-]S(=O)(=O)c3c[nH+]c[nH]3)c2)[C@@](O)(C(F)F)C1,5.4222483706341535e-06
COC(=O)c1ccc(CNC[C@H](CCc2c[nH]nc2C(F)(F)F)C(=O)[O-])[nH]1,2.7264777043563346e-06
Nc1cc(F)c(SC[C@H](O)CO)c(C(=O)[C@H](F)Sc2ccncc2N)c1,3.120288498361901e-05
CCOC(=O)[C@@H](F)Sc1ccc(F)cc1[C@@H](NC)C(N)=O,0.006737946999085467
Nc1c(F)ccc([N-]S(=O)(=O)[C@H](CCc2c[nH]nc2C(F)(F)F)C(=O)[O-])c1F,0.006329715427485746
C[C@H](C(=O)N/N=C\c1c(F)cccc1Cl)[C@H](C(=O)[O-])c1ccc(N)c(C(F)(F)F)c1,1.653692320715034e-06
C[C@@H](O)C(=O)N/N=C\c1c(N)cccc1F,0.5609491608144709
Cc1cc([N-]S(=O)(=O)c2c[nH+]c[nH]2)cc([C@@H](N)c2ccc3c(c2)OCCO3)c1,1.5803413009113557e-09
CC(C)=C(F)N[C@@H](C)C(=O)Nc1cc(F)cc(F)c1,0.027928014220365963
Nc1cc(F)ccc1S[C@H](F)C(=O)Oc1c(F)cccc1NC(=O)NC1CC1,5.338184201447704e-06
C[C@H](CO)NC(=O)c1ccc(F)c([C@@H](N)c2ccc3c(c2)OCCO3)c1F,4.944450501938644e-09
C[C@@H](Nc1ccc(C(=O)[O-])c(F)c1CS(=O)(=O)[N-]c1ccc(F)c(N)c1F)C(N)=O,8.939776223683639e-06
CCOC(=O)[C@@H](F)Sc1ccc(F)c(C(=O)[C@H](F)Sc2ccncc2N)c1F,0.00012933236424347562
C[C@H](CO)NC(=O)c1ccc(F)c([N-]c2ccc(F)c(N)c2F)c1F,0.0011708796207911744
COc1cc([C@@H](N)C(F)(F)F)cc(Cl)c1-c1nc(CS(=O)(=O)CC(F)(F)F)cs1,0.0005796274432709663
CC1=NN(C(=O)[C@H](C)C(=O)N/N=C\c2c(F)cccc2Cl)[C@@](O)(C(F)F)C1,5.829466373086881e-05
CN(C[C@H](c1ccc(C(F)(F)F)cc1O)C(F)(F)F)c1ncccc1[N+](=O)[O-],0.0003570981085762476
CSCC(=O)NNC(=O)c1cc(Cl)ccc1CCNC(=O)c1cnc(C)cn1,4.867793902108199e-09
C[C@H](C(=O)N/N=C\c1c(F)cccc1Cl)c1ccc(C(F)(F)F)cc1O,0.0008047330101246132
O=C(NNC1CC1)c1cc(Cl)ccc1F,0.7316156289466419
Cc1cc([N-]S(=O)(=O)c2c[nH+]c[nH]2)cc(-c2ccc(C)c(N/C(N)=N/O)c2)c1,2.9524662467908195e-09
C[C@@H](O)C(=O)NN=C[C@H](C)C(=O)N/N=C\c1c(F)cccc1Cl,0.0015034391929775726
O=C(Nc1cccc(F)c1-c1ccc(C(F)(F)F)cc1O)NC1CC1,0.00048809524352341505
NC(=O)CN(c1ccccc1F)S(=O)(=O)c1cc(N)cc(F)c1SC[C@H](O)CO,5.570895115289491e-08
Nc1cc(F)ccc1S[C@H](F)C(=O)OF,0.15335496684492847
Cc1ccc([C@H](F)Sc2ccncc2N)cc1N/C(N)=N/O,0.0014801305287407067
Cc1cc([C@H]([NH3+])CO)c([O-])c([C@H]2CC(=O)N(c3ccc(Cl)c(F)c3)C2)c1F,3.828816486007464e-08
CCOC(=O)[C@@H](F)S[C@@](NC(=O)c1cccn1C)(C(=O)[O-])C(F)(F)F,0.012392981186193542
COc1cc([C@@H](N)C(F)(F)CNS(=O)(=O)c2cc(N)c(Cl)cc2C)cc(Cl)c1O,7.614510809877446e-08
CCOC(=O)[C@@H](F)SC(=O)[C@H](F)Sc1ccncc1N,0.34023286457404905
Nc1ccc([C@H]([NH3+])C(=O)[O-])cc1C(F)(F)[C@H](CCc1c[nH]nc1C(F)(F)F)C(=O)[O-],2.0904629695241164e-06
CC1=NN([C@@H](CN(C)c2ncccc2[N+](=O)[O-])C(F)(F)F)[C@@](O)(C(F)F)C1,0.00010890876985506645
C[C@@H](O)C(=O)N/N=C\c1c(Cl)cccc1C(=O)NNC1CC1,0.0005530843701478336
CCOC(=O)[C@@H](F)Sc1ccc([N-]S(=O)(=O)CC2CC2)c(F)c1N,0.000315137974737356
Cc1cc([C@@H](CO)[N-]S(=O)(=O)CC2CC2)c([O-])c(F)c1F,0.014043087460021496
Cc1cnc(C(=O)NCCNS(=O)(=O)c2cc(N)c(Cl)cc2C)cn1,1.3846196278250254e-05
Nc1cc(F)c(SC[C@H](O)CO)c(-c2cnc(NC(CO)CO)c(F)c2)c1,6.250371093504527e-09
CCc1ccc(C(F)(F)F)cc1O,0.3855343441745787
C[C@H](CO)NC(=O)c1ccc(F)c([C@H]2CC(=O)N(c3ccc(Cl)c(F)c3)C2)c1F,1.522997974471263e-08
COC(=O)c1ccc(CNCc2c([N-]S(=O)(=O)CC3CC3)ccc(F)c2N)[nH]1,1.0102783934388884e-10
Cc1cc([C@H]([NH3+])CO)c([O-])c(C2CC2)c1F,0.03164658611103602
CC(C)=C(F)[C@H](F)Sc1ccncc1N,0.5028315779709409
CSCC(=O)NNC(=O)c1cc(Cl)ccc1[N-]S(=O)(=O)CC1CC1,0.0002454297015009895
Nc1c(F)ccc(S[C@H](F)C(=O)[N-]S(=O)(=O)CC2CC2)c1F,0.16071462536804407
COC(=O)c1ccc(CNCc2c(C(=O)N[C@H]3C[C@@H]3[NH3+])ccc(F)c2F)[nH]1,2.160070450089596e-09
NC(=O)CN(c1ccccc1F)S(=O)(=O)c1ncc(F)c(N[C@H]2CCCOC2)n1,4.6184342649039454e-08
O=C(CCC(F)(F)c1cnc(NC(CO)CO)c(F)c1)NCc1ccc(Cl)nc1,4.099093439508832e-09
COc1ccc(NNC2CC2)c2nc(C(F)(F)F)[nH]c12,0.11219689052034373
[NH3+][C@H](CCc1c[nH]nc1-c1nc(CS(=O)(=O)CC(F)(F)F)cs1)C(=O)[O-],0.0018134938327346152
CC(=C(F)C(=O)NCc1csc(=O)[nH]1)c1cccc(Cl)c1/C=N\NC(=O)[C@@H](C)O,1.197930699220045e-07
Cc1cc([C@H]([NH3+])CO)c([C@H](CCc2c[nH]nc2C(F)(F)F)C(=O)[O-])c(F)c1F,5.285518122592676e-07
COc1cc([C@@H](N)[C@H]2CC(=O)N(c3ccc(Cl)c(F)c3)C2)cc(Cl)c1O,4.222851277057527e-06
COc1ccc(NNC(=O)c2cc(Cl)ccc2F)c2nc(C(F)(F)F)[nH]c12,0.003779645714749375
C[C@@H](O)C(=O)N/N=C\c1c(F)cccc1CCSC(F)(F)F,0.026235941377052298
CCOC(=O)[C@@H](F)Sc1ccc(-c2cc(N3C[C@@H]([NH3+])CC3=O)ccc2Cl)cc1N,6.16273773263482e-12
O=S(=O)(CC1CC1)[N-]c1ccc(F)c(NNC2CC2)c1F,0.006737946999085467
Cc1cnc(C(=O)NCCC2CC2)cn1,0.0860243399583936
CCOC(=O)[C@@H](F)Sc1ccc(F)c([N-]c2ccc(F)c(N)c2F)c1F,0.0027652478767918433
N[C@@H](c1ccc2c(c1)OCCO2)[C@H](CCc1c[nH]nc1C(F)(F)F)C(=O)[O-],5.68246750312394e-06
CCOC(=O)[C@H](Sc1ccc(F)cc1N)c1c([C@H]([NH3+])CO)cc(C)c(F)c1F,4.772217220174583e-11
CS(=O)(=O)N(CC(N)=O)c1ccccc1CCSC(F)(F)F,0.019496896108597995
CCOC(=O)c1cn(C)cc1C(F)(F)c1cc(F)ccc1SC[C@@H]1CNC(=O)O1,8.025635347790163e-09
[NH3+][C@H](C(=O)[O-])c1ccc(C(=O)c2cc(Cl)ccc2F)c(C(F)(F)F)c1,0.011108996538242308
C[C@@H](O)C(=O)N/N=C\c1c(F)cccc1CSC(F)(F)F,0.1737739434504451
Cc1cc(OC(F)(F)c2cc([C@H]([NH3+])C(=O)[O-])ccc2N)c(C(=O)N2CCSC2)s1,2.631504521291054e-08
CC1=NN(C(=O)C(=O)c2cc(Cl)ccc2F)[C@@](O)(C(F)F)C1,0.20636166380601706
CC(=O)NCc1cc(Cl)cc(C(=O)[C@H](F)Sc2ccncc2N)c1OC(F)F,5.476276860109711e-05
C[C@@H](O)C(=O)N/N=C\c1c(F)cccc1NNC1CC1,0.0023285721742377133
O=C(Nc1cccc(F)c1CCSC(F)(F)F)NC1CC1,0.03214494732687607
CSCC(=O)NNC(=O)c1cc(Cl)ccc1-c1c(F)cccc1F,0.005247518399181385
CS(=O)(=O)N(CC(N)=O)c1ccccc1[C@H](CCc1c[nH]nc1C(F)(F)F)C(=O)[O-],1.2554205938221004e-07
CC(=C(F)C(=O)NCc1csc(=O)[nH]1)c1cccc(F)c1/C=N\NC(=O)[C@@H](C)O,1.197930699220045e-07
C[C@H](CO)NC(=O)c1ccc(F)c(N[C@@H](C)C(=O)Nc2cc(F)cc(F)c2)c1F,7.539386683091652e-09
CN(C[C@H](N)C(F)(F)F)c1ncccc1[N+](=O)[O-],0.569782824730923
Cc1cc([C@H]([NH3+])CO)c(C2=NN(C(=O)c3ccc(Br)o3)[C@@](O)(C(F)F)C2)c(F)c1F,2.8736863582436966e-07
CC(=C(F)C(=O)NCc1csc(=O)[nH]1)[C@H](CO)c1cc(C)c(F)c(F)c1[O-],2.2828518322240145e-05
CCOC(=O)[C@H](F)Sc1ccncc1N,0.7667265960708202
Nc1c(F)ccc([N-]c2c(F)ccc([N-]S(=O)(=O)CC3CC3)c2F)c1F,0.0018134938327346152
Cn1cc(NC(=O)CSCC(F)(F)c2c(F)cccc2F)cc(Br)c1=O,0.0019304541362277093
Cc1cc([C@H]([NH3+])CO)c(-c2ccccc2N(CC(N)=O)S(C)(=O)=O)c(F)c1F,1.2972231351059908e-10
CS(=O)(=O)N(CC(N)=O)c1ccccc1-c1nc(CS(=O)(=O)CC(F)(F)F)cs1,3.120288498361901e-05
Nc1cc(F)ccc1CSC(F)(F)F,0.15335496684492847
COc1cc([C@@H](N)C(=O)N2N=C(C)C[C@]2(O)C(F)F)cc(Cl)c1O,0.0010828866277077577
CCOC(=O)[C@@H](F)S[N-]S(=O)(=O)CC1CC1,0.3049827687110593
Cc1cc(Cl)c(N)cc1S(=O)(=O)Nc1c([N-]S(=O)(=O)CC2CC2)ccc(F)c1N,6.312651182087824e-08
Cn1cc(NC(=O)CSc2ccc(F)c(N)c2F)cc(Br)c1=O,0.04978706836786394
Cc1cc(Cl)c(N)cc1S(=O)(=O)NCC(F)(F)c1cc(Cl)ccc1F,0.007516723054668224
C[C@H](CO)NC(=O)c1ccc(F)c(NNC2CC2)c1F,0.0029899458563130603
CN[C@@H](C(N)=O)c1cc(-c2ccc(F)cc2[C@@H](NC)C(N)=O)ccc1F,2.9818852775393173e-08
N[C@@H](c1ccc2c(c1)OCCO2)C1CC1,0.06699582332279769
CCOC(=O)[C@H](F)C=NNC(=O)[C@@H](C)O,0.34023286457404905
CCOC(=O)c1cn(C)cc1C(F)(F)[C@@H](Sc1ccc(F)cc1N)C(=O)OCC,1.665667476591448e-10
Nc1cnccc1S[C@@H](F)C(=O)[C@H](F)Sc1ccncc1N,0.0860243399583936
Cc1cnc(C(=O)NCC[N-]S(=O)(=O)CC2CC2)cn1,0.0028087941945255128
CN[C@@H](C(N)=O)c1cc(F)ccc1C=NNC(=O)[C@@H](C)O,0.0015755907463196436
Nc1c(F)ccc([N-]c2n[nH]cc2CC[C@@H]([NH3+])C(=O)[O-])c1F,0.019194624751579337
CCOC(=O)[C@H](F)Sc1ccncc1C(=O)[C@@H](F)Sc1ccc(F)c(N)c1F,0.00012933236424347562
Cn1cc(C(=O)OCc2nc(CS(=O)(=O)CC(F)(F)F)cs2)c(C(F)(F)F)c1,0.002943591042379293
COc1cc([C@@H](N)C(F)(F)F)cc(Cl)c1[C@H]1CC(=O)N(c2ccc(Cl)c(F)c2)C1,8.851577139168133e-07
CCOC(=O)[C@@H](F)SC(C)=C(F)C(=O)NCc1csc(=O)[nH]1,0.040635020917967515
CCOC(=O)c1ccc([C@H]([NH3+])C(=O)[O-])cc1C(F)(F)F,0.18211352912101367
C[C@@H](Nc1ccc(C(=O)[O-])c(F)c1[C@@H](N)c1ccc2c(c1)OCCO2)C(N)=O,1.0467401794744656e-08
CC(C)=C(F)C(=O)[C@H](F)Sc1ccncc1N,0.4723665527410147
CCCCNC(=O)c1cnc(C)cn1,0.11219689052034373
CCOC(=O)c1cn(C)cc1C(F)(F)c1ccc(S[C@H](F)C(=O)OCC)c(N)c1,1.665667476591448e-10
CCOC(=O)[C@H](F)c1cc(Cl)ccc1F,0.5609491608144709
CCOC(=O)[C@@H](F)Sc1cc(Cl)cc(CNC(C)=O)c1OC(F)F,0.0029899458563130603
Cc1cc(Cl)c(N)cc1S(=O)(=O)Nc1c([N-]S(=O)(=O)CC2CC2)ccc(F)c1N,6.312651182087824e-08
Nc1cc(F)ccc1S[C@H](F)C(=O)OC[C@H]1CC(=O)N(c2ccc(Cl)c(F)c2)C1,1.0677040100347827e-06
CN[C@@H](C(N)=O)c1cc(F)ccc1-c1c(F)ccc([N-]S(=O)(=O)CC2CC2)c1F,9.094236279226865e-09
COc1cc([C@@H](N)C(F)(F)F)cc(Cl)c1-c1c([C@H]([NH3+])CO)cc(C)c(F)c1F,4.139937718785167e-08
CCOc1cccc(F)c1/C=N\NC(=O)[C@@H](C)O,0.0529980584033558
Cc1cc([C@@H](CO)C(F)(F)c2cc([C@H]([NH3+])C(=O)[O-])ccc2N)c([O-])c(F)c1F,1.0030150942450052e-06
[NH3+][C@H](CCc1c[nH]nc1-n1cc(NC(=O)OCC(F)(F)F)ccc1=O)C(=O)[O-],3.2700342699792625e-05
O=C([O-])[C@H](F)CCc1c[nH]nc1C(F)(F)F,0.2865047968601901
CSCC(=O)NNC(=O)c1cc(Cl)ccc1-c1c([C@H]([NH3+])CO)cc(C)c(F)c1F,2.1387593756935528e-10
Cc1cnc(C(=O)NCC[N-]c2ccc(F)c(N)c2F)cn1,0.010274142264416326
CCOC(=O)[C@H](F)c1ccc(C(F)(F)F)cc1O,0.3855343441745787
Cc1cc([C@H]([NH3+])CO)c([O-])c(-c2nc(CS(=O)(=O)CC(F)(F)F)cs2)c1F,0.00010890876985506645
O=S(=O)(Cc1csc(-c2cc(Cl)cnc2NC(CO)CO)n1)CC(F)(F)F,0.0008433529536363545
CSCC(=O)NNC(=O)c1cc(Cl)ccc1CSC(F)(F)F,0.18211352912101367
O=C(CC1CC1)c1cc(Cl)ccc1F,0.43686764570555725
Nc1cnccc1S[C@@H](F)C(=O)CS(=O)(=O)[N-]c1ccc(F)c(N)c1F,0.014948788787291759
Nc1cc(F)c(SC[C@@H](CO)[C@H](CCc2c[nH]nc2C(F)(F)F)C(=O)[O-])c(F)c1,1.349704335825321e-06
Nc1ccc([C@H](OC(=O)c2ccc(CNCC(F)(F)F)[nH]2)C(=O)[O-])cc1C(F)(F)F,1.7503232146551533e-05
NC(=O)CN(c1ccccc1F)S(=O)(=O)C(=O)c1cc(Cl)ccc1F,0.0204325716890638
CCOC(=O)[C@H](F)C(F)(F)CNCc1ccc(C(=O)OC)[nH]1,0.0011708796207911744
Cn1cc(NC(=O)CS[N-]S(=O)(=O)CC2CC2)cc(Br)c1=O,0.012588142242433998
CCOC(=O)[C@@H](C=NNC(=O)[C@@H](C)O)Sc1ccc(F)cc1N,0.00010890876985506645
[NH3+][C@H](CCc1c[nH]nc1[N-]S(=O)(=O)c1c[nH+]c[nH]1)C(=O)[O-],0.025034510149960144
CC(=C(F)C(=O)NCc1csc(=O)[nH]1)C1CC1,0.31961919737930994
CCOC(=O)[C@@H](F)S[C@H]1CC(=O)N(c2ccc(Cl)c(F)c2)C1,0.018031681227436498
Cc1cc([C@H]([NH3+])CO)c([O-])c([C@@H](N)c2ccc3c(c2)OCCO3)c1F,7.539386683091652e-09
Nc1cc(F)ccc1-n1cc(NC(=O)OCC(F)(F)F)ccc1=O,0.04393693362340741
CCC(=O)OCc1cn(C)nc1C(F)(F)c1ccc([C@H]([NH3+])C(=O)[O-])cc1C(F)(F)F,4.3386174781961194e-08
O=C(NNCSC(F)(F)F)c1cc(Cl)ccc1F,0.3678794411714424
Nc1cnccc1SC1CC1,0.2865047968601901
O=C([O-])[C@@H](CCc1c[nH]nc1C(F)(F)F)[N-]S(=O)(=O)c1c[nH+]c[nH]1,0.0990134083638263
CCOC(=O)[C@@H](F)Sc1c(Cl)cc([C@@H](N)C(F)(F)F)cc1OC,0.01831563888873418
N[C@@H](c1ccc2c(c1)OCCO2)c1n[nH]cc1CC[C@@H]([NH3+])C(=O)[O-],4.1163656528132773e-07
Cc1ccc(-c2nc(CS(=O)(=O)CC(F)(F)F)cs2)cc1N/C(N)=N/O,0.0012463948683920495
COc1cc([C@@H](N)C(F)(F)F)cc(Cl)c1-c1cc(Cl)cnc1NC(CO)CO,8.714346155389552e-07
C[C@@H](O)C(=O)N/N=C\c1c(F)cccc1C(=O)[C@@H](F)Sc1ccc(F)c(N)c1F,8.801177839842207e-06
CCOc1c([O-])c([C@H]([NH3+])CO)cc(C)c1F,0.040635020917967515
Cn1cc(NC(=O)CSCC(F)(F)c2ccc(F)c(N)c2F)cc(Br)c1=O,0.0005195746821548384
Nc1cnccc1S[C@@H](F)C(=O)c1ccc(F)cc1N,0.20961138715109784
O=C(NN[N-]S(=O)(=O)c1c[nH+]c[nH]1)c1cc(Cl)ccc1F,0.36217599908082576
Nc1cc(F)ccc1S[C@H](F)C(=O)OCCSC(F)(F)F,0.2865047968601901
C[C@@H](O)C(=O)N/N=C\c1c(Cl)cccc1-c1cc(N)cc(F)c1SC[C@H](O)CO,1.665667476591448e-10
COC(=O)c1ccc(CNCC(F)(F)CSCC(=O)Nc2cc(Br)c(=O)n(C)c2)[nH]1,2.172439935079017e-10
Cc1cc([N-]S(=O)(=O)c2c[nH+]c[nH]2)cc(-c2c([C@H]([NH3+])CO)cc(C)c(F)c2F)c1,1.665667476591448e-10
Cc1cc(Cl)c(N)cc1S(=O)(=O)NC=NNC(=O)[C@@H](C)O,0.0204325716890638
CCOC(=O)[C@H](F)c1c(N[C@H](C)C(N)=O)ccc(C(=O)[O-])c1F,0.003335525636133462
CCOC(=O)[C@H](F)Sc1ccncc1-c1ccc(F)c([C@@H](NC)C(N)=O)c1,1.1079047854889171e-07
CCOC(=O)[C@@H](F)Sc1ccc(-c2cccc(Cl)c2/C=N\NC(=O)[C@@H](C)O)cc1N,2.15100682437863e-11
CCOC(=O)[C@@H](F)Sc1ccc(NNC(=O)c2cc(Cl)ccc2F)cc1N,2.9312397751078144e-05
Nc1c(F)ccc([N-]S(=O)(=O)c2c[nH+]c[nH]2)c1F,0.5269629692433709
[NH3+][C@H](CCc1c[nH]nc1[C@H](CCc1c[nH]nc1C(F)(F)F)C(=O)[O-])C(=O)[O-],1.9833760430534416e-05
Cc1cc([C@@H](CO)C(=O)[C@H](F)Sc2ccncc2N)c([O-])c(F)c1F,0.0014123504170288818
CN[C@@H](C(N)=O)c1cc(-c2c([N-]S(=O)(=O)CC3CC3)ccc(F)c2N)ccc1F,1.665667476591448e-10
CC1=NN(C(=O)c2c([N-]S(=O)(=O)CC3CC3)ccc(F)c2N)[C@@](O)(C(F)F)C1,1.5294153802380508e-06
COc1cc([C@@H](N)c2ccc([C@H]([NH3+])C(=O)[O-])cc2C(F)(F)F)cc(Cl)c1O,2.430083125932946e-05
C[C@@H](COC(=O)[C@@H](F)Sc1ccc(F)cc1N)C(=O)N/N=C\c1c(F)cccc1Cl,1.3574333187024558e-07
Nc1c(F)ccc([N-]c2ccc(F)c(N)c2F)c1F,0.22313016014842982
Nc1cc(F)c(SC[C@H](O)CO)c(NNC2CC2)c1,0.001703619795802574
CC(=O)NCc1cc(Cl)cc(-c2cnc(NC(CO)CO)c(F)c2)c1OC(F)F,2.631504521291054e-08
C[C@H](CO)NC(=O)c1ccc(F)c(-c2cccc(Cl)c2/C=N\NC(=O)[C@@H](C)O)c1F,1.7730937992312898e-10
C[C@@H](Nc1ccc(C(=O)[O-])c(CCSC(F)(F)F)c1F)C(N)=O,0.03817306945803752
C[C@@H](O)C(=O)N/N=C\c1c(Cl)cccc1C(F)(F)c1cc([C@H]([NH3+])C(=O)[O-])ccc1N,3.61743726377138e-09
O=S(=O)(Cc1csc(-c2cc(Cl)cnc2NC(CO)CO)n1)CC(F)(F)F,0.0008433529536363545
COc1cc([C@@H](N)C(F)(F)F)cc(Cl)c1[C@H](CO)CSc1c(F)cc(N)cc1F,1.197930699220045e-07
Cc1cc([N-]S(=O)(=O)c2c[nH+]c[nH]2)cc(C(=O)[C@@H](F)Sc2ccc(F)c(N)c2F)c1,5.093730949192808e-06
COC(=O)c1ccc(CNCC(F)(F)c2cc([C@H]([NH3+])C(=O)[O-])ccc2N)[nH]1,3.653482213721045e-08
CC(C)=C(F)[C@H](F)Sc1ccncc1N,0.5028315779709409
CC(C)=C(F)Sc1ccncc1N,0.5269629692433709
Nc1cc(F)ccc1-c1cc(Cl)cnc1NC(CO)CO,0.010274142264416326
CC(=O)NCc1cc(Cl)cc(C2CC2)c1OC(F)F,0.0680508540250102
CC(C)=C(F)CCSC(F)(F)F,0.21967084765457534
NC(=O)CN(c1ccccc1F)S(=O)(=O)[C@H]1CC(=O)N(c2ccc(Cl)c(F)c2)C1,2.902320408650404e-06
CCOC(=O)c1cn(C)cc1C(F)(F)c1c(F)ccc([N-]S(=O)(=O)CC2CC2)c1F,3.398267819495071e-09
C[C@@H](O)C(=O)N/N=C\c1c(F)cccc1-c1nc(CS(=O)(=O)CC(F)(F)F)cs1,5.3913750568331754e-05
Nc1cnccc1S[C@@H](F)C(=O)[C@@H](F)Sc1ccc(F)c(N)c1F,0.04393693362340741
Nc1cc(F)ccc1S[C@H](F)C(=O)OCc1cnc(NC(CO)CO)c(F)c1,7.224446708721363e-07
C[C@@H](O)C(=O)N/N=C\c1c(F)cccc1[C@H]1CC(=O)N(c2ccc(Cl)c(F)c2)C1,1.522997974471263e-08
CCOC(=O)[C@@H](F)Sc1ccc(OC(=O)c2ccc(CNCC(F)(F)F)[nH]2)cc1N,1.0467401794744656e-08
CCOC(=O)[C@H](F)c1cnc(NC(CO)CO)c(F)c1,0.011642128413511858
Nc1c(F)ccc([N-]S(=O)(=O)COc2cc([C@@H](N)C(F)(F)F)cc(Cl)c2O)c1F,0.0015034391929775726
Nc1c(F)ccc([N-]CCSC(F)(F)F)c1F,0.2865047968601901
COc1ccc(-c2cc(N)cc(F)c2SC[C@H](O)CO)c2nc(C(F)(F)F)[nH]c12,6.375551843334077e-07
C[C@H](C(=O)N/N=C\c1c(F)cccc1Cl)C(F)(F)c1cc([C@H]([NH3+])C(=O)[O-])ccc1N,2.3222945891767137e-08
COC(=O)c1ccc(CNCC2=NN(C(=O)c3ccc(Br)o3)[C@@](O)(C(F)F)C2)[nH]1,1.1911098957708444e-06
Fc1ccc(Cl)cc1CCSC(F)(F)F,0.17107982817134254
Cc1cc(Cl)c(N)cc1S(=O)(=O)N[C@@H](N)c1ccc2c(c1)OCCO2,8.398142563157737e-06
COC(=O)c1ccc(CNCC(F)(F)CCC(=O)NCc2ccc(Cl)nc2)[nH]1,1.1744099331974158e-09
NC(=O)CN(c1ccccc1F)S(=O)(=O)c1cc(F)ccc1SC[C@@H]1CNC(=O)O1,2.6995785033630146e-07
Cc1cc([C@H]([NH3+])CO)c(-c2n[nH]cc2CC[C@@H]([NH3+])C(=O)[O-])c(F)c1F,5.570895115289491e-08
Nc1cc(F)c(SC[C@H](O)CO)c(-c2ccc([N-]S(=O)(=O)CC3CC3)c(F)c2N)c1,8.827714220496384e-12
C[C@@H](Nc1ccc(C(=O)[O-])c([C@H](CO)CSc2c(F)cc(N)cc2F)c1F)C(N)=O,3.850741922767617e-09
CSCC(=O)NNC(=O)c1cc(Cl)ccc1-c1ccc(F)c(N)c1F,0.0016004026902445643
C[C@@](NC(=O)c1cccn1-c1cc(Cl)ccc1F)(C(=O)[O-])C(F)(F)F,0.026649097336355485
CCOC(=O)[C@H](F)c1cccc(Cl)c1/C=N\NC(=O)[C@@H](C)O,0.002292471008846966
Cc1cc([C@@H](CO)c2cnc(NC(CO)CO)c(F)c2)c([O-])c(F)c1F,2.368804880109736e-06
C[C@H](C(=O)N/N=C\c1c(F)cccc1Cl)c1cc(Cl)cnc1NC(CO)CO,4.691164021834417e-08
COc1cc([C@@H](N)C(F)(F)F)cc(Cl)c1-c1ccc([C@H]([NH3+])C(=O)[O-])cc1C(F)(F)F,2.7264777043563346e-06
CC1=NN(C(=O)c2c(F)cccc2F)[C@@](O)(C(F)F)C1,0.34023286457404905
Cc1cc([C@H]([NH3+])CO)c([O-])c([N-]S(=O)(=O)CC2CC2)c1F,0.0004585230476630206
Cc1cc([C@@H](CO)OC(=O)c2ccc(CNCC(F)(F)F)[nH]2)c([O-])c(F)c1F,8.267941430892258e-06
Cn1cc(NC(=O)CSc2c(F)cccc2F)cc(Br)c1=O,0.0990134083638263
Cc1cc([C@H]([NH3+])CO)c([O-])c(-n2cccc2C(=O)N[C@](C)(C(=O)[O-])C(F)(F)F)c1F,4.3386174781961194e-08
O=C1C[C@H](c2ncc(F)c(N[C@H]3CCCOC3)n2)CN1c1ccc(Cl)c(F)c1,1.7257827987960214e-08
Cc1ccc(C2CC2)cc1N/C(N)=N/O,0.0860243399583936
Cc1cc([C@@H](CO)Oc2cc([C@@H](N)C(F)(F)F)cc(Cl)c2O)c([O-])c(F)c1F,7.844404420678988e-05
Nc1cc(F)c(SC[C@@H](CO)NNC(=O)c2cc(Cl)ccc2F)c(F)c1,0.00038012895786946363
CC(C)=C(F)Oc1cc([C@@H](N)C(F)(F)F)cc(Cl)c1O,0.20636166380601706
CCOC(=O)[C@H](F)c1c(Cl)cc([C@@H](N)C(F)(F)F)cc1OC,0.024646386044811498
Cc1cc([C@H]([NH3+])CO)c([O-])c(C=NNC(=O)[C@@H](C)O)c1F,0.00043074254057568753
Cc1cc([N-]S(=O)(=O)c2c[nH+]c[nH]2)cc(NNC(=O)c2cc(Cl)ccc2F)c1,3.3215298167313715e-05
CSCC(=O)NNC(=O)c1cc(Cl)ccc1[C@H](F)Sc1ccncc1N,0.00010072414654929499
COc1cc([C@@H](N)n2cc(NC(=O)OCC(F)(F)F)ccc2=O)cc(Cl)c1O,8.481823524646916e-05
COc1ccc(-c2cc(N3C[C@@H]([NH3+])CC3=O)ccc2Cl)c2nc(C(F)(F)F)[nH]c12,2.2033317596313408e-07
Cc1cc(Cl)c(N)cc1S(=O)(=O)NCC(F)(F)c1ccc(F)cc1N,0.0013062106070345731
CCOC(=O)c1cn(C)cc1C(F)(F)Oc1cc([C@@H](N)C(F)(F)F)cc(Cl)c1O,5.093730949192808e-06
Nc1cc(F)ccc1S[C@H](F)C(=O)OCSC(F)(F)F,0.34023286457404905
COC(=O)c1ccc(CNCc2c(F)cccc2F)[nH]1,0.03164658611103602
CC[C@H](N)c1cc(Cl)c(O)c(OC)c1,0.23383840011408472
CC(C)=C(F)NNC(=O)c1cc(Cl)ccc1F,0.635638673826052
OCC(CO)Nc1ncc(CCSC(F)(F)F)cc1F,0.09157243321777621
COC(=O)c1ccc(CNCC(F)(F)CNCc2ccc(C(=O)OC)[nH]2)[nH]1,6.286163385101408e-10
Cc1cc([C@H]([NH3+])CO)c([O-])c(-c2cc(F)ccc2SC[C@@H]2CNC(=O)O2)c1F,2.605542317778464e-09
COC(=O)c1ccc(CNCC(F)(F)OC(=O)[C@@H](F)Sc2ccc(F)cc2N)[nH]1,1.5294153802380508e-06
O=S(=O)(Cc1csc(CCSC(F)(F)F)n1)CC(F)(F)F,0.24891968120366054
CCOC(=O)c1cccc(F)c1/C=N\NC(=O)[C@@H](C)O,0.01831563888873418
CCOC(=O)[C@@H](F)Sc1ccc(F)c(NS(=O)(=O)c2cc(N)c(Cl)cc2C)c1F,8.398142563157737e-06
Nc1c(F)ccc([N-]c2cc(Cl)ccc2F)c1F,0.20961138715109784
CCOC(=O)c1cn(C)cc1C(F)(F)c1cc(Cl)cnc1NC(CO)CO,4.691164021834417e-08
Nc1c(F)ccc([N-]c2c([N-]S(=O)(=O)CC3CC3)ccc(F)c2N)c1F,0.0002960447300568554
Nc1cnccc1S[C@@H](F)[C@@H](N)c1ccc2c(c1)OCCO2,0.0013062106070345731
Nc1c(F)ccc([N-]c2n[nH]cc2CC[C@@H]([NH3+])C(=O)[O-])c1F,0.019194624751579337
Oc1cc(C(F)(F)F)ccc1CC1CC1,0.43686764570555725
O=C1NC[C@@H](CSc2ccc(F)cc2-c2ncc(F)c(N[C@H]3CCCOC3)n2)O1,1.2501528663867426e-09
O=C(NNNNC1CC1)c1cc(Cl)ccc1F,0.44374731008107987
Cc1ccc(-c2nc(CS(=O)(=O)CC(F)(F)F)cs2)cc1N/C(N)=N/O,0.0012463948683920495
C[C@@H](O)C(=O)N/N=C\c1c(Cl)cccc1[N-]S(=O)(=O)c1c[nH+]c[nH]1,0.006633484813330925
NCS(=O)(=O)[N-]c1ccc(F)c(N)c1F,0.391605626676799
CCOC(=O)c1n[nH]cc1CC[C@@H]([NH3+])C(=O)[O-],0.06699582332279769
O=C1NC[C@@H](CSc2ccc(F)cc2[N-]S(=O)(=O)CC2CC2)O1,0.0015034391929775726
Cc1cc([C@H]([NH3+])CO)c([O-])c(CS(=O)(=O)[N-]c2ccc(F)c(N)c2F)c1F,1.4510689111762455e-05
N[N-]c1ccc(F)c(N)c1F,0.0283678164497131
CCO[C@H](C(=O)[O-])c1ccc(N)c(C(F)(F)F)c1,0.5028315779709409
COc1cc([C@@H](N)C(F)(F)F)cc(Cl)c1-c1cc(N)cc(F)c1SC[C@H](O)CO,2.8012219815316215e-08
Cc1cc(Cl)c(N)cc1S(=O)(=O)NCC(F)(F)[N-]c1ccc(F)c(N)c1F,0.001033297638647637
Cc1cc(Cl)c(N)cc1S(=O)(=O)NC(=O)[C@@H](F)Sc1ccc(F)c(N)c1F,0.003335525636133462
COc1cc([C@@H](N)C(F)(F)F)cc(Cl)c1-c1ccc(C(F)(F)F)cc1O,0.0017853782168585108
C[C@@H](Nc1ccc(C(=O)[O-])c(F)c1[C@H](F)Sc1ccncc1N)C(N)=O,0.0002960447300568554
Nc1cc(F)ccc1NNC(=O)c1cc(Cl)ccc1F,0.2649736213568966
Cc1cc(Cl)c(N)cc1S(=O)(=O)NCOC(=O)[C@@H](F)Sc1ccc(F)cc1N,3.70543427450251e-05
C[C@@H](O)C(=O)N/N=C\c1c(F)cccc1-c1c(F)cccc1F,0.006231582285617883
CCOC(=O)[C@H](F)Sc1ccncc1[C@@H](N)c1ccc2c(c1)OCCO2,1.6373771305908126e-07
O=C(Nc1ccc(=O)n(C(=O)c2cc(Cl)ccc2F)c1)OCC(F)(F)F,0.020754337873699742
Nc1c(F)ccc([N-]S(=O)(=O)CC2CC2)c1[C@@H](N)c1ccc2c(c1)OCCO2,3.160881454313692e-10
Cc1ccc(-c2c(F)ccc([N-]S(=O)(=O)CC3CC3)c2F)cc1N/C(N)=N/O,4.993718107117558e-08
CCOC(=O)[C@@H](F)Sc1ccc(F)c(NNC(=O)c2cc(Cl)ccc2F)c1F,0.0003354626279025118
CCOC(=O)[C@@H](F)S[C@H](C(=O)[O-])c1ccc(N)c(C(F)(F)F)c1,0.0529980584033558
Cn1cc(NC(=O)CSCC(F)(F)c2ccc(C(F)(F)F)cc2O)cc(Br)c1=O,5.829466373086881e-05
Nc1cc(F)c(SC[C@H](O)CO)c(CC2CC2)c1,0.0014801305287407067
Cc1cc([C@H]([NH3+])CO)c(COC(=O)[C@@H](F)Sc2ccc(F)cc2N)c(F)c1F,4.993718107117558e-08
COc1cc([C@@H](N)OC(=O)c2ccc(CNCC(F)(F)F)[nH]2)cc(Cl)c1O,1.5446548154550848e-05
Cc1cc([C@@H](CO)c2ccc(F)c(N)c2F)c([O-])c(F)c1F,0.024646386044811498
CCOC(=O)[C@@H](F)SCC1CC1,0.32465246735834974
CCOC(=O)[C@@H](F)Sc1ccc(F)c(OC(=O)[C@@H](F)Sc2ccc(F)cc2N)c1F,9.368805042462686e-06
N[N-]S(=O)(=O)c1c[nH+]c[nH]1,0.003133436353933003
Nc1c(F)ccc([N-]S(=O)(=O)Cc2cnc(NC(CO)CO)c(F)c2)c1F,0.00010231032105679591
O=S(=O)([N-]NNC1CC1)c1c[nH+]c[nH]1,0.19691167520419406
C[C@@H](O)C(=O)NN=CC(=O)[C@@H](F)Sc1ccc(F)c(N)c1F,0.1509774184559146
Nc1cnccc1S[C@@H](F)C(=O)C1CC1,0.676633846161729
Cc1cnc(C(=O)NCCc2c(F)cccc2NC(=O)NC2CC2)cn1,2.0494177818374155e-08
Nc1cc(F)ccc1S[C@H](F)C(=O)O[C@@H](N)c1ccc2c(c1)OCCO2,3.9444142530922405e-05
Nc1cnccc1S[C@@H](F)C(=O)CS(=O)(=O)[N-]c1ccc(F)c(N)c1F,0.014948788787291759
Nc1cc(F)ccc1[N-]S(=O)(=O)c1c[nH+]c[nH]1,0.5971272734216274
O=C(CCC(F)(F)c1nc(CS(=O)(=O)CC(F)(F)F)cs1)NCc1ccc(Cl)nc1,2.9312397751078144e-05
CCc1c(F)cccc1F,0.1104574389603643
O=C(NN[N-]S(=O)(=O)c1c[nH+]c[nH]1)c1cc(Cl)ccc1F,0.36217599908082576
C[C@@H](Nc1ccc(C(=O)[O-])c([N-]S(=O)(=O)c2c[nH+]c[nH]2)c1F)C(N)=O,0.008517563101529046
CCOC(=O)[C@@H](F)SC(F)(F)CCC(=O)NCc1ccc(Cl)nc1,0.0013062106070345731
CCOn1cccc1C(=O)N[C@](C)(C(=O)[O-])C(F)(F)F,0.2649736213568966
Nc1c(F)ccc([N-][N-]S(=O)(=O)CC2CC2)c1F,0.6872892787909721
Nc1cc(F)ccc1S[C@H](F)C(=O)Oc1cc(Cl)ccc1F,0.1271357329320356
Cc1cc([C@@H](CO)[N-]c2ccc(F)c(N)c2F)c([O-])c(F)c1F,0.020754337873699742
CCOC(=O)C(=O)NNC1CC1,0.34023286457404905
Cn1cc(C(=O)OC[C@H](CCc2c[nH]nc2C(F)(F)F)C(=O)[O-])c(C(F)(F)F)c1,7.485182988770058e-05
CCOC(=O)[C@H](F)Sc1ccncc1-c1c(F)cccc1NC(=O)NC1CC1,1.8370862266141198e-08
Cc1cc([C@H]([NH3+])CO)c([O-])c(-c2nc(CS(=O)(=O)CC(F)(F)F)cs2)c1F,0.00010890876985506645
O=S(=O)(Cc1csc(CCSC(F)(F)F)n1)CC(F)(F)F,0.24891968120366054
O=C1C[C@H](c2c(F)cccc2F)CN1c1ccc(Cl)c(F)c1,0.019496896108597995
Nc1cnccc1SC1CC1,0.2865047968601901
C[C@H](CO)NC(=O)c1ccc(F)c([C@H](F)Sc2ccncc2N)c1F,0.000179560205425833
Nc1cc(F)ccc1C(=O)[C@@H](F)Sc1ccc(F)c(N)c1F,0.09157243321777621
C[C@@H](O)C(=O)N/N=C\c1c(Cl)cccc1-c1n[nH]cc1CC[C@@H]([NH3+])C(=O)[O-],2.215948977336598e-08
CCOC(=O)c1cn(C)cc1C(F)(F)c1ccccc1N(CC(N)=O)S(C)(=O)=O,3.995728557559744e-10
CCOC(=O)[C@@H](F)Sc1cccc(F)c1/C=N\NC(=O)[C@@H](C)O,0.0016004026902445643
Cc1cc([C@@H](CO)c2ccc(C(F)(F)F)cc2O)c([O-])c(F)c1F,0.003779645714749375
CCOC(=O)[C@@H](F)Sc1ccc(F)c(C(C)=C(F)C(=O)NCc2csc(=O)[nH]2)c1F,1.2679298840102929e-06
C[C@@H](Nc1ccc(C(=O)[O-])c(S(=O)(=O)[N-]c2ccc(F)c(N)c2F)c1F)C(N)=O,0.00029145498193520206
Cc1cc([N-]S(=O)(=O)c2c[nH+]c[nH]2)cc(-c2cc(N)cc(F)c2SC[C@H](O)CO)c1,6.224144622907783e-11
CCOC(=O)[C@H](F)Sc1ccncc1-c1ccc(F)c(N)c1F,0.014043087460021496
Cc1cc([C@H]([NH3+])CO)c([O-])c(-n2cc(NC(=O)OCC(F)(F)F)ccc2=O)c1F,1.1189441953335287e-06
O=C(NN[N-]S(=O)(=O)CC1CC1)c1cc(Cl)ccc1F,0.31961919737930994
CCOC(=O)[C@@H](F)SC(=O)c1cc(Cl)ccc1F,0.5028315779709409
CCO[N-]S(=O)(=O)c1c[nH+]c[nH]1,0.11943296826671962
O=C(Oc1cnc(NC(CO)CO)c(F)c1)c1ccc(CNCC(F)(F)F)[nH]1,1.2679298840102929e-06
CC(=O)NCc1cc(Cl)cc(-c2ccc(C(F)(F)F)cc2O)c1OC(F)F,0.00035156181555468625
N[C@H](OC(=O)c1ccc(CNCC(F)(F)F)[nH]1)c1ccc2c(c1)OCCO2,1.2878968743320372e-06
CCOC(=O)c1cn(C)cc1C(F)(F)c1c(F)ccc(C(=O)N[C@H](C)CO)c1F,1.0364131284113012e-09
Nc1cc(F)c(SC[C@H](O)CO)c([N-]S(=O)(=O)CC2CC2)c1,0.0003102522132940274
Nc1c(F)ccc([N-]S(=O)(=O)c2c(F)ccc([N-]S(=O)(=O)CC3CC3)c2F)c1F,0.00039837172745315756
Cc1cnc(C(=O)NCCNNC(=O)c2cc(Cl)ccc2F)cn1,0.0011708796207911744
Nc1cc(F)c(SC[C@H](O)CO)c(CSC(F)(F)F)c1,0.1632455124539584
Cc1cc([C@H]([NH3+])CO)c([O-])c(-c2ncc(F)c(N[C@H]3CCCOC3)n2)c1F,2.620462764742462e-10
CCOC(=O)c1c(C(=O)N[C@H]2C[C@@H]2[NH3+])ccc(F)c1F,0.02351774585600911
Nc1c(-c2ccc(C(F)(F)F)cc2O)ccc([N-]S(=O)(=O)CC2CC2)c1F,7.369135982777617e-05
Cc1cc([C@@H](CO)[C@@](NC(=O)c2cccn2C)(C(=O)[O-])C(F)(F)F)c([O-])c(F)c1F,2.4061081290604234e-06
CC(C)=C(F)[N-]c1ccc(F)c(N)c1F,0.569782824730923
O=S(=O)(Cc1csc(-c2cc(Cl)ccc2F)n1)CC(F)(F)F,0.2649736213568966
Cn1cc(C(=O)OCc2cc(F)ccc2SC[C@@H]2CNC(=O)O2)c(C(F)(F)F)c1,2.2603294069810542e-06
CCc1cc(N2C[C@@H]([NH3+])CC2=O)ccc1Cl,0.027928014220365963
Nc1ccc([C@H]([NH3+])C(=O)[O-])cc1C(F)(F)c1ccc([C@H]([NH3+])C(=O)[O-])cc1C(F)(F)F,8.714346155389552e-07
CCOC(=O)[C@@H](F)Sc1ccc(F)c(CS(=O)(=O)[N-]c2ccc(F)c(N)c2F)c1F,2.8857951146021778e-05
Nc1cc(F)ccc1S[C@H](F)C(=O)OCOC(=O)[C@@H](F)Sc1ccc(F)cc1N,6.605650802868481e-05
Cc1cc([C@@H](CO)c2ccc([C@H]([NH3+])C(=O)[O-])cc2C(F)(F)F)c([O-])c(F)c1F,8.939776223683639e-06
COC(=O)c1ccc(CNCC(F)(F)[C@H](CO)c2cc(C)c(F)c(F)c2[O-])[nH]1,4.139937718785167e-08
O=S(=O)(CC1CC1)[N-]c1ccc(F)c(-c2ccc(C(F)(F)F)cc2O)c1F,0.000330261761918494
Cc1cc(Cl)c(N)cc1S(=O)(=O)Nc1c([N-]S(=O)(=O)CC2CC2)ccc(F)c1N,6.312651182087824e-08
CC1=NN(C(=O)C(=O)[C@@H](F)Sc2ccc(F)c(N)c2F)[C@@](O)(C(F)F)C1,0.010936767510604966
CC(=O)NCc1cc(Cl)cc(-c2n[nH]cc2CC[C@@H]([NH3+])C(=O)[O-])c1OC(F)F,1.2751905914873347e-07
O=C(CCC(F)(F)CCSC(F)(F)F)NCc1ccc(Cl)nc1,0.014264233908999256
N[C@@H](c1ccc2c(c1)OCCO2)c1cc(Cl)cnc1NC(CO)CO,1.197930699220045e-07
OCC(CO)Nc1ncc(-c2cc(Cl)cnc2NC(CO)CO)cc1F,1.7159564997669847e-07
CC1=NN(C(=O)S(=O)(=O)[N-]c2ccc(F)c(N)c2F)[C@@](O)(C(F)F)C1,0.06293675158337987
C[C@@](NC(=O)c1cccn1-c1cnc(NC(CO)CO)c(F)c1)(C(=O)[O-])C(F)(F)F,5.04347662567888e-07
CCOC(=O)[C@H](F)Sc1ccncc1COC(=O)[C@@H](F)Sc1ccc(F)cc1N,6.786739609772671e-07
CC(=C(F)C(=O)NCc1csc(=O)[nH]1)c1cc(N2C[C@@H]([NH3+])CC2=O)ccc1Cl,4.993718107117558e-08
CCOC(=O)[C@@H](F)Sc1ccc(F)c([N-]S(=O)(=O)CC2CC2)c1F,0.0028087941945255128
COC(=O)c1ccc(CNCc2cccc(F)c2/C=N\NC(=O)[C@@H](C)O)[nH]1,1.6822645580191797e-09
Cc1cc([C@H]([NH3+])CO)c(-c2c(F)ccc(C(=O)N[C@H](C)CO)c2F)c(F)c1F,3.364740793413151e-10
CCOC(=O)[C@@H](F)Sc1ccc(NNC2CC2)cc1N,0.000792256781208319
Cc1ccc(C(F)(F)CCC(=O)NCc2ccc(Cl)nc2)cc1N/C(N)=N/O,6.65348539521593e-09
NC(=O)CN(c1ccccc1F)S(=O)(=O)c1c(F)cccc1NC(=O)NC1CC1,1.197930699220045e-07
Nc1c(F)ccc(S[C@H](F)C(=O)c2cc(Cl)cnc2NC(CO)CO)c1F,0.00022698536816119751
CN[C@@H](C(N)=O)c1cc(C2CC2)ccc1F,0.07243975703425146
CC1=NN([C@@H](N)c2ccc3c(c2)OCCO3)[C@@](O)(C(F)F)C1,0.0008047330101246132
Nc1c(F)ccc([N-]F)c1F,0.004086771438464067
CCOC(=O)c1cn(C)cc1C(F)(F)C(F)(F)c1cc([C@H]([NH3+])C(=O)[O-])ccc1N,2.0494177818374155e-08
N[C@H](OC(=O)c1ccc(CNCC(F)(F)F)[nH]1)c1ccc2c(c1)OCCO2,1.2878968743320372e-06
Nc1cc(F)ccc1S[C@H](F)C(=O)OC[N-]S(=O)(=O)CC1CC1,0.00800151004091445
O=C(NNc1cnc(NC(CO)CO)c(F)c1)c1cc(Cl)ccc1F,0.0010828866277077577
O=S(=O)(CC1CC1)[N-]CCSC(F)(F)F,0.5609491608144709
Cc1cc([C@@H](CO)n2cccc2C(=O)N[C@](C)(C(=O)[O-])C(F)(F)F)c([O-])c(F)c1F,2.4061081290604234e-06
CN[C@@H](C(N)=O)c1cc(F)ccc1S(=O)(=O)[N-]c1ccc(F)c(N)c1F,0.0016772076189795154
CC(=O)NCc1cc(Cl)cc(SCC(=O)Nc2cc(Br)c(=O)n(C)c2)c1OC(F)F,3.927863545481039e-07
COc1cc([C@@H](N)c2ccc(C(F)(F)F)cc2O)cc(Cl)c1O,0.013192259802176308
CSCC(=O)NNC(=O)c1cc(Cl)ccc1C(F)=C(C)C,0.004086771438464067
Nc1cc(F)c(SC[C@H](O)CO)c(C(=O)NNC2CC2)c1,0.0005195746821548384
COc1cc([C@@H](N)C(F)(F)F)cc(Cl)c1[N-]S(=O)(=O)CC1CC1,0.00965166345239672
CCOC(=O)[C@@H](F)Sc1ccc(F)c(-c2c(F)cccc2F)c1F,0.006329715427485746
CCC(=O)OCc1cn(C)nc1C(F)(F)c1cnc(NC(CO)CO)c(F)c1,2.4862258480890196e-09
COc1cc([C@@H](N)C(=O)NNC2CC2)cc(Cl)c1O,0.014264233908999256
O=C1NC[C@@H](CSc2ccc(F)cc2F)O1,0.6872892787909721
Cn1cc(C(=O)OCOc2cc([C@@H](N)C(F)(F)F)cc(Cl)c2O)c(C(F)(F)F)c1,0.00021323301991815497
C[C@@H](O)C(=O)N/N=C\c1c(Cl)cccc1NNC1CC1,0.002054957731209459
O=C(CCC(F)(F)c1ncc(F)c(N[C@H]2CCCOC2)n1)NCc1ccc(Cl)nc1,6.224144622907783e-11
CC(COC(=O)c1cn(C)cc1C(F)(F)F)=C(F)C(=O)NCc1csc(=O)[nH]1,9.028854143505791e-05
CCOC(=O)c1cn(C)cc1C(F)(F)N1N=C(C)C[C@]1(O)C(F)F,0.00027810828659249914
O=S(=O)([N-]c1cnc(NC(CO)CO)c(F)c1)c1c[nH+]c[nH]1,0.02972921638615875
CC(C)=C(F)OC(=O)[C@@H](F)Sc1ccc(F)cc1N,0.26914634872918386
Nc1cc(F)c(SC[C@H](F)CO)c(F)c1,0.6872892787909721
Cc1cc([C@H]([NH3+])CO)c(C2=NN(C(=O)c3ccc(Br)o3)[C@@](O)(C(F)F)C2)c(F)c1F,2.8736863582436966e-07
C=CCNC(=O)Nc1c(F)cccc1[N-]c1ccc(F)c(N)c1F,0.0015755907463196436
C[C@@H](O)C(=O)NN=COc1cc([C@@H](N)C(F)(F)F)cc(Cl)c1O,0.059123606568473756
C[C@@H](O)C(=O)NN=CNNC1CC1,0.15335496684492847
Cn1cc(NC(=O)CSCC(F)(F)[N-]S(=O)(=O)c2c[nH+]c[nH]2)cc(Br)c1=O,0.0024787521766663585
Cc1cc([C@@H](CO)C(F)(F)c2cc([C@H]([NH3+])C(=O)[O-])ccc2N)c([O-])c(F)c1F,1.0030150942450052e-06
CCC(=O)OCc1cn(C)nc1C(F)(F)C(F)=C(C)C,0.0029899458563130603
CCOC(=O)[C@H](F)Sc1ccncc1-c1ccccc1N(CC(N)=O)S(C)(=O)=O,2.817262973736831e-09
Cc1cc([C@H]([NH3+])CO)c(-c2c([N-]S(=O)(=O)CC3CC3)ccc(F)c2N)c(F)c1F,2.15100682437863e-11
COC(=O)c1ccc(CNCC(F)(F)c2cc(N)cc(F)c2SC[C@H](O)CO)[nH]1,5.847042763599827e-11
CN[C@@H](C(N)=O)c1cc(F)ccc1[C@H](C)C(=O)N/N=C\c1c(F)cccc1Cl,1.7257827987960214e-08
CN[C@@H](C(N)=O)c1cc(-c2cc(N)cc(F)c2SC[C@H](O)CO)ccc1F,2.605542317778464e-09
Nc1ccc([C@H]([NH3+])C(=O)[O-])cc1C(F)(F)C(=O)NNC1CC1,0.003779645714749375
Cc1cc(Cl)c(N)cc1S(=O)(=O)NSc1ccncc1N,0.0860243399583936
COc1cc([C@@H](N)c2cccc(F)c2/C=N\NC(=O)[C@@H](C)O)cc(Cl)c1O,9.184853273417225e-08
Nc1ccc([C@H]([NH3+])C(=O)[O-])cc1C(F)(F)c1cc(Cl)cnc1NC(CO)CO,1.2751905914873347e-07
CC1=NN(c2c(N[C@H](C)C(N)=O)ccc(C(=O)[O-])c2F)[C@@](O)(C(F)F)C1,0.00016606604288893956
[NH3+][C@H]1CC(=O)N(c2ccc(Cl)c(C(F)(F)CCC(=O)NCc3ccc(Cl)nc3)c2)C1,2.289734845645553e-11
Nc1cc(F)ccc1S[C@H](F)C(=O)OC(F)(F)c1cc([C@H]([NH3+])C(=O)[O-])ccc1N,2.1112928077808185e-05
Cc1cc([N-]S(=O)(=O)c2c[nH+]c[nH]2)cc([C@@H](N)c2ccc3c(c2)OCCO3)c1,1.5803413009113557e-09
COC(=O)c1ccc(CNCC(F)(F)c2cc(Cl)ccc2F)[nH]1,0.007172507245008699
Cc1cc(Cl)c(N)cc1S(=O)(=O)Nc1ccc(C(F)(F)F)cc1O,0.03817306945803752
Nc1c(F)ccc([N-]S(=O)(=O)CF)c1F,0.13533528323661267
[NH3+][C@H](C(=O)[O-])c1ccc(CSC(F)(F)F)c(C(F)(F)F)c1,0.19385884264329525
NC(=O)[C@H](F)Sc1ccncc1N,0.25283959580474646
Cc1cc(Cl)c(N)cc1S(=O)(=O)NCC(F)(F)CSC(F)(F)F,0.11943296826671962
Cc1cc([C@H]([NH3+])CO)c([O-])c(COC(=O)[C@@H](F)Sc2ccc(F)cc2N)c1F,4.993718107117558e-08
CCC(=O)OCc1cn(C)nc1C(F)(F)c1cc(Cl)ccc1F,0.007172507245008699
[NH3+][C@H](C(=O)[O-])c1ccc(OC(=O)c2ccc(CNCC(F)(F)F)[nH]2)c(C(F)(F)F)c1,5.771953345416448e-06
CCOC(=O)[C@H](Sc1ccc(F)cc1N)C(=O)c1cc(Cl)ccc1F,0.0005887552473364432
Nc1c(C(=O)N[C@H]2C[C@@H]2[NH3+])ccc(F)c1F,0.5609491608144709
CCOC(=O)[C@@H](F)Sc1ccc(F)c(-c2c(F)cccc2NC(=O)NC2CC2)c1F,6.250371093504527e-09
Nc1cnccc1S[C@H]1CS(=O)(=O)C[C@@H]1Sc1ccc(C(F)(F)F)cn1,0.002153577211832027
N[C@H](NNC1CC1)c1ccc2c(c1)OCCO2,0.00800151004091445
CN[C@@H](C(N)=O)c1cc(F)ccc1-c1c([O-])c([C@H]([NH3+])CO)cc(C)c1F,4.944450501938644e-09
CCOC(=O)c1c(Cl)cc([C@@H](N)C(F)(F)F)cc1OC,0.14406365910145327
Nc1c(F)ccc(-n2cc(NC(=O)OCC(F)(F)F)ccc2=O)c1F,0.03421811831166604
Nc1c([C@@H](N)c2ccc3c(c2)OCCO3)ccc([N-]S(=O)(=O)CC2CC2)c1F,3.160881454313692e-10
COc1cc([C@@H](N)c2c([O-])c([C@H]([NH3+])CO)cc(C)c2F)cc(Cl)c1O,1.538173465229056e-07
Cn1cc(C(=O)OCOC(=O)[C@@H](F)Sc2ccc(F)cc2N)c(C(F)(F)F)c1,0.00048809524352341505
COc1ccc(F)c2nc(C(F)(F)F)[nH]c12,0.16071462536804407
CC(=O)NCc1cc(Cl)cc(-c2c(F)cccc2NC(=O)NC2CC2)c1OC(F)F,1.3307807990689667e-09
Cc1cc([C@H]([NH3+])CO)c([O-])c(-c2nc(CS(=O)(=O)CC(F)(F)F)cs2)c1F,0.00010890876985506645
CCOC(=O)[C@@H](F)SC(=O)[C@H](F)Sc1ccncc1N,0.34023286457404905
COc1cc([C@@H](N)c2c([O-])c([C@H]([NH3+])CO)cc(C)c2F)cc(Cl)c1O,1.538173465229056e-07
CCOC(=O)C(F)(F)CCC(=O)NCc1ccc(Cl)nc1,0.019194624751579337
CS(=O)(=O)N(CC(N)=O)c1ccccc1NNC1CC1,0.000792256781208319
O=S1(=O)C[C@H](CC2CC2)[C@@H](Sc2ccc(C(F)(F)F)cn2)C1,0.0025977099773754862
Nc1cc(F)c(SC[C@@H](CO)c2cc(Cl)ccc2F)c(F)c1,0.017205950425851383
CCOC(=O)[C@H](F)Sc1ccncc1-c1ccc(C(F)(F)F)cc1O,0.0024403226861474305
CCOc1c(Cl)cc([C@@H](N)C(F)(F)F)cc1OC,0.2865047968601901
CCOCOC(=O)[C@@H](F)Sc1ccc(F)cc1N,0.26914634872918386
Cc1ccc(N)cc1N/C(N)=N/O,0.3455907525769745
COc1cc([C@@H](N)COC(=O)c2cn(C)cc2C(F)(F)F)cc(Cl)c1O,0.00010072414654929499
CC1=NN(c2ccc([C@H]([NH3+])C(=O)[O-])cc2C(F)(F)F)[C@@](O)(C(F)F)C1,0.0036065631360157305
CCOC(=O)[C@@H](F)Sc1ccc(F)cc1N,0.7316156289466419
CCOC(=O)[C@@H](F)Sc1ccc(OCC)cc1N,0.0204325716890638
COc1cc([C@@H](N)C(F)(F)F)cc(Cl)c1F,0.43686764570555725
CCOC(=O)[C@H](Sc1ccc(F)cc1N)c1c(F)cccc1F,0.0028087941945255128
COc1cc([C@@H](N)c2cccc(Cl)c2/C=N\NC(=O)[C@@H](C)O)cc(Cl)c1O,7.153170921733292e-08
CCC(=O)OCc1cn(C)nc1C(F)(F)C(F)=C(C)C,0.0029899458563130603
CC(=O)NCc1cc(Cl)cc(Sc2ccncc2N)c1OC(F)F,0.0051661631671143975
Nc1cnccc1S[C@@H](F)c1ccc(F)cc1N,0.32465246735834974
CCOC(=O)[C@H](F)Sc1ccncc1[C@H](CO)CSc1c(F)cc(N)cc1F,6.023573837886479e-08
Cc1cc([C@H]([NH3+])CO)c([O-])c(-c2ccc(C(F)(F)F)cc2O)c1F,0.0006267266984484576
O=C(NNF)c1cc(Cl)ccc1F,0.040635020917967515
Cc1cnc(C(=O)NCCc2c(F)cccc2NC(=O)NC2CC2)cn1,2.0494177818374155e-08
Cc1cc(Cl)c(N)cc1S(=O)(=O)Nc1ccc(F)c(N)c1F,0.11758133171956547
CCOC(=O)[C@H](F)Sc1ccncc1C(=O)N1N=C(C)C[C@]1(O)C(F)F,0.00020031388433428086
CC1=NN(C(=O)Sc2ccncc2N)[C@@](O)(C(F)F)C1,0.28206295169381546
COC(=O)c1ccc(CNCc2c(F)ccc(C(=O)N[C@H](C)CO)c2F)[nH]1,2.160070450089596e-09
Nc1cnccc1SOc1cc([C@@H](N)C(F)(F)F)cc(Cl)c1O,0.13323710414756296
Cc1cc(Cl)c(N)cc1S(=O)(=O)NCOC(=O)[C@@H](F)Sc1ccc(F)cc1N,3.70543427450251e-05
Cc1cc([C@@H](CO)n2cccc2C(=O)N[C@](C)(C(=O)[O-])C(F)(F)F)c([O-])c(F)c1F,2.4061081290604234e-06
Cc1cnc(C(=O)NCCC=NNC(=O)[C@@H](C)O)cn1,0.002054957731209459
Nc1cnccc1SC(F)F,0.0301973834223185
Cc1cc([C@H](F)CO)c([O-])c(F)c1F,0.34023286457404905
CCOc1c(F)cccc1NC(=O)NC1CC1,0.06699582332279769
CCOC(=O)[C@@H](NS(=O)(=O)c1cc(N)c(Cl)cc1C)Sc1ccc(F)cc1N,1.4449802461092448e-07
Nc1c(F)ccc([N-]S(=O)(=O)c2c(F)cccc2NC(=O)NC2CC2)c1F,0.00048809524352341505
CC(C)=C(F)C(=O)NCc1csc(=O)[nH]1,0.7667265960708202
CN[C@@H](C(N)=O)c1cc(-c2cc(Cl)ccc2F)ccc1F,0.024646386044811498
CCOC(=O)[C@@H](F)Sc1ccc(-c2n[nH]cc2CC[C@@H]([NH3+])C(=O)[O-])cc1N,4.867793902108199e-09
CCC(=O)OCc1cn(C)nc1C(F)(F)N1N=C(C)C[C@]1(O)C(F)F,3.535750085040998e-05
O=C(CCC(F)(F)CC1CC1)NCc1ccc(Cl)nc1,0.0018134938327346152
Cc1ccc(C(F)(F)CCC(=O)NCc2ccc(Cl)nc2)cc1N/C(N)=N/O,6.65348539521593e-09
CC(C)=C(F)NNC(=O)c1cc(Cl)ccc1F,0.635638673826052
NC(=O)CN(C(=O)CCNC1CCCOC1)c1ccccc1-c1ncc(F)c(N)n1,5.564246011263937e-16
O=C(NCCCOF)ONNC1CC1,0.20636166380601706
O=C([O-])C(NNC1CC1)c1cccc(C(F)(F)F)c1,0.2865047968601901
COC(=O)C(CCSC(F)(F)F)Sc1ccc(F)cc1N,0.0974783477499485
NC(c1cc(O)c(CC2CC2)c(Cl)c1)C(F)(F)F,0.19691167520419406
CCOC(=O)C(F)CC(N)=O,0.23752081909545814
[NH3+]C1CC1NC(=O)c1ccc(F)c(F)c1,0.7202729799554398
Cc1cc(Cl)c(N)cc1S(=O)(=O)Nc1ccc(C(F)(F)F)cc1O,0.03817306945803752
CC(CO)NC(=O)c1ccc(F)c(-c2c(C(=O)NC3CC3[NH3+])ccc(F)c2O)c1F,2.020683909022217e-11
O=S(=O)([N-]F)c1c[nH+]c[nH]1,0.0006170102015986695
O=CCN(c1ccccc1F)S(=O)(=O)CC1CC1,0.10376516104428836
Cc1cc(C(CO)C(F)F)c([O-])c(F)c1F,0.44374731008107987
CCN1CCC1(C)n1cc(NC(=O)OCC(F)(F)F)ccc1=O,0.00013136905262640898
Cn1cc(C2CCCCN2)c(C(F)(F)c2cnc(NC(CO)CO)c(F)c2)n1,8.211053291171816e-13
CC1=NN(C(=O)N2N=C(C)CC2(O)C(F)F)C(C(F)F)C1,0.05641613950377735
CC(C([NH-])=O)c1c(F)ccc([N-]S(=O)(=O)CC2CC2)c1F,0.04127492938579755
[NH3+]C(C(=O)[O-])c1ccc(C(=O)NNC2CC2)c(C(F)F)c1,0.016939196889542374
CCOC(=O)C(F)Sc1c(C=O)ccc(NC(C)C(N)=O)c1F,0.0016004026902445643
CCOC(=O)C(F)Sc1ccc(F)c(C(F)C(=O)OCC)c1OC(=O)[O-],0.000374235604625066
Cc1ccc([N-]S(=O)(=O)CC2CC2)cc1,0.1737739434504451
C=CCNC(=O)Nc1c(F)cccc1-c1ccc(N2CCNCC2)cc1O,2.2319956953901185e-12
Cc1ccc(COC(=O)C(F)Sc2ccc(F)cc2N)cc1NC=NO,1.2219225328134202e-05
Cn1cc(C(=O)C(CO)N2CCCCCC2)c(C(F)F)c1,2.1024338523818466e-07
COc1ccc(C(=O)NNC2CC2)c2nc(C(F)(F)F)[nH]c12,0.04978706836786394
O=C(c1ccc(Br)o1)N1N=C(S(=O)(=O)CC2CC2)CC1(O)CF,0.013400007665140828
O=C(NN=Cc1ccccc1F)C(O)C(=O)C(O)(F)F,0.44374731008107987
Cc1cnc(C(=O)NCCc2ccccc2N(CC=O)S(C)(=O)=O)cn1,5.2333716428667314e-08
CC(O)C(=O)NN=Cc1c(Cl)cccc1OCl,0.6065306597126334
Cc1cc(C(CO)CS(=O)(=O)[N-]c2ccc(F)c(N)c2F)c([O-])c(C(F)(F)F)c1F,1.863209363315706e-05
Nc1cc(SC(F)C(=O)NCc2csc(=O)[nH]2)ccc1F,0.3002544491440824
Cn1cccc1C(=O)NC1(C)OC1(F)F,0.8290291181804004
COS(=O)(=O)[N-]c1ccc(-c2c(F)ccc([NH-])c2F)c(N)c1F,0.15335496684492847
CC([NH3+])C(=O)C1(Cc2c[nH]nc2-c2ccccc2NS(C)(=O)=O)CC1,2.423531878049321e-10
O=C1CCCCCN1C(=O)NC1CC1,0.059123606568473756
CCC(=O)NCc1ccc(Cl)nc1,0.5609491608144709
Cc1ccc(-c2cnccc2SC(F)C=O)cc1NC(N)=NO,0.002153577211832027
O=C(CF)Oc1nc(CS(=O)(=O)CC(F)(F)F)cs1,0.2649736213568966
Cn1cccc1C(=O)Nc1nc(CS(=O)(=O)CC(F)(F)F)cs1,0.11943296826671962
O=S(=O)(CC1CC1)[N-]c1c(F)cccc1OCC(F)F,0.13533528323661267
Nc1cc(F)ccc1SC(F)C(=O)OCCSC(F)(F)C(=O)[O-],0.1632455124539584
Nc1cc(C=O)ccc1SC(F)C(=O)O[N-]S(=O)(=O)CC1CC1,0.013400007665140828
CC(C)=C(F)C(C(=O)[O-])c1ccc(N)c(C(F)(F)F)c1,0.1251646760876602
CCCOC(=O)CSc1ccc(F)cc1N,0.19385884264329525
CC(C)=C(F)c1cccc(Cl)c1C=NNC(=O)C(C)C,0.00024162466666302507
[NH3+]C1CC(=O)N(c2ccc(Cl)c(Sc3ccncc3)c2)C1,0.0040234119200233415
Cn1cc(NC(=O)CC2(C)CC2)cc(Br)c1=O,0.05554148833106887
CCN(CN[N-][SH](=O)=O)C(=O)c1c[nH+]c[nH]1,0.15335496684492847
O=C1CCc2c(F)ccc(c2F)SC(F)C(=O)O1,0.25283959580474646
CNC(C(N)=O)c1cc(-c2ccc(F)cc2)ccc1F,0.014948788787291759
CCNC(=O)C(F)CCSC(F)(F)F,0.4168620196785084
O=C(Oc1cc2cc(c1)-c1ccncc1O2)C(F)S,0.20961138715109784
COC(=O)C(Sc1ccc(F)cc1N)C1CC1,0.1271357329320356
Cc1cc([C@@H](CO)Oc2cc([C@@H](N)C(F)(F)F)cc(Cl)c2O)c([O-])c(F)c1F,7.844404420678988e-05
CCc1ccc(F)cc1N,0.2649736213568966
Cc1cc(C([NH3+])CO)c(C2(C)CC2)c(F)c1F,0.0019304541362277093
COC(=O)c1ccc(CNCNNC(=O)c2ccccc2F)[nH]1,0.00021323301991815497
CC1(NS(=O)(=O)[N-]c2ccc(F)c(N)c2F)OC1(F)C(F)(F)F,0.1632455124539584
CNc1cncc(-c2csc(=O)[nH]2)n1,0.24891968120366054
[NH3+]C(C(=O)[O-])c1ccc(CC2CC2)c(C(F)(F)CC(F)F)c1,0.0003354626279025118
CNC(C(N)=O)c1cc(-c2c(F)ccc([N-]S(=O)(=O)CC3CC3)c2F)ccc1C,6.16273773263482e-12
CC1(OC(=O)C(F)CO)OC1(F)F,0.0759162135601666
Cc1cc(Cl)c(N)cc1S(=O)(=O)NCNF,0.7316156289466419
COC(=O)c1ccc(CC(F)F)[nH]1,0.4950358969261986
Nc1ccc(OC(=O)C(Sc2ccc(F)cc2N)C(F)(F)F)cc1Cl,0.0204325716890638
CC(C(=O)NN=CNCNF)C1CC1,0.11219689052034373
C#CCC(F)(F)SCC(F)(F)c1nn(C)cc1COC(=O)CC,0.0016004026902445643
CC(CSc1c(F)cc(N)cc1F)SCC(=O)Nc1cc(Br)c(=O)n(C)c1,1.7603463121561693e-06
Nc1cc(F)ccc1SC(F)C(=O)OCF,0.5269629692433709
Nc1ccc([C@H]([NH3+])C(=O)[O-])cc1C(F)(F)C(=O)NNC1CC1,0.003779645714749375
CCCc1ccc([N-]COC(=O)C(F)Sc2ccc(F)cc2N)c(F)c1N,1.1079047854889171e-07
CC(C)=C(F)C(=O)c1ccc([N-]S(=O)(=O)Cc2ccccc2)c(F)c1N,4.495201785261944e-06
Nc1c(F)ccc(CC(=O)OCO)c1F,0.635638673826052
CC(=C(F)C(=O)NCc1csc(=O)[nH]1)C(F)(F)c1nn(C)cc1-c1ccccc1,2.0698386367094827e-07
CNC(=O)C(NC)c1cc(C(F)(F)CSCC(N)=O)ccc1F,0.000139841628594101
Cc1cccc(NC2(C)OC2(F)F)c1C=NNC(=O)C(C)O,0.0008047330101246132
FC(F)(F)CNCc1ccc[nH]1,0.26914634872918386
CCOC(=O)C(S[N-]c1ccc(F)c(N)c1F)N(C)C,0.014043087460021496
O=C(Nc1ccccc1-c1c(F)cccc1F)NC1CC1,0.005247518399181385
NC(=O)CNS(=O)(=O)c1cc(Cl)ccc1F,0.5269629692433709
COc1cc(C(N)C(F)(F)C(=O)[O-])cc(Cl)c1CSC(F)(F)F,0.15335496684492847
CCc1c2nc(C)nc1-c1cnccc1S2,0.26914634872918386
CC(=O)C1=NN(C(=O)CS([NH-])(=O)=O)C(O)(C(F)F)C1,0.4168620196785084
Cc1cc(Cl)c(N)cc1S(=O)(=O)NC(N)=O,0.5971272734216274
CC(=C(F)C(=O)NCc1csc(=O)[nH]1)C(F)(F)c1cc([C@H]([NH3+])C(=O)[O-])ccc1N,1.5294153802380508e-06
[NH-]c1ccc(F)c(N)c1F,0.008651695203120634
Cn1cc(NC(=O)CS)cc(Br)c1=O,0.4723665527410147
Cn1cc(C(=O)OCC2(C)OC2(F)F)c(C(O)(F)F)c1,0.2865047968601901
CCNS(=O)(=O)c1cc(C(=O)NF)c(Cl)cc1F,0.8290291181804004
Cn1cc(NC(=O)CSCC(F)(F)CO)cc(Br)c1=O,0.20961138715109784
CCC(=O)OCc1cn(C)nc1NN,0.18211352912101367
Cc1cc(C(C)[NH3+])c(C(F)(F)CSCC(=O)Nc2cc(Br)c(=O)n(C)c2)c(F)c1F,7.991959892953931e-11
CC1OC1(F)[N-]c1ccc(F)c(N)c1F,0.4723665527410147
NC(=O)CCC(F)(F)c1c(F)cccc1F,0.5028315779709409
Cc1cc(C(CO)c2cccc(Cl)c2C=N)c([O-])c(F)c1F,0.008651695203120634
CCS(=O)(=O)C(F)C(=O)OCC1CC1,0.26914634872918386
Cc1cc(C(CO)NN)c([O-])c(C(F)F)c1F,0.569782824730923
CC(O)C(=O)NN=CC(C)(F)Cc1ccccc1,0.005247518399181385
CC(F)(F)CSCC(=O)Nc1cc(Br)c(=O)n(-c2cccc(Cl)c2)c1,0.001703619795802574
NC(c1cc(Cl)c(O)c(Oc2c(F)cccc2F)c1)C(F)(F)CO,0.014948788787291759
