CC1=NC(=O)[C@H](CCOC(=O)c2nc(C)no2)CS1,0.00014701146221112946
CCn1c(=O)c(I)cn(-c2cnc(N)c(C(=O)OC)c2)c1=O,1.674493209434266e-06
Cc1ccc(C(Cl)(Cl)[C@H](O)Nc2cccc[nH+]2)c(CCl)c1,7.582560427911907e-10
CSc1nc(C(=O)c2sc(C#N)nc2C)cc(=O)[nH]1,0.02732372244729256
CSC(N)=N[C@@H]1C(=O)N2C(C(=O)[O-])=CCS[C@@H]12,0.07427357821433386
COC(=O)c1nn(C)c([C@@H](C(=O)OC)c2cccs2)c1I,5.4222483706341535e-06
Cc1scnc1C(=O)OC[C@H](/C=C/C(=O)[O-])n1cncn1,0.0002193153301629189
O=C1C[C@@H](OC(=O)Nc2ccc(Br)cn2)[N+]2=CCNC2=N1,0.000179560205425833
CC1=NC(=O)[C@H](CC(=O)OC(=O)Nc2ccc(Br)cn2)CS1,1.206743567329791e-05
COC(=O)c1cc(Br)cnc1-c1cc(N)cc(C(N)=O)c1,9.166087736247617e-06
C[C@H](/C=C/C(=O)OC(=O)c1nc(Br)c[nH]1)n1cncn1,0.0024175515673645035
NC(=O)c1ccc(N)c(OCc2ocnc2CBr)c1,0.0003707435404590883
C#CC[C@@](C)(OC(N)=O)C(Cl)(Cl)Cn1c(C)nc(Cl)c1Cl,2.1988301412819217e-05
COC(=O)c1cc(Br)cnc1/C(Cl)=N/O,0.4965853037914096
O=C(c1cc(CO)nc(CO)c1)C1(Cc2nccs2)CC1,7.582560427911907e-10
Cc1noc(C(=O)c2sc(C#N)nc2C)n1,0.24050846320834213
COC(=O)c1cc(Br)cnc1-c1cc2c(cn1)OCS2,0.0018363047770289071
COC(=O)c1nn(C)c(OC(=O)c2nc([S-])sc2N)c1I,0.014995576820477705
O=C(N[C@H](Nc1cccc[nH+]1)C(Cl)(Cl)Cl)c1ccc(Cl)nn1,0.0002960447300568554
NC(=O)c1cc(Br)cc(-c2cccc(S(N)(=O)=O)c2Cl)c1,0.00045282718288679695
CSC(N)=NCn1cc(C(=O)C(F)(F)F)cn1,0.14587575685622736
CCSc1nc(-c2cn(C)c(=O)n(CC)c2=O)cc(=O)[nH]1,8.358390101374608e-09
NC(=O)c1cc(Br)cnc1OC(Cl)(Cl)[C@H](O)Nc1cccc[nH+]1,5.559513241650147e-06
O=C(Nc1cccnc1)OCn1cc(C(=O)C(F)(F)F)cn1,0.001230911902673481
Cc1ccc([N+](=O)[O-])c(CC(=O)c2cc(Br)cnc2N)c1,9.166087736247617e-06
CSc1nc(-c2cc(C(N)=O)ccc2N)cc(=O)[nH]1,0.0003035391380788668
NOCc1ccc([N+](=O)Cc2c(N)cccc2Br)cc1Cl,3.059023205018258e-07
Cn1cccc1/C=C\[N+](=O)NC(=O)c1ccc(Cl)nn1,0.0003707435404590883
Cc1noc(C(=O)OC(=O)c2sc(C#N)nc2C)n1,0.04978706836786394
CC[C@]1(C)C(=O)N(/C(Cl)=N/O)C(=O)N1Cl,0.39653141907499284
C[C@](Cc1cc(C(N)=O)ccc1N)(OC(N)=O)C(Cl)(Cl)Cl,3.0511255580364225e-06
C[C@@]1(c2cc(I)cc(CO)n2)C(=O)N(Cl)C(=O)N1Cl,0.06720551273974974
CCOC(=O)c1n[nH]cc1Cc1ocnc1CBr,0.0016205332779293067
Cc1nc(Cl)c(Cl)n1CC=C[C@@H](C)n1cncn1,0.00012340980408667956
O=C(C1[NH+]=c2ccccc2=[NH+]1)n1cc(C(=O)C(F)(F)F)cn1,0.00045282718288679695
Nc1ncc(Br)cc1C(=O)Cc1cc(I)cc(CO)n1,0.00027465356997214254
Cc1ccc([C@H](Nc2cccc[nH+]2)C(Cl)(Cl)Cl)c(CCl)c1,6.039165480654292e-09
Cc1nc(C#N)sc1C(=O)NC(=O)CS,0.591555364366815
O=C([O-])C1=CCS[C@H]2[C@H](Cn3cc(C(=O)C(F)(F)F)cn3)C(=O)N12,0.00011166580849011478
C#CC[C@@](C)(OC(=O)c1cc(C(N)=O)ccc1N)C(Cl)(Cl)Cl,9.189813578979571e-07
O=C(c1cnn(Cc2cn3c(n2)OC(Cl)=CC3)c1)C(F)(F)F,0.00267180768519945
Cc1noc(C(=O)n2cc(C(=O)C(F)(F)F)cn2)n1,0.08847811904208733
NS(=O)(=O)c1cccc(OCc2ocnc2CBr)c1Cl,0.004405066161808406
COc1ccc(NN)cc1Cn1cc(C(=O)C(F)(F)F)cn1,2.498050325866635e-06
CCn1c(=O)c([C@@H]2CC(=O)N=C3NCC=[N+]32)cn(C)c1=O,5.069619862322286e-09
Nc1ncc(Br)cc1C(=O)c1ccc(CS(N)(=O)=O)cc1F,6.77287364908539e-05
Cc1noc(C(=O)OC[C@H](Nc2cccc[nH+]2)C(Cl)(Cl)Cl)n1,3.625258024588072e-05
C[C@H](C=COC(=O)[C@H](N)c1cccs1)n1cncn1,1.1195484842590942e-05
C#CC[C@@](C)(OC(=O)OC(=O)c1cnc(Cl)cc1N)C(Cl)(Cl)Cl,9.142423147817327e-05
C[C@@]1(OC(=O)c2cnc(Cl)cc2N)C(=O)N(Cl)C(=O)N1Cl,0.021818435531042762
CCn1nccc1[C@H](F)C(=O)NC(=O)c1ccc(Cl)nn1,0.00019844471708031962
Cc1scnc1C(=O)C(Cl)(Cl)[C@H](O)Nc1cccc[nH+]1,0.0002193153301629189
Cc1nc(C#N)sc1-c1cc(I)cc(CO)n1,0.06720551273974974
COc1nsc2ccc(C(=O)c3cc(Br)cnc3N)cc12,0.00012340980408667956
CC1=NC(=O)[C@H](CC(=O)C2=CCn3cc(CO)nc3O2)CS1,1.0208960723597638e-08
CCn1nccc1[C@H](F)C(=O)c1nc(Cl)c(Cl)n1CC(=O)OC,9.905554406366463e-07
NC(=O)c1ccc(Cc2cc(I)cc(CO)n2)c(Br)c1,2.1988301412819217e-05
O=C(c1cnn(C(=O)C2(Cc3nccs3)CC2)c1)C(F)(F)F,0.00024238092478421724
NC(=O)c1ccc(N)c(-c2nnc(SCCC(=O)[O-])s2)c1,0.0002960447300568554
CCn1cc(C(=O)C(F)(F)[C@H](C(=O)[O-])c2[nH+]ccn2CC)cn1,3.4070640224298915e-10
CCSc1nc(C=C[C@@H](C)n2cncn2)cc(=O)[nH]1,8.109982018779326e-07
COc1nsc2ccc([C@H](/C=C/C(=O)[O-])n3cncn3)cc12,1.3674196065680964e-05
CCn1c(=O)c(I)cn(-c2cc(NN)ccc2OC)c1=O,8.986116219424851e-08
CCn1cc[nH+]c1[C@@H](C(=O)[O-])[C@@H](C(=O)OC)c1cccs1,2.5174987194382783e-09
Cc1nc(C#N)sc1C(=O)OC(=O)C1[NH+]=c2ccccc2=[NH+]1,4.427900150274157e-05
Cc1scnc1C(=O)C[C@H](O)CSc1nc(Cl)ncc1Br,0.0004416468399053599
COC(=O)c1nn(C)c(-c2ccc(C(N)=O)cc2Br)c1I,0.0001330214718888092
C[C@](CCc1cc(I)cc(CO)n1)(OC(N)=O)C(Cl)(Cl)Cl,3.3720152341391845e-06
COC(=O)Cn1c(C)nc(NC(=O)c2ccc(Cl)nn2)c1Cl,9.142423147817327e-05
COc1ccc(NN)cc1C(=O)c1sc(C#N)nc1C,5.408249456402691e-05
Cc1noc(C(=O)Cc2c(N)cccc2Br)n1,0.024723526470339385
CC[C@]1(C)C(=O)N([C@]2(C)C(=O)N(Cl)C(=O)N2Cl)C(=O)N1Cl,0.0010862759414638579
O=[N+]([O-])/C=C\c1cccn1/C(Cl)=N/O,0.5352614285189902
COC(=O)Cn1c(C)nc(-c2cc(S(=O)(=O)NCC#N)sc2Br)c1Cl,7.523982992164213e-07
CCOC(=O)c1n[nH]cc1-c1cc(C(N)=O)ccc1N,1.6331498247853768e-06
CSc1nc(C(=O)Oc2cnc(Cl)cc2N)cc(=O)[nH]1,0.009095277101695816
CCOC(=O)c1nc([S-])sc1C(=O)c1nc(C)no1,0.04978706836786394
COC(=O)c1cc(Br)cnc1Oc1ncc(Br)cc1C(N)=O,0.0004097349789797868
Cc1nc(Cl)c(Cl)n1Cc1ccc(C(N)=O)cc1Br,0.003697863716482932
CCOC(=O)c1n[nH]cc1-c1cnc(N)c(C(=O)OC)c1,5.573903692694596e-07
NC(=O)c1cc(Br)cc(OC(=O)[C@H](N)c2cccs2)c1,0.00027465356997214254
O=C(OOCc1ocnc1CBr)c1nc(Br)c[nH]1,0.14956861922263506
O=C(c1cc(CO)nc(CO)c1)C1(Cc2nccs2)CC1,7.582560427911907e-10
CCn1nccc1[C@H](F)c1cn2c(n1)OC(Cl)=CC2,0.00027465356997214254
C[C@@]1(c2cc(Br)cc(C(N)=O)c2)C(=O)N(Cl)C(=O)N1Cl,0.021818435531042762
N[C@@H](C(=O)OOCc1ocnc1CBr)c1cccs1,0.00267180768519945
O=C([O-])CCSc1nnc(-c2cn3c(n2)OC(Cl)=CC3)s1,0.010051835744633584
CSc1nc(C(=O)OC(=O)c2cc(Br)cnc2N)cc(=O)[nH]1,0.0009118819655545162
CCn1nccc1[C@H](F)C(=O)c1nc(C)n(CC(=O)OC)c1Cl,3.4070640224298915e-10
O=[N+]([O-])/C=C\c1cccn1OCc1ocnc1CBr,0.006737946999085467
C[C@@]1(OC(=O)c2cnc(Cl)cc2N)C(=O)N(Cl)C(=O)N1Cl,0.021818435531042762
[O-]c1nsnc1-c1cn2c(n1)OC(Cl)=CC2,0.11943296826671962
CSC(N)=Nc1cccc(S(N)(=O)=O)c1Cl,0.16121764412977677
NC(=O)c1cc(Br)cnc1O/C(Cl)=N/O,0.32465246735834974
COc1nsc2ccc(-n3cccc3/C=C\[N+](=O)[O-])cc12,3.625258024588072e-05
CCOC(=O)c1nc([S-])sc1-n1cc(C(=O)C(F)(F)F)cn1,0.012277339903068436
COC(=O)c1cc(Br)cnc1-c1cc(N)cc(C(N)=O)c1,9.166087736247617e-06
OCc1cc(I)cc(C(Cl)(Cl)[C@H](O)Nc2cccc[nH+]2)n1,7.319269719965149e-06
CCOC(=O)c1n[nH]cc1-c1cc(CO)nc(CO)c1,2.0505245756119267e-07
O=C([O-])C1=CCS[C@H]2[C@H](C[C@H](O)CSc3nc(Cl)ncc3Br)C(=O)N12,2.767918658540807e-07
Nc1sc([S-])nc1C(=O)On1cc[nH+]c1[C@H](F)C(=O)[O-],0.05930865682943872
NC(=O)c1cc(Br)cnc1OOC(=O)c1cnc(Cl)cc1N,0.0017909662505412698
CS/C(N)=N/S(=O)(=O)COC(=O)c1ncsc1C,0.01831563888873418
COC(=O)c1cc(-c2ccc(CS(N)(=O)=O)cc2F)cnc1N,3.745970556295245e-08
COC(=O)c1cc(Br)cnc1-c1ccc(C(N)=O)cc1Br,0.00012340980408667956
Cc1cccc(S(=O)(=O)c2nnc(SCCC(=O)[O-])s2)c1Cl,0.0005394286683931291
COC(=O)c1nn(C)c(C(Cl)(Cl)[C@H](O)Nc2cccc[nH+]2)c1I,1.374507727921396e-07
Cc1nc(C#N)sc1/C(Cl)=N/O,0.11943296826671962
Nc1cc(Cl)ncc1Cc1ocnc1CBr,0.1224564282529819
COc1nsc2ccc(-c3ccc(C(N)=O)cc3Br)cc12,9.879980696519291e-06
NNc1ccc(-c2cccc(S(N)(=O)=O)c2Cl)c(F)c1,0.0008251049232659045
COc1nsc2ccc(Oc3ncc(Br)cc3C(N)=O)cc12,5.977040016914683e-05
CCn1cc[nH+]c1[C@H](F)C(=O)Cc1cn2c(n1)OC(Cl)=CC2,1.1282646495496606e-08
CCn1cc(C(=O)C(F)(F)C(=O)/C=C/[C@@H](C)n2cncn2)cn1,2.713571969554874e-09
NS(=O)(=O)Cc1ccc(-c2cn3c(n2)OC(Cl)=CC3)c(F)c1,6.77287364908539e-05
CCn1c(=O)c([N+](=O)c2ccc(CON)c(Cl)c2)cn(C)c1=O,2.5240151068452063e-10
COC(=O)c1cnc(OC(=O)Nc2cccnc2)cc1N,1.8458233995780558e-05
Cc1nc(C#N)sc1C(=O)C1(Cc2nccs2)CC1,0.0004416468399053599
COc1ncc(C#N)c(OCc2ocnc2CBr)n1,0.014625334709594222
C#CC[C@@](C)(OC(N)=O)C(Cl)(Cl)c1ccc(C)cc1CCl,7.582560427911907e-10
COC(=O)c1nn(C)c(-c2cc(CS(N)(=O)=O)ccc2F)c1I,9.905554406366463e-07
Cc1noc(C(=O)OCC(=O)c2ncsc2C)n1,0.04504920239355781
COC(=O)Cn1c(C(=O)/C=C/[C@@H](C)n2cncn2)nc(Cl)c1Cl,6.008022448912833e-07
OCC1=CN=N[C@H]1c1cc2c(cn1)OCS2,0.13533528323661267
CS/C(=N/S(=O)(=O)c1cccs1)OC(=O)Nc1cccnc1,0.0001507330750954765
COc1ccc(C(Cl)=NCc2cc(I)cc(CO)n2)cc1,7.543458349844258e-08
COc1ccc(C(Cl)=NC(=O)c2nc(C)no2)cc1,0.003697863716482932
COC(=O)c1cc(-n2cc(C(=O)C(F)(F)F)cn2)cnc1N,0.001230911902673481
CCn1cc[nH+]c1[C@H](OC(=O)Nc1ccc(Br)cn1)C(=O)[O-],1.674493209434266e-06
CC1=NC(=O)[C@H](CC=C[C@@H](C)n2cncn2)CS1,2.983495652978984e-07
COC(=O)c1nn(C)c(N=C(N)SC)c1I,0.04978706836786394
O=C1C[C@@H](NC(=O)c2ccc(Cl)nn2)[N+]2=CCNC2=N1,0.0013267804310269915
COC(=O)c1nn(C)c(-c2ccc3snc(OC)c3c2)c1I,4.439361491865163e-06
COc1ccc(NN)cc1-c1cc(Br)cc(C(N)=O)c1,6.639891685684094e-07
NC(=O)c1cc(N)cc(C2=CCn3cc(CO)nc3O2)c1,2.0505245756119267e-07
C#CC[C@@](C)(OC(N)=O)C(Cl)(Cl)c1nsnc1[O-],0.16121764412977677
Cc1noc(C(=O)OCc2ccc([N+](=O)[O-])c(CCl)c2)n1,0.0005530843701478336
CCn1c(=O)c(I)cn(-c2cc(CS(N)(=O)=O)ccc2F)c1=O,9.905554406366463e-07
Cn1cccc1/C=C\[N+](=O)Cc1cc(I)cc(CO)n1,8.336810789962771e-08
C[C@@]1(c2ccc(CS(N)(=O)=O)cc2F)C(=O)N(Cl)C(=O)N1Cl,0.0012005205795111008
Cc1noc(C(=O)c2ccc(C(N)=O)cc2Br)n1,0.04855782127000997
C[C@H](C=CCc1cn2c(n1)OC(Cl)=CC2)n1cncn1,9.905554406366463e-07
CCOC(=O)c1n[nH]cc1-c1cc(Br)cc(C(N)=O)c1,6.605650802868481e-05
[NH3+][C@@H]1C(=O)N2C(C(=O)C3[NH+]=c4ccccc4=[NH+]3)=CCS[C@@H]12,2.7065661928611266e-08
COc1nsc2ccc(-c3cc(C(N)=O)ccc3N)cc12,4.450852500419419e-07
CCn1c(=O)c(I)cn(Cc2ocnc2CBr)c1=O,0.0032633532759761483
CCn1nccc1[C@H](F)C(=O)c1cc(=O)[nH]c(SC)n1,3.363309518571897e-05
NC(=O)c1ccc(Cc2ocnc2CBr)c(Br)c1,0.0072627262798148915
CCn1c(=O)c(I)cn(-c2ccc(NN)cc2F)c1=O,0.00016247279265951725
Cc1scnc1C(=O)c1cc(C(N)=O)ccc1N,0.0024787521766663585
COC(=O)c1cc(-c2cnc(Cl)cc2N)cnc1N,0.0010862759414638579
O=C(c1cc(I)cc(CO)n1)C1[NH+]=c2ccccc2=[NH+]1,1.989583787737179e-05
NC(=O)c1ccc(C(Cl)(Cl)[C@H](O)Nc2cccc[nH+]2)c(Br)c1,9.189813578979571e-07
O=C(Cc1cn2c(n1)OC(Cl)=CC2)C1[NH+]=c2ccccc2=[NH+]1,1.519065967568964e-07
CCn1cc(C(=O)C(F)(F)C(=O)c2sc(C#N)nc2C)cn1,0.000179560205425833
BrCc1ncoc1COc1cc2c(cn1)OCS2,0.03337326996032608
CC1=NC(=O)[C@H](CC(=O)[N+](=O)/C=C\c2cccn2C)CS1,3.074879879586606e-09
CCn1nccc1[C@H](F)C(=O)OC(=O)c1sc(C#N)nc1C,5.017468205617528e-05
C#CC[C@@](C)(OC(N)=O)C(Cl)(Cl)C[C@@](C)(OC(N)=O)C(Cl)(Cl)Cl,4.93168514451363e-08
COc1ncc(S(=O)(=O)/N=C(\N)SC)cc1C(N)=O,0.001661557273173934
CCn1c(=O)c(I)cn([C@]2(C)C(=O)N(Cl)C(=O)N2Cl)c1=O,0.008026553870395154
NC(=O)c1cc(Br)cc(Cn2cc(C(=O)C(F)(F)F)cn2)c1,0.0006112527611295723
Cc1ccc([N+](=O)[O-])c(CCc2cc(I)cc(CO)n2)c1,8.152020714470167e-09
O=C(Nc1cccnc1)OC1=CCn2cc(CO)nc2O1,1.8458233995780558e-05
COc1nsc2ccc(-c3cc(=O)[nH]c(SC)n3)cc12,0.00027465356997214254
CCn1c(=O)c(I)cn([C@H](Nc2cccc[nH+]2)C(Cl)(Cl)Cl)c1=O,1.0947330657332295e-06
Cn1cccc1/C=C\[N+](=O)[C@H](/C=C/C(=O)[O-])n1cncn1,2.975792999595899e-06
O=C(Nc1cccnc1)Oc1nsnc1[O-],0.20189651799465538
CC1=NC(=O)[C@H](CC(=O)[N+](=O)/C=C\c2cccn2C)CS1,3.074879879586606e-09
CCn1cc(C(=O)C(F)(F)c2ccc3snc(OC)c3c2)cn1,8.986116219424851e-08
COC(=O)c1cc(Br)cnc1NC(=O)c1ccc(Cl)nn1,0.004086771438464067
C[C@@]1(c2cn3c(n2)OC(Cl)=CC3)C(=O)N(Cl)C(=O)N1Cl,0.04504920239355781
NS(=O)(=O)Cc1ccc(F)c(OCc2ocnc2CBr)c1,8.272406555663223e-05
Cc1cccc(S(=O)(=O)[C@@H]2C(=O)N3C(C(=O)[O-])=CCS[C@@H]23)c1Cl,4.016900390027534e-06
CCn1cc[nH+]c1[C@@H](C(=O)[O-])[C@@H]1N=NC=C1CO,4.893586474225786e-05
COC(=O)c1cc(Br)cnc1OC(=O)c1cnc(Cl)cc1N,0.0004097349789797868
Cc1nc(C#N)sc1-c1nnc(SCCC(=O)[O-])s1,0.07243975703425146
Nc1cccc(Br)c1CCc1cc(I)cc(CO)n1,1.3709590863840845e-06
CCn1cc[nH+]c1[C@@H](C(=O)[O-])n1cccc1/C=C\[N+](=O)[O-],5.573903692694596e-07
COC(=O)Cn1c(C)nc(C(=O)C2[NH+]=c3ccccc3=[NH+]2)c1Cl,9.032696421984649e-10
C[C@H](/C=C/C(=O)OC(=O)Nc1ccc(Br)cn1)n1cncn1,7.319269719965149e-06
CCSc1nc(-c2cc(CS(N)(=O)=O)ccc2F)cc(=O)[nH]1,4.450852500419419e-07
NS(=O)(=O)Cc1ccc(F)c(C[C@H](O)CSc2nc(Cl)ncc2Br)c1,7.56298411826514e-09
COC(=O)Cn1c(C)nc(-n2cc[nH+]c2[C@H](F)C(=O)[O-])c1Cl,2.6856571992874528e-05
CCn1cc[nH+]c1[C@@H](C(=O)[O-])c1nc(Cl)c(Cl)n1CC(=O)OC,1.0182603693119986e-07
COC(=O)c1cc(-n2cccc2/C=C\[N+](=O)[O-])cnc1N,1.8458233995780558e-05
COC(=O)c1cc(-c2cccc(S(N)(=O)=O)c2Cl)cnc1N,1.206743567329791e-05
O=C(C1(Cc2nccs2)CC1)C(Cl)(Cl)[C@H](O)Nc1cccc[nH+]1,1.1341130933749783e-10
ClC(Cl)(Cl)[C@@H](Nc1cccc[nH+]1)c1cc2c(cn1)OCS2,0.0001330214718888092
Cc1c(I)c(Cc2ocnc2CBr)nn1C,0.02732372244729256
COC(=O)c1cc(-c2ccc([N+](=O)[O-])c(CCl)c2)cnc1N,3.2887598813664843e-06
NC(=O)c1ccc(OCc2ocnc2CBr)c(Br)c1,0.004086771438464067
Cc1nc(C#N)sc1C(=O)Oc1cc(CS(N)(=O)=O)ccc1F,8.272406555663223e-05
[O-]c1nsnc1C[C@H](O)CSc1nc(Cl)ncc1Br,0.11943296826671962
CS/C(=N/S(=O)(=O)c1cccs1)c1cc(Br)cc(C(N)=O)c1,7.485182988770058e-05
CSc1nc(C(=O)OOC(=O)c2nc([S-])sc2N)cc(=O)[nH]1,0.00822974704902003
COC(=O)c1cnc(OC(=O)c2nc(Br)c[nH]2)cc1N,0.006737946999085467
NS(=O)(=O)c1cccc(C2=CCS[C@H]3[C@H]([NH3+])C(=O)N23)c1Cl,1.989583787737179e-05
C#CC[C@@](C)(OC(=O)c1cc(NN)ccc1OC)C(Cl)(Cl)Cl,1.522997974471263e-08
O=C(Nc1cccnc1)OOC(=O)Nc1ccc(Br)cn1,0.0016205332779293067
COC(=O)Cn1c(-c2cc(S(=O)(=O)NCC#N)sc2Br)nc(Cl)c1Cl,0.00012036280516721316
CCn1cc[nH+]c1[C@H](F)C(=O)C(=O)c1nc(C)no1,0.0006755387751938444
CSc1nc(C(=O)Oc2nsnc2[O-])cc(=O)[nH]1,0.11080315836233386
CCn1cc[nH+]c1[C@H](F)C(=O)C(=O)c1cc(Br)cnc1N,5.4222483706341535e-06
NC(=O)c1cc(N)cc(Oc2nsc3ccc(N)cc23)c1,7.504557915076859e-06
CCn1nccc1[C@H](F)C(=O)c1cnc(N)c(C(=O)OC)c1,1.0208960723597638e-08
N#CCNS(=O)(=O)c1cc(Cc2cn3c(n2)OC(Cl)=CC3)c(Br)s1,4.006529739295107e-05
COC(=O)Cn1c([C@@H](C(=O)OC)c2cccs2)nc(Cl)c1Cl,1.3336578961877467e-05
C#CC[C@@](C)(OC(=O)c1nn(C)c(C)c1I)C(Cl)(Cl)Cl,0.00024238092478421724
O=C([O-])CCSc1nnc(Cn2cc(C(=O)C(F)(F)F)cn2)s1,0.003345965457471272
C#CC[C@@](C)(OC(=O)C1=CCn2cc(CO)nc2O1)C(Cl)(Cl)Cl,2.983495652978984e-07
COC(=O)Cn1c(C)nc(N=C(N)SC)c1Cl,0.0017909662505412698
C[C@H](C=C/C(Cl)=N/O)n1cncn1,0.43823499246494924
C#CC[C@@](C)(OC(N)=O)C(Cl)(Cl)c1cnc(OC)c(C(N)=O)c1,4.0481736830090344e-09
CCSc1nc(-c2cc(N)c(C(=O)OC)cn2)cc(=O)[nH]1,7.523982992164213e-07
OCc1cc(/C(Cl)=N/O)cc(CO)n1,0.4965853037914096
CSc1nc([C@@H]2C(=O)N3C(C(=O)[O-])=CCS[C@@H]23)cc(=O)[nH]1,0.0009118819655545162
Cc1noc(C(=O)[C@@H]2C(=O)N3C(C(=O)[O-])=CCS[C@@H]23)n1,0.009803655035821828
CCn1c(=O)c(I)cn(NC(=O)CS)c1=O,0.14587575685622736
COC(=O)c1cc(Br)cnc1-c1cc2c(cn1)OCS2,0.0018363047770289071
CSC(N)=Nc1sc(C#N)nc1C,0.4065696597405991
CCn1cc[nH+]c1[C@H](F)C(=O)c1cn2c(n1)OC(Cl)=CC2,5.4222483706341535e-06
COC(=O)Cn1c(C)nc(N=C(N)SC)c1Cl,0.0017909662505412698
Cc1nc(C#N)sc1C(=O)Oc1ccc(C(N)=O)cc1Br,0.0018363047770289071
CCOC(=O)c1nc([S-])sc1C(=O)[C@@H](F)c1ccnn1CC,3.0511255580364225e-06
Cc1noc(C(=O)[C@@H]2C(=O)N3C(C(=O)[O-])=CCS[C@@H]23)n1,0.009803655035821828
COc1ccc(C(Cl)=NC(=O)C2(Cc3nccs3)CC2)cc1,6.860984399693442e-10
COC(=O)Cn1c(-c2cnc(Cl)cc2N)nc(Cl)c1Cl,0.010051835744633584
Nc1cccc(Br)c1CCc1ocnc1CBr,0.001230911902673481
NC(=O)c1cc(Br)cc(C2=CCS[C@H]3[C@H]([NH3+])C(=O)N23)c1,1.5112323819855033e-05
Nc1ncc(Br)cc1C(=O)c1cc(I)cc(CO)n1,0.00887071390992826
Cc1cccc(S(=O)(=O)Cc2cc(I)cc(CO)n2)c1Cl,1.8049096912131372e-06
CCOC(=O)c1n[nH]cc1-c1ccc([N+](=O)[O-])c(CCl)c1,2.4916009731503204e-05
Cc1noc(C(=O)OCOc2ncc(Br)cc2C(N)=O)n1,0.0024175515673645035
COC(=O)c1cc(Br)cnc1OC(=O)Nc1cccnc1,0.0003035391380788668
O=C([O-])CCSc1nnc(-c2cc3c(cn2)OCS3)s1,0.021818435531042762
C#CC[C@@](C)(OC(=O)c1cc(=O)[nH]c(SCC)n1)C(Cl)(Cl)Cl,3.3720152341391845e-06
Cc1nc(C#N)sc1C(=O)C(=O)C1[NH+]=c2ccccc2=[NH+]1,9.142423147817327e-05
COC(=O)[C@@H](c1cccs1)c1nsnc1[O-],0.3678794411714424
COc1nsc2ccc([C@H](/C=C/C(=O)[O-])n3cncn3)cc12,1.3674196065680964e-05
CCOC(=O)c1nc([S-])sc1Cc1cc(I)cc(CO)n1,3.7170318684126734e-05
CCOC(=O)c1n[nH]cc1OC(=O)c1cc(=O)[nH]c(SC)n1,1.628933432845802e-05
COC(=O)[C@@H](c1cccs1)C(Cl)(Cl)[C@H](O)Nc1cccc[nH+]1,1.522997974471263e-08
Nc1ccc2snc(Oc3cnc(Cl)cc3N)c2c1,0.005946217356472094
C[C@@]1(OC(=O)c2nc([S-])sc2N)C(=O)N(Cl)C(=O)N1Cl,0.06720551273974974
COC(=O)Cn1c(C)nc(-c2c(I)c(C(=O)OC)nn2C)c1Cl,1.0182603693119986e-07
NC(=O)c1ccc(-c2cc(I)cc(CO)n2)c(Br)c1,0.0015034391929775726
CCn1cc(C(=O)C(F)(F)[C@@H](F)c2ccnn2CC)cn1,8.986116219424851e-08
CC1=NC(=O)[C@H](CC(=O)C(=O)C2[NH+]=c3ccccc3=[NH+]2)CS1,3.074879879586606e-09
COc1nsc2ccc(S(=O)(=O)c3cccc(C)c3Cl)cc12,9.905554406366463e-07
Cc1nc(C#N)sc1C(=O)Oc1cn2c(n1)OC(Cl)=CC2,0.005946217356472094
C[C@H](/C=C/C(=O)c1nnc(SCCC(=O)[O-])s1)n1cncn1,2.1988301412819217e-05
NS(=O)(=O)c1cccc(C[C@H](O)CSc2nc(Cl)ncc2Br)c1Cl,3.2887598813664843e-06
COC(=O)c1cc([C@H](/C=C/C(=O)[O-])n2cncn2)cnc1N,5.4222483706341535e-06
Cc1nc(Cl)c(Cl)n1Cc1cc(N)cc(C(N)=O)c1,0.00027465356997214254
Cc1cccc(S(=O)(=O)NC(=O)CS)c1Cl,0.10806741863482926
CS/C(=N/S(=O)(=O)c1cccs1)C1=CCS[C@H]2[C@H]([NH3+])C(=O)N12,1.3371099859357042e-06
Cc1c(I)c(-n2cc(C(=O)C(F)(F)F)cn2)nn1C,0.04978706836786394
COC(=O)Cn1c(NC(=O)CS)nc(Cl)c1Cl,0.19691167520419406
Cc1nc(C#N)sc1C(=O)c1ccc(CS(N)(=O)=O)cc1F,0.0002193153301629189
Cc1nc(Cl)c(Cl)n1CCc1ocnc1CBr,0.04504920239355781
CSc1nc(-c2cc(Br)cc(C(N)=O)c2)cc(=O)[nH]1,0.004086771438464067
CCOC(=O)c1nc([S-])sc1C(=O)C1(Cc2nccs2)CC1,9.189813578979571e-07
CCSc1nc(OC(=O)c2sc(C#N)nc2C)cc(=O)[nH]1,0.0009118819655545162
COc1nsc2ccc(C[C@@](C)(OC(N)=O)C(Cl)(Cl)Cl)cc12,3.3720152341391845e-06
Cc1nc(C#N)sc1C(=O)Oc1cc(Br)cc(C(N)=O)c1,0.0018363047770289071
Cc1cccc(S(=O)(=O)[N+](=O)c2ccc(CON)c(Cl)c2)c1Cl,2.983495652978984e-07
O=C(Nn1cc(C(=O)C(F)(F)F)cn1)c1ccc(Cl)nn1,0.01974213687149278
CCOC(=O)c1n[nH]cc1OC(=O)Nc1cccnc1,0.00010890876985506645
CCn1cc[nH+]c1[C@H](F)C(=O)c1cc(C(N)=O)ccc1N,2.5174987194382783e-09
O=[N+]([O-])c1ccc([C@H](Nc2cccc[nH+]2)C(Cl)(Cl)Cl)cc1CCl,2.2603294069810542e-06
CCn1nccc1[C@H](F)C(=O)C[C@@](C)(OC(N)=O)C(Cl)(Cl)Cl,1.519065967568964e-07
CCn1cc(C(=O)C(F)(F)Cn2c(C)nc(Cl)c2Cl)cn1,7.485182988770058e-05
C[C@H](/C=C/C(=O)OCc1ocnc1CBr)n1cncn1,3.0432483008403628e-05
COC(=O)Cn1c(C2=CCS[C@H]3[C@H]([NH3+])C(=O)N23)nc(Cl)c1Cl,6.79040480737947e-06
C#CC[C@@](C)(OC(=O)[C@@H](C(=O)OC)c1cccs1)C(Cl)(Cl)Cl,4.563526367903994e-07
NC(=O)c1ccc(N)c(-c2nsnc2[O-])c1,0.2725317930340126
Cc1nc(C#N)sc1-c1cc(I)cc(CO)n1,0.06720551273974974
CCSc1nc(Cc2cc(I)cc(CO)n2)cc(=O)[nH]1,2.4363732435633346e-06
COC(=O)c1cc(-c2cc(I)cc(CO)n2)cnc1N,6.605650802868481e-05
CCOC(=O)c1n[nH]cc1C1=CCn2cc(CO)nc2O1,5.573903692694596e-07
COC(=O)c1cc([C@@H]2C(=O)N3C(C(=O)[O-])=CCS[C@@H]23)cnc1N,9.189813578979571e-07
CC1=NC(=O)[C@H](COC(=O)Nc2cccnc2)CS1,8.068160110066498e-05
Cc1noc(C(=O)C(=O)C2[NH+]=c3ccccc3=[NH+]2)n1,0.002739444818768368
COC(=O)Cn1c(Cc2cn3c(n2)OC(Cl)=CC3)nc(Cl)c1Cl,2.430083125932946e-05
CS/C(=N/S(=O)(=O)c1cccs1)c1cc(CS(N)(=O)=O)ccc1F,4.563526367903994e-07
CSc1nc(C(=O)OCOC(=O)c2ncsc2C)cc(=O)[nH]1,9.142423147817327e-05
CCn1cc(C(=O)C(F)(F)C2=CCS[C@H]3[C@H]([NH3+])C(=O)N23)cn1,4.139937718785167e-08
CCn1nccc1[C@H](F)C(=O)COC(=O)c1ncsc1C,1.01563147100249e-06
Nc1ncc(Br)cc1C(=O)OC(=O)[C@H](N)c1cccs1,0.002187491118182885
CCSc1nc(-c2ccc3snc(OC)c3c2)cc(=O)[nH]1,1.9947337004816555e-06
CC1=NC(=O)[C@H](Cc2ccc(CS(N)(=O)=O)cc2F)CS1,1.3405710112012821e-07
O=[N+]([O-])c1ccc(-c2cc(CO)nc(CO)c2)cc1CCl,1.4777350707246778e-06
CCOC(=O)c1nc([S-])sc1C(=O)C[C@@H]1CSC(C)=NC1=O,2.498050325866635e-06
C#CC[C@@](C)(OC(=O)c1cccc(S(N)(=O)=O)c1Cl)C(Cl)(Cl)Cl,2.430083125932946e-05
NS(=O)(=O)Cc1ccc(OC(=O)c2nc(Br)c[nH]2)c(F)c1,0.0053803599599108205
CCn1c(=O)c(I)cn(N=C(N)SC)c1=O,0.04978706836786394
Cc1noc(C(=O)OCOCc2ocnc2CBr)n1,0.00822974704902003
COc1ccc(NN)cc1COC(=O)c1n[nH]cc1C=O,5.573903692694596e-07
Cc1scnc1C(=O)n1cccc1/C=C\[N+](=O)[O-],0.0301973834223185
COc1ccc(C(Cl)=N[N+](=O)/C=C\c2cccn2C)cc1,8.152020714470167e-09
Nc1cc(Cl)ncc1C(=O)O[C@@H]1C(=O)N2C(C(=O)[O-])=CCS[C@@H]12,0.0001330214718888092
Cc1scnc1C(=O)OCCc1ocnc1CBr,0.006096746565515638
Cc1noc(C(=O)C(=O)/C=C/[C@@H](C)n2cncn2)n1,0.0014663191470429032
Cc1nc(C#N)sc1C(=O)Oc1cc(I)cc(CO)n1,0.00887071390992826
O=C([O-])C1=CCS[C@H]2[C@H](C(Cl)(Cl)[C@H](O)Nc3cccc[nH+]3)C(=O)N12,1.1253517471925912e-07
COc1ncc(C#N)c(Oc2ccc(NN)cc2F)n1,0.0010862759414638579
Cc1noc(C(=O)OCOc2ncc(Br)cc2C(N)=O)n1,0.0024175515673645035
O[C@@H](CCc1cn2c(n1)OC(Cl)=CC2)CSc1nc(Cl)ncc1Br,1.2437060236028695e-07
C[C@H](C=CC1=CCn2cc(CO)nc2O1)n1cncn1,1.374507727921396e-07
O=C1C[C@@H](/C(Cl)=N/O)[N+]2=CCNC2=N1,0.5352614285189902
Cc1noc(C(=O)Oc2ncc(Br)cc2C(N)=O)n1,0.04855782127000997
CCn1nccc1[C@H](F)C(=O)N=C(N)SC,0.002739444818768368
CCn1c(=O)c(I)cn(Cn2c(C)nc(Cl)c2Cl)c1=O,0.0015034391929775726
Cc1nc(C#N)sc1C(=O)OCc1ocnc1CBr,0.03337326996032608
[O-]c1nsnc1Cc1cc(I)cc(CO)n1,0.3678794411714424
COc1nsc2ccc(-c3ccc(C(N)=O)cc3Br)cc12,9.879980696519291e-06
COC(=O)Cn1c(-c2c(I)c(C(=O)OC)nn2C)nc(Cl)c1Cl,5.408249456402691e-05
CCn1nccc1[C@H](F)C(=O)Oc1nc(OC)ncc1C#N,7.319269719965149e-06
CS/C(N)=N/S(=O)(=O)NC(=O)c1ccc(Cl)nn1,0.10806741863482926
CS/C(COC(=O)c1nc(C)no1)=N/S(=O)(=O)c1cccs1,0.0002248673241788482
COC(=O)c1cc(Br)cnc1-c1cnc(OC)c(C(N)=O)c1,3.2887598813664843e-06
Cc1nc(C#N)sc1Oc1nsc2ccc(N)cc12,0.010051835744633584
COC(=O)Cn1c(-n2cccc2/C=C\[N+](=O)[O-])nc(Cl)c1Cl,0.00036158984983022615
CCn1nccc1[C@H](F)C(=O)c1ccc(CS(N)(=O)=O)cc1F,5.464462900607136e-09
NC(=O)c1cc(N)cc(C2=CCn3cc(CO)nc3O2)c1,2.0505245756119267e-07
C[C@](CCc1c(N)cccc1Br)(OC(N)=O)C(Cl)(Cl)Cl,8.089044036057168e-06
NC(=O)c1ccc(NC(=O)CS)c(Br)c1,0.32465246735834974
NS(=O)(=O)Cc1ccc(F)c(Cn2cc(C(=O)C(F)(F)F)cn2)c1,1.5112323819855033e-05
C[C@@]1(n2cc[nH+]c2[C@H](F)C(=O)[O-])C(=O)N(Cl)C(=O)N1Cl,0.05502322005640723
Cc1noc(C(=O)OCOc2nsc3ccc(N)cc23)n1,0.0006755387751938444
Cc1nc(C#N)sc1C(=O)Oc1nsc2ccc(N)cc12,0.0015034391929775726
COC(=O)Cn1c(C)nc(Oc2ncc(Br)cc2C(N)=O)c1Cl,4.118588707535707e-06
NC(=O)c1ccc(NC(=O)c2ccc(Cl)nn2)c(Br)c1,0.0072627262798148915
CS/C(N)=N/S(=O)(=O)NC(=O)c1ccc(Cl)nn1,0.10806741863482926
CCn1cc[nH+]c1[C@H](F)C(=O)Cc1c(N)cccc1Br,7.376253375056835e-09
NS(=O)(=O)Cc1ccc(F)c(-c2cn3c(n2)OC(Cl)=CC3)c1,6.77287364908539e-05
O=C(c1nsnc1[O-])C1(Cc2nccs2)CC1,0.14956861922263506
C#CC[C@@](C)(OC(=O)c1cc(N)cc(C(N)=O)c1)C(Cl)(Cl)Cl,9.189813578979571e-07
Cc1noc(C(=O)OCC2=CCn3cc(CO)nc3O2)n1,3.363309518571897e-05
C#CC[C@@](C)(OC(=O)c1ccc([N+](=O)[O-])c(CCl)c1)C(Cl)(Cl)Cl,6.622749115322036e-06
O=C(c1cn2c(n1)OC(Cl)=CC2)C1(Cc2nccs2)CC1,1.013009359863071e-05
CCSc1nc([C@]2(C)C(=O)N(Cl)C(=O)N2Cl)cc(=O)[nH]1,0.008026553870395154
CCn1nccc1[C@H](F)C(=O)c1nnc(SCCC(=O)[O-])s1,3.625258024588072e-05
CCn1c(=O)c(OC(=O)c2cc(=O)[nH]c(SC)n2)cn(C)c1=O,6.176061335580363e-08
CC1=NC(=O)[C@H](CC(=O)[C@]2(C)C(=O)N(Cl)C(=O)N2Cl)CS1,0.000728152539089461
COC(=O)c1nn(C)c(/C(=N\S(=O)(=O)c2cccs2)SC)c1I,1.670170079024566e-05
Nc1cccc(Br)c1Cc1cc(CO)nc(CO)c1,1.9998969434520019e-07
COC(=O)c1cc(C(=O)c2sc(C#N)nc2C)cnc1N,0.0003035391380788668
CCn1nccc1[C@H](F)C(=O)/C=C/[C@@H](C)n1cncn1,1.2161385837529812e-08
CCSc1nc([N+](=O)c2ccc(CON)c(Cl)c2)cc(=O)[nH]1,3.297272629877487e-07
N[C@@H](C(=O)OCc1ocnc1CBr)c1cccs1,0.006096746565515638
O=Cc1c[nH]nc1C(=O)OC[C@H](/C=C/C(=O)[O-])n1cncn1,0.0001330214718888092
Nc1ccc2snc(OC(=O)c3cc(Br)cnc3N)c2c1,0.0008047330101246132
Nc1ccc2snc(OCc3c(N)cccc3Br)c2c1,1.8002498574623106e-05
Cc1scnc1C(=O)OCc1ccc(C(N)=O)cc1Br,0.00027465356997214254
CCn1cc(C(=O)C(F)(F)n2cc(I)c(=O)n(CC)c2=O)cn1,9.905554406366463e-07
C#CC[C@@](C)(OC(N)=O)C(Cl)(Cl)COC(=O)c1ncsc1C,3.6440498195074125e-07
COC(=O)Cn1c(C)nc(Cn2c(C)nc(Cl)c2Cl)c1Cl,1.628933432845802e-05
CCOC(=O)c1nc([S-])sc1Cc1ocnc1CBr,0.010051835744633584
CCOC(=O)c1nc([S-])sc1Cc1cc(I)cc(CO)n1,3.7170318684126734e-05
CCn1c(=O)c(I)cn(NC(=O)CS)c1=O,0.14587575685622736
COC(=O)c1cc(Br)cnc1-c1cc(I)cc(CO)n1,0.0008047330101246132
CCn1c(=O)c(I)cn(Oc2nsc3ccc(N)cc23)c1=O,5.017468205617528e-05
COC(=O)Cn1c(/C(Cl)=N/O)nc(Cl)c1Cl,0.43823499246494924
CCn1nccc1[C@H](F)C(=O)C1[NH+]=c2ccccc2=[NH+]1,5.588331392518268e-08
Nc1sc([S-])nc1C(=O)OC(=O)C1(Cc2nccs2)CC1,0.001230911902673481
CCn1nccc1[C@H](F)n1cc(I)c(=O)n(CC)c1=O,5.4222483706341535e-06
Cc1nc(C#N)sc1C(=O)OC[C@@](C)(OC(N)=O)C(Cl)(Cl)Cl,0.0012005205795111008
Cc1ccc([N+](=O)[O-])c(CC(=O)/C=C/[C@@H](C)n2cncn2)c1,2.0154669992095837e-10
COC(=O)c1nn(C)c(Cc2cc(I)cc(CO)n2)c1I,6.622749115322036e-06
OCc1cc(-c2cn3c(n2)OC(Cl)=CC3)cc(CO)n1,6.605650802868481e-05
COC(=O)c1nn(C)c([C@@H]2N=NC=C2CO)c1I,0.00822974704902003
CCn1nccc1[C@H](F)n1cc[nH+]c1[C@H](F)C(=O)[O-],0.0007465858083766792
COC(=O)c1cnc(-n2cc[nH+]c2[C@H](F)C(=O)[O-])cc1N,0.0002193153301629189
O=Cc1c[nH]nc1C(=O)OCOC(=O)Nc1cccnc1,0.0004097349789797868
Cc1c(I)c(-c2cc(CO)nc(CO)c2)nn1C,2.968110232572986e-05
Cc1nc(Cl)c(Cl)n1Cc1ccc(CS(N)(=O)=O)cc1F,0.00011166580849011478
Cn1cccc1/C=C\[N+](=O)c1cccc(S(N)(=O)=O)c1Cl,6.622749115322036e-06
Cc1scnc1C(=O)c1cccc(S(N)(=O)=O)c1Cl,0.021818435531042762
COc1nsc2ccc(/C(Cl)=N/O)cc12,0.4843245689553625
O=[N+]([O-])c1ccc(-c2cn3c(n2)OC(Cl)=CC3)cc1CCl,0.0009829031181487387
C#CC[C@@](C)(OC(=O)[N+](=O)/C=C\c1cccn1C)C(Cl)(Cl)Cl,1.3405710112012821e-07
CSc1nc(C(=O)O[C@@H]2N=NC=C2CO)cc(=O)[nH]1,0.010051835744633584
CCn1nccc1[C@H](F)OCc1ocnc1CBr,0.0004097349789797868
Cc1nc(Cl)c(Cl)n1CCOC(=O)c1n[nH]cc1C=O,0.0039858686921282905
CS/C(=N/S(=O)(=O)c1cccs1)OC(=O)c1cnc(Cl)cc1N,0.00024851682710795185
COC(=O)Cn1c(C)nc(N=C(N)SC)c1Cl,0.0017909662505412698
NC(=O)c1ccc(N)c(-n2cc[nH+]c2[C@H](F)C(=O)[O-])c1,0.0005530843701478336
OCc1cn2c(n1)OC(C(Cl)(Cl)[C@H](O)Nc1cccc[nH+]1)=CC2,4.0481736830090344e-09
CCn1nccc1[C@H](F)c1cccc(S(N)(=O)=O)c1Cl,4.5399929762484854e-05
Cc1noc(C(=O)c2nn(C)c(C)c2I)n1,0.16529888822158653
C#CC[C@@](C)(OC(=O)c1sc(C#N)nc1C)C(Cl)(Cl)Cl,0.006096746565515638
C#CC[C@@](C)(OC(=O)Cn1cc(C(=O)C(F)(F)F)cn1)C(Cl)(Cl)Cl,5.977040016914683e-05
C[C@](Cc1cc(Br)cc(C(N)=O)c1)(OC(N)=O)C(Cl)(Cl)Cl,0.00011166580849011478
COc1ccc(NN)cc1OC(=O)c1cnc(Cl)cc1N,4.906253215634297e-06
O=C(CS)NCc1cc(I)cc(CO)n1,0.08005831278672054
COC(=O)[C@H](OC(=O)c1nc(Br)c[nH]1)c1cccs1,0.016163494588165874
C#CC[C@@](C)(OC(N)=O)C(Cl)(Cl)Cc1cn2c(n1)OC(Cl)=CC2,5.05653134833552e-08
Cc1nc(Cl)c(Cl)n1CC1=CCS[C@H]2[C@H]([NH3+])C(=O)N12,0.00014701146221112946
CCOC(=O)c1n[nH]cc1C1=CCn2cc(CO)nc2O1,5.573903692694596e-07
Cc1ccc([C@H](Nc2cccc[nH+]2)C(Cl)(Cl)Cl)c(CCl)c1,6.039165480654292e-09
CC[C@]1(C)C(=O)N(C=C[C@@H](C)n2cncn2)C(=O)N1Cl,4.0377222923111424e-08
CC1=NC(=O)[C@H](CC(=O)OC(=O)c2cnc(Cl)cc2N)CS1,1.206743567329791e-05
C#CC[C@@](C)(OC(=O)OC(=O)c1cc(=O)[nH]c(SC)n1)C(Cl)(Cl)Cl,7.504557915076859e-06
CCn1c(=O)c(I)cn(C(=O)c2ncsc2C)c1=O,0.009095277101695816
COC(=O)c1cc(C2=CCn3cc(CO)nc3O2)cnc1N,6.657078628513462e-08
NS(=O)(=O)Cc1ccc(-n2cccc2/C=C\[N+](=O)[O-])c(F)c1,1.206743567329791e-05
O=C([O-])CCSc1nnc(-c2cc(CO)nc(CO)c2)s1,7.485182988770058e-05
NC(=O)c1ccc(-c2cc(CO)nc(CO)c2)c(Br)c1,4.118588707535707e-06
CCn1c(=O)c(I)cn(C2=CCn3cc(CO)nc3O2)c1=O,1.674493209434266e-06
O=C([O-])C1=CCS[C@H]2[C@H](Cn3cc(C(=O)C(F)(F)F)cn3)C(=O)N12,0.00011166580849011478
CCn1c(=O)c(I)cn(N=C(Cl)c2ccc(OC)cc2)c1=O,8.315287191035679e-07
COc1ccc(NN)cc1Cn1c(C)nc(Cl)c1Cl,1.013009359863071e-05
CCOC(=O)c1nc([S-])sc1[C@@H]1C(=O)N2C(C(=O)[O-])=CCS[C@@H]12,5.545159943217694e-05
COC(=O)c1nn(C)c(-c2cc(Br)cc(C(N)=O)c2)c1I,0.0001330214718888092
CC[C@]1(C)C(=O)N(Cc2cc(I)cc(CO)n2)C(=O)N1Cl,1.2129988124692217e-07
CCn1c(=O)c(Cc2c(N)cccc2Br)cn(C)c1=O,8.152020714470167e-09
CSc1nc(C(=O)Oc2cc(Br)cc(C(N)=O)c2)cc(=O)[nH]1,0.00016247279265951725
CCn1cc(C(=O)C(F)(F)Oc2ncc(Br)cc2C(N)=O)cn1,2.430083125932946e-05
COc1ncc(C#N)c(OC2=CCS[C@H]3[C@H]([NH3+])C(=O)N23)n1,4.5399929762484854e-05
CCn1c(=O)c(I)cn(OC(=O)Nc2cccnc2)c1=O,0.0002193153301629189
C[C@](C/C(Cl)=N/O)(OC(N)=O)C(Cl)(Cl)Cl,0.5488116360940265
CCn1c(=O)c(-c2cccc(S(N)(=O)=O)c2Cl)cn(C)c1=O,3.297272629877487e-07
C#CC[C@@](C)(OC(=O)OC(=O)c1cc(=O)[nH]c(SC)n1)C(Cl)(Cl)Cl,7.504557915076859e-06
Cc1nc(C#N)sc1C(=O)c1cc(Br)cnc1N,0.04504920239355781
Nc1cc(Cl)ncc1C(=O)ONC(=O)CS,0.39653141907499284
CCn1cc[nH+]c1[C@@H](C(=O)[O-])c1nc(C)n(CC(=O)OC)c1Cl,1.6543960585663212e-11
BrCc1ncoc1COc1cc2c(cn1)OCS2,0.03337326996032608
COC(=O)Cn1c([C@@H]2N=NC=C2CO)nc(Cl)c1Cl,0.013568559012200934
NC(=O)c1ccc(C(=O)C2[NH+]=c3ccccc3=[NH+]2)c(Br)c1,2.2603294069810542e-06
CSc1nc(OC(=O)c2cnc(Cl)cc2N)cc(=O)[nH]1,0.009095277101695816
CCn1c(=O)c(I)cn(-c2ccc(NN)cc2F)c1=O,0.00016247279265951725
COC(=O)c1cnc(OC(=O)c2nc([S-])sc2N)cc1N,0.0039858686921282905
CC[C@]1(C)C(=O)N(/C(=N\S(=O)(=O)c2cccs2)SC)C(=O)N1Cl,4.1292494158732714e-07
CCSc1nc(C(=O)[C@@H](F)c2[nH+]ccn2CC)cc(=O)[nH]1,9.237449661970594e-09
COC(=O)c1nn(C)c(Cn2c(C)nc(Cl)c2Cl)c1I,0.0015034391929775726
CS/C(N)=N/S(=O)(=O)Cc1c(N)cccc1Br,0.010051835744633584
NC(=O)c1cc(Br)cc(C(=O)c2cc(Br)cnc2N)c1,0.0018363047770289071
CSC(N)=NC(=O)C[C@@H]1CSC(C)=NC1=O,0.004086771438464067
C#CC[C@@](C)(OC(=O)c1cccc(S(N)(=O)=O)c1Cl)C(Cl)(Cl)Cl,2.430083125932946e-05
Cn1cccc1/C=C\[N+](=O)c1ccc(C(N)=O)cc1Br,4.118588707535707e-06
NC(=O)c1cc(N)cc(C(=O)C2[NH+]=c3ccccc3=[NH+]2)c1,5.05653134833552e-08
CS/C(N)=N/S(=O)(=O)[N+](=O)/C=C\c1cccn1C,0.0009118819655545162
O=C([O-])/C=C/[C@@H]([C@@H]1C(=O)N2C(C(=O)[O-])=CCS[C@@H]12)n1cncn1,3.7170318684126734e-05
COC(=O)Cn1c(C)nc(-c2ccc(NN)cc2F)c1Cl,8.315287191035679e-07
Nc1cccc(Br)c1C[C@@H]1C(=O)N2C(C(=O)[O-])=CCS[C@@H]12,1.013009359863071e-05
O=C(c1cnn(OCc2ocnc2CBr)c1)C(F)(F)F,0.06081006262521798
CCOC(=O)c1nc([S-])sc1-c1nc(Cl)c(Cl)n1CC(=O)OC,0.00024851682710795185
CC1=NC(=O)[C@H](CC(=O)c2cc(C(N)=O)ccc2N)CS1,3.305807413103648e-08
Cc1nc(C#N)sc1C(=O)c1cc(Br)cnc1N,0.04504920239355781
COc1nsc2ccc(OC(=O)c3sc(C#N)nc3C)cc12,0.0001507330750954765
CC1=NC(=O)[C@H](CCOC(=O)c2n[nH]cc2C=O)CS1,3.0432483008403628e-05
CC1=NC(=O)[C@H](Cn2cc(C(=O)C(F)(F)F)cn2)CS1,0.005946217356472094
CCn1cc[nH+]c1[C@@H](C(=O)[O-])c1cc(=O)[nH]c(SC)n1,4.906253215634297e-06
Nc1cccc(Br)c1Cn1cccc1/C=C\[N+](=O)[O-],0.0001363889264820114
N#CCNS(=O)(=O)c1cc(-c2cn3c(n2)OC(Cl)=CC3)c(Br)s1,0.0013603680375478939
COC(=O)c1cc([N+](=O)c2ccc(CON)c(Cl)c2)cnc1N,2.7750832422407563e-08
C[C@H](/C=C/C(=O)[N+](=O)/C=C\c1cccn1C)n1cncn1,1.5269401591266087e-09
CCn1cc(C(=O)C(F)(F)c2nnc(SCCC(=O)[O-])s2)cn1,7.300373162293296e-05
COC(=O)[C@@H](c1cccs1)c1cc(C(N)=O)ccc1N,6.639891685684094e-07
CCn1c(=O)c(-c2nnc(SCCC(=O)[O-])s2)cn(C)c1=O,5.0304556071114475e-06
O=C(CS)Nc1ccc([N+](=O)[O-])c(CCl)c1,0.22313016014842982
COC(=O)c1nn(C)c(C(=O)/C=C/[C@@H](C)n2cncn2)c1I,1.9998969434520019e-07
CC1=NC(=O)[C@H](CC(=O)[C@@H]2CC(=O)N=C3NCC=[N+]32)CS1,8.986116219424851e-08
COc1nsc2ccc(S(=O)(=O)c3cccc(C)c3Cl)cc12,9.905554406366463e-07
NS(=O)(=O)Cc1ccc(Cc2cc(I)cc(CO)n2)c(F)c1,1.3405710112012821e-07
CCn1nccc1[C@H](F)C(=O)c1cc(CO)nc(CO)c1,3.074879879586606e-09
C#CC[C@@](C)(OC(N)=O)C(Cl)(Cl)C(Cl)(Cl)[C@H](O)Nc1cccc[nH+]1,1.650124814066684e-10
CCn1cc[nH+]c1[C@H](F)C(=O)OC(=O)c1nc(Br)c[nH]1,0.0013603680375478939
CCn1cc(C(=O)C(F)(F)c2cn3c(n2)OC(Cl)=CC3)cn1,5.545159943217694e-05
CC[C@]1(C)C(=O)N(C[C@@H]2CSC(C)=NC2=O)C(=O)N1Cl,8.130974198155457e-08
OCc1cc(I)cc(Cc2cn3c(n2)OC(Cl)=CC3)n1,0.00027465356997214254
C#CC[C@@](C)(OC(=O)n1cc(I)c(=O)n(CC)c1=O)C(Cl)(Cl)Cl,6.14421235332821e-06
CCSc1nc([C@@H]2CC(=O)N=C3NCC=[N+]32)cc(=O)[nH]1,3.2887598813664843e-06
N[C@@H](C(=O)OOC(=O)Nc1ccc(Br)cn1)c1cccs1,0.0009118819655545162
CCSc1nc(Cc2c(N)cccc2Br)cc(=O)[nH]1,4.551744463083231e-06
NS(=O)(=O)c1cccc(OC(=O)c2nc(Br)c[nH]2)c1Cl,0.04504920239355781
COc1ncc(C#N)c(ONC(=O)CS)n1,0.29375770032353277
NC(=O)c1cc(Br)cc(-n2cc(C(=O)C(F)(F)F)cn2)c1,0.00887071390992826
COc1ccc(C(Cl)=Nc2cc(=O)[nH]c(SC)n2)cc1,7.300373162293296e-05
CCn1cc[nH+]c1[C@H](Oc1nsc2ccc(N)cc12)C(=O)[O-],8.986116219424851e-08
C#CC[C@@](C)(OC(=O)c1cn(C)c(=O)n(CC)c1=O)C(Cl)(Cl)Cl,4.47392382578076e-09
CSc1nc(C(=O)OCc2ocnc2CBr)cc(=O)[nH]1,0.0039858686921282905
Nc1cccc(Br)c1COC(=O)Nc1ccc(Br)cn1,0.00027465356997214254
ClC1=CCn2cc(Cc3cn4c(n3)OC(Cl)=CC4)nc2O1,0.0003354626279025118
NC(=O)c1ccc(-c2cn3c(n2)OC(Cl)=CC3)c(Br)c1,0.0018363047770289071
CSc1nc(C2=CCS[C@H]3[C@H]([NH3+])C(=O)N23)cc(=O)[nH]1,0.00016247279265951725
COc1ccc(NN)cc1S(=O)(=O)/N=C(\N)SC,0.00016247279265951725
O=C(Nc1ccc(Br)cn1)Oc1cc2c(cn1)OCS2,0.00887071390992826
NOCc1ccc([N+](=O)[C@@H]2C(=O)N3C(C(=O)[O-])=CCS[C@@H]23)cc1Cl,4.0272978845384034e-07
COC(=O)c1nn(C)c(Cc2c(N)cccc2Br)c1I,1.5112323819855033e-05
Cc1nc(C#N)sc1-c1ccc([N+](=O)[O-])c(CCl)c1,0.014995576820477705
CCn1c(=O)c(I)cn([C@H](/C=C/C(=O)[O-])n2cncn2)c1=O,6.77287364908539e-05
CSC(N)=NC(=O)c1sc(C#N)nc1C,0.3678794411714424
Cc1scnc1C(=O)OC[C@@H]1N=NC=C1CO,0.017863424153314034
Cc1nc(C#N)sc1C(=O)O[C@H](Nc1cccc[nH+]1)C(Cl)(Cl)Cl,9.142423147817327e-05
NC(=O)c1cc(Br)cnc1Oc1cc(CS(N)(=O)=O)ccc1F,2.430083125932946e-05
CCn1c(=O)c([C@@H]2C(=O)N3C(C(=O)[O-])=CCS[C@@H]23)cn(C)c1=O,2.2720459927738556e-08
Cc1nc(Cl)c(Cl)n1Cc1ccc([N+](=O)[O-])c(CCl)c1,0.0024175515673645035
COc1ncc(OC(=O)c2sc(C#N)nc2C)cc1C(N)=O,0.00012036280516721316
NC(=O)c1cc(N)cc([C@H](/C=C/C(=O)[O-])n2cncn2)c1,1.5112323819855033e-05
CCn1nccc1[C@H](F)c1c(I)c(C(=O)OC)nn1C,5.4222483706341535e-06
Cc1nc(C#N)sc1-c1nnc(SCCC(=O)[O-])s1,0.07243975703425146
CCn1cc(C(=O)C(F)(F)OC(=O)Nc2cccnc2)cn1,1.206743567329791e-05
O=C(c1cc(I)cc(CO)n1)C1(Cc2nccs2)CC1,4.551744463083231e-06
O=C(Cc1cc(I)cc(CO)n1)C1(Cc2nccs2)CC1,9.009376217182704e-09
COc1ccc(C(Cl)=N[N+](=O)c2ccc(CON)c(Cl)c2)cc1,1.1282646495496606e-08
Cn1cccc1/C=C\[N+](=O)c1nnc(SCCC(=O)[O-])s1,7.485182988770058e-05
COC(=O)c1cc(-c2nn(C)c(C)c2I)cnc1N,6.605650802868481e-05
COC(=O)Cn1c(C)nc(-c2cc(N)cc(C(N)=O)c2)c1Cl,1.0208960723597638e-08
Cn1cccc1/C=C\[N+](=O)c1cc(S(=O)(=O)NCC#N)sc1Br,5.559513241650147e-06
NC(=O)c1cc(Br)cc(-c2ccc(C(N)=O)cc2Br)c1,0.00024238092478421724
C#CC[C@@](C)(OC(=O)/C(Cl)=N/O)C(Cl)(Cl)Cl,0.44932896411722156
Cc1nc(Cl)c(Cl)n1CCOC(=O)c1n[nH]cc1C=O,0.0039858686921282905
CC1=NC(=O)[C@H](CC(=O)OC(=O)[C@H](N)c2cccs2)CS1,8.315287191035679e-07
C[C@@]1([C@@H]2CC(=O)N=C3NCC=[N+]32)C(=O)N(Cl)C(=O)N1Cl,0.004868351014229763
Nc1sc([S-])nc1C(=O)ONC(=O)CS,0.44932896411722156
CS/C(=N/S(=O)(=O)c1cccs1)c1nsnc1[O-],0.2658029590889266
Cc1noc(C(=O)COC(=O)c2nc(C)no2)n1,0.053664691912730135
Cc1noc(C(=O)c2cnc(Cl)cc2N)n1,0.2725317930340126
CCn1c(=O)c(I)cn(C[C@H](O)CSc2nc(Cl)ncc2Br)c1=O,4.1292494158732714e-07
Nc1sc([S-])nc1C(=O)OC(=O)C1(Cc2nccs2)CC1,0.001230911902673481
Cc1nc(Cl)c(Cl)n1CC(=O)C1[NH+]=c2ccccc2=[NH+]1,4.893586474225786e-05
Cc1nc(Cl)c(Cl)n1Cc1cc(C(N)=O)ccc1N,0.00027465356997214254
CCn1cc(C(=O)C(F)(F)[C@H](Nc2cccc[nH+]2)C(Cl)(Cl)Cl)cn1,1.4853950205008985e-08
NS(=O)(=O)c1cccc(C2=CCn3cc(CO)nc3O2)c1Cl,1.206743567329791e-05
CCn1c(=O)c(OC(=O)c2cnc(Cl)cc2N)cn(C)c1=O,1.674493209434266e-06
Cc1noc(C(=O)OCn2cc[nH+]c2[C@H](F)C(=O)[O-])n1,0.00822974704902003
CCOC(=O)c1nc([S-])sc1C(=O)c1sc(C#N)nc1C,0.0055165644207607716
Cc1noc(C(=O)OC/C(Cl)=N/O)n1,0.35879646540595167
CCOC(=O)c1n[nH]cc1S(=O)(=O)c1cccc(C)c1Cl,5.4222483706341535e-06
CCn1c(=O)c(-c2cccc(S(N)(=O)=O)c2Cl)cn(C)c1=O,3.297272629877487e-07
COc1ccc(NN)cc1-c1cc(C(N)=O)ccc1N,6.039165480654292e-09
COc1ncc(COC(=O)c2nc(C)no2)cc1C(N)=O,3.363309518571897e-05
CCn1nccc1[C@H](F)C(=O)COC(=O)c1n[nH]cc1C=O,1.674493209434266e-06
NC(=O)c1cc(Br)cc(Cc2cc(I)cc(CO)n2)c1,2.1988301412819217e-05
Cc1c(I)c(OC(=O)c2cnc(Cl)cc2N)nn1C,0.007446583070924338
NC(=O)c1cc(Br)cnc1Oc1ccc([N+](=O)[O-])c(CCl)c1,0.0004097349789797868
COc1nsc2ccc(-c3cc(Br)cc(C(N)=O)c3)cc12,9.879980696519291e-06
COC(=O)c1cnc(COC(=O)c2n[nH]cc2C=O)cc1N,5.4222483706341535e-06
O=C([O-])C1=CCS[C@H]2[C@H](NC(=O)c3ccc(Cl)nn3)C(=O)N12,0.0017909662505412698
Nc1ncc(Br)cc1C(=O)NC(=O)c1ccc(Cl)nn1,0.014995576820477705
Cc1ccc(-c2cc(C(N)=O)ccc2N)c(CCl)c1,4.0377222923111424e-08
CC1=NC(=O)[C@H](CC(=O)[C@@H]2CC(=O)N=C3NCC=[N+]32)CS1,8.986116219424851e-08
COC(=O)c1nn(C)c(-c2ccc(NN)cc2F)c1I,0.00016247279265951725
COc1ncc(C#N)c(O/C(=N\S(=O)(=O)c2cccs2)SC)n1,0.0001841057936675792
COc1ncc(Cc2c(N)cccc2Br)cc1C(N)=O,6.639891685684094e-07
CCSc1nc(-c2ccc(C(N)=O)cc2Br)cc(=O)[nH]1,7.300373162293296e-05
NOCc1ccc([N+](=O)c2cc(CS(N)(=O)=O)ccc2F)cc1Cl,1.4853950205008985e-08
COc1ccc(C(Cl)=NCn2cc(C(=O)C(F)(F)F)cn2)cc1,9.879980696519291e-06
COC(=O)[C@H](OC(=O)c1nc([S-])sc1N)c1cccs1,0.010051835744633584
CS/C(=N/S(=O)(=O)c1cccs1)C(=O)c1sc(C#N)nc1C,0.001661557273173934
C[C@H](/C=C/C(=O)c1cc(C(N)=O)ccc1N)n1cncn1,1.6416153785119698e-08
Cc1nc(C#N)sc1[C@H](/C=C/C(=O)[O-])n1cncn1,0.01657267540176125
CCn1cc[nH+]c1[C@H](F)C(=O)c1cc(S(=O)(=O)NCC#N)sc1Br,4.1292494158732714e-07
COC(=O)c1cc(-c2cnc(OC)c(C(N)=O)c2)cnc1N,6.657078628513462e-08
O=C([O-])[C@@H](F)c1[nH+]ccn1Cc1cn2c(n1)OC(Cl)=CC2,0.0009118819655545162
C#CC[C@@](C)(OC(=O)[N+](=O)/C=C\c1cccn1C)C(Cl)(Cl)Cl,1.3405710112012821e-07
Cn1cccc1/C=C\[N+](=O)c1cc(CS(N)(=O)=O)ccc1F,1.3780655548945718e-08
O=C(Nc1ccc(Br)cn1)Oc1cc(I)cc(CO)n1,0.004991593906910217
CCOC(=O)c1nc([S-])sc1C(=O)C1(Cc2nccs2)CC1,9.189813578979571e-07
CCOC(=O)c1n[nH]cc1OCc1ocnc1CBr,0.0006755387751938444
O=C([O-])CCSc1nnc(-c2cc3c(cn2)OCS3)s1,0.021818435531042762
CCOC(=O)c1n[nH]cc1/C(=N\S(=O)(=O)c1cccs1)SC,6.79040480737947e-06
CCn1cc[nH+]c1[C@H](F)C(=O)[C@]1(C)C(=O)N(Cl)C(=O)N1Cl,0.0001841057936675792
O=C(CS)NOCc1ocnc1CBr,0.5488116360940265
OCc1cc(I)cc(COCc2ocnc2CBr)n1,0.0004097349789797868
C[C@](C[C@H](Nc1cccc[nH+]1)C(Cl)(Cl)Cl)(OC(N)=O)C(Cl)(Cl)Cl,6.160116261320527e-07
CS/C(=N/S(=O)(=O)c1cccs1)OC(=O)c1nc(Br)c[nH]1,0.02024191144580439
C[C@H](/C=C/C(=O)C[C@@](C)(OC(N)=O)C(Cl)(Cl)Cl)n1cncn1,1.1253517471925912e-07
CCSc1nc([C@@H](F)c2ccnn2CC)cc(=O)[nH]1,1.3371099859357042e-06
COC(=O)c1cc([C@]2(C)C(=O)N(Cl)C(=O)N2Cl)cnc1N,0.001661557273173934
CSc1nc(C(=O)OCc2cc(I)cc(CO)n2)cc(=O)[nH]1,1.206743567329791e-05
CCn1cc(C(=O)C(F)(F)c2cccc(S(N)(=O)=O)c2Cl)cn1,7.504557915076859e-06
C[C@@]1(n2cc[nH+]c2[C@H](F)C(=O)[O-])C(=O)N(Cl)C(=O)N1Cl,0.05502322005640723
Cc1cccc(S(=O)(=O)C(=O)/C=C/[C@@H](C)n2cncn2)c1Cl,1.2129988124692217e-07
COc1nsc2ccc(/C(Cl)=N/O)cc12,0.4843245689553625
COc1ccc(C(Cl)=N[C@@H]2C(=O)N3C(C(=O)[O-])=CCS[C@@H]23)cc1,3.73629937988526e-07
C#CC[C@@](C)(OC(N)=O)C(Cl)(Cl)c1cc(=O)[nH]c(SCC)n1,5.05653134833552e-08
Cc1noc(C(=O)OCC(=O)/C=C/[C@@H](C)n2cncn2)n1,6.622749115322036e-06
CSC(N)=Nn1cc[nH+]c1[C@H](F)C(=O)[O-],0.32465246735834974
C[C@H](C=Cc1nsnc1[O-])n1cncn1,0.22313016014842982
C#CC[C@@](C)(OC(N)=O)C(Cl)(Cl)c1cnc(N)c(C(=O)OC)c1,4.0481736830090344e-09
O=C(c1cnn(Cc2cc(CO)nc(CO)c2)c1)C(F)(F)F,1.628933432845802e-05
CS/C(=N/S(=O)(=O)c1cccs1)OC(=O)Nc1cccnc1,0.0001507330750954765
Cc1ccc([N+](=O)[O-])c(COC(=O)c2sc(C#N)nc2C)c1,1.3674196065680964e-05
CCn1c(=O)c(-c2cnc(OC)c(C(N)=O)c2)cn(C)c1=O,6.691586091292783e-10
COc1ncc(C#N)c(OOC(=O)c2sc(C#N)nc2C)n1,0.001661557273173934
CCn1c(=O)c(/C(=N\S(=O)(=O)c2cccs2)SC)cn(C)c1=O,1.4853950205008985e-08
OCc1cc(I)cc(Cc2cn3c(n2)OC(Cl)=CC3)n1,0.00027465356997214254
C[C@H](C=CCc1cc(I)cc(CO)n1)n1cncn1,4.450852500419419e-07
COC(=O)c1cc(Br)cnc1C[C@@H]1CSC(C)=NC1=O,1.5112323819855033e-05
COC(=O)Cn1c(Oc2nc(OC)ncc2C#N)nc(Cl)c1Cl,0.0002960447300568554
CCn1c(=O)c([C@H](/C=C/C(=O)[O-])n2cncn2)cn(C)c1=O,1.4815600951949195e-07
O=C(Nc1cc(CO)nc(CO)c1)c1ccc(Cl)nn1,0.0005530843701478336
CCOC(=O)c1nc([S-])sc1-c1cc2c(cn1)OCS2,0.0055165644207607716
CC1=NC(=O)[C@H](CC(=O)c2nnc(SCCC(=O)[O-])s2)CS1,3.625258024588072e-05
COC(=O)c1cc(OC(=O)c2cnc(Cl)cc2N)cnc1N,3.7170318684126734e-05
CC[C@]1(C)C(=O)N(C(=O)c2sc(C#N)nc2C)C(=O)N1Cl,0.0002960447300568554
CCOC(=O)c1n[nH]cc1C1=CCn2cc(CO)nc2O1,5.573903692694596e-07
CCn1cc[nH+]c1[C@@H](C(=O)[O-])c1c(I)c(C(=O)OC)nn1C,2.7750832422407563e-08
Nc1sc([S-])nc1C(=O)O[C@H](Nc1cccc[nH+]1)C(Cl)(Cl)Cl,0.003345965457471272
O=C(CS)Nc1cc2c(cn1)OCS2,0.7225273536420722
O=C1C[C@@H](NC(=O)c2ccc(Cl)nn2)[N+]2=CCNC2=N1,0.0013267804310269915
Cc1cccc(S(=O)(=O)n2cc(C(=O)C(F)(F)F)cn2)c1Cl,0.0036065631360157305
C#CC[C@@](C)(OC(=O)c1nsnc1[O-])C(Cl)(Cl)Cl,0.2176210568652329
CCn1c(=O)c(Oc2nsc3ccc(N)cc23)cn(C)c1=O,8.986116219424851e-08
Cc1ccc(OCc2ocnc2CBr)c(CCl)c1,5.545159943217694e-05
CS/C(N)=N/S(=O)(=O)OC(=O)c1nc(Br)c[nH]1,0.19691167520419406
NC(=O)c1cc(Br)cc(C(Cl)(Cl)[C@H](O)Nc2cccc[nH+]2)c1,9.189813578979571e-07
N#CCNS(=O)(=O)c1cc(COC(=O)c2n[nH]cc2C=O)c(Br)s1,0.0001507330750954765
O=[N+]([O-])/C=C\c1cccn1-c1cn2c(n1)OC(Cl)=CC2,0.003697863716482932
O=C(Nc1nsnc1[O-])c1ccc(Cl)nn1,0.03337326996032608
COC(=O)c1cnc(-c2ncc(Br)cc2C(=O)OC)cc1N,3.2887598813664843e-06
CCn1c(=O)c(I)cn(/C(Cl)=N/O)c1=O,0.591555364366815
CC[C@]1(C)C(=O)N([C@H](/C=C/C(=O)[O-])n2cncn2)C(=O)N1Cl,3.0511255580364225e-06
COc1ccc(C(Cl)=N[C@@H]2CC(=O)N=C3NCC=[N+]32)cc1,2.26618012776571e-07
Cc1scnc1C(=O)[N+](=O)/C=C\c1cccn1C,0.000728152539089461
COc1ccc(C(Cl)=NOC(=O)c2nc(Br)c[nH]2)cc1,0.004991593906910217
CCOC(=O)c1nc([S-])sc1-c1ccc(C)cc1CCl,4.118588707535707e-06
COc1ncc(-c2cn3c(n2)OC(Cl)=CC3)cc1C(N)=O,9.854473011713091e-05
Cc1noc(C(=O)OCC[C@H](O)CSc2nc(Cl)ncc2Br)n1,1.2372924261788221e-05
N#CCNS(=O)(=O)c1cc(-c2cn3c(n2)OC(Cl)=CC3)c(Br)s1,0.0013603680375478939
COc1ccc(C(Cl)=NCc2ocnc2CBr)cc1,0.0001507330750954765
COC(=O)c1nn(C)c(COC(=O)c2n[nH]cc2C=O)c1I,6.77287364908539e-05
COc1nsc2ccc(-c3nsnc3[O-])cc12,0.16529888822158653
NC(=O)c1ccc(N)c(-n2cc(C(=O)C(F)(F)F)cn2)c1,0.0024175515673645035
Cc1scnc1C(=O)[C@@H]1CC(=O)N=C2NCC=[N+]21,0.004516580942612666
CCOC(=O)c1n[nH]cc1N=C(Cl)c1ccc(OC)cc1,2.767918658540807e-07
C[C@H](C=Cc1cc(I)cc(CO)n1)n1cncn1,0.00011166580849011478
C#CC[C@@](C)(OC(N)=O)C(Cl)(Cl)c1cc(=O)[nH]c(SCC)n1,5.05653134833552e-08
COc1nsc2ccc(C[C@@](C)(OC(N)=O)C(Cl)(Cl)Cl)cc12,3.3720152341391845e-06
CSc1nc(C(=O)OCOC(=O)c2n[nH]cc2C=O)cc(=O)[nH]1,5.545159943217694e-05
CSC(N)=NCc1c(N)cccc1Br,0.02411310042681686
COC(=O)[C@@H](c1cccs1)[C@@H]1CC(=O)N=C2NCC=[N+]21,2.2045216750777447e-06
Nc1cc(Cl)ncc1OC(=O)Nc1ccc(Br)cn1,0.02732372244729256
O=C(Nc1cccnc1)OCn1cc(C(=O)C(F)(F)F)cn1,0.001230911902673481
Cc1scnc1C(=O)OCC[C@@](C)(OC(N)=O)C(Cl)(Cl)Cl,4.006529739295107e-05
COC(=O)[C@@H](c1cccs1)c1nn(C)c(C)c1I,0.0001841057936675792
CCn1nccc1[C@H](F)c1cc(Br)cc(C(N)=O)c1,2.6856571992874528e-05
O=C([O-])CCSc1nnc(C2=CCn3cc(CO)nc3O2)s1,0.00011166580849011478
COC(=O)Cn1c(-c2cc(N)c(C(=O)OC)cn2)nc(Cl)c1Cl,4.118588707535707e-06
Cc1ccc(-c2cc(CO)nc(CO)c2)c(CCl)c1,4.1506536876982236e-09
CC1=NC(=O)[C@H](COC(=O)Nc2ccc(Br)cn2)CS1,0.00019844471708031962
Nc1ccc2snc(Oc3cccc(S(N)(=O)=O)c3Cl)c2c1,0.0002193153301629189
Cc1nc(C#N)sc1C(=O)OCc1ocnc1CBr,0.03337326996032608
NNc1ccc(-c2ccc(C(N)=O)cc2Br)c(F)c1,0.0004416468399053599
C[C@H](C=C[C@H](/C=C/C(=O)[O-])n1cncn1)n1cncn1,1.013009359863071e-05
OCc1cn2c(n1)OC(/C(Cl)=N/O)=CC2,0.4965853037914096
CC1=NC(=O)[C@H](CCOC(=O)c2n[nH]cc2C=O)CS1,3.0432483008403628e-05
COC(=O)c1nn(C)c(COC(=O)c2nc(C)no2)c1I,0.000327180026108392
COc1ccc(NN)cc1OCc1ocnc1CBr,1.3674196065680964e-05
Nc1cccc(Br)c1CC1=CCn2cc(CO)nc2O1,6.639891685684094e-07
Cc1nc(C#N)sc1C(=O)ONC(=O)CS,0.44932896411722156
CCn1nccc1[C@H](F)NC(=O)c1ccc(Cl)nn1,0.0014663191470429032
CCn1cc(C(=O)C(F)(F)c2ccc(CS(N)(=O)=O)cc2F)cn1,2.0050735511526694e-08
COC(=O)c1nn(C)c(C(=O)c2sc(C#N)nc2C)c1I,0.002187491118182885
C#CC[C@@](C)(OC(N)=O)C(Cl)(Cl)/C(=N\S(=O)(=O)c1cccs1)SC,6.023573837886479e-08
CCOC(=O)c1n[nH]cc1OC(=O)Nc1cccnc1,0.00010890876985506645
NS(=O)(=O)Cc1ccc(F)c(-c2cc3c(cn2)OCS3)c1,0.00014701146221112946
Cc1scnc1C(=O)Cc1cn2c(n1)OC(Cl)=CC2,0.004086771438464067
COc1ccc(C(Cl)=NOC(=O)c2sc(C#N)nc2C)cc1,5.977040016914683e-05
CSC(N)=Nn1cc(C(=O)C(F)(F)F)cn1,0.3678794411714424
NC(=O)c1ccc(N)c([C@H](Nc2cccc[nH+]2)C(Cl)(Cl)Cl)c1,8.986116219424851e-08
OCc1cc(I)cc(CC(Cl)(Cl)[C@H](O)Nc2cccc[nH+]2)n1,1.522997974471263e-08
O=C(Nc1ccc(Br)cn1)OOCc1ocnc1CBr,0.009095277101695816
CSc1nc(-c2cc(C(N)=O)ccc2N)cc(=O)[nH]1,0.0003035391380788668
C[C@@]1([C@H](Nc2cccc[nH+]2)C(Cl)(Cl)Cl)C(=O)N(Cl)C(=O)N1Cl,0.0013267804310269915
C#CC[C@@](C)(OC(=O)COC(=O)c1nc(C)no1)C(Cl)(Cl)Cl,0.00010103940183709342
NC(=O)c1cc(Br)cnc1Oc1cccc(S(N)(=O)=O)c1Cl,0.001230911902673481
CCn1nccc1[C@H](F)C(=O)[C@H](Nc1cccc[nH+]1)C(Cl)(Cl)Cl,4.0481736830090344e-09
Cc1ccc([N+](=O)[O-])c(Cc2ccc([N+](=O)[O-])c(CCl)c2)c1,1.519065967568964e-07
CCn1cc[nH+]c1[C@H](F)C(=O)N1C(=O)N(Cl)[C@](C)(CC)C1=O,2.2838233123615784e-10
CCn1c(=O)c([N+](=O)c2ccc(CON)c(Cl)c2)cn(C)c1=O,2.5240151068452063e-10
Cc1ccc([N+](=O)[O-])c(CC(=O)c2ncsc2C)c1,0.0001363889264820114
CCOC(=O)c1n[nH]cc1C(=O)c1ncsc1C,0.0055165644207607716
O=C([O-])[C@@H](F)c1[nH+]ccn1C(Cl)(Cl)[C@H](O)Nc1cccc[nH+]1,3.625258024588072e-05
NOCc1ccc([N+](=O)Cc2cn3c(n2)OC(Cl)=CC3)cc1Cl,2.6995785033630146e-07
C#CC[C@@](C)(OC(N)=O)C(Cl)(Cl)n1cccc1/C=C\[N+](=O)[O-],2.2603294069810542e-06
COC(=O)c1nn(C)c(OC(=O)[C@H](N)c2cccs2)c1I,7.485182988770058e-05
NC(=O)c1cc(Br)cnc1On1cc(C(=O)C(F)(F)F)cn1,0.010834714436436152
Nc1cccc(Br)c1C/C(Cl)=N/O,0.7408182206817179
COC(=O)Cn1c(-c2c(I)c(C(=O)OC)nn2C)nc(Cl)c1Cl,5.408249456402691e-05
Cc1nc(C#N)sc1C(=O)n1cccc1/C=C\[N+](=O)[O-],0.006571586494929612
NC(=O)c1cc(Br)cnc1OCc1c(N)cccc1Br,0.00027465356997214254
CCn1nccc1[C@H](F)C=C[C@@H](C)n1cncn1,1.3405710112012821e-07
COC(=O)c1cc(OC(=O)Nc2cccnc2)cnc1N,1.8458233995780558e-05
CCOC(=O)c1n[nH]cc1-c1cc(CS(N)(=O)=O)ccc1F,3.297272629877487e-07
C[C@](Cc1cc(I)cc(CO)n1)(OC(N)=O)C(Cl)(Cl)Cl,0.0005394286683931291
NC(=O)c1cc(Br)cnc1On1cc[nH+]c1[C@H](F)C(=O)[O-],0.007446583070924338
CCOC(=O)c1nc([S-])sc1C(=O)c1ncsc1C,0.021818435531042762
O=C([O-])/C=C/[C@@H](OC(=O)Nc1ccc(Br)cn1)n1cncn1,0.0005530843701478336
Nc1sc([S-])nc1C(=O)OC(=O)C1[NH+]=c2ccccc2=[NH+]1,0.002187491118182885
COC(=O)c1nn(C)c(Cn2c(C)nc(Cl)c2Cl)c1I,0.0015034391929775726
C#CC[C@@](C)(OC(N)=O)C(Cl)(Cl)c1cc(N)c(C(=O)OC)cn1,4.0481736830090344e-09
Cc1noc(C(=O)c2cc(CS(N)(=O)=O)ccc2F)n1,0.0039858686921282905
O=[N+]([O-])c1ccc(/C(Cl)=N/O)cc1CCl,0.4965853037914096
COc1ncc(C#N)c(OC2=CCS[C@H]3[C@H]([NH3+])C(=O)N23)n1,4.5399929762484854e-05
COc1ncc(C#N)c(OOC(=O)Nc2cccnc2)n1,0.0009829031181487387
O=C(OC(Cl)(Cl)[C@H](O)Nc1cccc[nH+]1)c1nc(Br)c[nH]1,0.002242867719485803
COc1ccc(C(Cl)=NOC(=O)c2nc(Br)c[nH]2)cc1,0.004991593906910217
NC(=O)c1ccc(N)c(C(=O)C2(Cc3nccs3)CC2)c1,8.152020714470167e-09
CS/C(N)=N/S(=O)(=O)C[C@@H]1CSC(C)=NC1=O,0.0029528041523734466
COC(=O)c1cc(Cc2ocnc2CBr)cnc1N,0.0003707435404590883
COc1ncc(C#N)c(Oc2cn3c(n2)OC(Cl)=CC3)n1,0.0024787521766663585
Cc1noc(C(=O)OCc2cnc(Cl)cc2N)n1,0.04504920239355781
Cc1scnc1C(=O)OC[N+](=O)/C=C\c1cccn1C,2.2045216750777447e-06
NC(=O)c1cc(N)cc(OC(=O)Nc2ccc(Br)cn2)c1,9.854473011713091e-05
Cc1ccc(C(=O)c2ncsc2C)c(CCl)c1,0.0003707435404590883
NC(=O)c1ccc(/C(Cl)=N/O)c(Br)c1,0.591555364366815
Cc1nc(Cl)c(Cl)n1CCc1cc(I)cc(CO)n1,0.0003707435404590883
Cc1noc(C(=O)C=C[C@@H](C)n2cncn2)n1,0.00887071390992826
CC[C@]1(C)C(=O)N(c2cc(N)c(C(=O)OC)cn2)C(=O)N1Cl,2.7750832422407563e-08
Nc1cc(Cl)ncc1-n1cccc1/C=C\[N+](=O)[O-],0.024723526470339385
O=C(c1ccc([N+](=O)[O-])c(CCl)c1)C1(Cc2nccs2)CC1,2.0505245756119267e-07
Nc1cc(Cl)ncc1-c1cc2c(cn1)OCS2,0.06720551273974974
[O-]c1nsnc1Cc1cc(I)cc(CO)n1,0.3678794411714424
CCOC(=O)c1nc([S-])sc1-c1ccc(CS(N)(=O)=O)cc1F,6.14421235332821e-06
NC(=O)c1cc(N)cc(NC(=O)CS)c1,0.07243975703425146
CS/C(Cc1c(N)cccc1Br)=N/S(=O)(=O)c1cccs1,8.089044036057168e-06
COC(=O)Cn1c(-c2cc(C(N)=O)ccc2N)nc(Cl)c1Cl,1.206743567329791e-05
O=C(NOCc1ocnc1CBr)c1ccc(Cl)nn1,0.04978706836786394
COC(=O)c1cc(C(=O)/C=C/[C@@H](C)n2cncn2)cnc1N,6.1920476826640385e-09
CCn1cc[nH+]c1[C@H](F)C(=O)N=C(Cl)c1ccc(OC)cc1,3.0067234467017916e-10
[NH3+][C@@H]1C(=O)N2C(/C(Cl)=N/O)=CCS[C@@H]12,0.5488116360940265
CCn1nccc1[C@H](F)Cc1c(N)cccc1Br,9.189813578979571e-07
CCn1nccc1[C@H](F)C(=O)OC(=O)c1sc(C#N)nc1C,5.017468205617528e-05
COC(=O)c1nn(C)c(C(=O)c2cc(Br)cnc2N)c1I,0.0009118819655545162
C#CC[C@@](C)(OC(=O)[N+](=O)c1ccc(CON)c(Cl)c1)C(Cl)(Cl)Cl,1.2437060236028695e-07
COC(=O)Cn1c(/C(=N\S(=O)(=O)c2cccs2)SC)nc(Cl)c1Cl,3.363309518571897e-05
Cc1scnc1C(=O)OCC=C[C@@H](C)n1cncn1,1.1195484842590942e-05
COC(=O)c1nn(C)c(Cc2cn3c(n2)OC(Cl)=CC3)c1I,1.206743567329791e-05
COc1ccc(C(Cl)=NC(=O)C[C@@H]2CSC(C)=NC2=O)cc1,3.398267819495071e-09
CCn1cc[nH+]c1[C@H](F)C(=O)c1cc(=O)[nH]c(SC)n1,5.4222483706341535e-06
Cc1nc(C#N)sc1C(=O)Oc1cc(S(=O)(=O)NCC#N)sc1Br,0.0009118819655545162
O=C([O-])CCSc1nnc(OC(=O)Nc2cccnc2)s1,0.0039858686921282905
C#CC[C@@](C)(OC(N)=O)C(Cl)(Cl)C(F)(F)C(=O)c1cnn(CC)c1,2.061153622438558e-09
O=C1C[C@@H](Cn2cc(C(=O)C(F)(F)F)cn2)[N+]2=CCNC2=N1,0.00010103940183709342
CCn1nccc1[C@H](F)C(=O)c1sc(C#N)nc1C,0.0009829031181487387
NNc1ccc(OC(=O)c2nc(Br)c[nH]2)c(F)c1,0.08005831278672054
N[C@@H](C(=O)OCn1cc(C(=O)C(F)(F)F)cn1)c1cccs1,0.0006588596634060358
O=C(C1(Cc2nccs2)CC1)C(Cl)(Cl)[C@H](O)Nc1cccc[nH+]1,1.1341130933749783e-10
CCn1nccc1[C@H](F)C(=O)/C(=N\S(=O)(=O)c1cccs1)SC,1.855391362615978e-07
Cc1ccc([N+](=O)[O-])c(Cc2nnc(SCCC(=O)[O-])s2)c1,1.206743567329791e-05
CSc1nc(-c2cn3c(n2)OC(Cl)=CC3)cc(=O)[nH]1,0.016163494588165874
Cc1nc(C#N)sc1C(=O)On1cc[nH+]c1[C@H](F)C(=O)[O-],0.010834714436436152
COc1ncc(-n2cccc2/C=C\[N+](=O)[O-])cc1C(N)=O,1.8458233995780558e-05
COc1ccc(C(Cl)=Nc2cc(S(=O)(=O)NCC#N)sc2Br)cc1,4.118588707535707e-06
CCn1nccc1[C@H](F)C(=O)C(=O)/C=C/[C@@H](C)n1cncn1,6.054797481410691e-10
COC(=O)[C@H](C(=O)C1(Cc2nccs2)CC1)c1cccs1,7.376253375056835e-09
NC(=O)c1ccc(Oc2nsc3ccc(N)cc23)c(Br)c1,0.00012340980408667956
C#CC[C@@](C)(OC(=O)C(=O)C1(Cc2nccs2)CC1)C(Cl)(Cl)Cl,1.1282646495496606e-08
CC1=NC(=O)[C@H](Cc2cccc(S(N)(=O)=O)c2Cl)CS1,4.5399929762484854e-05
CCn1cc(C(=O)C(F)(F)C[C@@H]2CSC(C)=NC2=O)cn1,1.3405710112012821e-07
CCSc1nc(C(=O)[C@@H](F)c2[nH+]ccn2CC)cc(=O)[nH]1,9.237449661970594e-09
Cc1noc(C(=O)OCC(=O)/C=C/[C@@H](C)n2cncn2)n1,6.622749115322036e-06
COC(=O)Cn1c(C)nc(-c2cccc(S(N)(=O)=O)c2Cl)c1Cl,9.905554406366463e-07
Cc1noc(C(=O)Cc2ocnc2CBr)n1,0.29375770032353277
CC[C@]1(C)C(=O)N(c2cc(NN)ccc2OC)C(=O)N1Cl,6.054797481410691e-10
COc1nsc2ccc(Cc3cc(C)ccc3[N+](=O)[O-])cc12,5.464462900607136e-09
O=C(OC(=O)C1(Cc2nccs2)CC1)c1nc(Br)c[nH]1,0.002187491118182885
COC(=O)c1nn(C)c(Cc2cn3c(n2)OC(Cl)=CC3)c1I,1.206743567329791e-05
COC(=O)Cn1c(C(=O)c2nc(C)no2)nc(Cl)c1Cl,0.02411310042681686
O=C(Nc1cccnc1)Oc1ccc([N+](=O)[O-])c(CCl)c1,0.0003035391380788668
COC(=O)[C@H](c1cnc(OC)c(C(N)=O)c1)c1cccs1,2.26618012776571e-07
COC(=O)Cn1c(Cc2ocnc2CBr)nc(Cl)c1Cl,0.0053803599599108205
Cc1c(I)c(-n2cc[nH+]c2[C@H](F)C(=O)[O-])nn1C,0.02411310042681686
C#CC[C@@](C)(OC(=O)Cc1c(N)cccc1Br)C(Cl)(Cl)Cl,1.9947337004816555e-06
C#CC[C@@](C)(OC(=O)C[C@@](C)(OC(N)=O)C(Cl)(Cl)Cl)C(Cl)(Cl)Cl,2.975792999595899e-06
CSc1nc(OC(=O)c2sc(C#N)nc2C)cc(=O)[nH]1,0.016163494588165874
Nc1sc([S-])nc1C(=O)Oc1ccc(CS(N)(=O)=O)cc1F,0.0030275547453758153
Cn1cccc1/C=C\[N+](=O)c1cnc(Cl)cc1N,0.00048809524352341505
Cc1nc(Cl)c(Cl)n1CCc1ocnc1CBr,0.04504920239355781
CCn1c(=O)c(-c2cnc(N)c(C(=O)OC)c2)cn(C)c1=O,6.691586091292783e-10
CCn1cc[nH+]c1[C@H](F)C(=O)C1=CCn2cc(CO)nc2O1,9.032696421984649e-10
Cc1ccc([N+](=O)[O-])c(COC(=O)Nc2cccnc2)c1,1.3371099859357042e-06
CSC(N)=N[N+](=O)c1ccc(CON)c(Cl)c1,0.007446583070924338
Cc1scnc1C(=O)Oc1nsc2ccc(N)cc12,0.00887071390992826
C[C@H](/C=C/C(=O)c1ccc([N+](=O)[O-])c(CCl)c1)n1cncn1,6.160116261320527e-07
C[C@@]1(NC(=O)c2ccc(Cl)nn2)C(=O)N(Cl)C(=O)N1Cl,0.04855782127000997
O=C(c1cnn(Cc2cc(I)cc(CO)n2)c1)C(F)(F)F,0.0032633532759761483
CCOC(=O)c1nc([S-])sc1[C@H](C(=O)[O-])c1[nH+]ccn1CC,3.297272629877487e-07
CCn1cc(C(=O)C(F)(F)c2cc(N)c(C(=O)OC)cn2)cn1,3.745970556295245e-08
Nc1cc(Cl)ncc1-c1cc(I)cc(CO)n1,0.04393693362340741
Cc1scnc1C(=O)c1cc(Br)cc(C(N)=O)c1,0.014995576820477705
COC(=O)[C@H](Cc1cn2c(n1)OC(Cl)=CC2)c1cccs1,1.9947337004816555e-06
COC(=O)Cn1c(C)nc(COC(=O)c2ncsc2C)c1Cl,3.297272629877487e-07
Nc1cccc(Br)c1Cn1cc(C(=O)C(F)(F)F)cn1,0.004991593906910217
Cc1noc(C(=O)OCOCc2ocnc2CBr)n1,0.00822974704902003
CC1=NC(=O)[C@H](CC(=O)OC(=O)c2nc([S-])sc2N)CS1,0.002242867719485803
C#CC[C@@](C)(OC(N)=O)C(Cl)(Cl)c1cc(S(=O)(=O)NCC#N)sc1Br,1.01563147100249e-06
O=C1C[C@@H](OC(=O)Nc2cccnc2)[N+]2=CCNC2=N1,8.916695916023522e-05
CCOC(=O)c1nc([S-])sc1Oc1nsc2ccc(N)cc12,0.0002193153301629189
CCn1cc[nH+]c1[C@@H](C(=O)[O-])c1nsnc1[O-],0.10806741863482926
O=C(OC(Cl)(Cl)[C@H](O)Nc1cccc[nH+]1)c1nc(Br)c[nH]1,0.002242867719485803
CCn1cc(C(=O)C(F)(F)Cn2cc(C(=O)C(F)(F)F)cn2)cn1,1.2372924261788221e-05
CCn1cc[nH+]c1[C@H](F)C(=O)[C@H](Nc1cccc[nH+]1)C(Cl)(Cl)Cl,3.4070640224298915e-10
C[C@@]1(c2cc(C(N)=O)ccc2N)C(=O)N(Cl)C(=O)N1Cl,0.0039858686921282905
Cc1nc(Cl)c(Cl)n1COC(=O)c1nc([S-])sc1N,0.11943296826671962
CC1=NC(=O)[C@H](CC(=O)[N+](=O)/C=C\c2cccn2C)CS1,3.074879879586606e-09
COC(=O)Cn1c(-c2ccc(C)cc2CCl)nc(Cl)c1Cl,2.2045216750777447e-06
Cc1scnc1C(=O)c1ccc(C(N)=O)cc1Br,0.014995576820477705
Cc1noc(C(=O)OCCc2ocnc2CBr)n1,0.021818435531042762
CS/C(N)=N/S(=O)(=O)c1nn(C)c(C)c1I,0.05502322005640723
CCn1nccc1[C@H](F)C(=O)c1cc2c(cn1)OCS2,7.300373162293296e-05
COc1ncc(C#N)c(Oc2cc(Br)cc(C(N)=O)c2)n1,0.000728152539089461
CC1=NC(=O)[C@H](CNC(=O)c2ccc(Cl)nn2)CS1,0.00267180768519945
O=Cc1c[nH]nc1C(=O)OCn1cccc1/C=C\[N+](=O)[O-],0.0004097349789797868
CCn1cc(C(=O)C(F)(F)c2nn(C)c(C)c2I)cn1,3.0432483008403628e-05
O=C(Cc1cn2c(n1)OC(Cl)=CC2)C1(Cc2nccs2)CC1,2.991218244196846e-08
C[C@@]1(Cc2c(N)cccc2Br)C(=O)N(Cl)C(=O)N1Cl,0.010051835744633584
COC(=O)c1nn(C)c(Cc2c(N)cccc2Br)c1I,1.5112323819855033e-05
Cc1nc(C#N)sc1C(=O)Oc1ccc(C(N)=O)cc1Br,0.0018363047770289071
O=[N+]([O-])/C=C\c1cccn1/C(Cl)=N/O,0.5352614285189902
CC[C@]1(C)C(=O)N(N=C(Cl)c2ccc(OC)cc2)C(=O)N1Cl,1.3780655548945718e-08
C[C@H](C=COC(=O)[C@H](N)c1cccs1)n1cncn1,1.1195484842590942e-05
CCn1cc[nH+]c1[C@H](OC(=O)c1cnc(Cl)cc1N)C(=O)[O-],1.674493209434266e-06
CCn1c(=O)c(I)cn(C[C@@H]2CSC(C)=NC2=O)c1=O,6.622749115322036e-06
N[C@@H](C(=O)Oc1cc(CO)nc(CO)c1)c1cccs1,1.8049096912131372e-06
C[C@H](C=CC(=O)C1[NH+]=c2ccccc2=[NH+]1)n1cncn1,3.389494326196924e-08
O=[N+]([O-])c1ccc(-c2nsnc2[O-])cc1CCl,0.1781730517728984
Cc1ccc(C(=O)C2[NH+]=c3ccccc3=[NH+]2)c(CCl)c1,3.398267819495071e-09
COC(=O)c1cc(Br)cnc1-c1cc(C(N)=O)ccc1N,9.166087736247617e-06
C[C@@]1(c2cnc(Cl)cc2N)C(=O)N(Cl)C(=O)N1Cl,0.16529888822158653
CCn1c(=O)c(-c2cc(I)cc(CO)n2)cn(C)c1=O,2.2045216750777447e-06
CCOC(=O)c1nc([S-])sc1-c1cc(Br)cc(C(N)=O)c1,0.00045282718288679695
N#CCNS(=O)(=O)c1cc(-c2nnc(SCCC(=O)[O-])s2)c(Br)s1,0.0013267804310269915
C[C@H](/C=C/C(=O)OC(=O)c1nc([S-])sc1N)n1cncn1,0.0013603680375478939
CC1=NC(=O)[C@H](CC(=O)Oc2nsc3ccc(N)cc23)CS1,8.315287191035679e-07
COC(=O)c1nn(C)c(NC(=O)c2ccc(Cl)nn2)c1I,0.0032633532759761483
C[C@](CC(=O)c1cc(Br)cnc1N)(OC(N)=O)C(Cl)(Cl)Cl,0.0009829031181487387
C#CC[C@@](C)(OC(N)=O)C(Cl)(Cl)[C@@H](F)c1ccnn1CC,1.2469252785750989e-08
Cc1nc(C#N)sc1C(=O)OOC(=O)Nc1cccnc1,0.0030275547453758153
CC1=NC(=O)[C@H](CC(=O)/C=C/[C@@H](C)n2cncn2)CS1,2.215948977336598e-08
CC1=NC(=O)[C@H](CS(=O)(=O)c2cccc(C)c2Cl)CS1,2.2045216750777447e-06
Cc1noc(C(=O)OCc2nnc(SCCC(=O)[O-])s2)n1,0.004868351014229763
Nc1ccc2snc(OOC(=O)c3nc([S-])sc3N)c2c1,0.014625334709594222
NC(=O)c1cc(Br)cc(Cc2c(N)cccc2Br)c1,3.7170318684126734e-05
COc1nsc2ccc(COC(=O)c3nc(C)no3)cc12,9.854473011713091e-05
CCn1nccc1[C@H](F)C(=O)c1ccc(C(N)=O)cc1Br,1.9947337004816555e-06
COC(=O)[C@@H](c1cccs1)S(=O)(=O)/N=C(\N)SC,0.004405066161808406
COC(=O)c1nn(C)c(Cc2ocnc2CBr)c1I,0.0032633532759761483
OCc1cn2c(n1)OC(Cc1ocnc1CBr)=CC2,0.0003707435404590883
CCn1cc[nH+]c1[C@@H](C(=O)[O-])c1cc(C(N)=O)ccc1N,2.2779270412053708e-09
CCn1nccc1[C@H](F)C[C@@](C)(OC(N)=O)C(Cl)(Cl)Cl,2.2603294069810542e-06
Cc1nc(C#N)sc1-c1nnc(SCCC(=O)[O-])s1,0.07243975703425146
CCSc1nc(OC(=O)Nc2ccc(Br)cn2)cc(=O)[nH]1,0.0002960447300568554
COC(=O)c1cc(Cc2cc(I)cc(CO)n2)cnc1N,2.767918658540807e-07
O=C([O-])[C@@H](F)c1[nH+]ccn1Cc1ocnc1CBr,0.06081006262521798
Cc1c(I)c([N+](=O)/C=C\c2cccn2C)nn1C,1.989583787737179e-05
C[C@@]1(c2cc(I)cc(CO)n2)C(=O)N(Cl)C(=O)N1Cl,0.06720551273974974
COC(=O)Cn1c(C)nc(-c2nsnc2[O-])c1Cl,0.11943296826671962
NOCc1ccc([N+](=O)n2cc(C(=O)C(F)(F)F)cn2)cc1Cl,0.0006588596634060358
COC(=O)c1cc(-c2sc(C#N)nc2C)cnc1N,0.0030275547453758153
CCn1nccc1[C@H](F)[C@H](Nc1cccc[nH+]1)C(Cl)(Cl)Cl,6.657078628513462e-08
O=C([O-])CCSc1nnc([C@H](Nc2cccc[nH+]2)C(Cl)(Cl)Cl)s1,8.068160110066498e-05
CC1=NC(=O)[C@H](CC2=CCn3cc(CO)nc3O2)CS1,2.767918658540807e-07
CCn1cc[nH+]c1[C@@H](C(=O)[O-])c1cc(Br)cc(C(N)=O)c1,2.767918658540807e-07
COc1ncc(C#N)c(O[N+](=O)c2ccc(CON)c(Cl)c2)n1,1.0919067336941898e-05
Cc1nc(Cl)c(Cl)n1Cc1ccc(CS(N)(=O)=O)cc1F,0.00011166580849011478
CSc1nc(Cn2c(C)nc(Cl)c2Cl)cc(=O)[nH]1,0.021818435531042762
C#CC[C@@](C)(OC(N)=O)C(Cl)(Cl)c1ccc(C)cc1CCl,7.582560427911907e-10
NC(=O)c1cc(Br)cnc1OCc1cn2c(n1)OC(Cl)=CC2,0.00016247279265951725
O=C(Nc1ccc(Br)cn1)OC1=CCn2cc(CO)nc2O1,3.7170318684126734e-05
CSC(N)=Nc1cc(C(N)=O)ccc1N,0.01657267540176125
[O-]c1nsnc1C[C@H](O)CSc1nc(Cl)ncc1Br,0.11943296826671962
CC1=NC(=O)[C@H](CCc2cc(C)ccc2[N+](=O)[O-])CS1,8.152020714470167e-09
COC(=O)c1cc(/C(Cl)=N/O)cnc1N,0.4965853037914096
CCSc1nc(-c2cnc(N)c(C(=O)OC)c2)cc(=O)[nH]1,7.523982992164213e-07
OCC1=CN=N[C@H]1c1cc2c(cn1)OCS2,0.13533528323661267
NC(=O)c1ccc(-c2ccc([N+](=O)[O-])c(CCl)c2)c(Br)c1,0.00012340980408667956
Cc1noc(C(=O)OCCc2c(N)cccc2Br)n1,0.0003707435404590883
Nc1cc(Cl)ncc1C(=O)On1cc[nH+]c1[C@H](F)C(=O)[O-],0.007446583070924338
COC(=O)[C@H](Cc1cc(I)cc(CO)n1)c1cccs1,6.008022448912833e-07
OCc1cc(I)cc(Cc2cc3c(cn2)OCS3)n1,0.0005394286683931291
COC(=O)c1cnc(C(Cl)(Cl)[C@H](O)Nc2cccc[nH+]2)cc1N,4.0481736830090344e-09
Cc1cccc(S(=O)(=O)C(Cl)(Cl)[C@H](O)Nc2cccc[nH+]2)c1Cl,5.588331392518268e-08
C[C@](Cc1ccc(C(N)=O)cc1Br)(OC(N)=O)C(Cl)(Cl)Cl,0.00011166580849011478
C[C@H](/C=C/C(=O)c1cc(C(N)=O)ccc1N)n1cncn1,1.6416153785119698e-08
CCSc1nc(C(Cl)(Cl)[C@H](O)Nc2cccc[nH+]2)cc(=O)[nH]1,4.139937718785167e-08
COC(=O)Cn1c(/C(=N\S(=O)(=O)c2cccs2)SC)nc(Cl)c1Cl,3.363309518571897e-05
CC1=NC(=O)[C@H](CC(=O)C(=O)C2[NH+]=c3ccccc3=[NH+]2)CS1,3.074879879586606e-09
COC(=O)Cn1c(Cn2cc(C(=O)C(F)(F)F)cn2)nc(Cl)c1Cl,0.0003354626279025118
CCn1nccc1[C@H](F)C(=O)Cc1c(N)cccc1Br,7.543458349844258e-08
COC(=O)c1cnc([C@@H](C(=O)OC)c2cccs2)cc1N,2.26618012776571e-07
Cc1ccc(C[C@H](O)CSc2nc(Cl)ncc2Br)c(CCl)c1,3.398267819495071e-09
CCn1nccc1[C@H](F)C(=O)C(=O)C[C@@H]1CSC(C)=NC1=O,1.2192864821376236e-09
OCc1cc([C@H](Nc2cccc[nH+]2)C(Cl)(Cl)Cl)cc(CO)n1,1.522997974471263e-08
C[C@@]1(C[C@H](O)CSc2nc(Cl)ncc2Br)C(=O)N(Cl)C(=O)N1Cl,0.0006112527611295723
CS/C(=N/S(=O)(=O)c1cccs1)NC(=O)c1ccc(Cl)nn1,0.0030275547453758153
CS/C(C=C[C@@H](C)n1cncn1)=N/S(=O)(=O)c1cccs1,2.498050325866635e-06
CCSc1nc(Cc2cn3c(n2)OC(Cl)=CC3)cc(=O)[nH]1,5.4222483706341535e-06
Cc1noc(C(=O)c2cc(C(N)=O)ccc2N)n1,0.010834714436436152
NS(=O)(=O)Cc1ccc(F)c(OC(=O)Nc2ccc(Br)cn2)c1,2.430083125932946e-05
Cc1nc(C#N)sc1-c1ccc(NN)cc1F,0.02411310042681686
NC(=O)c1cc(Br)cnc1Oc1cc2c(cn1)OCS2,0.00887071390992826
O=C(c1cnn(Cc2cc(I)cc(CO)n2)c1)C(F)(F)F,0.0032633532759761483
CCSc1nc(C(=O)[C@@H](F)c2[nH+]ccn2CC)cc(=O)[nH]1,9.237449661970594e-09
Cn1cccc1/C=C\[N+](=O)Oc1nsc2ccc(N)cc12,1.4777350707246778e-06
O=C(CS)NCc1cc(I)cc(CO)n1,0.08005831278672054
CCOC(=O)c1nc([S-])sc1OCc1ocnc1CBr,0.004405066161808406
COC(=O)c1nn(C)c(Cc2ocnc2CBr)c1I,0.0032633532759761483
Cc1noc(C(=O)C(=O)C2[NH+]=c3ccccc3=[NH+]2)n1,0.002739444818768368
Cc1ccc(C2=CCS[C@H]3[C@H]([NH3+])C(=O)N23)c(CCl)c1,1.860193926691551e-08
Cc1c(I)c(-c2cc(Br)cc(C(N)=O)c2)nn1C,0.002242867719485803
O=C(Nc1ccc(Br)cn1)Oc1cn2c(n1)OC(Cl)=CC2,0.004086771438464067
O=[N+]([O-])/C=C\c1cccn1[C@H](Nc1cccc[nH+]1)C(Cl)(Cl)Cl,1.3336578961877467e-05
Nc1cc(Cl)ncc1C(=O)O/C(Cl)=N/O,0.32465246735834974
O=[N+]([O-])/C=C\c1cccn1C1=CCn2cc(CO)nc2O1,1.8458233995780558e-05
CCn1cc[nH+]c1[C@H](F)C(=O)OCc1ocnc1CBr,6.622749115322036e-06
COC(=O)c1cc([C@]2(C)C(=O)N(Cl)C(=O)N2Cl)cnc1N,0.001661557273173934
COc1ncc(C#N)c(OC[C@H](O)CSc2nc(Cl)ncc2Br)n1,6.79040480737947e-06
NC(=O)c1ccc(Oc2ncc(Br)cc2C(N)=O)c(Br)c1,0.0009829031181487387
C#CC[C@@](C)(OC(N)=O)C(Cl)(Cl)COC(=O)c1nc(C)no1,4.118588707535707e-06
COc1ncc(-c2ccc(CS(N)(=O)=O)cc2F)cc1C(N)=O,3.745970556295245e-08
NNc1ccc(-c2nsnc2[O-])c(F)c1,0.33287108369807955
COC(=O)c1nn(C)c(-c2cnc(Cl)cc2N)c1I,0.007446583070924338
COc1ncc(C#N)c(Oc2cc(CO)nc(CO)c2)n1,1.8458233995780558e-05
CCn1c(=O)c(-c2cnc(OC)c(C(N)=O)c2)cn(C)c1=O,6.691586091292783e-10
COC(=O)c1nn(C)c(OCc2ocnc2CBr)c1I,0.0013603680375478939
CC1=NC(=O)[C@H](CC(=O)c2cc(N)cc(C(N)=O)c2)CS1,3.305807413103648e-08
COc1nsc2ccc(C(=O)/C=C/[C@@H](C)n3cncn3)cc12,2.215948977336598e-08
C#CC[C@@](C)(OC(N)=O)C(Cl)(Cl)Cc1ocnc1CBr,4.5399929762484854e-05
COc1ncc(C#N)c(O/C(=N\S(=O)(=O)c2cccs2)SC)n1,0.0001841057936675792
CCn1nccc1[C@H](F)OC(=O)c1cnc(Cl)cc1N,0.00016247279265951725
CS/C(=N/S(=O)(=O)c1cccs1)C(Cl)(Cl)[C@H](O)Nc1cccc[nH+]1,7.357209699575979e-08
Cc1noc(C(=O)OC[C@]2(C)C(=O)N(Cl)C(=O)N2Cl)n1,0.02411310042681686
COC(=O)c1nn(C)c(-c2cc(I)cc(CO)n2)c1I,0.0007465858083766792
COC(=O)c1cc(Br)cnc1-c1cn2c(n1)OC(Cl)=CC2,0.0009829031181487387
CCn1nccc1[C@H](F)n1cc[nH+]c1[C@H](F)C(=O)[O-],0.0007465858083766792
COC(=O)c1cnc(-n2cccc2/C=C\[N+](=O)[O-])cc1N,1.8458233995780558e-05
CSc1nc(NC(=O)c2ccc(Cl)nn2)cc(=O)[nH]1,0.03337326996032608
NS(=O)(=O)Cc1ccc(F)c([C@@H]2N=NC=C2CO)c1,0.0009118819655545162
C[C@](COC(=O)Nc1cccnc1)(OC(N)=O)C(Cl)(Cl)Cl,0.0001841057936675792
CS/C(Cn1cc(C(=O)C(F)(F)F)cn1)=N/S(=O)(=O)c1cccs1,0.00016247279265951725
O=[N+]([O-])c1ccc([C@@H]2N=NC=C2CO)cc1CCl,0.014625334709594222
Cc1nc(C#N)sc1OC(=O)c1sc(C#N)nc1C,0.03688316740124001
COc1ncc(Cc2cc(I)cc(CO)n2)cc1C(N)=O,2.767918658540807e-07
CSc1nc(OC(=O)c2nc(Br)c[nH]2)cc(=O)[nH]1,0.14956861922263506
CCn1nccc1[C@H](F)C(Cl)(Cl)[C@H](O)Nc1cccc[nH+]1,8.358390101374608e-09
CCSc1nc(C[C@H](O)CSc2nc(Cl)ncc2Br)cc(=O)[nH]1,1.519065967568964e-07
COC(=O)c1cc(Br)cnc1Cc1cc(I)cc(CO)n1,1.013009359863071e-05
COC(=O)c1nn(C)c(C(=O)c2nc(C)no2)c1I,0.021818435531042762
COC(=O)c1cc(Br)cnc1-c1sc(C#N)nc1C,0.014995576820477705
CCn1nccc1[C@H](F)C(=O)c1nc(Cl)c(Cl)n1CC(=O)OC,9.905554406366463e-07
CCSc1nc(Cc2c(N)cccc2Br)cc(=O)[nH]1,4.551744463083231e-06
CCn1nccc1[C@H](F)C(=O)[C@@H]1CC(=O)N=C2NCC=[N+]21,6.023573837886479e-08
Cn1cccc1/C=C\[N+](=O)C1=CCS[C@H]2[C@H]([NH3+])C(=O)N12,2.215948977336598e-08
CCn1cc[nH+]c1[C@H](F)C(=O)Cc1cn2c(n1)OC(Cl)=CC2,1.1282646495496606e-08
NC(=O)c1ccc(Cn2cc(C(=O)C(F)(F)F)cn2)c(Br)c1,0.0006112527611295723
Cc1nc(Cl)c(Cl)n1CCc1cn2c(n1)OC(Cl)=CC2,0.0005530843701478336
COC(=O)c1cnc(Oc2nsc3ccc(N)cc23)cc1N,3.2887598813664843e-06
NC(=O)c1cc(Br)cc(Cc2cn3c(n2)OC(Cl)=CC3)c1,4.006529739295107e-05
CC[C@]1(C)C(=O)N(C(=O)C2(Cc3nccs3)CC2)C(=O)N1Cl,1.2192864821376236e-09
Cc1noc(C(=O)c2cc(N)cc(C(N)=O)c2)n1,0.010834714436436152
CCn1nccc1[C@H](F)N=C(N)SC,0.006737946999085467
COc1nsc2ccc(Cc3c(N)cccc3Br)cc12,9.189813578979571e-07
COC(=O)c1cc(-c2nnc(SCCC(=O)[O-])s2)cnc1N,0.00011166580849011478
CCOC(=O)c1n[nH]cc1C=C[C@@H](C)n1cncn1,8.96291627327134e-07
NC(=O)c1cc(Br)cc([C@@H]2CC(=O)N=C3NCC=[N+]32)c1,5.408249456402691e-05
Cc1noc(C(=O)c2cnc(Cl)cc2N)n1,0.2725317930340126
COC(=O)c1nn(C)c(C=C[C@@H](C)n2cncn2)c1I,3.2887598813664843e-06
CCOC(=O)c1n[nH]cc1Cc1cn2c(n1)OC(Cl)=CC2,4.906253215634297e-06
CCn1c(=O)c(I)cn(S(=O)(=O)/N=C(\N)SC)c1=O,0.008026553870395154
Cc1c(I)c(Cc2ocnc2CBr)nn1C,0.02732372244729256
Cc1noc(C(=O)OCOC(=O)Nc2ccc(Br)cn2)n1,0.0024175515673645035
NNc1ccc(Cc2ocnc2CBr)c(F)c1,0.00887071390992826
O=C(Nc1cccnc1)OCc1cn2c(n1)OC(Cl)=CC2,9.854473011713091e-05
COC(=O)[C@@H](c1cccs1)[N+](=O)/C=C\c1cccn1C,8.336810789962771e-08
Cc1noc(C(=O)OCC(=O)C2(Cc3nccs3)CC2)n1,4.906253215634297e-06
COC(=O)c1cnc(-c2nsnc2[O-])cc1N,0.19691167520419406
COC(=O)Cn1c(-n2cccc2/C=C\[N+](=O)[O-])nc(Cl)c1Cl,0.00036158984983022615
CCn1nccc1[C@H](F)C[C@@](C)(OC(N)=O)C(Cl)(Cl)Cl,2.2603294069810542e-06
Cc1ccc([N+](=O)/C=C\c2cccn2C)c(CCl)c1,4.1506536876982236e-09
CCn1nccc1[C@H](F)C(=O)c1cnc(OC)c(C(N)=O)c1,1.0208960723597638e-08
COC(=O)Cn1c(C)nc(Oc2nsc3ccc(N)cc23)c1Cl,2.6995785033630146e-07
N[C@@H](C(=O)ONC(=O)c1ccc(Cl)nn1)c1cccs1,0.009095277101695816
Cc1nc(Cl)c(Cl)n1COc1nsc2ccc(N)cc12,0.0016205332779293067
COC(=O)Cn1c(-c2ccc3snc(OC)c3c2)nc(Cl)c1Cl,8.939776223683639e-06
CCn1nccc1[C@H](F)C1=CCS[C@H]2[C@H]([NH3+])C(=O)N12,1.374507727921396e-07
CCn1c(=O)c(I)cn(OC(=O)c2nc([S-])sc2N)c1=O,0.014995576820477705
O=C(Cc1ocnc1CBr)C1(Cc2nccs2)CC1,3.280269110682415e-05
Cc1noc(C(=O)c2nsnc2[O-])n1,0.040762203978366204
CC[C@]1(C)C(=O)N(OC(=O)Nc2ccc(Br)cn2)C(=O)N1Cl,2.6856571992874528e-05
Cc1ccc(-c2nn(C)c(C)c2I)c(CCl)c1,1.3674196065680964e-05
O=C([O-])/C=C/[C@@H](OC(=O)c1nc(Br)c[nH]1)n1cncn1,0.02024191144580439
CSc1nc(-c2cc(CO)nc(CO)c2)cc(=O)[nH]1,8.068160110066498e-05
COc1ncc(C#N)c(OC2=CCn3cc(CO)nc3O2)n1,2.254493791321221e-05
Cc1scnc1C(=O)Cc1ocnc1CBr,0.14956861922263506
COC(=O)c1cc(Br)cnc1-n1cc[nH+]c1[C@H](F)C(=O)[O-],0.002187491118182885
CC[C@]1(C)C(=O)N(OC(=O)c2nc([S-])sc2N)C(=O)N1Cl,0.003345965457471272
Cc1nc(C#N)sc1C1=CCS[C@H]2[C@H]([NH3+])C(=O)N12,0.004086771438464067
CCOC(=O)c1n[nH]cc1-c1nnc(SCCC(=O)[O-])s1,0.0005394286683931291
C[C@H](C=CC[C@H](O)CSc1nc(Cl)ncc1Br)n1cncn1,2.2720459927738556e-08
CSC(N)=Nc1nnc(SCCC(=O)[O-])s1,0.24659696394160652
COC(=O)[C@H](c1cc(I)cc(CO)n1)c1cccs1,0.00012340980408667956
CCn1cc[nH+]c1[C@@H](C(=O)[O-])C(=O)/C=C/[C@@H](C)n1cncn1,3.775134544279098e-11
CCn1cc(C(=O)C(F)(F)OC(=O)c2cc(=O)[nH]c(SC)n2)cn1,1.8049096912131372e-06
O=C(c1cnn(-n2cccc2/C=C\[N+](=O)[O-])c1)C(F)(F)F,0.014625334709594222
O=C(NOCc1ocnc1CBr)c1ccc(Cl)nn1,0.04978706836786394
N#Cc1nsc(Oc2nsc3ccc(N)cc23)n1,0.040762203978366204
COC(=O)c1cc(C(C)=O)cnc1N,0.2176210568652329
CC(C)CCNC(=O)CS,0.0024787521766663585
Cc1cc(SCCC(=O)[O-])ccc1-c1nsnc1[O-],0.004086771438464067
O=CCCSc1nnc(C(Cl)=NO)s1,0.5352614285189902
O=S(=O)(N=Cc1nsnc1[O-])c1cccs1,0.16121764412977677
NOc1cn2c(n1)OC(Cl)=CC2,0.5352614285189902
COc1ncc(C#N)c(-c2ccc(Br)cc2F)n1,0.024723526470339385
CSc1nc(C(=O)Oc2nc(C)n(CC(F)F)c2Cl)cc(=O)[nH]1,7.300373162293296e-05
COC(=O)c1nn(C)c(Cc2ccccc2Br)c1I,0.0001507330750954765
CCSC[C@H](C)C(=O)CC1CSC(C)=NC1=O,3.0067234467017916e-10
COC(=O)c1cnc(C(=O)C=CC(C)n2cncn2)cc1O,6.657078628513462e-08
C#CCC(C)(OC(=O)C1=CCSC2C([NH3+])C(=O)N12)C(Cl)Cl,1.3405710112012821e-07
C#CCC(C)(OC(=O)Cn1cc(C(=O)C(C)(F)F)cn1)C(Cl)(Cl)Cl,1.6788275299956632e-07
N#Cc1cncnc1OC(=O)C1(Cc2nccs2)CC1,0.000596160876684359
NS(=O)(=O)c1cccc(CCO)c1Cl,0.2658029590889266
COC(=O)Cn1cc(C2=CCn3cc(CO)nc3O2)nc1C,6.691586091292783e-10
CCn1nccc1C(F)c1cnc(C(F)(F)F)cc1N,0.00010890876985506645
NC(=O)c1nnc(S(=O)(=O)CCNC(=O)CCS)s1,0.002242867719485803
CC1(C(=O)c2cc(C(N)=O)ccc2N)CC1,0.00010890876985506645
Cc1ccc([N+](=O)[O-])c(Cn2cc(C(=O)C(F)F)cn2)c1,0.0001330214718888092
Nc1cc(Cl)ncc1-c1nc(Cl)c2n1CC(=O)O2,0.09778344405135005
Cn1nccc1C(F)COC(=O)c1n[nH]cc1C=O,0.0024175515673645035
COC(=O)c1nn(C)c(OC(=O)c2cnc(C#N)s2)c1I,0.010834714436436152
CCC(C)(CCC=O)c1nsnc1[O-],0.011108996538242308
NNNC(O)Nc1cccc[nH+]1,0.03597251875342965
Nc1cccc(Br)c1Oc1scnc1C(=O)OCc1cnccn1,6.807981343976343e-07
Cc1nc(Cl)c(CO)n1CC1N=NC=C1CO,0.0010862759414638579
CC(C=CC(Cl)(Cl)C(C)(C)OC(=O)c1ccccc1)n1cncn1,1.2729811194234181e-16
Cc1noc(C(=O)OCc2sc(C#N)nc2C)n1,0.07243975703425146
COc1ncc(OC(F)F)c(Oc2ccc(Br)cn2)n1,0.021818435531042762
COC(=O)C(c1cccs1)[N+](=O)C=Cc1ccc[nH]1,2.968110232572986e-05
NC(=O)c1ccc(Oc2nsc3ccc(CC(=O)O)cc23)c(Br)c1,1.374507727921396e-07
NS(=O)(=O)Cc1ccc(CCCSc2nc(Cl)ncc2Br)c(F)c1,2.215948977336598e-08
COC(=O)Cn1c(C)nc(-c2cc(S(=O)(=O)NCC#N)sc2O)c1Cl,7.357209699575979e-08
[CH2][CH]C(C)c1ccnc(Cl)c1,0.24659696394160652
COC(=O)Cn1c(C)nc(OC(=O)Nc2cccnc2)c1Cl,1.674493209434266e-06
O=C(CS)NC(Nc1cccc[nH+]1)C(Cl)Cl,0.014625334709594222
O=C1C(c2cccs2)OC2CCCCC12,0.00012340980408667956
N#CCNC(=O)Oc1nsc2ccc(N)cc12,0.11080315836233386
O=C(NC(=O)C(F)(F)F)Nc1cc2c(cn1)OCS2,0.14956861922263506
CCn1nccc1C(F)(F)F,0.5352614285189902
COc1cnc(OCCC(F)F)nc1OOCc1ocnc1CBr,3.305807413103648e-08
Nc1ccc(C=O)cc1C(=O)C1(Cc2nccs2)CC1,1.6373771305908126e-07
COc1ccc(NN)cc1-n1cccc1OC(F)F,8.916695916023522e-05
C#CCc1cc(N)c(-c2cn(C)c(=O)n(CC)c2=O)cn1,5.6172989244173e-10
Nc1ncc(Br)cc1C(=O)C1=CCSC2CC(=O)N12,0.004086771438464067
CSc1nc(C(=O)Nc2ccccc2)cc(=O)[nH]1,0.0024787521766663585
O=C(O)c1cc(C(=NS(=O)(=O)c2cccs2)Sc2ccccc2)cnc1O,1.6918979226151304e-10
N#CCNS(=O)(=O)c1cc(NC(=O)Cc2cccc(Cl)c2)c(Br)s1,4.118588707535707e-06
Nc1cc(Cn2cc(C(=O)C(F)(F)F)cn2)ncn1,0.0301973834223185
Nc1cc(Cl)ncc1OC(CCCO)Nc1cccc[nH+]1,1.0288441862970217e-11
Cn1nc(Cc2cn3c(n2)OC(Cl)=CC3)c(I)c1-c1ccccc1,9.056076989672866e-11
CSC(Cn1c(C)nc(Cl)c1Cl)=N[SH](=O)=O,0.33287108369807955
CSC(N)=Nc1nnc(SCCC=O)s1,0.16529888822158653
Nc1ncc(Br)cc1Nc1cc2c(cn1)OCS2,0.0223707718561656
COC(=O)Cn1c(C)nc(CO)c1Cl,0.13533528323661267
Cc1c(I)c(-c2ccc(Br)cn2)nn1C,0.11943296826671962
NOCc1ccc(OC(=O)c2cc(Br)cnc2O)cc1Cl,0.0003354626279025118
C=C(C)c1cccc([SH](=O)=O)c1Cl,0.32465246735834974
O=c1cc(-c2cc3c(cn2)OCS3)nc(SCCCCF)[nH]1,1.3405710112012821e-07
Cc1nc(CC(C)(F)F)sc1-c1cc2c(cn1)OCS2,7.300373162293296e-05
O=Cc1c[nH]nc1C(=O)N1CCC(=O)c2scnc21,0.024723526470339385
O=C1Oc2c[nH]nc2C(=O)OCc2ccc1cc2,0.016163494588165874
Cc1ccc(C(=O)C(F)C(F)F)c(CCl)c1,0.02411310042681686
CC(C(=O)OC(Cl)(Cl)C(C)(C)OC(N)=O)c1cccs1,6.160116261320527e-07
COc1ccc(C(Cl)=NOC(=O)c2cc(=O)[nH]cn2)cc1,0.0003035391380788668
O=CN1CC(NC(=O)OCC2CC(=O)N=C3NCC=[N+]32)C1,1.1282646495496606e-08
Cc1scnc1C(=O)c1c(I)c(C(=O)N(C)C(F)F)nn1C,0.0001665858109876335
O=C(NC1=CCn2cc(CO)nc2O1)c1cccnn1,0.0003354626279025118
COC(=O)c1nn(C)c(-c2cc(=O)[nH]c(SC)n2)c1NC(N)=O,9.213600834566134e-08
Nc1c[nH]nc1C(=O)OCCC=O,0.591555364366815
CCC(=O)c1nn(CCCC(=O)c2nc([S-])sc2N)c(O)c1I,1.374507727921396e-07
CSc1nc(-c2ccc(NN)cc2-c2ccncc2)cc(=O)[nH]1,1.0008512920840523e-10
NC1=NNC(=O)C(S)(CO)S1,0.32465246735834974
O=C(c1nc(Cl)c(Cl)[nH]1)C1[NH+]=c2ccccc2=[NH+]1,0.03597251875342965
Nc1cc(Cl)ncc1C(=O)Oc1ccc([N+](=O)[O-])cc1,0.006571586494929612
COC(=O)Cn1cnc(COC(=O)c2n[nH]cc2C=O)c1Cl,6.77287364908539e-05
CSC(O)=NS(=O)(=O)COC(=O)c1nc(O)no1,0.024723526470339385
NC(=O)c1cccc(N)c1,0.8824969025845953
Cc1noc(C(=O)C(C=COC(C)(C)C)n2cncn2)n1,3.6724203108264176e-10
COn1cccc1C/C=C\C1CC1,0.00016247279265951725
N#CN(C1CC1)C1C(=O)N2C(C(=O)[O-])=CCSC12,0.014625334709594222
NS(=O)(=O)Cc1ccc2c(c1)C2,0.6703200460356392
O=COCc1cn2c(n1)OC(Cl)=CC2,0.6703200460356392
OCc1cc(C2=CCn3cc(CO)nc3O2)ccn1,2.6856571992874528e-05
O=C([O-])[C-]=CCC(F)=CCn1cncn1,0.4065696597405991
CC(C)(C)n1cc(C(=O)C(F)(F)F)cn1,0.07243975703425146
COc1ccc(NN)cc1-c1cc(CO)nc(CCC(=O)[O-])c1,4.646858044746973e-14
Nc1cccc(Br)c1Cc1ccc(Cl)nc1,0.010834714436436152
CSC=Nn1cccc1C=C[N+](=O)CCCl,0.002242867719485803
