CC(C)[C@H]1CC[C@@H](C)CC1=C(F)C(=O)[C@@]1([C@@H]2C[C@H](C)CC[NH2+]2)CCCC1(C)C,0.20566979869162433
C[C@@H]1CC[C@H](C2(C)C([NH2+][C@H]3CC[C@H]([NH3+])C3)C2(C)C)[C@@H](OC=O)C1,0.20251325872393733
CC(C)[C@@H]1CC[C@H](C)C[C@H]1[C@H]1CC[C@H](C)C[C@H]1O[C@H]1C=CC(=O)O1,0.20192466343132368
CC(C)[C@H]1CCC(C[C@H]2CC[C@@H](C)C[C@@H]2O)=C[C@@H]1O,0.24308621740219888
C[C@@H]1CC[C@H]([NH2+][C@@H]2CCCCC2(C)C(=O)C=O)C1,0.1947141570127259
CC(C)[C@H]1CC[C@@H](C)C[C@H]1[NH2+]CC1(CO[C@@H]2C[C@H](C)CC[C@H]2C(C)C)CC1,0.17582371425556806
CN[C@]1(O[C@@H]2C[C@H](C)CC[C@H]2C(C)C)[C@@H]2CC[C@@H](C2)C1(C)C,0.25505000500000985
CC(C)C[NH+](C(C)[C@@H]1CC[C@@H](C)C[C@H]1OCCl)[C@H]1CCC(C)(C)[C@@H]1O,0.21215509594589552
C[C@@H](O)[C@@H]1C[C@@H](C2(C)[C@@H]3CC[C@@]2(CS)[C@H](O)C3)CC[C@@H]1C,0.22687130324325752
CC([C@H]1CC[C@H](C)C[C@@H]1OC=O)[C@@]1(C[NH3+])CC[C@H]2C[C@@H]1C2(C)C,0.2418254167033372
C[C@@H](O)[C@@H]1C[C@@H]([C@@H]2CC[C@H](O)[C@H](C[NH+]3CCC(C)(C)C3)C2)CC[C@@H]1C,0.18319121885903583
CC(C)[C@H]1CC[C@H](C)C[C@@H]1C[C@H]1CC[C@@H](C)C[C@@H]1O,0.2340822943922611
CC(C)[C@H]1CC[C@@H](C)C[C@H]1OC(=O)[NH2+][C@@H]1C[C@H]1C,0.23742903996690853
C[C@@H]1CC[C@H](CCC2([C@H](C)[NH2+][C@H]3CCC[C@H](C)C3)CC2)[C@@H](O)C1,0.19321601461775462
CC(C)[C@H]1CCC([C@H]2CC[C@H](C)C[C@H]2O[C@H]2C=CC(=O)O2)=C[C@@H]1O,0.20769510081357434
CC(C)[C@H]1CC[C@@H]([NH2+][C@@H]2C[C@H]2C)C[C@@H]1OC=O,0.22268088570756167
CC([C@@H]1CC[C@@H](C)C[C@H]1[NH3+])C1(C)[C@H]2CC[C@]1(C)[C@H]([NH3+])C2,0.2646280620124815
CO/C=C/[C@@]12CC[C@@H](CC1=O)C2(C)OC(=O)[C@]12CC[C@H](CC1=O)C2(C)C,0.1873171623163388
CC(O/C=C/[C@@]12CC[C@@H](CC1=O)C2(C)C)N1C(=O)NC(=N)[C@]12CC[C@@H](C)C[C@H]2C,0.22483204964917827
CC(C)[C@H]1CC[C@@H](C)C[C@@H]1O[C@@H]1CCC(=O)[C@H](C[C@@H](C)O)C1,0.22819072267986656
CC(C)[C@@H]1CC[C@H](C)C[C@H]1OCC(=O)Cl,0.27386127875258304
CNCC(=O)[C@@H]1CC[C@@H](C)C[C@@H]1C,0.2335496832484569
CC1(C)[C@H]2CC[C@]1(C1(C)[C@H]3CC[C@]1(C)[C@H]([NH3+])C3)[C@H]([NH3+])C2,0.20864786329573212
CC1(C)[C@H]2CC[C@]1(C)[C@](O)(N[C@]1(C)[C@@H]3CC[C@@H](C3)C1(C)C)C2,0.20372124930365113
C[C@@H]1CC[C@H]([C@@H](C)Cl)[C@H](CC[C@H]2CC[C@@H](C)C[C@@H]2O)C1,0.2051956704170308
CC(C(=O)[C@@H]1CC[C@@H](C)C[C@@H]1C)[C@H]1CC[C@H](C)C[C@H]1O[C@H]1C=CC(=O)O1,0.17371910221568257
CC(C)[C@H]1CCC(C[C@H]2C=CC(=O)O2)=C[C@@H]1O,0.18926408936295352
C[C@@H]1CC[C@@H](C(=O)[C@@H](O)[C@@H]2C[C@@H](C)CC[C@@H]2C)[C@@H](C)C1,0.19001689114107445
C[C@@H]1CC[C@@H](C(=O)CC2(C)[C@@H]3CC[C@@]2(CS)[C@H](O)C3)[C@@H](C)C1,0.22669234126145654
CC(C)[C@@H]1CC[C@H](C)C[C@H]1O[C@@H]1C[C@H]1[NH2+][C@@H]1CCCC1(C)C,0.22981048449321897
CC(C)[C@@H]1CC[C@H](C)C[C@H]1C(=O)[C@@H]1CC[C@@H](C)C[C@@H]1C,0.21592040575550436
C[C@@H]1C[C@H]1[NH2+]C1(C)[C@H]2CC[C@]1(C)[C@H]([NH3+])C2,0.2418254167033372
C[C@@H]1CC[C@@H](C(N[C@]2(C)[C@@H]3CC[C@@H](C3)C2(C)C)C2(C)[C@H]3CC[C@]2(C)[C@H]([NH3+])C3)[C@H]([NH3+])C1,0.1932606432404615
CC1=C[C@H](O)[C@@H](C(C)C(=O)C=O)CC1,0.1750752438129634
C[C@H]1CC[C@@H]([C@H]2C=CC(=O)O2)[C@H](OCC(=O)Cl)C1,0.16641005886756874
CC(C)[C@@H]1CC[C@H](C)C[C@H]1OCC(=O)Cl,0.27386127875258304
CC(C)[C@H]1CC[C@@H](C)C[C@@H]1OC1(C)[C@H]2CC[C@]1(C)[C@H]([NH3+])C2,0.2777218812528578
C[C@@H]1CC[C@H]([NH2+][C@@H]2CCCCC2(C)[C@@]23CC[C@@H](C[C@H]2[NH3+])C3(C)C)C1,0.20745595841899625
CC([C@H]1CC[C@@H](C)C[C@H]1NC(=O)c1csnn1)C1(C)C([NH2+][C@H]2CC[C@H]([NH3+])C2)C1(C)C,0.19034674690672024
CO/C=C/[C@@]12CC[C@@H](CC1=O)C2(C)C(C)C[NH+](C1CC1)[C@H]1CCC(C)(C)[C@@H]1O,0.210182555953888
C[C@@H]1CC[C@H](CCC(=O)C=O)[C@@H](O)C1,0.20701966780270625
CC(C)[C@H]1CC[C@@H](C)C[C@H]1OC[C@H]1CC[C@@H](C)C[C@@H]1O,0.22329687826943603
CC([C@@H]1CC[C@@H](C)C[C@H]1[NH3+])C1(C)[C@H]2CC[C@]1(C)[C@H](C(=O)[C@@H]1CC[C@@H](C)C[C@@H]1C)C2,0.19881069312188604
C[C@@H]1CC[C@@H](C(=O)CC(=O)C=O)[C@@H](C)C1,0.19086611143795612
CN[C@]1(O[C@@H]2C[C@H](C)CC[C@H]2C(C)C)[C@@H]2CC[C@@H](C2)C1(C)C[C@@H]1C[C@H](C)CC[C@@H]1O,0.1904706532971467
CC(C)[C@H]1CC[C@H]([C@@H]2C[C@H]2[NH2+][C@@H]2CCCC2(C)C)C[C@H]1NC(=O)c1nc[nH]n1,0.17831254072625802
C[C@@H]1CC[C@H]([NH2+][C@@H]2CCCCC2(C)N[C@]2(C)[C@@H]3CC[C@@H](C3)C2(C)C)C1,0.1927710843373494
C[C@H]1CC[C@H]([C@@]23CC[C@@H](C[C@H]2[NH3+])C3(C)C)[C@H](O[C@H]2C=CC(=O)O2)C1,0.22215006043359375
CC1=C[C@H](O)[C@@H](C(C)[C@@H]2CC[C@H]([C@@H](C)Cl)[C@H](C)C2)CC1,0.19649437297296485
CNC(=O)[C@@H]1CC[C@@H](C)C[C@@H]1C,0.24806946917841693
CC(C)[C@H]1CC[C@H]([C@H]2CC[C@@H](C)C[C@@H]2O)C[C@H]1C(=O)Cl,0.24215490112528418
CC(C)[C@H]1CC[C@@H](C)C[C@H]1OC(=O)[C@@H]1CC[C@H]([C@@H](C)Cl)[C@H](C)C1,0.19267430015376144
CC(C)C[NH+](C(C)C)[C@H]1CCC(C)(C)[C@@H]1O,0.20620756080371955
C[C@@H]1CC[C@@H](C([C@H]2C=CC(=O)O2)C2(C)[C@H]3CC[C@]2(C)[C@H]([NH3+])C3)[C@H]([NH3+])C1,0.2326239971512675
CC(C)[C@H]1CC[C@@H]([C@H]2CC[C@H](C)[C@H]([C@@H](C)O)C2)C[C@@H]1OC=O,0.1863937956553907
CC(C(C)[C@@H]1CC[C@@H](C)C[C@H]1OCCl)[C@H]1CC[C@@H](C)C[C@H]1NC(=O)c1csnn1,0.1536082862933427
CC(C)[C@H]1CC[C@H](C(C)C)[C@@H](OC=O)C1,0.23874672772626643
CC(C)[C@H]1CC[C@@H](C)C[C@H]1[NH2+]CC1(C[C@@H]2CC[C@@H](C)C[C@@H]2C)CC1,0.1938599993459332
C[C@@H]1CC[C@@H](C(=O)[NH2+][C@H]2CC[C@H]([NH3+])C2)[C@@H](C)C1,0.1700870501500239
CC([C@@H]1CC[C@H](C(C)C)[C@H](NC(=O)c2csnn2)C1)[C@H]1CC[C@H](C)C[C@@H]1OC=O,0.16259391627362754
CC(=O)[C@@H]1C[C@@H]([C@@H](O)[C@@H]2C[C@@H](C)CC[C@@H]2C)CC[C@H]1C(C)C,0.20669184547858144
CC(C)[C@H]1CC[C@@H](C)C[C@H]1[NH2+]CC1(C[C@H]2CC[C@@H](C(C)C)[C@H](OCC(=O)Cl)C2)CC1,0.1695582495781317
C[C@@H]1CC[C@@H](C(=O)[C@@H]2CC[C@@H](C)C[C@@H]2C)[C@@H](C)C1,0.18346822357102754
CO/C=C/[C@@]12CC[C@@H](CC1=O)C2(C)[C@@H](O)[C@@H]1C[C@@H](C)CC[C@@H]1C,0.2688834798253386
CNC(=O)[C@@H]1CC[C@H](C)C[C@H]1C(C)=O,0.22478059477960657
CC(C)[C@H]1CC[C@H]([C@H]2CC[C@@H](C(C)C)[C@H](OCC(=O)Cl)C2)C[C@H]1C(=O)Cl,0.1541103500742244
CC([C@H]1CC[C@H](C)C[C@H]1NC(=O)c1nc[nH]n1)C1(C)C([NH2+][C@@H]2CCC[C@H]2O)C1(C)C,0.20753592712754373
C/C(=N/O)C(=O)O[C@H]1C[C@@H]([C@@H](O)[C@@H]2C[C@@H](C)CC[C@@H]2C)CC[C@@H]1C(C)C,0.1788854381999832
CC(C)C[NH+](Cl)[C@H]1CCC(C)(C)[C@@H]1O,0.22566773346211
CC(C)[C@H]1CC[C@@H]([NH2+][C@@H]2C[C@H]2C)C[C@@H]1OC=O,0.22268088570756167
CC(C)[C@H]1CC[C@H](C[C@H]2CC[C@@H](C)C[C@@H]2O)C[C@H]1C(=O)Cl,0.23127663954095878
C[C@@H]1CC[C@@H](C(=O)CC=C[C@@]23CC[C@@H](CC2=O)C3(C)C)[C@@H](C)C1,0.26490647141300877
CC(C)C(C)[C@H]1CC[C@H](C)C[C@@H]1OC=O,0.2561737691489899
CC(C)[C@H]1CC[C@@H](C2(C)C([NH2+][C@@H]3CCC[C@H]3O)C2(C)C)C[C@@H]1OC=O,0.2407122490262507
CC(C)[C@H]1CC[C@H]([C@H]2CC[C@@H](C)CC2=C(F)C(=O)[O-])C[C@@H]1OC=O,0.20123447664776567
C[C@@H]1CC[C@@H](C(=O)[C@H]2CC[C@H](C)[C@H]([C@@H](C)O)C2)[C@@H](C)C1,0.19649437297296485
C[C@H]1CC[C@@H](C2(C)[C@@H]3CC[C@@]2(CS)[C@H](O)C3)[C@H](OCC(=O)Cl)C1,0.20170215835176547
COC(C)[C@H]1CC[C@@H](C)C[C@H]1OC(=O)C=O,0.23440361546924776
CNC(=O)C(=O)[C@@H]1CC[C@@H](C)C[C@@H]1C,0.22478059477960657
CC(C)[C@H]1CC[C@H](Cl)C[C@H]1NC(=O)c1nc[nH]n1,0.19477964490741226
CNC(=O)[C@@H]1CC[C@H](C(C)C)[C@@H](OC=O)C1,0.22630275739679098
C[C@H]1CC[C@H](OCC(=O)Cl)[C@@H](OC=O)C1,0.16666666666666669
C[C@@H]1CC[C@H]([C@@H](O)[C@@H]2C[C@@H](C)CC[C@@H]2C)C(=C(F)C(=O)[O-])C1,0.1983367694606394
C[C@@H]1CC[C@@H](C=CCC(=O)[C@@H]2CC[C@@H](C)C[C@@H]2C)[C@@H](C)C1,0.161251873934033
CC([C@@H]1CC[C@@H](C)C[C@H]1[NH3+])[C@@H]1CCC[C@H]1[NH2+]C1C(C)(C)C1(C)C,0.22941573387056177
CCC(=O)[C@@H]1CC[C@@H](C)C[C@@H]1C([C@@H]1CC[C@@H](C)C[C@H]1[NH3+])C1(C)[C@H]2CC[C@]1(C)[C@H]([NH3+])C2,0.18650096164806276
C/C(=N/O)C(=O)O[C@H]1C[C@@H](C)CC[C@@H]1C(C)OC(=O)[C@]12CC[C@H](CC1=O)C2(C)C,0.25857390648764056
C[C@@H]1CC[C@H](CCOCC(=O)Cl)[C@@H](O)C1,0.19611613513818402
CC(C)C(C)[C@H]1CC[C@H](C)C[C@@H]1C1(C)C(=O)[C@]2(C)CC[C@H]1C2,0.28389613404443037
CCC(=O)[C@@H]1CC[C@@H](C)C[C@@H]1C1(C)[C@@H]2CC[C@@]1(C(=O)OC)C(=O)C2,0.23545712017277254
CC(OC(=O)[C@]12CC[C@H](CC1=O)C2(C)C)[C@H]1CC[C@H](C(C)C)[C@@H](OC=O)C1,0.2581595091490907
CCC(=O)[C@@H]1CC[C@@H](C)C[C@@H]1[C@@H]1C[C@@H]2CC[C@@]1(C)C2(C)C(C)[C@@H]1CC[C@@H](C)C[C@H]1[NH3+],0.19239442809755275
CC(C)C(C)[C@H]1CC[C@H](C(C)[C@H]2CC[C@H](C)C[C@H]2O[C@H]2C=CC(=O)O2)C[C@@H]1OC=O,0.1585347992051749
CC(C)[C@H]1CC[C@@H](C)C[C@H]1OC(=O)[C@H]1CC[C@@H](C)CC1=C(F)C(=O)[O-],0.20192466343132368
C[C@@H]1CC[C@H]([C@H](Cl)C2(C)C([NH2+][C@H]3CC[C@H]([NH3+])C3)C2(C)C)[C@H](C)C1,0.21904291355759029
CN[C@]1([C@@]23CC[C@H](O)C(C)(C)[C@H]2CCCC3=O)[C@@H]2CC[C@@H](C2)C1(C)C,0.20931223107279306
CC(C)[C@H]1CC[C@H](C)C[C@@H]1[C@@H]1CC[C@@H](C)C[C@@H]1C,0.2186142900000084
CC(C)C(C)[C@H]1CC[C@H](C)C[C@@H]1[C@@H]1CC[C@@H](C)C[C@H]1[NH3+],0.1900763853245966
C[C@@H]1CC[C@H](CC[C@@H]2CCC[C@H]2[NH2+]C2C(C)(C)C2(C)C)[C@@H](O)C1,0.22631038253813782
COC(=O)[C@]12CC[C@H](CC1=O)C2(C)C(C)[C@@H]1CC[C@@H](C)C[C@H]1OCCl,0.25974025974025977
CNC[C@H]1CC[C@@H](C)C[C@@H]1O,0.2528681626704075
CC(C)[C@H]1CC[C@@H](C)CC1=C(F)C(=O)C[C@]12CC[C@H](C[C@H]1O)C2(C)C,0.26285149626910836
CC(C)[C@H]1CC[C@H](C(=O)C(F)=C2C[C@H](C)CC[C@@H]2C(C)C)C[C@@H]1OC=O,0.18898223650461363
CC1(C)[C@H]2CC[C@]1(C1(C)C(=O)[C@]3(C)CC[C@H]1C3)C(=O)C2,0.23605770742595655
CC(C)[C@H]1CC[C@@H](C)C[C@@H]1OO[C@@H]1C[C@@H](C)CC[C@H]1C(C)C,0.1855215799859382
CC([C@H]1CC[C@@H](C)CC1=C(F)C(=O)[O-])[C@@H]1CC[C@@H](C)C[C@H]1OCCl,0.1892589535044567
C/C(=N/O)C(=O)O[C@H]1C[C@@H](CC[C@H]2CC[C@@H](C)C[C@@H]2O)CC[C@@H]1C(C)C,0.19125861679324863
CC(=O)[C@@H]1C[C@@H](C)CC[C@H]1[C@@H]1CC[C@@H](C)C[C@H]1[NH3+],0.18346822357102754
CC1(C)[C@@H]2CC[C@@]1(C(=O)OC1(C)[C@H]3CC[C@]1(C)[C@@](C)(O)C3)C(=O)C2,0.21600832629959643
CC1(C)[C@H]2CCCC(=O)[C@]2(C(=O)CC=C[C@@]23CC[C@@H](CC2=O)C3(C)C)CC[C@@H]1O,0.1977314956219728
CC(C)[C@H]1CC[C@H](C)C[C@@H]1[C@H]1CC[C@@H](C)C[C@@H]1OC=O,0.212710840436834
C/C(=N/O)C(=O)O[C@H]1C[C@@H](C)CC[C@@H]1[C@@H]1CCC[C@H]1[NH2+]C1C(C)(C)C1(C)C,0.18788028987166044
CC(C)C(C)[C@H]1CC[C@H]([C@@]23CC[C@@H](C[C@H]2[NH3+])C3(C)C)C[C@@H]1OC=O,0.2207792207792208
CNC[C@H]1CC[C@@H]([C@@H](Cl)[C@H]2CC[C@@H](C)C[C@H]2C)C[C@@H]1O,0.19326521446949235
CC(C[C@]12CC[C@H](C[C@H]1O)C2(C)C)[C@@H]1CC[C@@H](C)C[C@H]1[NH3+],0.2803059552906941
CC([C@@H]1CC[C@@H](C)C[C@H]1[NH3+])C1(C)C([NH2+][C@@H]2CCC[C@H]2O)C1(C)C,0.24798654439950682
C[C@@H]1CC[C@H](NC[C@H]2CC[C@@H](C)C[C@@H]2O)C(=C(F)C(=O)[O-])C1,0.18535923774194496
CC(OC(=O)C[C@@H]1C[C@H](C)CC[C@@H]1O)[C@H]1CC[C@H](C(C)C)[C@@H](OC=O)C1,0.18641092980036003
C[C@@H]1CC[C@H]([C@H]2CC[C@H](C)[C@H]([C@@H](C)O)C2)[C@@H](OC2(C)[C@H]3CC[C@]2(C)[C@H]([NH3+])C3)C1,0.19579008980025475
C[C@H]1CC[C@H](C)[C@H]([C@H](O)C(=O)[C@]23CC[C@H](CC2=O)C3(C)C)C1,0.3121472367904246
CC1(C)[C@H]2CC[C@]1(C1(C)[C@H]3CC[C@]1(C)[C@H]([NH3+])C3)C(=O)C2,0.2622050571649308
C[C@@H]1CC[C@H]([C@@H](C)Cl)[C@H](O/C=C/[C@@]23CC[C@@H](CC2=O)C3(C)C)C1,0.3042903097250923
CC1(C)[C@H]2CCCC(=O)[C@]2(C2(C)[C@H]3CC[C@]2(C)[C@H]([NH3+])C3)CC[C@@H]1O,0.21747941810042
CC(C)[C@@H](Cl)[C@H]1CC[C@@H](C)C[C@H]1C,0.2696799449852968
CC(=O)[C@@H]1C[C@@H](C)CC[C@H]1C1(C)C(=O)[C@]2(C)CC[C@H]1C2,0.2571592581287553
CC(OC(=O)[C@]12CC[C@H](CC1=O)C2(C)C)[C@H]1CC[C@@H](C)C[C@H]1OC(=O)C=O,0.2664762106740529
C/C(=N/O)C(=O)O[C@H]1C[C@@H](C)CC[C@@H]1O/C=C/[C@@]12CC[C@@H](CC1=O)C2(C)C,0.23839336263586958
C/C(=N/O)C(=O)O[C@H]1C[C@@H](C)CC[C@@H]1C(C)[C@]12CC[C@H](CC1=O)C2(C)C,0.28544304649705915
CO/C=C/[C@@]12CC[C@@H](CC1=O)C2(C)[C@H]1CC[C@@]2(C)C(=O)CCC[C@@H]2C1(C)C,0.18020683530042983
CC(C)[C@@H]1CC[C@@H](C)C[C@H]1OC(C)[C@]12CC[C@H](CC1=O)C2(C)C,0.33823529411764713
CC(O[C@@]12CC[C@@H](C[C@H]1[NH3+])C2(C)C)[C@]12CC[C@H](CC1=O)C2(C)C,0.2552036460354681
C[C@@H](O)[C@@H]1C[C@@H](C2(C)C(=O)[C@]3(C)CC[C@H]2C3)CC[C@@H]1C,0.2670742805450786
COC(=O)[C@]12CC[C@H](CC1=O)C2(C)C(C)[C@@H]1CC[C@@H](C)C[C@H]1OCOCC(=O)Cl,0.22727272727272724
CC(C)C1(C)[C@H]2CC[C@]1(/C=C/O[C@@H]1C[C@H](C)CC[C@@H]1[C@@H](C)Cl)C(=O)C2,0.2678998598884099
C[C@@H]1CC[C@H]([C@@H](C)Cl)[C@H](C2(C)C(=O)[C@]3(C)CC[C@H]2C3)C1,0.29649972666444047
CC(N[C@]1(C)[C@@H]2CC[C@@H](C2)C1(C)C)[C@H]1CC[C@H](C)C[C@@H]1OC=O,0.2418254167033372
CC(C)[C@H]1CC[C@@H](C2(C)C(=O)[C@]3(C)CC[C@H]2C3)C[C@@H]1OC=O,0.26232208687714703
CC([C@H]1CC[C@H](C)[C@H]([C@@H](C)O)C1)[C@H]1CC[C@@H](C)C[C@@H]1OC1(C)[C@H]2CC[C@]1(C)[C@H]([NH3+])C2,0.19652886685069443
C[C@H]1CC[C@H](C)[C@H]([C@H](O)C2(C)[C@H]3CC[C@]2(C=CC=O)C(=O)C3)C1,0.2688834798253386
C[C@@H]1CC[C@H](C(=O)C=O)[C@@H](OC=O)C1,0.1755494519014317
CC([C@H]1CC[C@H](C)C[C@H]1O[C@H]1C=CC(=O)O1)[C@H]1C=CC(=O)O1,0.18049619157053637
CC(C)[C@H]1CC[C@@H](C)C[C@@H]1O[C@@H]1CC[C@H](C)C[C@H]1OCC(=O)Cl,0.1901172751573434
CC(C)[C@H]1CC[C@@H](C(C)[C@H]2CC[C@H](C)C[C@H]2O[C@H]2C=CC(=O)O2)C[C@@H]1OC=O,0.1771270954329347
C[C@@H]1CC[C@@H]([C@H]2CC[C@@]3(C)C(=O)CCC[C@@H]3C2(C)C)[C@H]([NH3+])C1,0.2357249973135638
C[C@@H]1CC[C@H](O)[C@H](CC=CCC(=O)[C@@H]2CC[C@@H](C)C[C@@H]2C)C1,0.17243537720382118
C[C@@H](Cl)C1(C)[C@H]2CC[C@]1(C)[C@H]([NH3+])C2,0.2711630722733202
C[C@H]1CC[C@H](C)[C@H]([C@H](O)C2(C)[C@H]3CC[C@]2(C)[C@@](C)(O)C3)C1,0.25836892525439326
CC(C)[C@@H]1CC[C@H](C)C[C@H]1OOC(C)[C@]12CC[C@H](CC1=O)C2(C)C,0.32394366197183094
CC(C)[C@@H]1CC[C@@H](C)C[C@H]1O[C@H]1CC[C@H](C)C[C@H]1O[C@H]1C=CC(=O)O1,0.19449665130387478
COC(=O)[C@]12CC[C@H](CC1=O)C2(C)C(=O)C=O,0.18997964612824242
CO/C=C/[C@@]12CC[C@@H](CC1=O)C2(C)OC,0.22718473369882594
C[C@@H]1CC[C@H]([C@@H](C)Cl)[C@H]([C@@H]2C[C@@H](C3(C)C(=O)[C@]4(C)CC[C@H]3C4)CC[C@@H]2C)C1,0.22589298344935663
C[C@H]1CC[C@H](C)[C@H]([C@H](OCC(=O)Cl)C(=O)[C@]23CC[C@H](CC2=O)C3(C)C)C1,0.25932886840516634
C[C@H]1CC[C@@H]([C@@H]2CC[C@H]([C@@H](C)Cl)[C@H](C)C2)[C@H](OCC(=O)Cl)C1,0.18057877962865385
COC(C)[C@]12CC[C@H](CC1=O)C2(C)C,0.3090549306613841
COC(C)[C@@H]1CCC[C@H]1[NH2+]C1C(C)(C)C1(C)C,0.23728813559322035
CC(C)[C@H]1CC[C@@H](C)C[C@H]1OC(=O)C(=O)CC=C[C@@]12CC[C@@H](CC1=O)C2(C)C,0.28048780487804886
CC(C)[C@@H]1CC[C@H]([C@@]23CC[C@H](O)C(C)(C)[C@H]2CCCC3=O)C[C@H]1OCC(=O)Cl,0.22742941307367104
C[C@@H](O)[C@@H]1C[C@@H](C=CC=O)CC[C@@H]1C,0.20624996852875477
CC(=O)[C@@H]1C[C@@H](C)CC[C@H]1[C@H]1CC[C@@H](C)C[C@@H]1OC=O,0.16803361008336118
CC1(C)[C@H]2CC[C@]1(OCC(=O)Cl)[C@H]([NH3+])C2,0.21279807063957257
CC(C)[C@H]1CC[C@@H](C2([C@@H](C)Cl)[C@H]3CC[C@]2(C)[C@H]([NH3+])C3)C[C@@H]1OC=O,0.21932000780317515
CC(=O)[C@@H]1C[C@@H](C)CC[C@H]1[C@@]12CC[C@@H](CC1=O)C2(C)[C@@H](O)[C@@H]1C[C@@H](C)CC[C@@H]1C,0.22027005432764474
C[C@@H]1CC[C@H]([C@H]2CC[C@@]3(C)C(=O)CCC[C@@H]3C2(C)C)[C@@H](OC=O)C1,0.21758920010719246
CC([C@H]1CC[C@H](C)C[C@H]1O[C@H]1C=CC(=O)O1)[C@@H]1CC[C@H](C)C[C@H]1OCC(=O)Cl,0.1622990947867005
COC(=O)[C@]12CC[C@H](CC1=O)C2(C)C(C)C,0.2681332221799479
COC(=O)[C@@]12CC[C@@H](C[C@H]1[NH3+])C2(C)C,0.2489043044418463
COC1([C@@H](C)Cl)[C@H]2CC[C@]1(C)[C@H]([NH3+])C2,0.2445997952351143
CC(O[C@@H]1C[C@H](C)CC[C@@H]1[C@@H](C)Cl)[C@]12CC[C@H](CC1=O)C2(C)C,0.31854448391911316
COC(=O)[C@]12CC[C@H](CC1=O)C2(C)[C@@H]1CC[C@@H](C)C[C@H]1[NH3+],0.26318067798390754
CC(C)[C@H]1CC[C@H]([C@@H](Cl)[C@H]2CC[C@@H](C)C[C@H]2C)C[C@@H]1OC=O,0.19800137740567733
C[C@@H]1CC[C@H]([C@@]23CC[C@@H](CC2=O)C3(C)[C@@H](O)[C@@H]2C[C@@H](C)CC[C@@H]2C)[C@@H](OC=O)C1,0.21780885915428785
CC(N[C@]1(C)[C@@H]2CC[C@@H](C2)C1(C)C)[C@H]1CC[C@@H](C)C[C@H]1OC(=O)C=O,0.2265098628611669
CC(OC(=O)[C@]12CC[C@H](CC1=O)C2(C)C)[C@@H]1CC[C@@H](C)C[C@H]1[NH3+],0.308670613500498
CC(C(C)[C@]12CC[C@H](CC1=O)C2(C)C)[C@@H]1CC[C@@H](C)C[C@H]1[NH3+],0.33302703110155624
CC(OC(=O)[C@]12CC[C@H](CC1=O)C2(C)C)OC(C)[C@@H]1CC[C@@H](C)C[C@H]1[NH3+],0.28544304649705915
CC(C)O[C@@H]1C[C@H](C)CC[C@H]1C(C)C,0.2716193383319644
COC(=O)[C@@H]1CC[C@H](C(C)C)[C@@H](OC=O)C1,0.22630275739679098
C[C@H]1CC[C@H](C)[C@H]([C@H](O)OCC(=O)Cl)C1,0.21514499158934378
CC([C@@H]1CC[C@@H](C)C[C@H]1OCCl)[C@@H]1CC[C@H](C)C[C@H]1OCC(=O)Cl,0.16705381391691135
CC(OC(=O)[C@]12CC[C@H](CC1=O)C2(C)C)O[C@@H]1C[C@H](C)CC[C@H]1C(C)C,0.3026315789473684
CC(C)[C@@H]1CC[C@@H](C)C[C@H]1C1(C)[C@H]2CC[C@]1(C=CC=O)C(=O)C2,0.3042903097250923
CC([C@@H](Cl)[C@H]1CC[C@@H](C)C[C@H]1C)[C@@H]1CC[C@@H](C)C[C@H]1[NH3+],0.1840174824912945
C[C@@H]1CC[C@H](C2(C)C([NH2+][C@@H]3CCC[C@H]3O)C2(C)C)[C@H](C2(C)C(=O)[C@]3(C)CC[C@H]2C3)C1,0.21304786601954073
COC(=O)[C@]12CC[C@H](CC1=O)C2(C(C)C)[C@H]1CC[C@H](C)[C@H]([C@@H](C)O)C1,0.23862744381788312
CO[C@@H]1C[C@H](C)CC[C@H]1C(C)C,0.3022589562996546
CC(=O)[C@@H]1C[C@@H](C(C)O[C@@H]2C[C@H](C)CC[C@H]2C(C)C)CC[C@H]1C(C)C,0.18053612490274196
CC(O[C@@H](C)Cl)O[C@@H]1C[C@H](C)CC[C@H]1C(C)C,0.23380395625054684
CC(C(C)[C@]12CC[C@H](CC1=O)C2(C)C)[C@@H]1CC[C@@H]([C@@H]2CC[C@@H](C)C[C@H]2[NH3+])C[C@H]1[NH3+],0.2555668241824789
CC(C)[C@@H]1CC[C@@H](C)C[C@H]1O[C@H]1CC[C@@H](C)C[C@@H]1OC1(C)[C@H]2CC[C@]1(C)[C@H]([NH3+])C2,0.20658386342454768
COC(C)C(C)[C@H]1CC[C@@H](C)C[C@@H]1OC1(C)[C@H]2CC[C@]1(C)[C@H]([NH3+])C2,0.23371161752566855
CC(C)[C@@H]1CC[C@H](C)C[C@H]1OO[C@H]1CC[C@H](C)C[C@H]1O[C@H]1C=CC(=O)O1,0.18759705606917185
CC(C)[C@@H](Cl)[C@H]1CC[C@@H](C)C[C@H]1OC(C)[C@@H]1CC[C@@H](C)C[C@H]1[NH3+],0.1700460603795407
CC(C)[C@@H]1CC[C@H](C)C[C@H]1OOC(C)C1(C)C(=O)[C@]2(C)CC[C@H]1C2,0.276990070017077
CC([C@H]1CC[C@@H](C)C[C@H]1OC(=O)C=O)[C@H]1CC[C@@]2(C)C(=O)CCC[C@@H]2C1(C)C,0.22063893940587662
CC(=O)[C@@H]1C[C@@H]([C@@]23CC[C@H](O)C(C)(C)[C@H]2CCCC3=O)CC[C@H]1C(C)C,0.2445997952351143
CC(O[C@@H]1C[C@H](C)CC[C@@H]1[C@@H]1CC[C@H]([C@@H](C)Cl)[C@H](C)C1)[C@]12CC[C@H](CC1=O)C2(C)C,0.24695110545378918
CC([C@H]1C=CC(=O)O1)[C@@H]1CC[C@H](C)C[C@H]1OCC(=O)Cl,0.19874868427498962
C[C@@H]1CC[C@@H]([C@H](C(=O)[C@]23CC[C@H](CC2=O)C3(C)C)[C@@H]2C[C@@H](C)CC[C@@H]2C)[C@H]([NH3+])C1,0.2403456422725787
O=CC(=O)[C@H]1C=CC(=O)O1,0.037397879600338274
C[C@@H]1CC[C@@H](C(C[C@]23CC[C@H](C[C@H]2O)C3(C)C)C(=O)C=O)[C@H]([NH3+])C1,0.2520155364955072
C[C@@H]1CC[C@H]([C@H](Cl)[C@@]23CC[C@H](O)C(C)(C)[C@H]2CCCC3=O)[C@H](C)C1,0.2520155364955072
COC(=O)[C@]12CC[C@H](CC1=O)C2(C)[C@H]1CC[C@H](C(C)C)[C@H](C(=O)Cl)C1,0.25482359571881275
CC(C)[C@@H](Cl)[C@H]1CC[C@@H](C)C[C@H]1C1([C@@H](C)Cl)[C@H]2CC[C@]1(C)[C@H]([NH3+])C2,0.22734943086157078
CC1(C)[C@H]2CCCC(=O)[C@]2(C)CC[C@@H]1[C@@]12CC[C@@H](C[C@H]1[NH3+])C2(C)C,0.20517853006947412
CC(=O)[C@@H]1C[C@@H](C(C)[C@]23CC[C@H](CC2=O)C3(C)C)CC[C@H]1C(C)C,0.2904529813290515
CC([C@@H](Cl)[C@H]1CC[C@@H](C)C[C@H]1C)[C@@H](Cl)[C@H]1CC[C@@H](C)C[C@H]1C,0.17149858514250885
CC([C@@H]1CC[C@H]([C@@H](C)Cl)[C@H](C)C1)[C@H]1CC[C@@H](C)C[C@H]1OC(=O)C=O,0.17452594938998447
C[C@H]1CC[C@@H](Cl)[C@H](OCC(=O)Cl)C1,0.18543452998910614
CC(C)[C@H]1CC[C@@H](C(C)[C@H]2CC[C@H](C)C[C@@H]2OC=O)C[C@@H]1OC=O,0.18283936271530685
C[C@@H](Cl)C1(C)[C@H]2CC[C@]1(C1(C)C(=O)[C@]3(C)CC[C@H]1C3)[C@H]([NH3+])C2,0.22824454831321664
COC(C)[C@H](C(=O)[C@]12CC[C@H](CC1=O)C2(C)C)[C@@H]1C[C@@H](C)CC[C@@H]1C,0.2788264220524744
CC(C(C)[C@]12CC[C@H](CC1=O)C2(C)C)[C@@H]1CC[C@@H](C)C[C@H]1[NH3+],0.33302703110155624
CC(C)C(C)[C@H]1CC[C@H](C)C[C@@H]1C1(C)C(=O)[C@]2(C)CC[C@H]1C2,0.28389613404443037
CC(=O)[C@@H]1C[C@@H](C(C)C(C)O[C@@H]2C[C@H](C)CC[C@H]2C(C)C)CC[C@H]1C(C)C,0.16984155512168936
CC([C@@H]1C[C@H](C)CC[C@@H]1[C@@H](C)Cl)[C@@H]1CC[C@@H](C)C[C@H]1[NH3+],0.1900763853245966
C[C@@H](O)[C@@H]1C[C@@H](C(=O)[C@]23CC[C@H](CC2=O)C3(C)C)CC[C@@H]1C,0.2910734047920698
CC([C@@H]1CC[C@@H](C)C[C@H]1[NH3+])C1(C)C([NH2+][C@@H]2CCC[C@H]2O)C1(C)C,0.24798654439950682
CC(=O)[C@@H]1C[C@@H](C)CC[C@H]1[C@H]1CC[C@H](C(C)C)[C@@H](OC=O)C1,0.19800137740567733
CC(C)[C@H]1CC[C@H]([C@@H]2C[C@H](C)CC[C@H]2C(C)C)C[C@@H]1OC=O,0.19800137740567733
CC(O[C@@H]1C[C@@H](C)CC[C@H]1C(C)C)[C@H]1CC[C@@H](C)C[C@H]1OC(=O)C=O,0.1782904071661437
CC(C)[C@@H]1CC[C@@H](C)C[C@H]1[C@@]12CC[C@@H](C[C@H]1[NH3+])C2(C)[C@@H](C)Cl,0.258735128932789
C[C@@H]1CC[C@H]([C@@H](C)Cl)[C@H]([C@@H](C)Cl)C1,0.2696799449852968
CC(C)[C@@H]1CC[C@@H](C)C[C@H]1OC(C(=O)C=O)[C@]12CC[C@H](CC1=O)C2(C)C,0.3026315789473684
CC(O[C@H]1CC[C@H](C(C)C)[C@H](C(=O)Cl)C1)O[C@@H]1C[C@H](C)CC[C@H]1C(C)C,0.17396309348461486
CC(=O)[C@@H]1C[C@@H](C(C)C2(C)[C@H]3CC[C@]2(C)[C@H]([NH3+])C3)CC[C@H]1C(C)C,0.23098063414938788
CO[C@@H]1C[C@H](C)CC[C@H]1C,0.2581988897471611
CO[C@@H]1C[C@H](C)CC[C@H]1C(C[C@]12CC[C@H](C[C@H]1O)C2(C)C)[C@@H]1CC[C@@H](C)C[C@H]1[NH3+],0.20262210756744517
C[C@H]1CC[C@@H]([C@@]23CC[C@@H](C[C@H]2[NH3+])C3(C)C)[C@H](OCC(=O)Cl)C1,0.2274870996727151
CC(C)[C@@H]1CC[C@H](C)C[C@H]1OOC(C)[C@]12CC[C@H](CC1=O)C2(C)C,0.32394366197183094
C[C@@H]1CC[C@H]([C@@]23CC[C@H](O)C(C)(C)[C@H]2CCCC3=O)[C@@H](OC=O)C1,0.22571896453123064
COC(C)[C@H](C(=O)C(C)OO[C@@H]1C[C@@H](C)CC[C@H]1C(C)C)[C@@H]1C[C@@H](C)CC[C@@H]1C,0.15857418640734752
CC(C)[C@H]1CC[C@@H](C)C[C@H]1OC(C)[C@@H]1CC[C@@H](C)C[C@H]1[NH3+],0.19350461866332141
CC(OO[C@@H]1C[C@@H](C)CC[C@H]1C(C)C)C(C)[C@@H]1CC[C@@H](C)C[C@H]1[NH3+],0.1735923216531034
C[C@H]1CC[C@H](C)[C@H]([C@H](C(=O)C=O)C(=O)[C@]23CC[C@H](CC2=O)C3(C)C)C1,0.2696444210511395
CC1(C)[C@@H]2CC[C@@]1(C1(C)[C@H]3CC[C@]1(C)[C@H]([NH3+])C3)C(=O)C2,0.2622050571649308
CC(C)[C@H]1CC[C@@H]([C@@H](Cl)[C@H]2CC[C@@H](C)C[C@H]2C)C[C@@H]1OC=O,0.19800137740567733
CC(C)[C@@H]1CC[C@@H](C)C[C@H]1O[C@@H]1CCC[C@H]1[NH2+]C1C(C)(C)C1(C)C,0.24130447178049938
CC(O[C@H]1CC[C@H](C)[C@H]([C@@H](C)O)C1)[C@]12CC[C@H](CC1=O)C2(C)C,0.28879141864166197
CC(C)[C@@H]1CC[C@@H](C)C[C@H]1OC(C(=O)C=O)[C@]12CC[C@H](CC1=O)C2(C)[C@@H](C)O,0.26726124191242434
CC(O[C@@H]1C[C@@H](C)CC[C@H]1C(C)C)[C@@H]1CC[C@@H](C)C[C@H]1[NH3+],0.19350461866332141
CC(C)[C@H]1CC[C@H]([C@@H]2CC[C@H](C)C[C@H]2OCC(=O)Cl)C[C@H]1C(=O)Cl,0.1852023681002988
CC(=O)[C@H](C)[C@@H]1C[C@@H](OC(C)[C@]23CC[C@H](CC2=O)C3(C)C)CC[C@@H]1C,0.2603834656021925
CC(C)[C@H]1CC[C@@H](C)C[C@H]1OC(=O)OC(C)[C@@H]1CC[C@@H](C)C[C@H]1[NH3+],0.1852023681002988
C[C@@H]1CC[C@H]([C@@H](C)Cl)[C@H]([C@@H](O)[C@@H]2C[C@@H](C)CC[C@@H]2C)C1,0.1900763853245966
COC(C)[C@@H]1CC[C@H](C(C)C)[C@@H](OC=O)C1,0.22630275739679098
CC(O[C@H]1CC[C@H](C)[C@H]([C@@H](C)Cl)C1)[C@]12CC[C@H](CC1=O)C2(C)C,0.2787520451991388
COC(C)[C@H](C(=O)[C@@H]1C[C@@H](C)CC[C@H]1C(C)C)[C@@H]1C[C@@H](C)CC[C@@H]1C,0.18053612490274196
CC(C)[C@H]1CC[C@@H](C)C[C@H]1OO,0.3129045061751296
CC(C)[C@@H]1CC[C@@H](C)C[C@H]1C(=O)[C@]12CC[C@H](CC1=O)C2(C)C,0.3538461538461539
CC(=O)[C@H]1CC[C@@H](C)C[C@H]1OO,0.23166519614030368
CC(O[C@H]1CC[C@H](C)[C@H]([C@@H](C)Cl)C1)[C@@H](C)O,0.20766965266046597
CC(C)[C@@H]1CC[C@@H](C)C[C@H]1C1(C)[C@H]2CC[C@]1(C=CC=O)C(=O)C2,0.3042903097250923
CC(C=CC=O)[C@@H]1CC[C@@H](C)C[C@H]1C(=O)[C@]12CC[C@H](CC1=O)C2(C)C,0.28413039388647027
CC(=O)[C@@H]1C[C@@H](C(C)OO[C@@H]2C[C@@H](C)CC[C@H]2C(C)C)CC[C@H]1C(C)C,0.17396309348461486
CC(OO[C@@H]1C[C@@H](C)CC[C@H]1C=CC=O)C1(C)C(=O)[C@]2(C)CC[C@H]1C2,0.225
COC(C)C1(C)[C@@H]2CC[C@@]1(C(=O)[C@@H]1C[C@H](C)CC[C@H]1C(C)C=CC=O)C(=O)C2,0.24253562503633297
C[C@@H]1CC[C@@H](C2(C)[C@H]3CC[C@]2(C=CC=O)C(=O)C3)[C@H]([NH3+])C1,0.2412691118102885
CC(C)[C@H]1CC[C@@H](C)C[C@@H]1OO,0.3129045061751296
CC(OC(C)[C@@H]1CC[C@@H](C)C[C@H]1[NH3+])O[C@H]1CC[C@H](C)[C@H]([C@@H](C)Cl)C1,0.16358519091349866
CC(C([C@H]1CC[C@@H](C)C[C@H]1OO)[C@@H]1CC[C@@H](C)C[C@H]1[NH3+])[C@]12CC[C@H](CC1=O)C2(C)C,0.24695110545378918
C[C@@H]1CC[C@H](C=CC=O)[C@H](C2(C)C(=O)[C@]3(C)CC[C@H]2C3)C1,0.2424613529093315
CC(O)OO[C@@H]1C[C@@H](C)CC[C@H]1C(C)C,0.2644718419629145
C[C@@H]1CC[C@H]([C@@H](C)Cl)[C@H](C)C1,0.2901905000440047
CO[C@@H]1C[C@H](C)CC[C@H]1C,0.2581988897471611
C[C@@H]1CC[C@H](C2(C)C(=O)[C@]3(C)CC[C@H]2C3)[C@@H](OC2(C)[C@H]3CC[C@]2(C)[C@H]([NH3+])C3)C1,0.1970406859724159
C[C@@H]1CC[C@@H](C=CC=O)[C@H](C2(C)[C@H]3CC[C@]2(C=CC=O)C(=O)C3)C1,0.21376399531971163
CC(OO[C@@H]1C[C@@H](C)CC[C@H]1C(C)C)[C@H]1CC[C@@H](C)C[C@H]1OO,0.18333969940564226
CC([C@H]1CC[C@H](C)C[C@@H]1OC=O)C1(C)[C@H]2CC[C@]1(C=CC=O)C(=O)C2,0.2564102564102564
CC(=O)[C@@H]1C[C@@H](C(C)[C@H]2CC[C@H](C(C)C)[C@H](C(=O)Cl)C2)CC[C@H]1C(C)C,0.15595148201237935
CC(=O)C(=O)[C@@H]1C[C@H](C)CC[C@H]1C(C)C=CC=O,0.21549855796030776
CC(C(C)[C@@]12CC[C@@H](C[C@H]1[NH3+])C2(C)C)[C@]12CC[C@H](CC1=O)C2(C)C,0.25863030005593585
COC(C)[C@H](C(=O)[C@]12CC[C@H](CC1=O)C2(C)C)[C@@H]1C[C@@H](C(C)=O)CC[C@@H]1C,0.23559558364852853
CC(O[C@@H]1C[C@H](C)CC[C@H]1C(C)C)[C@@H]1CC[C@@H](C)C[C@H]1[NH3+],0.19350461866332141
CC(C)[C@@H]1CC[C@@H](C)C[C@H]1OC1(C)C(=O)[C@]2(C)CC[C@H]1C2,0.31086758509401535
CC(O[C@@H]1C[C@H](C)CC[C@@H]1C1(C)C(=O)[C@]2(C)CC[C@H]1C2)[C@]12CC[C@H](CC1=O)C2(C)C,0.23106851475148005
CC(OO[C@@H]1C[C@@H](C)CC[C@H]1C(C)C)[C@H]1CC[C@@H](C)C[C@@H]1OO,0.18333969940564226
C[C@@H]1CC[C@H]([C@@]23CC[C@@H](C[C@H]2[NH3+])C3(C)C)[C@H](C2(C)C(=O)[C@]3(C)CC[C@H]2C3)C1,0.21051173791902794
CC([C@@H](C)Cl)[C@@H]1CC[C@@H](C)C[C@H]1OCCl,0.23953506879020423
CC(O[C@@H]1C[C@H](C)CC[C@@H]1[C@H]1CC[C@@H](C)C[C@H]1C)[C@]12CC[C@H](CC1=O)C2(C)C,0.23807828657122895
C[C@@H]1CC[C@H]([C@@H](Cl)[C@H]2CC[C@@H](C)C[C@H]2C2(C)C(=O)[C@]3(C)CC[C@H]2C3)[C@@H](OC=O)C1,0.20434833436620362
CC(C)[C@@H](Cl)[C@H]1CC[C@@H](C)C[C@H]1C1(C)C(=O)[C@]2(C)CC[C@H]1C2,0.28389613404443037
CC(C)[C@H]1CC[C@@H](C)C[C@@H]1OC(C)[C@H]1CC[C@@H](C)C[C@H]1OO,0.19096396641051544
CC(C)[C@H]1CC[C@H](OO)C[C@H]1C(=O)Cl,0.23613418720162166
CC(OC(=O)[C@]12CC[C@H](CC1=O)C2(C)C)O[C@]12CC[C@H](CC1=O)C2(C)C,0.2100902925755561
CC(=O)C1([C@H]2C[C@@H](C)CC[C@@H]2C(C)C(C)C)C(=O)[C@]2(C)CC[C@H]1C2,0.2554236247299287
C[C@@H](O)[C@@H]1C[C@@H](Cl)CC[C@@H]1C,0.22866478019001185
CC(=O)[C@@H]1C[C@H](C)CC[C@H]1C(C)C=CC=O,0.23440361546924776
CC([C@@H](O)[C@@H]1C[C@@H](C)CC[C@@H]1C)[C@@H]1CC[C@@H](C)C[C@H]1OCCl,0.1746456106651946
COC(C)C1([C@H]2C[C@@H](C)CC[C@@H]2C(C)C(C)C)C(=O)[C@]2(C)CC[C@H]1C2,0.24546520029723568
CC(OC(=O)[C@]12CC[C@H](CC1=O)C2(C)C)[C@H]1CC[C@H](C(C)C)[C@@H](OC=O)C1,0.2581595091490907
C[C@@H]1CC[C@H]([C@H]2CC[C@@H](C)C[C@H]2OO)[C@@H](OC=O)C1,0.16188893170327062
CC(C)[C@@H]1CC[C@@H](C)C[C@H]1C(=O)[C@]12CC[C@H](CC1=O)C2(C)C,0.3538461538461539
C[C@@H]1CC[C@@H]([C@@H](C)O)[C@H](OC(C(=O)C=O)[C@]23CC[C@H](CC2=O)C3(C)C)C1,0.28544304649705915
C[C@@H]1CC[C@H]([C@@H](C)Cl)[C@H](O/C=C/[C@@]23CC[C@@H](CC2=O)C3(C)OO)C1,0.27509212216215073
C[C@@H](O)[C@]12CC[C@H](CC1=O)C2(C)C,0.34876154516318936
CO[C@@H]1C[C@H](C)CC[C@H]1[C@@H]1CC[C@@H](C)C[C@H]1C1(C)[C@H]2CC[C@]1(C=CC=O)C(=O)C2,0.19448665533052606
CC(C)[C@H]1CC[C@H]([C@H]2CC[C@@H](C)C[C@H]2OO)C[C@@H]1OC=O,0.20965696734438372
CC(C(C)[C@]12CC[C@H](CC1=O)C2(C)OO)[C@@H]1CC[C@@H](C)C[C@H]1[NH3+],0.2996902531042253
CC([C@H]1CC[C@@H](C)C[C@@H]1OO)[C@@H]1CC[C@@H](C)C[C@H]1OC1(C)C(=O)[C@]2(C)CC[C@H]1C2,0.21726204731337043
CC(C)OC(=O)[C@]12CC[C@H](CC1=O)C2(C)C,0.29639032072964566
CC(C)[C@@H]1CC[C@@H](C)C[C@H]1C(=O)[C@]12CC[C@H](CC1=O)C2(C)C,0.3538461538461539
CC(C(C)[C@]12CC[C@H](CC1=O)C2(C)C)[C@@H]1CC[C@@H](C)C[C@H]1[NH3+],0.33302703110155624
CC(C)[C@H]1CC[C@@H]([C@@H]2C[C@H](C)CC[C@H]2C(C)C)C[C@@H]1OC=O,0.19800137740567733
CC(=O)[C@@H]1C[C@@H]([C@]23CC[C@H](CC2=O)C3(C)C)CC[C@H]1C(C)C,0.3121472367904246
CC(=O)[C@H]1CC[C@H](C(C)C)[C@H](C(=O)Cl)C1,0.2432058456578674
CC(C)OC(=O)[C@]12CC[C@H](CC1=O)C2(C)[C@H]1CC[C@@H](C)C[C@H]1OO,0.2702702702702703
CC(=O)[C@@H]1CC[C@@H](C(C)OC(C)OC(=O)[C@]23CC[C@H](CC2=O)C3(C)C)[C@H]([NH3+])C1,0.2355517000094113
CC(C)[C@H]1CC[C@@H](C)C[C@@H]1OC=O,0.3029785617319807
CC(OC(=O)[C@]12CC[C@H](CC1=O)C2(C)C)O[C@@H]1CC[C@H]([C@@H](C)Cl)[C@H](C)C1,0.25932886840516634
CC(OC(C)[C@]12CC[C@H](CC1=O)C2(C)C)[C@H]1CC[C@H](C)C[C@@H]1OC=O,0.29305619694206275
CC(C)[C@@H]1CC[C@@H](C)C[C@H]1OC1(C(C)[C@@H]2CC[C@@H](C)C[C@H]2[NH3+])C(=O)[C@]2(C)CC[C@H]1C2,0.2174118020779583
CC(O[C@H]1CC[C@H](C)[C@H]([C@@H](C)Cl)C1)[C@]12CC[C@H](CC1=O)C2(C)C,0.2787520451991388
CC(C)[C@H]1CC[C@H]([C@H]2CC[C@@H](C)C[C@H]2C)C[C@H]1C(=O)Cl,0.21592040575550436
CC(C)C(O[C@@H]1C[C@H](C)CC[C@H]1C(C)C)[C@]12CC[C@H](CC1=O)C2(C)C,0.3150684931506849
CC(=O)[C@@H]1C[C@@H](C)CC[C@H]1[C@H]1CC[C@@H](C)C[C@@H]1OO,0.18221724671391568
CC(=O)[C@@H]1C[C@@H](C)CC[C@H]1[C@@]12CC[C@@H](CC1=O)C2(C)[C@@H]1C[C@H](C)CC[C@H]1C(C)C,0.24798654439950676
CC1(C)[C@@H]2CC[C@@]1(C(O)[C@]13CC[C@H](CC1=O)C3(C)C)C(=O)C2,0.24333213169614384
CC(OOC1(C)[C@H]2CC[C@]1(C=CC=O)C(=O)C2)[C@]12CC[C@H](CC1=O)C2(C)C,0.2001529530588211
CC(OC(=O)[C@]12CC[C@H](CC1=O)C2(C)C)OC(C)[C@@H]1CC[C@@H]([C@@H](C)Cl)C[C@H]1[NH3+],0.2355517000094113
CC(C)[C@H]1CC[C@@H](C)C[C@@H]1[C@@H]1CC[C@H]([C@@H](C)Cl)[C@H](C)C1,0.2022100118413747
CC(O[C@H]1CC[C@H](C)[C@H](OO)C1)[C@]12CC[C@H](CC1=O)C2(C)C,0.2763697537065198
C[C@@H]1CC[C@H]([C@]23CC[C@H](CC2=O)C3(C)C)[C@@H](OO)C1,0.3245520786008586
C[C@@H]1CC[C@@H](OC(=O)[C@]23CC[C@H](CC2=O)C3(C)C)[C@H]([NH3+])C1,0.2888714454876781
CC1(C)[C@H]2CC[C@]1([C@@H](O)[C@]13CC[C@H](CC1=O)C3(C)C)[C@H]([NH3+])C2,0.2663568019517165
CC(C(C)[C@]12CC[C@H](CC1=O)C2(C)OO)[C@@H]1CC[C@@H](C)C[C@H]1[NH3+],0.2996902531042253
CC([C@@H](C)Cl)[C@@H]1CC[C@@H](C)C[C@H]1[NH3+],0.2696799449852968
C[C@@H]1CC[C@H]([C@@H](O)[C@@H]2C[C@@H](C)CC[C@@H]2C)[C@H](C)C1,0.19851666679418606
CC(=O)[C@@H]1C[C@@H](C)CC[C@H]1[C@H]1CC[C@@H](C)C[C@@H]1OO,0.18221724671391568
COC(C)C(C)[C@H]1CC[C@@H](C)C[C@H]1OO,0.2477664437997558
CC(OC(C)[C@@H]1CC[C@@H](C)C[C@H]1[NH3+])C(C)[C@@H]1CC[C@@H](C)C[C@H]1[NH3+],0.1700460603795407
CC(C)OC(=O)[C@@H]1C[C@H](C)CC[C@@H]1[C@@H](C)Cl,0.2469164675259305
CC(O[C@@H]1C[C@@H](C)CC[C@H]1C(C)C)[C@@H]1CC[C@@H](C)C[C@H]1[NH3+],0.19350461866332141
CC(C)OC(=O)C1(C)[C@@H]2CC[C@@]1(C(C)O[C@@H]1C[C@H](C)CC[C@H]1C(C)C)C(=O)C2,0.26001401852498657
C[C@@H]1CC[C@H]([C@@H](O)[C@]23CC[C@H](CC2=O)C3(C)C)[C@H](OO)C1,0.33261105007216857
CC(C)[C@@H]1CC[C@@H](C)C[C@H]1OC1([C@@]23CC[C@@H](C[C@H]2[NH3+])C3(C)C)C(=O)[C@]2(C)CC[C@H]1C2,0.2396717702245249
CC(=O)[C@@H]1C[C@@H](C2(C)[C@H]3CC[C@]2(C)[C@H]([NH3+])C3)CC[C@H]1C(C)C,0.2473694128404272
C[C@@H]1CC[C@@H](C2(C)[C@H]3CC[C@]2(/C=C/O[C@@H]2C[C@H](C)CC[C@@H]2[C@@H](C)Cl)C(=O)C3)[C@H]([NH3+])C1,0.21739130434782605
CC(=O)[C@@H]1C[C@@H](C)CC[C@H]1[C@@H]1CC[C@H]([C@]23CC[C@H](CC2=O)C3(C)C)C[C@H]1C(C)=O,0.21693045781865616
CC(C)[C@@H]1CC[C@H](C)C[C@H]1OO[C@@]12CC[C@@H](C[C@H]1[NH3+])C2(C)C,0.2763697537065198
CC([C@H]1CC[C@H](C)[C@H]([C@@H](C)O)C1)[C@@H]1CC[C@@H](C)C[C@H]1OC1(C)C(=O)[C@]2(C)CC[C@H]1C2,0.2187313912760116
CC(C)[C@H]1CC[C@@H]([C@@H](O)[C@@H]2C[C@@H](C)CC[C@@H]2C)C[C@@H]1OC=O,0.20380986614602725
CC(C)[C@@H]1CC[C@H](C)C[C@H]1C(=O)[C@]12CC[C@H](CC1=O)C2(C)C,0.3538461538461539
CC([C@H]1CC[C@H](C)[C@H]([C@@H](C)O)C1)[C@@H]1CC[C@@H](C)C[C@H]1[NH3+],0.196137567424477
CC(C(C)[C@]12CC[C@H](CC1=O)C2(C)C)C(C)[C@]12CC[C@H](CC1=O)C2(C)OO,0.22395700438234173
CC(C(C)[C@@H]1CC[C@@H](C)C[C@H]1[NH3+])[C@@H](O)[C@]12CC[C@H](CC1=O)C2(C)C,0.3190781490342873
CC(C)[C@H]1CC[C@@H](C)C[C@@H]1[C@@H](C)Cl,0.28919952219248846
CC(=O)[C@@H]1C[C@@H]([C@]23CC[C@H](CC2=O)C3(C)C)CC[C@H]1[C@@H]1CC[C@@H](C)C[C@H]1[NH3+],0.22994252155351955
CC(=O)[C@@H]1C[C@@H](C)CC[C@H]1C(C)C,0.30956959368344517
C[C@@H]1CC[C@H]([C@@H]2CC[C@@H](C)C[C@H]2C(=O)[C@]23CC[C@H](CC2=O)C3(C)C)[C@@H](OO)C1,0.23006699985282683
CC(=O)C(C)[C@@H]1CC[C@@H](C)C[C@H]1C(=O)[C@]12CC[C@H](CC1=O)C2(C)C,0.3000326140132507
CC([C@@H](C)Cl)[C@@H]1CC[C@@H](C)C[C@H]1C(=O)[C@]12CC[C@H](CC1=O)C2(C)C,0.30956959368344517
CC(C)[C@@H]1CC[C@H](C(C)[C@]23CC[C@H](CC2=O)C3(C)C)C[C@H]1[C@@H](C)Cl,0.2904529813290515
CC(C)[C@H]1CC[C@@H](C)C[C@@H]1[C@H]1CC[C@@H](C)C[C@H]1C1(C)C(=O)[C@]2(C)CC[C@H]1C2,0.2467434962489923
CC(C)[C@H]1CC[C@@H](C)C[C@@H]1OC=O,0.3029785617319807
CC(C)OC(=O)O[C@H]1C[C@H](C)CC[C@@H]1C(C)C,0.24988685222321555
C[C@@H]1CC[C@@H](C2(C)[C@@H]3CC[C@@]2([C@H]2CC[C@@H](C)C[C@@H]2OO)C(=O)C3)[C@H]([NH3+])C1,0.22354106004526572
CC(OC(C)[C@@H]1CC[C@@H](C)C[C@H]1[NH3+])[C@@H]1CC[C@@H](C)C[C@H]1[NH3+],0.18203322409537284
CC(OC(=O)[C@]12CC[C@H](CC1=O)C2(C)C)[C@H](O)[C@H]1CC[C@@H](C)C[C@H]1OO,0.28544304649705915
CC(C)[C@@H]1CC[C@@H](C)C[C@H]1C(=O)[C@]12CC[C@H](CC1=O)C2(C)C,0.3538461538461539
CC(C)[C@@H]1CC[C@@H](C)C[C@H]1C(C)[C@H]1CC[C@H](C)C[C@@H]1OC=O,0.19800137740567733
CC([C@H]1CC[C@@H](C)C[C@@H]1OC=O)[C@@H]1CC[C@@H](C)C[C@H]1[NH3+],0.19364916731037082
CC(C)[C@@H]1CC[C@@H](C)C[C@H]1[C@@H]1CC[C@@H](C)C[C@H]1[NH3+],0.2186142900000084
COC(C)O[C@H]1C[C@@H](C)CC[C@@H]1C(C)OC(C)[C@]12CC[C@H](CC1=O)C2(C)C,0.27473722688229607
CC(O[C@@H]1C[C@H](C)CC[C@@H]1[C@H]1CC[C@@H](C)C[C@H]1OO)[C@]12CC[C@H](CC1=O)C2(C)C,0.23761302220293704
CC(C(C)[C@@H](O)[C@]12CC[C@H](CC1=O)C2(C)C)[C@@H]1CC[C@H](C(C)C)[C@@H](OC=O)C1,0.26001401852498657
CC([C@H]1CC[C@@H](C)C[C@@H]1OC=O)[C@H]1CC[C@H](C)C[C@@H]1OC=O,0.1781741612749496
CC([C@H]1CC[C@@H](C)C[C@@H]1OO)[C@H]1CC[C@@H](C)C[C@@H]1OO,0.1873171623163388
CC(C)[C@@H]1CC[C@H](C)C[C@H]1[C@@H](C)Cl,0.28919952219248846
COC(C)[C@@H]1CC[C@H]([C@@H](O)[C@]23CC[C@H](CC2=O)C3(C)C)[C@H](OO)C1,0.2674322891247579
CC(C)[C@@H]1CC[C@@H](C)C[C@H]1OC1(C)C(=O)[C@]2(C)CC[C@H]1C2,0.31086758509401535
CC(C)[C@@H]1CC[C@H](C)C[C@H]1OOC(C)[C@@]12CC[C@@H](C[C@H]1[NH3+])C2(C)C,0.2577789400686947
C[C@@H](Cl)OC(=O)[C@]12CC[C@H](CC1=O)C2(C)C,0.2802711411621004
CC(C)C(O[C@@H]1C[C@H](C)CC[C@H]1C(C)C)[C@]12CC[C@H](CC1=O)C2(C)[NH3+],0.2879457611347029
CC1(C)[C@H]2CC[C@]1([C@]13CC[C@H](CC1=O)C3(C)C)[C@H]([NH3+])C2,0.2622050571649308
CC([C@@H](C)Cl)[C@@H]1CC[C@@H](C)C[C@H]1OC(C)[C@]12CC[C@H](CC1=O)C2(C)C,0.2970171343242537
CC(=O)[C@@H]1C[C@@H](C)CC[C@H]1C=CC=O,0.19777115296204706
CC(C)[C@@H]1CC[C@H](C)C[C@H]1[C@@H]1CC[C@@H](C)C[C@H]1[NH3+],0.2186142900000084
CC(=O)[C@@H]1C[C@@H]([C@@H]2C[C@H](C)CC[C@H]2C(C)C)CC[C@H]1C(C)C,0.20077745677000242
CC(C)[C@@H]1CC[C@@H](C)C[C@H]1OC(OO)[C@]12CC[C@H](CC1=O)C2(C)C,0.3332662575034293
CC(OO[C@@H]1C[C@@H](C)CC[C@H]1C(C)C)C(C)[C@@H]1CC[C@@H](C)C[C@H]1[NH3+],0.1735923216531034
CC(=O)[C@@H]1C[C@@H](C(C)[C@H]2CC[C@@H](C)C[C@H]2OO)CC[C@H]1C(C)C,0.19828166086849125
CC(=O)[C@@H]1C[C@@H](C)CC[C@H]1[C@@H]1CC[C@@H](C)C[C@H]1C1(C)[C@H]2CC[C@]1(C=CC=O)C(=O)C2,0.19034674690672024
CC(OO)[C@H]1CC[C@@H](C)C[C@@H]1OO,0.23626546851126023
CC(C)[C@@H]1CC[C@@H](C)C[C@H]1[C@@H]1CC[C@H](C)C[C@H]1C(=O)[C@]12CC[C@H](CC1=O)C2(C)C,0.27058823529411763
CC([C@@H]1CC[C@@H](C)C[C@H]1[NH3+])[C@]12CC[C@H](CC1=O)C2(C)OO,0.31289310938737197
CC(C(C)[C@@H]1CC[C@@H](C)C[C@H]1[NH3+])[C@@H](O)[C@]12CC[C@H](CC1=O)C2(C)C,0.3190781490342873
COC(C)C1(C)[C@@H]2CC[C@@]1([C@@H](C)O)C(=O)C2,0.28241940061982396
CC(C(=O)[C@@H]1C[C@H](C)CC[C@H]1C(C)[C@@H](C)Cl)C(C)[C@]12CC[C@H](CC1=O)C2(C)C,0.27134488898906456
CC(=O)C(C)[C@@H]1CC[C@@H](C)C[C@H]1C(=O)[C@]12CC[C@H](CC1=O)C2(C)C,0.3000326140132507
C[C@@H]1CC[C@H](C2(C)[C@@H]3CC[C@@]2([C@H]2CC[C@@H](C)C[C@@H]2OO)C(=O)C3)[C@@H](OO)C1,0.21569505527291172
C[C@@H]1CC[C@H]([C@]23CC[C@H](CC2=O)C3(C)C)[C@@H]([NH3+])C1,0.32850858217564094
CC(=O)[C@@H]1C[C@@H](C)CC[C@H]1O[C@@H]1C[C@H](C)CC[C@H]1C(C)C,0.20657108728034893
CC(C)[C@H]1CC[C@@H](C=CC=O)C[C@@H]1OC=O,0.2006980824017018
CC([C@H]1CC[C@H](C)C[C@@H]1OC=O)[C@H]1CC[C@@H](C)C[C@@H]1[NH3+],0.19364916731037082
CC(O[C@H]1C[C@H](C)CC[C@@H]1[C@]12CC[C@H](CC1=O)C2(C)C)[C@]12CC[C@H](CC1=O)C2(C)C,0.23106851475148005
CC(O[C@@H]1C[C@H](C)CC[C@H]1C(C)C)[C@H]1CC[C@H](C)C[C@@H]1OC=O,0.1901172751573434
CC(C)[C@H]1CC[C@H](OO[C@@H]2C[C@@H](C)CC[C@H]2C(C)C)C[C@@H]1OC=O,0.18283936271530685
CC(=O)[C@@H]1C[C@@H](C)CC[C@H]1O[C@@H]1C[C@H](C)CC[C@H]1C(C)C,0.20657108728034893
CC(C)C(O[C@@H]1C[C@H](C)CC[C@H]1C(C)C)C(C)[C@H]1CC[C@@H](C)C[C@@H]1OC=O,0.16785340392821924
CC(C(C)[C@]12CC[C@H](CC1=O)C2(C)C)C1(C)C(=O)[C@]2(C)CC[C@H]1C2,0.23774301068682285
CC(OC(=O)[C@]12CC[C@H](CC1=O)C2(C)C)C1(C)[C@@H]2CC[C@@]1([C@@H](C)O)C(=O)C2,0.22395700438234173
CC(C)C(O[C@@H]1C[C@H](C)CC[C@H]1C(C)C)C(C)[C@H]1CC[C@@H](C)C[C@H]1OO,0.16772557387550693
CC(=O)[C@@H]1C[C@@H]([C@H]2CC[C@@H](C)C[C@@H]2OO)CC[C@H]1C(C)C,0.21270890320609998
CC(O)[C@@H]1CC[C@@H](C)C[C@H]1C(=O)[C@]12CC[C@H](CC1=O)C2(C)C,0.33302703110155624
CC(OC(C)[C@]12CC[C@H](CC1=O)C2(C)C)[C@H]1CC[C@@H](C)C[C@@H]1OO,0.3146152977884323
CC(=O)[C@@H]1C[C@@H](C)CC[C@H]1O,0.2683281572999748
C[C@@H]1CC[C@H]([C@H](O)[C@H]2CC[C@@H](C)C[C@H]2OO)[C@@H](OO)C1,0.16301357788057586
CC(C)[C@@H]1CC[C@@H](C)C[C@H]1C(=O)[C@]12CC[C@H](CC1=O)C2(C)O,0.33210558207753577
CC(C(C)[C@@H]1C[C@H](C)CC[C@H]1C(C)C)[C@@H](O)[C@]12CC[C@H](CC1=O)C2(C)C,0.315371938287888
C[C@@H]1CC[C@H]([NH3+])[C@@H](OO)C1,0.2095290887308735
CC(O[C@@H]1C[C@H](C)CC[C@H]1C(C)C)[C@H]1CC[C@@H](C)C[C@@H]1OC=O,0.1901172751573434
CC(C)C(O[C@@H]1C[C@H](C)CC[C@H]1C(C)C)C(C)[C@@H]1CC[C@@H](C)C[C@H]1[NH3+],0.16924121922990837
CC(OC(OO)[C@]12CC[C@H](CC1=O)C2(C)C)C(C)[C@@H](O)[C@]12CC[C@H](CC1=O)C2(C)C,0.20398506592577562
CC(OOO[C@@H]1C[C@@H](C)CC[C@H]1C(C)C)[C@@H]1CC[C@@H](C)C[C@H]1[NH3+],0.17817416127494962
CC(O[C@@H]1C[C@H](C)CC[C@H]1C(C)C)C(C)[C@]12CC[C@H](CC1=O)C2(C)C,0.3150684931506849
CC(C(C)[C@]12CC[C@H](CC1=O)C2(C)C)[C@@H]1CC[C@@H](C)C[C@H]1[NH3+],0.33302703110155624
CC(C)[C@@H]1CC[C@@H](C)C[C@H]1C(=O)[C@]12CC[C@H](CC1=O)C2(C)[C@H]1CC[C@@H](C)C[C@@H]1OO,0.24622962077351204
C[C@@H]1CC[C@H]([C@]23CC[C@H](CC2=O)C3(C)C)[C@@H]([C@H]2CC[C@@H](C)C[C@@H]2[NH3+])C1,0.24461683992314132
CC(=O)[C@@H]1C[C@@H](C)CC[C@H]1OO[C@@H]1C[C@@H](C)CC[C@H]1C(C)C,0.19800137740567733
CC(C(C)[C@]12CC[C@H](CC1=O)C2(C)C)[C@H]1CC[C@@H](C)C[C@@H]1[NH3+],0.33302703110155624
CC(C)[C@H]1CC[C@@H](C)C[C@@H]1O[C@@H]1CC[C@@H](C)C[C@H]1C(=O)[C@]12CC[C@H](CC1=O)C2(C)C,0.26136363636363635
CC(C)[C@@H]1CC[C@@H](C)C[C@H]1C(C)C=CC=O,0.2589505620499903
CC([C@H]1CC[C@H](C)C[C@@H]1OC=O)[C@@H](O)[C@]12CC[C@H](CC1=O)C2(C)C,0.3052691805964591
COC(C)[C@@H]1CC[C@H]([C@]23CC[C@H](CC2=O)C3(C)C)C[C@H]1C(C)=O,0.2686202947379406
CC(C1(C)[C@@H]2CC[C@@]1([C@H]1CC[C@@H](C)C[C@@H]1[NH3+])C(=O)C2)[C@]12CC[C@H](CC1=O)C2(C)C,0.23904572186687872
CC(=O)[C@@H]1C[C@@H]([C@H]2CC[C@@H](C)C[C@@H]2[NH3+])CC[C@H]1C(C)C,0.21592040575550436
CC(C)[C@H]1CC[C@@H](C)C[C@@H]1C(C)[C@@H](O)[C@]12CC[C@H](CC1=O)C2(C)C,0.3380617018914066
CC([C@H]1CC[C@@H](C)C[C@H]1OO)C1(C)[C@@H]2CC[C@@]1([C@H]1CC[C@@H](C)C[C@@H]1OO)C(=O)C2,0.23157320469295906
CC(C)[C@@H]1CC[C@@H](C(C)C(C)[C@@H](O)[C@]23CC[C@H](CC2=O)C3(C)C)[C@H]([NH3+])C1,0.27157922280911584
C[C@@H]1CC[C@@H](C2(C)[C@H]3CC[C@]2(C=CC=O)C(=O)C3)[C@H]([NH3+])C1,0.2412691118102885
C[C@@H]1CC[C@H](OC(OO)[C@]23CC[C@H](CC2=O)C3(C)C)[C@H](OO)C1,0.28474739872574967
C[C@@H]1CC[C@H]([C@@H](C)Cl)[C@H](O/C=C/[C@@]23CC[C@@H](CC2=O)C3(C)[NH3+])C1,0.2777777777777778
CC(O)[C@@H]1CC[C@@H](C)C[C@H]1C(=O)[C@]12CC[C@H](CC1=O)C2(C)[C@H]1CC[C@@H](C)C[C@@H]1[NH3+],0.23421984153627762
CC(=O)[C@@H]1C[C@@H]([C@]23CC[C@H](CC2=O)C3(C)C)CC[C@H]1C,0.2668154346931155
CC(OOC(C)[C@]12CC[C@H](CC1=O)C2(C)C)[C@@H]1CC[C@@H](C)C[C@H]1[NH3+],0.3052691805964591
CC(OC1(C)[C@@H]2CC[C@@]1(C(C)[C@@H]1CC[C@@H](C)C[C@H]1[NH3+])C(=O)C2)[C@@H]1CC[C@@H](C)C[C@H]1[NH3+],0.22645540682891918
CC(OC(C)[C@@H]1CC[C@@H](C)C[C@H]1[NH3+])[C@@H](O)[C@]12CC[C@H](CC1=O)C2(C)C,0.30605393556892985
CC(C(C)[C@]12CC[C@H](CC1=O)C2(C)[NH3+])[C@@H]1CC[C@@H](C)C[C@H]1[NH3+],0.303621685955757
CC(OC(C)[C@]12CC[C@H](CC1=O)C2(C)C)O[C@@H]1C[C@H](C)CC[C@H]1C(C)C,0.3026315789473684
CC(C)C(O[C@@H]1C[C@H](C)CC[C@H]1C(C)C)[C@]12CC[C@H](CC1=O)C2(C)C(C)C,0.2698292989755344
CC(C)[C@H]1CC[C@@H](C)C[C@@H]1[C@@H]1C[C@H](C)CC[C@H]1C(C)O,0.2083022575693182
CC1([NH3+])C(=O)[C@]2(C)CC[C@H]1C2,0.23855936180684897
CC(OC(OO)O[C@@H]1C[C@H](C)CC[C@H]1C(C)C)[C@@H]1CC[C@@H](C)C[C@H]1[NH3+],0.17190724525068252
CC(C)[C@@H](O)[C@]12CC[C@H](CC1=O)C2(C)C,0.3309438162646487
CC(C)[C@H]1CC[C@@H](C)C[C@@H]1OOC(C)[C@]12CC[C@H](CC1=O)C2(C)C,0.32394366197183094
CC([C@H]1CC[C@@H](C)C[C@H]1OO)[C@]12CC[C@H](CC1=O)C2(C)C,0.34343662872314296
CC([C@H]1C[C@H](C)CC[C@@H]1[C@]12CC[C@H](CC1=O)C2(C)C)[C@]12CC[C@H](CC1=O)C2(C)C,0.24697203200097417
CC(C)[C@@H]1CC[C@H](C)C[C@H]1OOC(C)[C@@H]1C[C@H](C)CC[C@H]1C(C)C,0.1735923216531034
CC(C)[C@@H]1CC[C@@H](C)C[C@H]1OC(OO)C1(C)C(=O)[C@]2(C)CC[C@H]1C2,0.2849614140875866
CC(OO)[C@H]1CC[C@@H](C)C[C@@H]1OO,0.23626546851126023
CC(=O)[C@@H]1C[C@@H]([C@]23CC[C@H](CC2=O)C3(C)C)CC[C@H]1C(C)C,0.3121472367904246
CC(=O)C(C)C(C)[C@@H](O)[C@]12CC[C@H](CC1=O)C2(C)C,0.2757409252382382
CC(C)[C@@H]1CC[C@H](C)C[C@H]1OOOO,0.2750998671998696
CC(OC(=O)[C@]12CC[C@H](CC1=O)C2(C)C)C(C)[C@]12CC[C@H](CC1=O)C2(C)C,0.21458067067348452
CC(C)[C@@H]1CC[C@H]([C@]23CC[C@H](CC2=O)C3(C)C)C[C@H]1[C@@H]1C[C@H](C)CC[C@H]1C(C)O,0.27804842090856746
CC(=O)[C@@H]1C[C@@H]([C@]23CC[C@H](CC2=O)C3(C)C(C)C)CC[C@H]1C(C)C,0.26522503071855674
CC(C)[C@@H]1CC[C@@H](C)C[C@H]1OC1(C)C(=O)[C@]2(C3(C)C(=O)[C@]4(C)CC[C@H]3C4)CC[C@H]1C2,0.2323300943211463
C[C@@H]1CC[C@H]([C@@H](O)[C@]23CC[C@H](CC2=O)C3(C)C)[C@H](OO)C1,0.33261105007216857
CC(C([C@@H]1CC[C@@H](C)C[C@H]1[NH3+])[C@@H]1CC[C@@H](C)C[C@H]1[NH3+])[C@]12CC[C@H](CC1=O)C2(C)C,0.24798654439950676
CC(OC(OO)[C@]12CC[C@H](CC1=O)C2(C)C)[C@H]1CC[C@@H](C)C[C@@H]1OO,0.29305619694206275
CC(OO[C@H]1C[C@H](C)CC[C@@H]1C(C)C)C(C)OC(C)[C@H]1CC[C@@H](C)C[C@@H]1OO,0.15632276846947982
C[C@@H]1CC[C@H]([C@@H](O)[C@]23CC[C@H](CC2=O)C3(C)C)[C@H](OO)C1,0.33261105007216857
CC1(O)[C@@H]2CC[C@@]1(C(=O)OC(OO)[C@]13CC[C@H](CC1=O)C3(C)C)C(=O)C2,0.2100902925755561
CC(C(C)[C@@H](O)[C@]12CC[C@H](CC1=O)C2(C)C)[C@H]1CC[C@@H](C)C[C@H]1OO,0.30605393556892985
CC(=O)C1(O[C@@H]2C[C@H](C)CC[C@H]2C(C)C)C(=O)[C@]2(C)CC[C@H]1C2,0.2787520451991388
COC(C)[C@@H]1CC[C@@H](C)C[C@H]1[NH3+],0.27135018884919754
CC(C)[C@@H]1CC[C@@H]([C@H]2CC[C@@H](C)C[C@@H]2[NH3+])C[C@H]1C(=O)[C@]12CC[C@H](CC1=O)C2(C)O,0.25482359571881275
CO[C@@H]1C[C@H](C)CC[C@@H]1C(C)[C@]12CC[C@H](CC1=O)C2(C)C,0.33261105007216857
CC(C)[C@@H]1CC[C@@H](C)C[C@H]1OC1(C(C)[C@@H]2CC[C@@H](C)C[C@H]2[NH3+])C(=O)[C@]2(C)CC[C@H]1C2,0.2174118020779583
CC([C@@H](C)Cl)[C@@H]1CC[C@@H](C)C[C@H]1[C@]12CC[C@H](CC1=O)C2(C)C,0.33302703110155624
CC1(O)[C@@H]2CC[C@@]1(C(=O)OO)C(=O)C2,0.21093014346870578
CO[C@@H]1C[C@H](C)CC[C@@H]1[C@H]1C[C@H](C)CC[C@@H]1[C@]12CC[C@H](CC1=O)C2(C)C,0.23559558364852853
C[C@@H]1CC[C@@H](C(=O)[C@]23CC[C@H](CC2=O)C3(C)O)[C@H]([NH3+])C1,0.26626213096882495
CC(C(C)[C@]12CC[C@H](CC1=O)C2(C)[C@H]1CC[C@@H](C)C[C@@H]1OO)[C@@H]1CC[C@@H](C)C[C@H]1[NH3+],0.23308302121161245
C[C@@H]1CC[C@@H](C([C@H]2CC[C@@H](C)C[C@@H]2[NH3+])[C@]23CC[C@H](CC2=O)C3(C)OO)[C@H]([NH3+])C1,0.23255813953488372
CC(OC(C)[C@H]1CC[C@@H](C)C[C@@H]1OO)C(=O)[C@]12CC[C@H](CC1=O)C2(C)O,0.2689474494405527
C[C@@H]1CC[C@@H](C(=O)[C@]23CC[C@H](CC2=O)C3(C)O)[C@H]([NH3+])C1,0.26626213096882495
CO[C@@H]1C[C@H](C)CC[C@@H]1OC(C)[C@]12CC[C@H](CC1=O)C2(C)C,0.29723437124071467
CC(C)[C@H]1CC[C@@H](C)C[C@@H]1OOC(C)[C@H](O)[C@H]1CC[C@@H](C)C[C@H]1OO,0.17190724525068252
CC(C(C)[C@]12CC[C@H](CC1=O)C2(C)[NH3+])[C@@H]1CC[C@@H](C)C[C@H]1[NH3+],0.303621685955757
CC(C)[C@@H]1CC[C@@H](C)C[C@H]1OC(C)[C@]12CC[C@H](CC1=O)C2(C)C(C)C,0.2879457611347029
CC(C(C)[C@@H]1CC[C@@H](C)C[C@H]1[NH3+])[C@@H](O)[C@]12CC[C@H](CC1=O)C2(C)C(C)C,0.27244085888948927
C[C@H]1CC[C@@H](C)[C@H](C(=O)[C@]23CC[C@H](CC2=O)C3(C)C)C1,0.3025595619993094
CC(C)[C@@H]1CC[C@H](C)C[C@H]1[C@@H](O)[C@]12CC[C@H](CC1=O)C2(C)C,0.3642695536169716
CC(C)[C@H](C)C(C)[C@@H]1CC[C@@H](C)C[C@H]1[C@]12CC[C@H](CC1=O)C2(C)C,0.30956959368344517
CC(C)[C@@H]1CC[C@@H](C)C[C@H]1C(=O)[C@]12CC[C@H](CC1=O)C2(C)Cl,0.3226025390322359
CC([C@@H]1CC[C@@H](C)C[C@H]1[NH3+])[C@]12CC[C@H](CC1=O)C2(C)C,0.34884541231485566
CC(C)[C@@H]1CC[C@H](C)C[C@H]1[C@@H](O)[C@@H]1CC[C@@H](C)C[C@H]1[NH3+],0.2083022575693182
C[C@@H]1CC[C@H]([C@@H](O)[C@]23CC[C@H](CC2=O)C3(C)C)[C@H](OOO)C1,0.31782086308186414
CC(OC(C)[C@]12CC[C@H](CC1=O)C2(C)C)[C@]12CC[C@H](CC1=O)C2(C)C,0.22849252797709918
CC(OO[C@@H]1C[C@@H](C)CC[C@H]1C(C)C)C(C)[C@@H]1C[C@H](C)CC[C@H]1C(C)C,0.1631103122840338
CC([C@H]1CC[C@@H](C)C[C@H]1OOO)[C@]12CC[C@H](CC1=O)C2(C)C,0.3280553624856863
CC(C)C1(C)[C@@H]2CC[C@@]1([C@H](O)[C@H]1CC[C@@H](C)C[C@H]1OOO)C(=O)C2,0.2873718541934519
CC(O[C@@H]1C[C@H](C)CC[C@H]1C(C)C)C(C)[C@]12CC[C@H](CC1=O)C2(C)[NH3+],0.2879457611347029
CO[C@@H]1C[C@H](C)CC[C@@H]1[C@H](C)C(C)[C@@H]1CC[C@@H](C)C[C@H]1[C@]12CC[C@H](CC1=O)C2(C)C,0.24695110545378918
CC(C)[C@@H]1CC[C@H](C)C[C@H]1OO[C@H]1CC[C@@H](C)C[C@H]1OOO,0.18835264373920446
COO[C@H]1C[C@H](C)CC[C@@H]1C(C)C,0.2830889839296112
CC(O[C@@H]1C[C@H](C)CC[C@H]1C(C)C)C(C)[C@@H]1CC[C@@H](C)C[C@H]1[NH3+],0.18055744848693053
COO[C@@H]1C[C@@H](C)CC[C@H]1C(C)C,0.2830889839296112
CC([C@H]1C[C@H](C)CC[C@@H]1[C@]12CC[C@H](CC1=O)C2(C)C)[C@@H]1CC[C@@H](C)C[C@H]1[NH3+],0.263205449095825
CC(C)[C@@H]1CC[C@@H](C)C[C@H]1[C@H]1CC[C@@H](C)C[C@H]1OOO,0.2051956704170308
C[C@@H]1CC[C@H]([C@@H](O)[C@]23CC[C@H](CC2=O)C3(C)C)[C@H](OCl)C1,0.33261105007216857
CC(OC(OOO)[C@H]1CC[C@@H](C)C[C@@H]1OO)[C@]12CC[C@H](CC1=O)C2(C)C,0.2817829147538592
CC1(O)[C@@H]2CC[C@@]1(C(=O)OO)C(=O)C2,0.21093014346870578
CC(OOO)[C@H]1CC[C@@H](C)C[C@@H]1OO,0.2228124549277306
C[C@@H]1CC[C@@H](C2(C)[C@@H]3CC[C@@]2([C@H]2CC[C@@H](C)C[C@@H]2OO)C(=O)C3)[C@H]([NH3+])C1,0.22354106004526572
CC([C@@H](C)Cl)[C@@H]1C[C@H](C)CC[C@@H]1C(C)[C@]12CC[C@H](CC1=O)C2(C)C,0.30956959368344517
CC(OCl)[C@@H](O)[C@]12CC[C@H](CC1=O)C2(C)C,0.29639032072964566
CC(C)C(O[C@@H]1C[C@H](C)CC[C@H]1C(C)C)C1(C)[C@@H]2CC[C@@]1([C@@H](C)O)C(=O)C2,0.27741679285882637
CC(O[C@@H]1C[C@H](C)CC[C@H]1C(C)C)C(C)[C@]12CC[C@H](CC1=O)C2(C)C,0.3150684931506849
C[C@@H]1CC[C@H]([C@]23CC[C@H](CC2=O)C3(C)C)[C@@H]([C@H]2CC[C@@H](C)C[C@H]2OO)C1,0.24428760647326075
CC([C@H]1CC[C@@H](C)C[C@H]1OO)[C@@H]1CC[C@H](C)C[C@H]1C(=O)[C@]12CC[C@H](CC1=O)C2(C)C,0.24695110545378918
CC(C)[C@H]1CC[C@@H](C)C[C@@H]1[C@@H]1CC[C@H]([C@@H](O)[C@]23CC[C@H](CC2=O)C3(C)C)[C@H](OO)C1,0.26851501537087985
CC(C)[C@@H]1CC[C@@H](C)C[C@H]1OC(OO)[C@H](O)[C@H]1CC[C@@H](C)C[C@H]1OO,0.17190724525068252
CC(C)[C@@H]1CC[C@@H](Cl)C[C@H]1C(=O)[C@]12CC[C@H](CC1=O)C2(C)C,0.3121472367904246
CO[C@@H]1C[C@H](C)CC[C@@H]1C(C)OO[C@H]1C[C@H](C)CC[C@@H]1C(C)C,0.17817416127494962
CC(C)[C@H](C)C(C)[C@@H]1CC[C@@H](C)C[C@H]1[C@]12CC[C@H](CC1=O)C2(C)C,0.30956959368344517
CC([C@H]1CC[C@@H](C)C[C@H]1Cl)[C@]12CC[C@H](CC1=O)C2(C)C,0.34884541231485566
C[C@@H]1CC[C@H](C2(C)[C@@H]3CC[C@@]2([C@H](O)[C@H]2CC[C@@H](C)C[C@H]2OOO)C(=O)C3)[C@@H]([NH3+])C1,0.22471910112359553
CC(OCl)[C@@H]1CC[C@H](C)C[C@H]1OOC(C)[C@]12CC[C@H](CC1=O)C2(C)C,0.29305619694206275
CC([C@H]1CC[C@@H](C)C[C@H]1OOO)[C@@H](O)[C@]12CC[C@H](CC1=O)C2(C)C,0.3052691805964591
CC(C)C(OCl)O[C@@H]1C[C@H](C)CC[C@H]1C(C)C,0.23380395625054684
CC1(O)[C@@H]2CC[C@@]1(C(=O)[C@@H](O)[C@]13CC[C@H](CC1=O)C3(C)C)C(=O)C2,0.22700174153566627
CC(OOC(=O)[C@]12CC[C@H](CC1=O)C2(C)O)[C@]12CC[C@H](CC1=O)C2(C)C,0.21993656590766306
CC(C)[C@H]1CC[C@@H](C)C[C@@H]1OO[C@@H]1C[C@H](C)CC[C@H]1C(C)C,0.1855215799859382
C[C@@H]1CC[C@@H](C2(C)[C@@H]3CC[C@@]2([C@H](O)[C@H]2CC[C@@H](C)C[C@H]2OOO)C(=O)C3)[C@H]([NH3+])C1,0.22471910112359553
CC(C)[C@@H]1CC[C@H](C)C[C@H]1OOOOC(C)[C@]12CC[C@H](CC1=O)C2(C)C,0.2987012987012987
CC(C)[C@@H]1CC[C@@H](C)C[C@H]1OC(C)[C@]12CC[C@H](CC1=O)C2(C)OCl,0.29589244849010227
C[C@@H]1CC[C@H]([C@@H](O)[C@]23CC[C@H](CC2=O)C3(C)C)[C@H]([C@]23CC[C@H](CC2=O)C3(C)C)C1,0.25482359571881275
CC([C@@H]1CC[C@@H](C)C[C@H]1[C@@H]1CC[C@@H](C)C[C@H]1[NH3+])[C@]12CC[C@H](CC1=O)C2(C)C,0.263205449095825
CC(C)[C@H]1CC[C@@H](C)C[C@@H]1OOC1(C)[C@@H]2CC[C@@]1([C@H]1CC[C@@H](C)C[C@@H]1OO)C(=O)C2,0.243492376778837
CC(OC(C)[C@H]1CC[C@@H](C)C[C@@H]1OO)OC(C)[C@]12CC[C@H](CC1=O)C2(C)C,0.28295457433878063
CC(C)[C@@H]1CC[C@@H](C)C[C@H]1[C@@H]1CC[C@H]([C@@H](O)[C@]23CC[C@H](CC2=O)C3(C)C)[C@H](OO)C1,0.26851501537087985
CC(Cl)OO[C@@H]1C[C@@H](C)CC[C@H]1C(C)C,0.25607375986579195
CC(C)[C@@H]1CC[C@H](C)C[C@H]1[C@@H]1CC[C@H](C(C)[C@]23CC[C@H](CC2=O)C3(C)C)[C@H](OO)C1,0.26851501537087985
CC(C)C(O[C@@H]1C[C@H](C)CC[C@H]1C(C)C)[C@@H]1C[C@H](C)CC[C@H]1C(C)O,0.1740776559556978
CC(O)[C@@H]1CC[C@@H](C)C[C@H]1C(=O)[C@]12CC[C@H](CC1=O)C2(C)C,0.33302703110155624
C[C@@H]1CC[C@@H](C([NH3+])[C@]23CC[C@H](CC2=O)C3(C)C)[C@H]([NH3+])C1,0.33734564371477127
CC(C)C(O[C@@H]1C[C@H](C)CC[C@H]1C(C)C)[C@]12CC[C@H](CC1=O)C2(C)Cl,0.2879457611347029
CC(C)[C@@H]1CC[C@H](C)C[C@H]1C(=O)[C@@H]1C[C@H](C)CC[C@H]1C(C)O,0.20669184547858144
CC(C)[C@@H](O)[C@]12CC[C@H](CC1=O)C2(C)[C@@H](O)[C@]12CC[C@H](CC1=O)C2(C)C,0.23249527748763857
CO[C@@H]1C[C@H](C)CC[C@@H]1C(C)[C@]12CC[C@H](CC1=O)C2(C)[C@]12CC[C@H](CC1=O)C2(C)C,0.24622962077351204
CC(C)[C@@H]1CC[C@@H](C)C[C@H]1C(=O)[C@]12CC[C@H](CC1=O)C2([NH3+])O,0.3213422934585757
CC([C@H]1CC[C@@H](C)C[C@H]1Cl)[C@]12CC[C@H](CC1=O)C2(C)O,0.32791291789197646
CC(C(C)[C@@H]1CC[C@@H](C)C[C@H]1[NH3+])[C@@H](C)Cl,0.24407881531404238
CC(C)[C@@H]1CC[C@@H](C)C[C@H]1C(C)[C@H]1CC[C@@H](C)C[C@H]1Cl,0.2022100118413747
CO[C@@H]1C[C@H](C)CC[C@@H]1C(Cl)[C@]12CC[C@H](CC1=O)C2(C)C,0.3217607328460249
C[C@@H]1CC[C@H]([C@]23CC[C@H](CC2=O)C3(C)OOO)[C@@H](OO)C1,0.2509303319310277
CC(=O)[C@]12CC[C@H](CC1=O)C2(C)O,0.2506190682198222
C[C@@H]1CC[C@H]([C@]23CC[C@H](CC2=O)C3(C)C)[C@@H]([C@H](O)[C@H]2CC[C@@H](C)C[C@H]2OO)C1,0.25385787716520286
CO[C@@H]1C[C@H](C)CC[C@@H]1[C@H]1C[C@H](C)CC[C@@H]1[C@]12CC[C@H](CC1=O)C2(C)C,0.23559558364852853
CC([C@@H]1CC[C@@H](C)C[C@H]1[NH3+])[C@@H]1C[C@H](C)CC[C@H]1C([NH3+])[C@]12CC[C@H](CC1=O)C2(C)C,0.24798654439950676
CC(C(C)[C@]12CC[C@H](CC1=O)C2(C)C)[C@@H]1CC[C@@H]([C@@H]2CC[C@@H](C)C[C@H]2[NH3+])C[C@H]1[NH3+],0.2555668241824789
CC(O)[C@@H]1CC[C@@H](C)C[C@H]1[C@H]1CC[C@@H](C)C[C@H]1OC(C)[C@]12CC[C@H](CC1=O)C2(C)C,0.25417856237895775
COO[C@H]1C[C@H](C)CC[C@@H]1C(C)C,0.2830889839296112
CC(C)[C@H]1CC[C@@H](C)C[C@@H]1C(C)[C@@H](O)[C@]12CC[C@H](CC1=O)C2(C)[NH3+],0.3086985881798822
CC(O[C@@H]1C[C@H](C)CC[C@@H]1[C@H]1CC[C@@H](C)C[C@@H]1[NH3+])[C@]12CC[C@H](CC1=O)C2(C)C,0.23807828657122895
CC1(C)[C@@H]2CC[C@@]1([C@H](O)[C@H]1CC[C@@H]([C@]34CC[C@H](CC3=O)C4(C)O)C[C@H]1OO)C(=O)C2,0.21554809216575693
CC([C@H]1CC[C@@H](C)C[C@H]1OO)[C@]12CC[C@H](CC1=O)C2(C)C,0.34343662872314296
CC([C@@H]1CC[C@@H](C)C[C@H]1OOO)[C@]12CC[C@H](CC1=O)C2(C)C,0.3280553624856863
C[C@@H]1CC[C@H](C([C@]23CC[C@H](CC2=O)C3(C)C)[C@]23CC[C@H](CC2=O)C3(C)C)[C@H](OO)C1,0.24622962077351204
CC(O)[C@@H]1CC[C@H](C)C[C@H]1[C@@H](O)[C@]12CC[C@H](CC1=O)C2(C)C,0.33302703110155624
CC(O)[C@@H](Cl)C(C)[C@@H]1CC[C@@H](C)C[C@H]1[C@]12CC[C@H](CC1=O)C2(C)C,0.3190781490342873
CC(C)[C@H]1CC[C@@H](C)C[C@@H]1OO[C@H]1CC[C@@H](C)C[C@@H]1[NH3+],0.19922195512275637
CC(C([C@@H]1CC[C@@H](C)C[C@H]1[NH3+])[C@@H]1CC[C@@H](C)C[C@H]1[NH3+])[C@]12CC[C@H](CC1=O)C2(C)C,0.24798654439950676
CC(C(=O)[C@@H]1C[C@H](C)CC[C@H]1C(C)O)[C@H]1CC[C@@H](C)C[C@H]1Cl,0.1948709407384893
CO[C@@H]1C[C@H](C)CC[C@@H]1C1(Cl)[C@@H]2CC[C@@]1(C(=O)[C@@H]1C[C@H](C)CC[C@H]1C(C)C)C(=O)C2,0.2323300943211463
CC([C@H](Cl)[C@H]1CC[C@@H](C)C[C@@H]1[NH3+])[C@@H]1CC[C@@H](C)C[C@H]1[C@]12CC[C@H](CC1=O)C2(C)C,0.24798654439950676
CC(O)[C@@H]1CC[C@@H](C)C[C@H]1[C@@H]1CC[C@@H](C([NH3+])[C@]23CC[C@H](CC2=O)C3(C)C)[C@H]([NH3+])C1,0.2555668241824789
CC(OC1(C)[C@@H]2CC[C@@]1([C@H]1CC[C@@H](C)C[C@@H]1[NH3+])C(=O)C2)[C@]12CC[C@H](CC1=O)C2(C)C,0.23106851475148005
C[C@@H]1CC[C@H]([C@]23CC[C@H](CC2=O)C3(C)[C@H]2CC[C@@H](C)C[C@H]2OOO)[C@@H](OO)C1,0.20838122054999464
CC(C(C)[C@@H](O)[C@]12CC[C@H](CC1=O)C2(C)C)[C@H]1CC[C@@H](C)C[C@@H]1[NH3+],0.3190781490342873
C[C@@H]1CC[C@H]([C@]23CC[C@H](CC2=O)C3(C)[C@H]2CC[C@@H](C)C[C@H]2OO)[C@@H](OO)C1,0.21569505527291172
CC(O)OOC(C)[C@]12CC[C@H](CC1=O)C2(C)C,0.2954429344462844
CC([C@@H]1CC[C@H](C)C[C@H]1[C@@H](O)[C@]12CC[C@H](CC1=O)C2(C)C)[C@@H]1CC[C@@H](C)C[C@H]1[NH3+],0.2555668241824789
C[C@@H]1CC[C@@H]([C@@H]2CC[C@H](C)C[C@H]2C(=O)[C@]23CC[C@H](CC2=O)C3(C)C)[C@H]([NH3+])C1,0.22994252155351955
CC(OO)[C@]12CC[C@H](CC1=O)C2(C)C,0.3270729951953333
CC(O)C(C)[C@@H]1CC[C@@H](C)C[C@H]1C(=O)[C@]12CC[C@H](CC1=O)C2([NH3+])O,0.2820610424555432
CC([C@@H](O)[C@]12CC[C@H](CC1=O)C2(C)C)[C@@H](C)Cl,0.30081855540955005
CC([C@@H]1CC[C@H]([C@@H](O)[C@]23CC[C@H](CC2=O)C3(C)C)[C@H](OCl)C1)[C@H]1CC[C@@H](C)C[C@H]1Cl,0.24695110545378918
CC([C@@H](C)Cl)[C@@H]1CC[C@H](C)C[C@H]1[C@@H](O)[C@]12CC[C@H](CC1=O)C2(C)C,0.3190781490342873
CC(C)[C@@H]1CC[C@@H](C)C[C@H]1OC(Cl)[C@]12CC[C@H](CC1=O)C2(C)C,0.33823529411764713
CC1(O)[C@@H]2CC[C@@]1(OO)C(=O)C2,0.23294541397390267
C[C@@H]1CC[C@H]([C@]23CC[C@H](CC2=O)C3(C)[C@]23CC[C@H](CC2=O)C3(C)O)[C@@H](OO)C1,0.2172349217689344
CC(C([C@H]1CC[C@@H](C)C[C@H]1OO)[C@]12CC[C@H](CC1=O)C2(C)C)[C@@H]1CC[C@@H](C)C[C@H]1[NH3+],0.24695110545378918
CC(O)[C@@H]1CC[C@@H](C)C[C@H]1C(=O)[C@@H]1CC[C@@H](C)C[C@H]1[C@]12CC[C@H](CC1=O)C2(C)C,0.2555668241824789
CC(Cl)[C@@H]1CC[C@@H](C)C[C@H]1C(=O)[C@]12CC[C@H](CC1=O)C2(C)C,0.3226025390322359
CC(O)[C@H]1CC[C@@H](C)C[C@H]1Cl,0.2687739237437727
CC(C)[C@@H]1CC[C@@H](C)C[C@H]1C(C)Cl,0.28919952219248846
C[C@@H]1CC[C@H](C(=O)[C@]23CC[C@H](CC2=O)C3(C)O)[C@H](OO)C1,0.2545952932130247
CC([C@@H]1CC[C@H]([C@@H](O)[C@]23CC[C@H](CC2=O)C3(C)C)[C@H](OO)C1)[C@H]1CC[C@@H](C)C[C@H]1Cl,0.24695110545378918
CC(C)[C@@H]1CC[C@H](C)C[C@H]1C(=O)[C@@H]1C[C@H](C)CC[C@H]1C(C)O,0.20669184547858144
CC(C)[C@@H]1CC[C@@H](C)C[C@H]1C(C)[C@H]1CC[C@@H](C)C[C@H]1Cl,0.2022100118413747
CC(O)[C@@H]1CC[C@@H](C)C[C@H]1C(=O)C(=O)[C@@H]1C[C@H](C)CC[C@H]1C(C)Cl,0.1822064630330828
CC(C)[C@@H]1CC[C@H](C)C[C@H]1OO[C@@H]1C[C@H](C)CC[C@H]1C(C)Cl,0.1855215799859382
CC(C)[C@@H]1CC[C@H](C)C[C@H]1OOC1(C)[C@@H]2CC[C@@]1([C@@H](C)O)C(=O)C2,0.3044077736591046
CO[C@@H]1C[C@H](C)CC[C@@H]1C(=O)[C@]12CC[C@H](CC1=O)C2(C)C,0.2888714454876781
CC([C@H]1CC[C@@H]([C@@H]2CC[C@@H](C)C[C@H]2[NH3+])C[C@H]1OO)[C@]12CC[C@H](CC1=O)C2(C)C,0.26165260103548016
CO[C@@H]1C[C@H](C)CC[C@@H]1C(C)[C@]12CC[C@H](CC1=O)C2(C)C(C)O,0.2996902531042253
CC(C(C)[C@@H]1CC[C@@H](C)C[C@H]1[NH3+])C(C)[C@]12CC[C@H](CC1=O)C2(C)C,0.30956959368344517
CC(C)C(C(C)[C@@H]1CC[C@@H](C)C[C@H]1[NH3+])[C@]12CC[C@H](CC1=O)C2(C)C,0.30956959368344517
C[C@@H]1CC[C@H]([C@@H]2CC[C@H]([C@@H](O)[C@]34CC[C@H](CC3=O)C4(C)C)[C@H](OO)C2)[C@H](OOO)C1,0.23702273156998865
CC([C@@H]1CC[C@@H](C)C[C@H]1[NH3+])C1(C)[C@@H]2CC[C@@]1(C(C)[C@H]1CC[C@@H](C)C[C@H]1OO)C(=O)C2,0.23308302121161245
CC(C)[C@]12CC[C@H](CC1=O)C2(C)O,0.33081584678942466
CC(O)[C@@H]1CC[C@@H](C)C[C@H]1OCl,0.2514636468219414
CC(C)[C@]12CC[C@H](CC1=O)C2(C)C(=O)[C@]12CC[C@H](CC1=O)C2(C)C,0.23774301068682285
CC(O)[C@@H]1CC[C@@H](C)C[C@H]1C,0.3013483214003536
CC(Cl)C(C)[C@]12CC[C@H](CC1=O)C2(C)C,0.31406285610184154
CC(C)[C@@H]1CC[C@H](C)C[C@H]1C(O)O,0.29918303680270625
CC(O)[C@]12CC[C@H](CC1=O)C2(C)C,0.34876154516318936
C[C@@H]1CC[C@H]([C@@H](O)[C@@H]2CC[C@@H](C([NH3+])[C@]34CC[C@H](CC3=O)C4(C)C)[C@H]([NH3+])C2)[C@H](OO)C1,0.2396717702245249
CC1(C)[C@@H]2CC[C@@]1([C@H](O)[C@H]1CC[C@@H](OCl)C[C@H]1OCl)C(=O)C2,0.25799049674327673
CC(C)[C@@H](O)[C@]12CC[C@H](CC1=O)C2(C)C(=O)[C@]12CC[C@H](CC1=O)C2(C)O,0.21320071635561041
CO[C@@H]1C[C@H](C)CC[C@@H]1C(O)[C@@H]1CC[C@@H](C)C[C@H]1C(=O)[C@]12CC[C@H](CC1=O)C2(C)C,0.2396717702245249
CC(O)C(C)[C@@H]1CC[C@@H](C)C[C@H]1C(=O)[C@]12CC[C@H](CC1=O)C2(C)Cl,0.29136389474124674
CC(C)C1(C)[C@@H]2CC[C@@]1(C(C)[C@H]1CC[C@@H](C)C[C@H]1OO)C(=O)C2,0.2996902531042253
C[C@@H]1CC[C@H]([C@]23CC[C@H](CC2=O)C3(C)OO)[C@@H]([NH3+])C1,0.2746529504232181
C[C@@H]1CC[C@@H](C(O)[C@]23CC[C@H](CC2=O)C3(C)C)[C@H]([NH3+])C1,0.34884541231485566
CC(Cl)[C@@H]1CC[C@@H](C)C[C@H]1OCl,0.24216105241892635
CC(C(C)[C@]12CC[C@H](CC1=O)C2(C)O)[C@@H]1CC[C@@H](C)C[C@H]1[NH3+],0.3131121455425747
C[C@@H]1CC[C@H]([C@@H]2CC[C@@H](C(O)[C@]34CC[C@H](CC3=O)C4(C)C)[C@H]([NH3+])C2)[C@@H]([NH3+])C1,0.263205449095825
CC(C(Cl)[C@@H]1CC[C@@H](C)C[C@H]1[NH3+])[C@]12CC[C@H](CC1=O)C2(C)C,0.3226025390322359
C[C@@H](O)[C@]12CC[C@H](CC1=O)C2(C)OCl,0.2686790833839216
CC(O)C(C)[C@@H]1CC[C@H](C)C[C@H]1OOC(C)[C@]12CC[C@H](CC1=O)C2(C)C,0.2940512972485138
CC(C)C(C)OO[C@@H]1C[C@@H](C)CC[C@H]1C(C)C,0.23380395625054684
CC([C@@H]1CC[C@H]([C@@H](O)[C@]23CC[C@H](CC2=O)C3(C)C)[C@H](OO)C1)[C@H]1CC[C@@H](C)C[C@H]1Cl,0.24695110545378918
CC(C(C)[C@]12CC[C@H](CC1=O)C2(C)C)[C@@H]1CC[C@@H]([C@@H]2CC[C@@H](C)C[C@H]2[NH3+])C[C@H]1[NH3+],0.2555668241824789
CC(C)[C@@H]1CC[C@@H](OO)C[C@H]1C(=O)[C@]12CC[C@H](CC1=O)C2(C)O,0.28169014084507044
CC(C)[C@@H]1CC[C@@H](C)C[C@H]1OC(OO)[C@]12CC[C@H](CC1=O)C2(C)C,0.3332662575034293
CC(O)[C@@H]1CC[C@@H](C)C[C@H]1C(=O)[C@]12CC[C@H](CC1=O)C2(C)C,0.33302703110155624
CC(O)[C@@H]1CC[C@@H](C)C[C@H]1[C@H]1CC[C@@H](C)C[C@@H]1[NH3+],0.2051956704170308
CC(C(C)[C@]12CC[C@H](CC1=O)C2(C)C)C1(C)[C@@H]2CC[C@@]1(C(C)C)C(=O)C2,0.2227162852603976
CC([C@H]1CC[C@@H](OCl)C[C@H]1OO)[C@]12CC[C@H](CC1=O)C2(C)C,0.286846901292562
CC(C(C)[C@]12CC[C@H](CC1=O)C2(C)C(C)O)[C@@H]1CC[C@@H](C)C[C@H]1[NH3+],0.29136389474124674
CC(C)[C@@H]1CC[C@@H](C)C[C@H]1OC(Cl)OO,0.2644718419629145
CC(C)[C@@H]1CC[C@@H](C)C[C@H]1OC(C)[C@]12CC[C@H](CC1=O)C2(C)C(C)C,0.2879457611347029
CC(C)C(C)[C@H]1CC[C@@H](C)C[C@@H]1C(C)[C@@H](O)[C@]12CC[C@H](CC1=O)C2(C)C,0.29794618612185886
CC(O)[C@@H]1CC[C@@H](C)C[C@H]1C(=O)O,0.26010243550494205
CC(C)[C@H]1CC[C@@H](C)C[C@H]1OOO,0.2927700218845599
CC(C(C)[C@]12CC[C@H](CC1=O)C2(C)C)[C@H]1CC[C@@H](OOO)C[C@@H]1[NH3+],0.276990070017077
C[C@@H]1CC[C@H]([C@]23CC[C@H](CC2=O)C3(C)C)[C@H](OOO)C1,0.30930437276017253
CC([C@H]1CC[C@@H](C)C[C@H]1Cl)[C@]12CC[C@H](CC1=O)C2(C)[C@]12CC[C@H](CC1=O)C2(C)C,0.25482359571881275
CC(C)[C@@H]1CC[C@@H](C)C[C@H]1OC(OO)OC(C)[C@]12CC[C@H](CC1=O)C2(C)C,0.29930136112483385
C[C@@H]1CC[C@@H](OCl)[C@H](OC(Cl)[C@]23CC[C@H](CC2=O)C3(C)C)C1,0.286846901292562
CC(C)[C@@H]1CC[C@@H](C)C[C@H]1[C@@H]1CC[C@@H](C)C[C@H]1OC(Cl)[C@]12CC[C@H](CC1=O)C2(C)C,0.26136363636363635
CC(C)[C@@H](O)[C@]12CC[C@H](CC1=O)C2(C)C(=O)[C@@H]1C[C@H](C)CC[C@H]1C(C)O,0.27244085888948927
C[C@@H]1CC[C@@H]([C@@H]2CC[C@H]([C@@H](O)[C@]34CC[C@H](CC3=O)C4(C)C)[C@H](OO)C2)[C@H]([NH3+])C1,0.25385787716520286
CC([C@H](C)C(C)[C@@H]1CC[C@@H](C)C[C@H]1[C@]12CC[C@H](CC1=O)C2(C)C)[C@@H](C)Cl,0.2891995221924884
CC(C)[C@@H](O)[C@]12CC[C@H](CC1=O)C2(C)[C@@H]1C[C@@H](C)CC[C@H]1C(C)C,0.3086985881798822
CC(C(=O)[C@]12CC[C@H](CC1=O)C2(C)O)[C@@H](C)Cl,0.2724600102043087
C[C@@H]1CC[C@H]([C@@H](O)[C@]23CC[C@H](CC2=O)C3(C)C)[C@H](O)C1,0.39488251846572103
CC([C@]12CC[C@H](CC1=O)C2(C)C)[C@]12CC[C@H](CC1=O)C2(C)O,0.25495097567963926
C[C@@H]1CC[C@H]([C@]23CC[C@H](CC2=O)C3(C)O)[C@@H](OO)C1,0.2746529504232181
CC(OO[C@@H](O)[C@]12CC[C@H](CC1=O)C2(C)C)[C@]12CC[C@H](CC1=O)C2(C)C,0.21993656590766306
C[C@@H]1CC[C@H]([C@]23CC[C@H](CC2=O)C3(C)C(=O)[C@]23CC[C@H](CC2=O)C3(C)O)[C@@H]([NH3+])C1,0.2123507433382009
CC([C@H]1CC[C@@H](C)C[C@H]1OO)[C@]12CC[C@H](CC1=O)C2(C)[C@H]1CC[C@@H](C)C[C@H]1OO,0.23157320469295906
C[C@@H](O)[C@]12CC[C@H](CC1=O)C2(C)[C@@H](O)[C@]12CC[C@H](CC1=O)C2(C)C,0.23774301068682285
CC(C)OC(C)[C@]12CC[C@H](CC1=O)C2(C)C,0.29639032072964566
C[C@@H]1CC[C@H]([C@@H](O)OC(OO)[C@]23CC[C@H](CC2=O)C3(C)C)[C@H](OO)C1,0.28413039388647027
CC(C)[C@@H]1CC[C@@H](C)C[C@H]1C(=O)[C@]12CC[C@H](CC1=O)C2(C)C,0.3538461538461539
CC(C1(C)[C@@H]2CC[C@@]1(C(C)C)C(=O)C2)[C@]12CC[C@H](CC1=O)C2(C)C,0.23774301068682285
CC(O)[C@@H]1CC[C@@H](C)C[C@H]1C1(C)[C@@H]2CC[C@@]1([C@H](O)[C@H]1CC[C@@H](C)C[C@H]1O)C(=O)C2,0.2616402888409913
C[C@@H]1CC[C@H](C(OCl)[C@]23CC[C@H](CC2=O)C3(C)C)[C@H](OOO)C1,0.3042903097250923
CC(C)[C@H]1CC[C@@H](C)C[C@@H]1OO[C@@H](O)[C@]12CC[C@H](CC1=O)C2(C)C,0.3332662575034293
C[C@@H]1CC[C@H]([C@@H]2CC[C@@H](C)C[C@H]2OC(Cl)[C@]23CC[C@H](CC2=O)C3(C)C)[C@H](O)C1,0.26165260103548016
CC(O)[C@]12CC[C@H](CC1=O)C2(C)C,0.34876154516318936
CC(O)[C@]12CC[C@H](CC1=O)C2(C)[C@@H](O)[C@]12CC[C@H](CC1=O)C2(C)C,0.23774301068682285
CC(O[C@H]1CC[C@@H](C)C[C@H]1OOO)[C@]12CC[C@H](CC1=O)C2(C)C,0.2945470944816463
C[C@@H]1CC[C@H]([C@]23CC[C@H](CC2=O)C3(C)C)[C@@H]([C@H]2CC[C@@H](C)C[C@@H]2[NH3+])C1,0.24461683992314132
CC(OOO)[C@H]1CC[C@@H](C)C[C@@H]1C(C)[C@@H](O)[C@]12CC[C@H](CC1=O)C2(C)C,0.2940512972485138
CC(C)[C@@H]1CC[C@@H](C)C[C@H]1[C@@H]1C[C@H](C)CC[C@H]1C([NH3+])[C@]12CC[C@H](CC1=O)C2(C)C,0.27058823529411763
CC(O)[C@@H]1CC[C@@H](C)C[C@H]1C1(C)[C@@H]2CC[C@@]1(C(C)[C@H]1CC[C@@H](C)C[C@H]1Cl)C(=O)C2,0.24112141108520607
CO[C@@H]1C[C@H](C)CC[C@@H]1[C@@H]1CC[C@@H](C(O)[C@]23CC[C@H](CC2=O)C3(C)C)[C@H]([NH3+])C1,0.25385787716520286
CC([C@H]1CC[C@@H](C)C[C@H]1Cl)C1(C)[C@@H]2CC[C@@]1([C@@H](C)O)C(=O)C2,0.3131121455425747
C[C@@H]1CC[C@H](C([C@]23CC[C@H](CC2=O)C3(C)C)[C@]23CC[C@H](CC2=O)C3(C)C)[C@H](OO)C1,0.24622962077351204
CC(C)[C@@H]1CC[C@@H](C)C[C@H]1C(=O)[C@]12CC[C@H](CC1=O)C2(C)C(C)C,0.3000326140132507
CC(O)[C@@H]1CC[C@@H](C)C[C@H]1C(=O)[C@@H]1C[C@H](C)CC[C@H]1C(C)O,0.1948709407384893
C[C@H]1CC[C@@H](OO)[C@H]([C@@H](O)[C@]23CC[C@H](CC2=O)C3(C)C)C1,0.3217607328460249
CC([C@@H]1CC[C@H]([C@@H](O)[C@]23CC[C@H](CC2=O)C3(C)C)[C@H](OO)C1)[C@H]1CC[C@@H](C)C[C@H]1Cl,0.24695110545378918
CC1(C)[C@@H]2CC[C@@]1(C(O)OCl)C(=O)C2,0.2809757434745082
CC(C)[C@@H](O)[C@]12CC[C@H](CC1=O)C2(C)OO[C@@H](O)[C@]12CC[C@H](CC1=O)C2(C)C,0.21602468994692872
CO[C@@H]1C[C@H](C)CC[C@@H]1C1(C)[C@@H]2CC[C@@]1(C(C)C(C)[C@H]1CC[C@@H](C)C[C@@H]1[NH3+])C(=O)C2,0.22645540682891918
CO[C@@H]1C[C@H](C)CC[C@@H]1C(C)[C@]12CC[C@H](CC1=O)C2(C)[C@]12CC[C@H](CC1=O)C2(C)C,0.24622962077351204
CC([C@@H](C)Cl)[C@@H]1CC[C@@H](C)C[C@H]1[C@]12CC[C@H](CC1=O)C2(C)C,0.33302703110155624
CO[C@@H]1C[C@H](C)CC[C@@H]1[C@@H]1CC[C@H](C(C)C(C)[C@]23CC[C@H](CC2=O)C3(C)C)[C@@H]([NH3+])C1,0.24695110545378918
C[C@@H]1CC[C@H]([C@]23CC[C@H](CC2=O)C3(C)C)[C@@H]([C@H]2CC[C@@H](C)C[C@@H]2[NH3+])C1,0.24461683992314132
CC(OC(C)[C@]12CC[C@H](CC1=O)C2(C)C)[C@]12CC[C@H](CC1=O)C2(C)C,0.22849252797709918
CC(C)[C@@H]1CC[C@@H](C)C[C@H]1[C@@H]1C[C@H](C)CC[C@@H]1[C@@H](O)[C@]12CC[C@H](CC1=O)C2(C)C,0.27804842090856746
CC(O)[C@@H]1CC[C@@H](C)C[C@H]1C(=O)C(C)[C@]12CC[C@H](CC1=O)C2(C)C,0.3190781490342873
CC(C)[C@@H]1CC[C@@H](C)C[C@H]1C(C)[C@@H](C)Cl,0.2610520027660162
CC(C)[C@]12CC[C@H](CC1=O)C2(C)C(=O)[C@]12CC[C@H](CC1=O)C2(C)O,0.22734943086157078
CO[C@@H]1C[C@H](C)CC[C@@H]1C(O)[C@]12CC[C@H](CC1=O)C2(C)C,0.33261105007216857
CC(C)[C@@H](O)[C@]12CC[C@H](CC1=O)C2(C)C(=O)[C@]12CC[C@H](CC1=O)C2(C)O,0.21320071635561041
CC(Cl)[C@]12CC[C@H](CC1=O)C2(C)C,0.3293790613225678
CC(O)[C@]12CC[C@H](CC1=O)C2(C)[C@H]1CC[C@@H](C)C[C@H]1O,0.3383694504320511
CC(C)[C@@H](O)[C@]12CC[C@H](CC1=O)C2(C)C(C)C,0.2724600102043087
CC(OOO)[C@]12CC[C@H](CC1=O)C2(C)O,0.2537849082609463
CC(C)[C@@H]1CC[C@@H](C)C[C@H]1C1(C)[C@@H]2CC[C@@]1([C@@H](C)O)C(=O)C2,0.33210558207753577
CC(C(C)[C@]12CC[C@H](CC1=O)C2(C)C)C1(C)[C@@H]2CC[C@@]1(C(C)O)C(=O)C2,0.23249527748763857
CC(O)OO[C@@H](O)[C@]12CC[C@H](CC1=O)C2(C)C,0.28061113334002424
CC(C)[C@H]1CC[C@@H](C)C[C@@H]1C1(C)[C@@H]2CC[C@@]1([C@H](O)C(C)C)C(=O)C2,0.3086985881798822
CC(C(C)[C@]12CC[C@H](CC1=O)C2(C)C)C(C)[C@]12CC[C@H](CC1=O)C2(C)O,0.23249527748763857
C[C@@H]1CC[C@@H]([C@@H](C)O)[C@H]([C@]23CC[C@H](CC2=O)C3(C)C)C1,0.360331388692991
C[C@@H]1CC[C@@H]([C@@H](O)[C@]23CC[C@H](CC2=O)C3(C)C)[C@H]([C@]23CC[C@H](CC2=O)C3(C)C)C1,0.25482359571881275
CC(O)C1(C)[C@@H]2CC[C@@]1([C@@H](C)O)C(=O)C2,0.29880715233359845
C[C@@H]1CC[C@H]([C@@H](O)C2(C)[C@@H]3CC[C@@]2([C@@H](C)O)C(=O)C3)[C@H](OO)C1,0.2907009498669056
CC(C1(C)[C@@H]2CC[C@@]1([C@H]1CC[C@@H](C)C[C@@H]1[NH3+])C(=O)C2)[C@]12CC[C@H](CC1=O)C2(C)C,0.23904572186687872
CC([C@H]1CC[C@@H](C)C[C@H]1OO)[C@@H]1CC[C@H](C)C[C@H]1[C@@H](O)[C@]12CC[C@H](CC1=O)C2(C)C,0.24695110545378918
C[C@@H]1CC[C@H]([C@@H](O)Cl)[C@H](OO)C1,0.2136959567821341
CC(C)[C@@H]1CC[C@@H](C)C[C@H]1C(C)[C@@H](C)Cl,0.2610520027660162
CC(OO)[C@]12CC[C@H](CC1=O)C2(C)C,0.3270729951953333
CC([C@@H]1CC[C@@H](C)C[C@H]1OOO)[C@]12CC[C@H](CC1=O)C2(C)[C@H]1CC[C@@H](C)C[C@@H]1[NH3+],0.23157320469295906
CC([C@@H](C)Cl)C1(C)[C@@H]2CC[C@@]1(C(C)O)C(=O)C2,0.2724600102043087
CO[C@@H]1C[C@H](C)CC[C@@H]1C(C)[C@]12CC[C@H](CC1=O)C2(C)[C@@H]1C[C@H](C)CC[C@H]1C(C)C,0.2396717702245249
C[C@@H]1CC[C@H]([C@@H](O)[C@]23CC[C@H](CC2=O)C3(C)C)[C@H](O)C1,0.39488251846572103
CC(C)[C@@H]1CC[C@@H](C)C[C@H]1C(=O)[C@]12CC[C@H](CC1=O)C2(O)OOO,0.2947153590452029
C[C@@H]1CC[C@H]([C@@H]2CC[C@@H](C)C[C@H]2C(=O)[C@]23CC[C@H](CC2=O)C3(C)C)[C@H](OO)C1,0.23006699985282683
CO[C@@H]1C[C@H](C)CC[C@@H]1C(O)[C@]12CC[C@H](CC1=O)C2(C)O,0.30303030303030304
CC(O)[C@@H]1CC[C@@H](C)C[C@H]1[C@H](C)[C@@H]1CC[C@@H](C)C[C@H]1[C@]12CC[C@H](CC1=O)C2(C)C,0.26309740826931405
CC(C)[C@H]1CC[C@@H](C)C[C@@H]1[C@@H]1CC[C@@H](C)C[C@H]1OC(Cl)[C@]12CC[C@H](CC1=O)C2(C)C,0.26136363636363635
CC(C)[C@@H]1CC[C@@H](C(C)C)[C@H](C2(C)[C@@H]3CC[C@@]2([C@@H](C)O)C(=O)C3)C1,0.27397260273972607
CC(C)[C@@H]1CC[C@@H](C)C[C@H]1[C@@H](O)[C@]12CC[C@H](CC1=O)C2(C)C,0.3642695536169716
CC([C@H]1CC[C@@H](C)C[C@H]1OOO)[C@]12CC[C@H](CC1=O)C2(C)[C@H]1CC[C@@H](C)C[C@H]1O,0.25189303114770745
CO[C@@H]1C[C@H](C)CC[C@@H]1[C@H](C)C(C)[C@@H]1CC[C@@H](C)C[C@H]1[C@]12CC[C@H](CC1=O)C2(C)C,0.24695110545378918
CC(C(OO)O[C@@H]1C[C@H](C)CC[C@H]1C(C)C)[C@@H](C)Cl,0.2217379842850023
C[C@@H]1CC[C@@H](C)[C@H](OC(Cl)[C@]23CC[C@H](CC2=O)C3(C)C)C1,0.29991180361414577
CO[C@@H]1C[C@H](C)CC[C@@H]1C(C)[C@]12CC[C@H](CC1=O)C2(C)[C@@H]1C[C@H](C)CC[C@H]1C(C)C,0.2396717702245249
CC(C)[C@@H]1CC[C@@H](C(C)[C@]23CC[C@H](CC2=O)C3(C)C)[C@H](OOO)C1,0.2864711638185081
CC(C)[C@@H]1CC[C@H](C)C[C@H]1[C@@H](O)C(OO)O[C@@H]1C[C@H](C)CC[C@H]1C(C)C,0.16772557387550693
CC(OCl)[C@@H]1CC[C@H](C)C[C@H]1[C@@H](O)[C@]12CC[C@H](CC1=O)C2(C)C,0.31854448391911316
CC(O)[C@@H]1CC[C@@H](C)C[C@H]1C(=O)[C@]12CC[C@H](CC1=O)C2(C)[C@H]1CC[C@@H](C)C[C@@H]1[NH3+],0.23421984153627762
C[C@@H]1CC[C@H]([C@@H](O)[C@]23CC[C@H](CC2=O)C3(C)C)[C@H](OO)C1,0.33261105007216857
CC(C(Cl)Cl)[C@@H]1CC[C@@H](C)C[C@H]1[C@]12CC[C@H](CC1=O)C2(C)C,0.3226025390322359
C[C@@H](O)[C@@H]1CC[C@H]([C@@H](O)[C@]23CC[C@H](CC2=O)C3(C)C)[C@H](O)C1,0.3226025390322359
CC(C)[C@@H]1C[C@H](C)CC[C@H]1C(C)O,0.29918303680270625
CC(C)[C@@H](O)[C@]12CC[C@H](CC1=O)C2(C)[C@H]1CC[C@@H](C)C[C@H]1OO,0.28169014084507044
CC([C@@H](C)Cl)[C@@H]1CC[C@@H](C)C[C@H]1OO[C@@H](O)[C@]12CC[C@H](CC1=O)C2(C)C,0.2940512972485138
CO[C@@H]1C[C@H](C)CC[C@@H]1OC(OO)[C@]12CC[C@H](CC1=O)C2(C)C,0.28474739872574967
CO[C@@H]1C[C@H](C)CC[C@@H]1C(C)[C@]12CC[C@H](CC1=O)C2(C)O,0.31289310938737197
CC(C)[C@H]1CC[C@@H](C)C[C@@H]1OO[C@@H](O)[C@]12CC[C@H](CC1=O)C2(C)C,0.3332662575034293
CC(C)[C@@H]1CC[C@@H](C)C[C@H]1OC(Cl)C1(C)[C@@H]2CC[C@@]1([C@@H](C)O)C(=O)C2,0.2961744388795462
C[C@@H]1CC[C@H]([C@@H]2CC[C@@H](C([NH3+])[C@]34CC[C@H](CC3=O)C4(C)C)[C@H]([NH3+])C2)[C@H](O)C1,0.2875
CC([C@H]1CC[C@@H](C)C[C@H]1Cl)[C@]12CC[C@H](CC1=O)C2(C)[C@H]1CC[C@@H](C)C[C@H]1O,0.27056276396065926
CC(C)[C@@H]1CC[C@@H](C)C[C@H]1[C@@H]1CC[C@@H](C)C[C@H]1[C@]12CC[C@H](CC1=O)C2(C)C,0.2875
CC([C@@H](C)Cl)C1(C)[C@@H]2CC[C@@]1([C@@H](C)O)C(=O)C2,0.2724600102043087
CC([C@H]1CC[C@@H](C)C[C@H]1O)[C@@H]1CC[C@H](C)C[C@H]1C(=O)[C@]12CC[C@H](CC1=O)C2(C)C,0.2854863928636116
CC(C)O[C@@H]1C[C@H](C)CC[C@@H]1C(C)[C@]12CC[C@H](CC1=O)C2(C)C,0.31854448391911316
CC(C(C)[C@@H]1CC[C@@H](C)C[C@H]1C(=O)[C@]12CC[C@H](CC1=O)C2(C)C)[C@@H](C)Cl,0.2891995221924884
CC(C(C)[C@@H]1CC[C@H](C)C[C@H]1C(=O)[C@]12CC[C@H](CC1=O)C2(C)C)[C@@H](C)Cl,0.2891995221924884
CC(O)[C@@H]1CC[C@@H](C)C[C@H]1C1(C)[C@@H]2CC[C@@]1([C@@H](C)O)C(=O)C2,0.3131121455425747
C[C@@H]1CC[C@@H](C2(C)[C@@H]3CC[C@@]2([C@@H](C)O)C(=O)C3)[C@H]([C@]23CC[C@H](CC2=O)C3(C)C)C1,0.24697203200097417
CC(O)[C@@H]1CC[C@@H](C)C[C@H]1C1(C)[C@@H]2CC[C@@]1([C@@H](C)O)C(=O)C2,0.3131121455425747
CC(C(C)[C@]12CC[C@H](CC1=O)C2(C)C)[C@H](O)[C@@H]1C[C@@H](C)CC[C@H]1C(C)C,0.315371938287888
CC(C)[C@@H]1CC[C@@H](C)C[C@H]1C(=O)[C@]12CC[C@H](CC1=O)C2(C)C,0.3538461538461539
CO[C@@H]1C[C@H](C)CC[C@@H]1OCl,0.2142232676242438
CC(O)[C@]12CC[C@H](CC1=O)C2(C)OO[C@@H](O)[C@]12CC[C@H](CC1=O)C2(C)C,0.21993656590766306
CC(C)[C@@H]1CC[C@@H](C)C[C@H]1[C@]12CC[C@H](CC1=O)C2(C)C,0.38333333333333336
CC(C)[C@@H](O)[C@]12CC[C@H](CC1=O)C2(C)[C@@H](C)O,0.2724600102043087
C[C@@H]1CC[C@@H](C([NH3+])[C@]23CC[C@H](CC2=O)C3(C)C)[C@H](C)C1,0.33734564371477127
CC(C)[C@H]([C@@H]1C[C@@H](C)CC[C@H]1C(C)O)[C@]12CC[C@H](CC1=O)C2(C)C,0.3190781490342873
C[C@@H]1CC[C@H]([C@@H](O)[C@]23CC[C@H](CC2=O)C3(C)[C@H](O)[C@H]2CC[C@@H](C)C[C@H]2OO)[C@H](O)C1,0.24622962077351204
C[C@@H](O)[C@]12CC[C@H](CC1=O)C2(C)C(O)[C@]12CC[C@H](CC1=O)C2(C)C,0.23774301068682285
CC(C)[C@@H]1CC[C@H](C)C[C@H]1[C@@H](O)[C@@H]1C[C@H](C)CC[C@H]1C(C)O,0.19364916731037085
CC(C(C)[C@]12CC[C@H](CC1=O)C2(C)[C@H]1CC[C@@H](C)C[C@H]1OO)[C@@H]1CC[C@@H](C)C[C@H]1[NH3+],0.23308302121161245
CC(O)[C@@H]1CC[C@@H](C)C[C@H]1[C@H](C)[C@@H]1CC[C@@H](C)C[C@H]1[C@]12CC[C@H](CC1=O)C2(C)C,0.26309740826931405
CC(C)[C@@H]1CC[C@@H](C)C[C@H]1[C@H]1CC[C@@H](C)C[C@H]1OO,0.2148086454164219
C[C@@H]1CC[C@H]([C@@H](O)[C@]23CC[C@H](CC2=O)C3(C)Cl)[C@H](O)C1,0.33734564371477127
C[C@@H]1CC[C@H](C(O)[C@]23CC[C@H](CC2=O)C3(C)C)[C@H](O)C1,0.39488251846572103
CC1(C)[C@@H]2CC[C@@]1(C([NH3+])OO[C@@H](O)[C@]13CC[C@H](CC1=O)C3(C)C)C(=O)C2,0.2100902925755561
CC(C)[C@H](C)[C@@H]1CC[C@@H](C)C[C@H]1[C@]12CC[C@H](CC1=O)C2(C)C,0.33302703110155624
CC([C@@H](C)Cl)[C@H](O)[C@H]1CC[C@@H](C)C[C@H]1OO,0.23877454115352711
CO[C@@H]1C[C@H](C)CC[C@@H]1C([C@H]1CC[C@@H](C)C[C@H]1OO)[C@]12CC[C@H](CC1=O)C2(C)C,0.24515157451369346
C[C@@H]1CC[C@@H]([C@@H]2CC[C@H](C)C[C@H]2[C@@H](O)[C@]23CC[C@H](CC2=O)C3(C)C)[C@H](C)C1,0.25500933689722405
CC(O)[C@@H]1CC[C@@H](C)C[C@H]1C(=O)[C@]12CC[C@H](CC1=O)C2(C)[C@H]1CC[C@@H](C)C[C@H]1O,0.25482359571881275
CC(C([C@@H]1CC[C@@H](C)C[C@H]1C)[C@]12CC[C@H](CC1=O)C2(C)C)[C@@H]1CC[C@@H](C)C[C@H]1[NH3+],0.24798654439950676
CC(C)[C@H]1CC[C@@H](C)C[C@@H]1[C@@H]1C[C@H](C)CC[C@H]1C([NH3+])[C@]12CC[C@H](CC1=O)C2(C)C,0.27058823529411763
CC1(C)[C@@H]2CC[C@@]1([C@H](O)[C@H]1CC[C@@H](O)C[C@H]1OCl)C(=O)C2,0.2803059552906941
CC(C)[C@@H]1CC[C@@H](C)C[C@H]1Cl,0.32425739335111103
CC(C)[C@@H]1CC[C@@H](C)C[C@H]1[NH3+],0.32425739335111103
CO[C@@H]1C[C@H](C)CC[C@@H]1C(C(C)[C@@H](C)Cl)[C@]12CC[C@H](CC1=O)C2(C)C,0.2970171343242537
CC(C)[C@@H]1CC[C@@H](C(O)[C@]23CC[C@H](CC2=O)C3(C)C)[C@H]([NH3+])C1,0.3121472367904246
C[C@@H]1CC[C@H]([C@]23CC[C@H](CC2=O)C3(C)Cl)[C@H](OO)C1,0.2746529504232181
CC(C)[C@@H]1CC[C@@H](C)C[C@H]1OC(Cl)C(=O)[C@]12CC[C@H](CC1=O)C2(C)C,0.3150684931506849
CC(O)[C@H]1CC[C@@H](C)C[C@H]1OO,0.2514636468219414
CC(O)[C@H](C)C(C)[C@@H]1CC[C@@H](C)C[C@H]1[C@]12CC[C@H](CC1=O)C2(C)C,0.3190781490342873
CC(C)[C@@H]1CC[C@@H](C)C[C@H]1[C@@H]1C[C@H](C)CC[C@H]1C([NH3+])[C@]12CC[C@H](CC1=O)C2(C)C,0.27058823529411763
C[C@@H]1CC[C@H](C(O)[C@]23CC[C@H](CC2=O)C3(C)O)[C@H](O)C1,0.33734564371477127
CC([C@H](O)[C@H]1CC[C@@H](C)C[C@H]1OO)[C@]12CC[C@H](CC1=O)C2(C)[C@H]1CC[C@@H](C)C[C@H]1O,0.24622962077351204
CC(C)[C@H]1CC[C@@H](C)C[C@@H]1OOC(O)[C@]12CC[C@H](CC1=O)C2(C)C,0.3332662575034293
C[C@@H](O)[C@]12CC[C@H](CC1=O)C2(C)[C@]12CC[C@H](CC1=O)C2(C)Cl,0.2330844443736116
CC(C)[C@@H]1CC[C@H](C)C[C@H]1[C@@H](O)[C@H]1CC[C@@H](C)C[C@H]1O,0.23303010600141413
CC(C(C)[C@]12CC[C@H](CC1=O)C2(C)OCl)[C@@H]1CC[C@@H](C)C[C@H]1[NH3+],0.2907009498669056
CC1(C)[C@@H]2CC[C@@]1(C(O)[C@@H]1CC[C@@H]([C@]34CC[C@H](CC3=O)C4(C)C)C[C@H]1[NH3+])C(=O)C2,0.22291128503014113
CO[C@@H]1C[C@H](C)CC[C@@H]1[NH3+],0.2286149784296063
CC(C)[C@@H]1CC[C@@H](C)C[C@H]1OC(OO)C([NH3+])[C@]12CC[C@H](CC1=O)C2(C)C,0.3111946420861996
CC(C)[C@H]1CC[C@@H](C)C[C@@H]1OOC(O)[C@]12CC[C@H](CC1=O)C2(C)O,0.3044077736591046
CO[C@@H]1C[C@H](C)CC[C@@H]1C1(C)[C@@H]2CC[C@@]1(C(O)[C@H]1CC[C@@H](C)C[C@H]1O)C(=O)C2,0.26089422557243225
CO[C@@H]1C[C@H](C)CC[C@@H]1C1(C)[C@@H]2CC[C@@]1([C@@H]1C[C@H](C)CC[C@H]1[C@@H](C)O)C(=O)C2,0.23969885347176187
CC1(Cl)[C@@H]2CC[C@@]1([NH3+])C(=O)C2,0.227866357593825
CC([C@@H](C)Cl)[C@@H]1CC[C@@H](C)C[C@H]1[C@]12CC[C@H](CC1=O)C2(C)C,0.33302703110155624
CC(C)[C@H](C)[C@@H]1CC[C@@H](C)C[C@H]1C(C)O,0.2525234958217334
CC(OCl)[C@H]1CC[C@@H](C)C[C@@H]1C(C)[C@@H](O)[C@]12CC[C@H](CC1=O)C2(C)C,0.30605393556892985
CC(O)[C@]12CC[C@H](CC1=O)C2([C@H](O)[C@H]1CC[C@@H](C)C[C@H]1OO)[C@H]1CC[C@@H](C)C[C@H]1O,0.23868706341751866
CC1(C)[C@@H]2CC[C@@]1([C@H](O)[C@H]1CC[C@@H]([NH3+])C[C@H]1O)C(=O)C2,0.3160283161288053
C[C@@H]1CC[C@H](C(O)[C@]23CC[C@H](CC2=O)C3(C)C)[C@H]([C@H]2CC[C@@H](C)C[C@H]2O)C1,0.2875
CC([C@@H](C)Cl)[C@H](O)[C@H]1CC[C@@H](C)C[C@H]1OO,0.23877454115352711
CC(O)C1(C)[C@@H]2CC[C@@]1([C@@H](C)O)C(=O)C2,0.29880715233359845
CC(C)[C@@H]1CC[C@@H](C)C[C@H]1C(=O)[C@]12CC[C@H](CC1=O)C2(C)C,0.3538461538461539
CC(C)[C@@H]1C[C@H](C)CC[C@@H]1[C@@H](O)[C@]12CC[C@H](CC1=O)C2(C)C,0.3642695536169716
CC1(C)[C@@H]2CC[C@@]1(C(O)OOOC(OO)[C@]13CC[C@H](CC1=O)C3(C)C)C(=O)C2,0.19552948669513776
CC(C)[C@@H]1CC[C@@H](C)C[C@H]1[C@H]1CC[C@@H](C)C[C@H]1OO,0.2148086454164219
C[C@@H]1CC[C@H]([C@@H](O)[C@]23CC[C@H](CC2=O)C3(C)C)[C@H]([C@]23CC[C@H](CC2=O)C3(C)Cl)C1,0.25482359571881275
C[C@@H]1CC[C@H](C(O)[C@]23CC[C@H](CC2=O)C3(C)[NH3+])[C@H](O)C1,0.33734564371477127
CC(O)C([C@H]1CC[C@@H](C)C[C@H]1O)[C@]12CC[C@H](CC1=O)C2(C)C,0.3747200827486304
CC([C@@H](C)Cl)[C@@H]1CC[C@@H](C)C[C@H]1[NH3+],0.2696799449852968
CC(C(C)[C@]12CC[C@H](CC1=O)C2(C)C)[C@H]1CC[C@@H](C)C[C@H]1O,0.38521045776846924
C[C@@H]1CC[C@@H](C([C@]23CC[C@H](CC2=O)C3(C)C)[C@]23CC[C@H](CC2=O)C3(C)C)[C@H](C)C1,0.24697203200097417
CC(C)[C@H]1CC[C@@H](C)C[C@@H]1OOC(O)OOC(O)[C@]12CC[C@H](CC1=O)C2(C)C,0.2882837105034623
CC(C)C(O)[C@]12CC[C@H](CC1=O)C2(C)C,0.3309438162646487
C[C@@H]1CC[C@H]([C@@H](O)[C@]23CC[C@H](CC2=O)C3(C)[C@H]2CC[C@@H](C)C[C@H]2O)[C@H](O)C1,0.27056276396065926
CC(C)[C@H]1CC[C@@H](C)C[C@@H]1[C@H](O)[C@H]1CC[C@@H](C)C[C@H]1O,0.23303010600141413
CC(C)[C@H](C)[C@@H]1CC[C@@H](C)C[C@H]1[C@]12CC[C@H](CC1=O)C2(C)Cl,0.303621685955757
CC1(C)[C@@H]2CC[C@@]1(C(O)[C@@H]1CC[C@@H](O)C[C@H]1[NH3+])C(=O)C2,0.29347358200103413
C[C@H]1CC[C@@H](Cl)[C@H]([C@@H](O)[C@]23CC[C@H](CC2=O)C3(C)C)C1,0.33734564371477127
CC(C(C)[C@]12CC[C@H](CC1=O)C2(C)C(C)C)[C@H]1CC[C@@H](C)C[C@@H]1[NH3+],0.2826812264708903
CC1([NH3+])[C@@H]2CC[C@@]1(Cl)C(=O)C2,0.227866357593825
C[C@@H]1CC[C@H](OO[C@@H](O)[C@]23CC[C@H](CC2=O)C3(C)C)[C@H](O)C1,0.3280553624856863
CC(O)[C@H]1CC[C@@H](C)C[C@@H]1C(C)[C@@H](O)[C@]12CC[C@H](CC1=O)C2(C)C,0.3190781490342873
C[C@@H]1CC[C@@H](C([NH3+])[C@]23CC[C@H](CC2=O)C3(C)C)[C@H]([C@@H]2CC[C@@H](C)C[C@H]2C)C1,0.25500933689722405
CC(OC(O)[C@]12CC[C@H](CC1=O)C2(C)C)[C@]12CC[C@H](CC1=O)C2(C)C,0.22849252797709918
C[C@H]1CC[C@@H](Cl)[C@H]([C@@H](O)[C@]23CC[C@H](CC2=O)C3(C)[C@]23CC[C@H](CC2=O)C3(C)C)C1,0.24697203200097417
CC(O)[C@@H]1CC[C@H](C)C[C@H]1[C@@H](O)[C@]12CC[C@H](CC1=O)C2(C)C,0.33302703110155624
CC(C(C)[C@]12CC[C@H](CC1=O)C2(C)C(C)C)[C@@H]1CC[C@@H](C)C[C@H]1[NH3+],0.2826812264708903
CC(C)[C@H]1CC[C@@H](C)C[C@@H]1[C@@H]1C[C@H](C)CC[C@@H]1C(O)[C@]12CC[C@H](CC1=O)C2(C)[NH3+],0.25482359571881275
C[C@@H]1CC[C@H](C([C@]23CC[C@H](CC2=O)C3(C)[NH3+])[C@]23CC[C@H](CC2=O)C3(C)O)[C@H](O)C1,0.2626128657194451
C[C@@H]1CC[C@@H](O)[C@H]([C@]23CC[C@H](CC2=O)C3(C)C)C1,0.3669723710436511
CC([C@H]1CC[C@@H](C)C[C@H]1O[C@@H]1CC[C@@H](C)C[C@H]1C)[C@]12CC[C@H](CC1=O)C2(C)C,0.25385787716520286
CC(O)[C@@H]1CC[C@@H](C)C[C@H]1[NH3+],0.2687739237437727
CC1(C)[C@@H]2CC[C@@]1(C([NH3+])OO[C@@H](O)[C@]13CC[C@H](CC1=O)C3(C)C)C(=O)C2,0.2100902925755561
CC(C)[C@H]1CC[C@@H](C)C[C@@H]1OOC(O)[C@H](O)[C@H]1CC[C@@H](C)C[C@H]1O,0.1986565165239611
CC(C([C@H]1CC[C@@H](C)C[C@H]1O)[C@]12CC[C@H](CC1=O)C2(C)C)[C@H]1CC[C@@H](C)C[C@H]1OO,0.27564071047016797
CC(C)[C@@H]1CC[C@@H](C)C[C@H]1[C@H](O)[C@H]1CC[C@@H](C)C[C@H]1O,0.23303010600141413
CC(C)[C@H](C)[C@@H]1CC[C@@H](C)C[C@H]1C(OO)O[C@@H]1C[C@H](C)CC[C@H]1C(C)C,0.16772557387550693
CC(O)[C@@H]1CC[C@H](C)C[C@H]1[C@@H]([C@H]1CC[C@@H](C)C[C@H]1O)[C@]12CC[C@H](CC1=O)C2(C)C,0.2854863928636116
CC(C)[C@@H](O)[C@]12CC[C@H](CC1=O)C2(C)C,0.3309438162646487
CC([C@@H](C)[C@@H]1CC[C@@H](C)C[C@H]1C)[C@@H]1CC[C@@H](C)C[C@H]1[C@]12CC[C@H](CC1=O)C2(C)C,0.2555668241824789
CC([C@H]1CC[C@@H](C)C[C@H]1OO)[C@]12CC[C@H](CC1=O)C2(C)[C@H](O)[C@H]1CC[C@@H](C)C[C@H]1O,0.2527639190496138
CC([C@]12CC[C@H](CC1=O)C2(C)C)[C@]12CC[C@H](CC1=O)C2(C)[NH3+],0.24333213169614384
C[C@@H]1CC[C@@H](C(=O)[C@]23CC[C@H](CC2=O)C3(C)C)[C@H](C)C1,0.3025595619993094
CC(C)[C@@H]1CC[C@@H](C)C[C@H]1OC(OO)[C@]12CC[C@H](CC1=O)C2(C)[NH3+],0.3044077736591046
CC(C)[C@@H]1CC[C@H](C)C[C@H]1[C@@H](O)[C@@H]1CC[C@@H](C)C[C@H]1[C@]12CC[C@H](CC1=O)C2(C)C,0.27804842090856746
CC(C)[C@@H]1CC[C@@H]([C@H]2CC[C@@H](C)C[C@H]2O)C[C@H]1C(=O)[C@]12CC[C@H](CC1=O)C2(C)C,0.30032661958503204
CC(C)[C@H]1CC[C@@H](C)C[C@@H]1[C@H](C)[C@@H]1CC[C@@H](C)C[C@H]1[C@]12CC[C@H](CC1=O)C2(C)C,0.27058823529411763
CC(O)C(Cl)[C@H]1CC[C@@H](C)C[C@H]1O,0.27735009811261463
CC(O)[C@]12CC[C@H](CC1=O)C2(C)C1(C)[C@@H]2CC[C@@]1([C@@H]1C[C@H](C)CC[C@H]1O)C(=O)C2,0.2413793103448276
CC(Cl)[C@@H]1CC[C@@H](C)C[C@H]1C(=O)[C@]12CC[C@H](CC1=O)C2(C)C,0.3226025390322359
C[C@H]1CC[C@@H]([C@]23CC[C@H](CC2=O)C3(C)[NH3+])[C@H]([C@@H](O)[C@]23CC[C@H](CC2=O)C3(C)C)C1,0.24697203200097417
CC(C)[C@H]1CC[C@@H](C)C[C@@H]1OOC(O)C(C)[C@]12CC[C@H](CC1=O)C2(C)C,0.3111946420861996
CC1(Cl)[C@@H]2CC[C@@]1(O)C(=O)C2,0.24852506087385423
CC(C)[C@@H]1CC[C@@H](C)C[C@H]1[C@@H](O)[C@]12CC[C@H](CC1=O)C2(C)C,0.3642695536169716
CC(Cl)[C@@H]1CC[C@@H](C)C[C@H]1C(=O)[C@]12CC[C@H](CC1=O)C2(C)C,0.3226025390322359
C[C@@H]1CC[C@H](C(O)[C@]23CC[C@H](CC2=O)C3(C)O)[C@H]([C@]23CC[C@H](CC2=O)C3(C)C)C1,0.25482359571881275
C[C@@H]1CC[C@@H]([C@]23CC[C@H](CC2=O)C3(C)C)[C@H](C)C1,0.32850858217564094
C[C@@H]1CC[C@@H](C([C@@H]2CC[C@@H](C)C[C@H]2C)[C@]23CC[C@H](CC2=O)C3(C)C)[C@H](C)C1,0.25500933689722405
CC(C(C)[C@]12CC[C@H](CC1=O)C2(C)[NH3+])[C@H]1CC[C@@H](C)C[C@H]1O,0.3511974636070465
CC(C)[C@@H]1CC[C@@H]([C@H]2CC[C@@H](C)C[C@H]2O)C[C@H]1[C@@H](O)[C@]12CC[C@H](CC1=O)C2(C)C,0.30032661958503204
CC(C)[C@@H]1CC[C@H](C)C[C@H]1[C@@H](O)Cl,0.29918303680270625
CC1(C)[C@@H]2CC[C@@]1(C(O)[C@]13CC[C@H](CC1=O)C3(C)C)C(=O)C2,0.24333213169614384
CC(Cl)C(C)[C@H]1CC[C@@H](C)C[C@H]1O,0.3197050237504913
C[C@@H]1CC[C@@H](C(=O)[C@]23CC[C@H](CC2=O)C3(C)C)[C@H]([C@]23CC[C@H](CC2=O)C3(C)C)C1,0.22291128503014113
C[C@@H]1CC[C@@H]([C@@H](C)O)[C@H]([C@]23CC[C@H](CC2=O)C3(C)C)C1,0.360331388692991
CC(C)[C@@H]1CC[C@@H](C)C[C@H]1OC(C)[C@]12CC[C@H](CC1=O)C2(C)C,0.33823529411764713
CC(C)[C@H]1CC[C@@H](C)C[C@@H]1[C@@H]1CC[C@H](C)C[C@H]1[C@@H](O)[C@]12CC[C@H](CC1=O)C2(C)C,0.27804842090856746
CC([C@H]1CC[C@@H](C)C[C@H]1O)[C@@H]1CC[C@@H](C)C[C@H]1OC(C)[C@]12CC[C@H](CC1=O)C2(C)C,0.2827481636795739
C[C@@H]1CC[C@@H](O)[C@H](C(=O)[C@]23CC[C@H](CC2=O)C3(C)C)C1,0.33734564371477127
CC([C@H]1CC[C@@H]([C@]23CC[C@H](CC2=O)C3(C)[NH3+])C[C@H]1OO)[C@]12CC[C@H](CC1=O)C2(C)C,0.22336057987635138
CC(C)[C@@H]1CC[C@@H](C)C[C@H]1OC(Cl)C1(C)[C@@H]2CC[C@@]1([C@@H](C)O)C(=O)C2,0.2961744388795462
CC(C)[C@H]1CC[C@@H](C)C[C@@H]1OOC(O)[C@@H]1C[C@H](C)CC[C@H]1C(C)[C@@H](C)Cl,0.16772557387550693
C[C@@H]1CC[C@@H]([C@@H](C)O)[C@H]([C@@H]2CC[C@@H](C)C[C@H]2[C@@H](O)[C@]23CC[C@H](CC2=O)C3(C)C)C1,0.2555668241824789
C[C@H]1CC[C@@H]([NH3+])[C@H](C(=O)[C@]23CC[C@H](CC2=O)C3(C)C)C1,0.3025595619993094
C[C@@H]1CC[C@@H](C(O)[C@]23CC[C@H](CC2=O)C3(C)[C@H](O)[C@H]2CC[C@@H](C)C[C@H]2O)[C@H]([NH3+])C1,0.25482359571881275
CC(C)[C@@H]1C[C@H]([NH3+])CC[C@@H]1[C@@H](O)[C@]12CC[C@H](CC1=O)C2(C)C,0.3226025390322359
CC(O)C([C@H]1CC[C@@H](C)C[C@H]1O)[C@@H]1C[C@H](C)CC[C@H]1C(C)[C@@H](C)Cl,0.1911106120099746
CC(C1(C)[C@@H]2CC[C@@]1([C@@H]1C[C@H](C)CC[C@H]1O)C(=O)C2)[C@]12CC[C@H](CC1=O)C2(C)C,0.2626128657194451
C[C@@H]1CC[C@@H]([C@]23CC[C@H](CC2=O)C3(C)[NH3+])[C@H]([C@@H](O)[C@]23CC[C@H](CC2=O)C3(C)C)C1,0.24697203200097417
C[C@@H]1CC[C@@H](C(C(O)[C@H]2CC[C@@H](C)C[C@H]2O)[C@]23CC[C@H](CC2=O)C3(C)C)[C@H]([NH3+])C1,0.27804842090856746
CC(OC1(C)[C@@H]2CC[C@@]1([C@@H]1C[C@H](C)CC[C@H]1O)C(=O)C2)[C@]12CC[C@H](CC1=O)C2(C)C,0.2537081317024625
CC(O)[C@@H]1CC[C@@H](C)C[C@H]1[C@@H]1CC[C@H](C)C[C@H]1C(=O)[C@]12CC[C@H](CC1=O)C2(C)C,0.2555668241824789
CC(C)[C@@H]1CC[C@@H](C)C[C@H]1OC(OO)[C@H]1CC[C@@H](C)C[C@H]1OO,0.18333969940564226
CC([C@H]1CC[C@@H](C)C[C@H]1O[C@]12CC[C@H](CC1=O)C2(C)C)[C@]12CC[C@H](CC1=O)C2(C)C,0.24622962077351204
C[C@@H]1CC[C@@H](C2(C)[C@@H]3CC[C@@]2([C@@H]2C[C@H](C)CC[C@H]2O)C(=O)C3)[C@H](C)C1,0.2483310079639488
CC(C)[C@@H]1CC[C@@H](C)C[C@H]1[C@@H]1C[C@H](C)CC[C@@H]1C(O)[C@]12CC[C@H](CC1=O)C2(C)C,0.27804842090856746
CC(C)[C@@H]1CC[C@@H](C)C[C@H]1[C@]12CC[C@H](CC1=O)C2(C)[NH3+],0.34884541231485566
CC(C(C)[C@]12CC[C@H](CC1=O)C2(C)[NH3+])[C@H]1CC[C@@H](C)C[C@H]1C,0.303621685955757
CC(C)[C@@H]1CC[C@@H]([C@@H]2CC[C@@H](C)C[C@H]2C)C[C@H]1[C@]12CC[C@H](CC1=O)C2(C)[NH3+],0.263205449095825
CC(C)[C@@H]1CC[C@@H](C)C[C@H]1OC(Cl)[C@H]1CC[C@@H](C)C[C@H]1O,0.2225167514730486
CC(C)[C@H]1CC[C@@H](C)C[C@@H]1C(O)[C@H]1CC[C@@H](C)C[C@H]1O,0.23303010600141413
CC([C@@H](C)[C@@H]1CC[C@@H](C)C[C@H]1C)[C@@H]1CC[C@@H](C)C[C@H]1[C@]12CC[C@H](CC1=O)C2(C)C,0.2555668241824789
C[C@@H]1CC[C@H]([C@@H]2CC[C@@H](C([NH3+])[C@]34CC[C@H](CC3=O)C4(C)C)[C@H]([NH3+])C2)[C@H](OO)C1,0.25385787716520286
CC(C)[C@@H]1CC[C@@H](C)C[C@H]1OC(Cl)C(OO)O[C@@H]1C[C@H](C)CC[C@H]1C(C)C,0.16182267881254697
CC(C)[C@@H]1CC[C@@H](C)C[C@H]1[C@]12CC[C@H](CC1=O)C2(C)C,0.38333333333333336
C[C@@H]1CC[C@H]([C@@H](O)[C@]23CC[C@H](CC2=O)C3(C)C)[C@H](O)C1,0.39488251846572103
CC(C)[C@@H]1CC[C@@H](C)C[C@H]1[C@H]1CC[C@@H](C)C[C@H]1O,0.24597601850723635
CC(C)[C@@H]1C[C@H](C)CC[C@@H]1[C@@H](O)[C@]12CC[C@H](CC1=O)C2(C)C,0.3642695536169716
CC([C@@H]1CC[C@@H](C)C[C@H]1[C@]12CC[C@H](CC1=O)C2(C)C)[C@]12CC[C@H](CC1=O)C2(C)C,0.25482359571881275
CC(C)C(C)[C@@H]1CC[C@@H](C)C[C@H]1OC(OO)[C@]12CC[C@H](CC1=O)C2(C)C,0.2940512972485138
CC(C)[C@@H]1CC[C@@H](C)C[C@H]1[NH3+],0.32425739335111103
CC(C)[C@@H]1C[C@H](C)CC[C@@H]1C(C)[C@]12CC[C@H](CC1=O)C2(C)C,0.3538461538461539
CC(C(C)[C@]12CC[C@H](CC1=O)C2(C)[NH3+])[C@H]1CC[C@@H](C)C[C@H]1O,0.3511974636070465
COC(OO)[C@]12CC[C@H](CC1=O)C2(C)C,0.29111125486979095
CC1(C)[C@@H]2CC[C@@]1([C@H](O)OO[C@]13CC[C@H](CC1=O)C3(C)Cl)C(=O)C2,0.22399601788396722
CC(C)[C@H]1CC[C@@H](C)C[C@@H]1[C@@H](O)[C@]12CC[C@H](CC1=O)C2(C)C,0.3642695536169716
C[C@@H]1CC[C@H]([C@@H](O)C([C@H]2CC[C@@H](C)C[C@H]2O)[C@]23CC[C@H](CC2=O)C3(C)O)[C@H](O)C1,0.25482359571881275
C[C@@H]1CC[C@@H](C([C@]23CC[C@H](CC2=O)C3(C)C)[C@]23CC[C@H](CC2=O)C3(C)[NH3+])[C@H](C)C1,0.24697203200097417
C[C@@H]1CC[C@H](C(O)[C@]23CC[C@H](CC2=O)C3(C)[C@H]2CC[C@@H](C)C[C@H]2OO)[C@H](O)C1,0.26089422557243225
CC(C)[C@@H]1CC[C@@H]([NH3+])C[C@H]1[C@@H](O)[C@]12CC[C@H](CC1=O)C2(C)C,0.3226025390322359
C[C@@H]1CC[C@@H](OOC(O)[C@]23CC[C@H](CC2=O)C3(C)C)[C@H](C)C1,0.29723437124071467
CC(C)C([C@H]1CC[C@@H](C)C[C@H]1C(C)C)[C@]12CC[C@H](CC1=O)C2(C)C,0.32857142857142857
C[C@@H]1CC[C@H](C(O)[C@H]2CC[C@@H](C)C[C@H]2O)[C@H](O)C1,0.20304973120363737
CC(C)[C@@H](O)[C@]12CC[C@H](CC1=O)C2(C)C,0.3309438162646487
CC([C@@H]1CC[C@@H](C)C[C@H]1O)[C@]12CC[C@H](CC1=O)C2(C)C,0.40648479068406884
C[C@@H]1CC[C@H]([C@@H]2CC[C@@H](C)C[C@H]2OC(Cl)[C@]23CC[C@H](CC2=O)C3(C)C)[C@H](OO)C1,0.23000127778842602
C[C@@H]1CC[C@@H]([C@@H](C)O)[C@H]([C@@H]2CC[C@@H](C)C[C@H]2C)C1,0.2051956704170308
CC1(Cl)[C@@H]2CC[C@@]1(O)C(=O)C2,0.24852506087385423
C[C@@H]1CC[C@@H](C([C@H]2CC[C@@H](C)C[C@H]2OO)[C@]23CC[C@H](CC2=O)C3(C)C)[C@H](C)C1,0.25385787716520286
CC(O)[C@]12CC[C@H](CC1=O)C2(C)[C@]12CC[C@H](CC1=O)C2(C)[NH3+],0.2330844443736116
CC(C)[C@@H]1CC[C@@H](C)C[C@H]1[NH3+],0.32425739335111103
CC(C)[C@@H]1CC[C@@H](C)C[C@H]1[C@]12CC[C@H](CC1=O)C2(C)[C@H]1CC[C@@H](C)C[C@H]1C(C)C,0.24798654439950676
C[C@@H]1CC[C@H]([C@@H](O)[C@]23CC[C@H](CC2=O)C3(C)[NH3+])[C@H](O)C1,0.33734564371477127
CC(C)[C@H]1CC[C@@H](C)C[C@@H]1C([C@@H]1CC[C@@H](C)C[C@H]1O)[C@]12CC[C@H](CC1=O)C2(C)C,0.30774320845949005
C[C@H]1CC[C@@H]([NH3+])[C@H](C(=O)[C@]23CC[C@H](CC2=O)C3(C)C)C1,0.3025595619993094
C[C@@H]1CC[C@H](C(O)[C@@H]2C[C@H](C)CC[C@H]2[C@@H](C)O)[C@H](O)C1,0.214422506967559
CC(C)[C@@H]1CC[C@H](C)C[C@H]1C(=O)[C@]12CC[C@H](CC1=O)C2(C)C,0.3538461538461539
CC1(C)[C@@H]2CC[C@@]1(C(=O)[C@@H]1C[C@H]([C@]34CC[C@H](CC3=O)C4(C)C)CC[C@H]1O)C(=O)C2,0.2146693953705459
C[C@@H]1CC[C@@H](C2(C)[C@@H]3CC[C@@]2([C@@H]2C[C@H](C)CC[C@H]2[C@@H](C)O)C(=O)C3)[C@H](C)C1,0.24841548996947324
CC(C)[C@@H]1CC[C@@H](C)C[C@H]1[C@@H]1C[C@H](C)CC[C@@H]1[C@@H](O)[C@]12CC[C@H](CC1=O)C2(C)[NH3+],0.25482359571881275
CC(C)[C@@H]1CC[C@H](C)C[C@H]1[C@@H](O)C(=O)[C@@H]1C[C@@H](C)CC[C@H]1C(C)C,0.19304683562633604
CC(O)[C@]12CC[C@H](CC1=O)C2([C@@H]1C[C@H](C)CC[C@H]1[C@@H](C)O)[C@H]1CC[C@@H](C)C[C@H]1O,0.25357869080414563
CC(C)[C@H]1CC[C@@H]([C@H]2CC[C@@H](C)C[C@H]2OO)C[C@@H]1[C@@H](O)[C@]12CC[C@H](CC1=O)C2(C)C,0.26851501537087985
CC(C)[C@@H]1CC[C@@H](C)C[C@H]1C(=O)[C@]12CC[C@H](CC1=O)C2(C)[C@H]1CC[C@@H](C)C[C@H]1OO,0.24622962077351204
CC(C)[C@@H]1C[C@H](C)CC[C@@H]1C(C)[C@]12CC[C@H](CC1=O)C2(C)C(C)C,0.3000326140132507
C[C@@H]1CC[C@@H](O)[C@H]([C@]23CC[C@H](CC2=O)C3(C)[C@H]2CC[C@@H](C)C[C@H]2OO)C1,0.2391896386299862
CC(C)[C@@H]1CC[C@@H](O)C[C@H]1OC(C)[C@]12CC[C@H](CC1=O)C2(C)C,0.31854448391911316
C[C@@H]1CC[C@@H](C(O)[C@]23CC[C@H](CC2=O)C3(C)C)[C@H]([NH3+])C1,0.34884541231485566
CC(C)[C@@H]1CC[C@@H]([NH3+])C[C@H]1[C@]12CC[C@H](CC1=O)C2(C)C,0.33734564371477127
CC(C)[C@@H]1CC[C@@H]([C@@H]2C[C@H](C)CC[C@H]2[C@@H](C)O)C[C@H]1[C@]12CC[C@H](CC1=O)C2(C)[NH3+],0.25482359571881275
CC(C)[C@@H]1C[C@H](C)CC[C@@H]1C([C@H]1CC[C@@H](C)C[C@H]1O)[C@]12CC[C@H](CC1=O)C2(C)O,0.28203803740888306
C[C@@H]1CC[C@@H](O)[C@H](C(=O)[C@]23CC[C@H](CC2=O)C3(C)[C@]23CC[C@H](CC2=O)C3(C)[NH3+])C1,0.22700311576715615
CC([C@H]1CC[C@@H](C)C[C@H]1O)[C@@H]1CC[C@H](C)C[C@H]1C(=O)[C@]12CC[C@H](CC1=O)C2(C)C,0.2854863928636116
CC(C)[C@@H]1C[C@H](C)CC[C@@H]1[C@@H]1CC[C@@H](C(C)C)[C@H]([C@]23CC[C@H](CC2=O)C3(C)C)C1,0.27058823529411763
C[C@@H]1CC[C@H](C(O)[C@]23CC[C@H](CC2=O)C3(C)[NH3+])[C@H]([C@H]2CC[C@@H](C)C[C@H]2OO)C1,0.23255813953488372
CC([C@H]1CC[C@@H](C)C[C@H]1O[C@]12CC[C@H](CC1=O)C2(C)C)[C@]12CC[C@H](CC1=O)C2(C)C,0.24622962077351204
C[C@@H]1CC[C@@H](C2([NH3+])[C@@H]3CC[C@@]2(C(O)[C@H]2CC[C@@H](C)C[C@H]2O)C(=O)C3)[C@H](C)C1,0.2621375479257974
C[C@@H]1CC[C@H](C(O)[C@]23CC[C@H](CC2=O)C3(C)C)[C@H]([C@]23CC[C@H](CC2=O)C3(C)Cl)C1,0.25482359571881275
CC([C@H]1CC[C@@H](C)C[C@H]1O)[C@@H]1CC[C@@H](C)C[C@H]1C(=O)[C@]12CC[C@H](CC1=O)C2(C)C,0.2854863928636116
C[C@@H]1CC[C@@H]([C@H]2CC[C@@H](C)C[C@H]2O)[C@H]([C@@H](O)[C@]23CC[C@H](CC2=O)C3(C)C)C1,0.27943947422131765
CC(C)[C@@H]1C[C@H](C)CC[C@H]1C(O)[C@]12CC[C@H](CC1=O)C2(C)C,0.3642695536169716
CC(C)[C@@H]1CC[C@@H]([C@H]2CC[C@@H](C)C[C@H]2O)C[C@H]1OC(C)[C@]12CC[C@H](CC1=O)C2(C)C,0.28984433798116577
C[C@@H]1CC[C@@H](C2(C)[C@@H]3CC[C@@]2([C@@H]2C[C@H](C)CC[C@H]2O)C(=O)C3)[C@H]([NH3+])C1,0.2483310079639488
CC(C)[C@H]1CC[C@@H](C)C[C@@H]1C(C)[C@@H](O)[C@]12CC[C@H](CC1=O)C2(C)O,0.3086985881798822
CC(C)C(C)[C@@H]1CC[C@@H](C)C[C@H]1C(=O)[C@]12CC[C@H](CC1=O)C2(C)C,0.30956959368344517
CC(C)[C@@H]1C[C@H](C)CC[C@@H]1[C@@H](O)[C@]12CC[C@H](CC1=O)C2(C)C,0.3642695536169716
C[C@@H]1CC[C@H](C(O)[C@]23CC[C@H](CC2=O)C3(C)[C@H]2CC[C@@H](C)C[C@H]2O)[C@H](O)C1,0.27056276396065926
C[C@@H]1CC[C@@H]([C@@H](C)O)[C@H]([C@@H]2CC[C@@H](C(O)[C@]34CC[C@H](CC3=O)C4(C)C)[C@H]([NH3+])C2)C1,0.2555668241824789
CC(C(O)[C@]12CC[C@H](CC1=O)C2(C)C)[C@H]1CC[C@@H](C)C[C@H]1O,0.3747200827486304
CC(C)[C@@H]1CC[C@@H](C)C[C@H]1OC([C@@H]1CC[C@@H](C)C[C@H]1C)[C@]12CC[C@H](CC1=O)C2(C)C,0.26136363636363635
CC([C@H]1CC[C@@H](C)C[C@H]1Cl)[C@]12CC[C@H](CC1=O)C2(C)[NH3+],0.31746031746031744
CC(C)[C@@H]1CC[C@@H](C)C[C@H]1C([C@@H]1CC[C@@H](C)C[C@H]1[NH3+])[C@]12CC[C@H](CC1=O)C2(C)C,0.27058823529411763
CC1(C)[C@@H]2CC[C@@]1(C([NH3+])[C@@H]1CC[C@@H](O)C[C@H]1[NH3+])C(=O)C2,0.29347358200103413
CC(C)[C@@H]1C[C@H](C)CC[C@H]1[C@@H]1CC[C@@H](C)C[C@H]1[C@]12CC[C@H](CC1=O)C2(C)C,0.27943947422131765
C[C@@H]1CC[C@H]([C@H](C)O)[C@H](O)C1,0.31126486012524596
CC(C)[C@@H]1CC[C@@H](C)C[C@H]1OC([C@@H]1CC[C@@H](C)C[C@H]1[NH3+])[C@]12CC[C@H](CC1=O)C2(C)C,0.26136363636363635
CC(C)[C@@H]1CC[C@@H](C)C[C@H]1[C@@H]1CC[C@@H](O)[C@H](C(=O)[C@]23CC[C@H](CC2=O)C3(C)C)C1,0.2929100027779918
CC(OC1(C)[C@@H]2CC[C@@]1(C(C)O)C(=O)C2)[C@]12CC[C@H](CC1=O)C2(C)C,0.23855936180684892
C[C@@H](O)[C@]12CC[C@H](CC1=O)C2(C)[C@]12CC[C@H](CC1=O)C2(C)[NH3+],0.2330844443736116
CC(C)[C@@H]1CC[C@@H](C)C[C@H]1C1(C)[C@@H]2CC[C@@]1([C@@H]1C[C@H](C)CC[C@H]1[C@@H](C)O)C(=O)C2,0.25482359571881275
CC([C@H]1CC[C@@H]([C@@H]2C[C@H](C)CC[C@H]2[C@@H](C)O)C[C@H]1OO)[C@]12CC[C@H](CC1=O)C2(C)C,0.25417856237895775
CC(C)C(=O)[C@@H]1C[C@@H](C)CC[C@H]1C(C)C,0.27922410657913344
C[C@@H]1CC[C@H](C(O)[C@]23CC[C@H](CC2=O)C3(C)O)[C@H](O)C1,0.33734564371477127
C[C@@H]1CC[C@@H](C([C@H]2CC[C@@H](C)C[C@H]2OO)[C@]23CC[C@H](CC2=O)C3(C)C)[C@H]([NH3+])C1,0.25385787716520286
CC(C)[C@@H]1C[C@H](C)CC[C@H]1C(O)C(=O)[C@]12CC[C@H](CC1=O)C2(C)C,0.3380617018914066
CC1(C)[C@@H]2CC[C@@]1(C(=O)C(O)[C@@H](O)[C@]13CC[C@H](CC1=O)C3(C)C)C(=O)C2,0.21273118455568252
CC1(C)[C@@H]2CC[C@@]1(C)C(=O)C2,0.4
C[C@H]1CC[C@@H]([C@]23CC[C@H](CC2=O)C3(C)Cl)[C@H](C(=O)[C@]23CC[C@H](CC2=O)C3(C)C)C1,0.22291128503014113
CC([C@@H]1CC[C@@H](C)C[C@H]1[C@]12CC[C@H](CC1=O)C2(C)C)[C@]12CC[C@H](CC1=O)C2(C)C,0.25482359571881275
C[C@@H]1CC[C@@H]([C@@H](C)O)[C@H]([C@]23CC[C@H](CC2=O)C3(C)C2(C)[C@@H]3CC[C@@]2(C)C(=O)C3)C1,0.26963792676410875
C[C@@H]1CC[C@@H]([C@]23CC[C@H](CC2=O)C3(C)Cl)[C@H]([NH3+])C1,0.27690203627219295
CC(C)[C@@H]1CC[C@@H](C)C[C@H]1OC(Cl)C1(C)[C@@H]2CC[C@@]1(C)C(=O)C2,0.3480788866416984
C[C@@H]1CC[C@@H](C([C@@H]2C[C@H](C)CC[C@H]2[C@@H](C)O)[C@]23CC[C@H](CC2=O)C3(C)C)[C@H]([NH3+])C1,0.2555668241824789
CC1(C)[C@@H]2CC[C@@]1(C([NH3+])=O)C(=O)C2,0.25898488514140616
CC([C@H]1CC[C@@H]([C@]23CC[C@H](CC2=O)C3(C)Cl)C[C@H]1OO)[C@]12CC[C@H](CC1=O)C2(C)C,0.22336057987635138
CC(C)[C@@H]1CC[C@@H](C)C[C@H]1OC([NH3+])Cl,0.2716193383319644
CC(C)[C@@H]1C[C@H](C)CC[C@H]1C(O)[C@]12CC[C@H](CC1=O)C2(C)[C@@H]1CC[C@@H](C)C[C@H]1[NH3+],0.25482359571881275
CC(O)[C@@H]1CC[C@H](C)C[C@H]1C(=O)[C@]12CC[C@H](CC1=O)C2(C)C,0.33302703110155624
C[C@@H]1CC[C@@H]([C@@H](C)O)[C@H]([C@]23CC[C@H](CC2=O)C3(C)C)C1,0.360331388692991
CC(C)[C@@H]1C[C@H](C)CC[C@@H]1C,0.3126943839882287
CC(C)[C@@H]1CC[C@@H](C)C[C@H]1[C@@H]1CC[C@@H](C(C)C)[C@H]([C@]23CC[C@H](CC2=O)C3(C)C)C1,0.27058823529411763
CC(C)[C@@H]1CC[C@@H](C)C[C@H]1C1(C)[C@@H]2CC[C@@]1(C(C)[C@H]1CC[C@@H](C)C[C@H]1OO)C(=O)C2,0.24622962077351204
C[C@@H]1CC[C@H]([C@@H](O)[C@]23CC[C@H](CC2=O)C3(C)C)[C@H]([C@]23CC[C@H](CC2=O)C3(C)C)C1,0.25482359571881275
CC(C)[C@@H]1CC[C@@H](C)C[C@H]1OC(C)[C@]12CC[C@H](CC1=O)C2(C)[C@H]1CC[C@@H](C)C[C@H]1O,0.26578871697687523
CC12CCC(CC1=O)C2(C)C,0.4
CC(C)C1CCCCC1C(O)C12CCC(CC1=O)C2(C)C,0.31086758509401535
CC1CCC(C(O)C23CCC(CC2=O)C3(C)C)C(C(=O)O)C1,0.3226025390322359
CCC1CCC(C)CC1C1CCC(C(C)C)C(C=O)C1,0.212710840436834
CC1CCC(C2(C)C3CCC2(C)C(=O)C3)C(C(O)C23CCC(CC2=O)C3(C)C)C1,0.2667602831928669
CC1CCC(O)C(C23CCC(CC2=O)C3(C)C2CCCC(O)C2)C1,0.23862744381788312
C=CCC12CCC(CC1=O)C2(C)C,0.2536286367508941
CC1CCC(C(C2CC2)C23CCC(CC2=O)C3(C)C)C(O)C1,0.3587078597847122
CC(C)CCC12CCC(CC1=O)C2(C)C12CCC(CC1=O)C2(C)C,0.2345771835163323
CC1CCC(C(O)C23CCC(CC2=O)C3(C)C2CCC(C)CC2C(C)C)C(O)C1,0.28203803740888306
CC1CCC(C(C)C)C(C2CCC(C(C)C)CC2)C1,0.2084651606220999
CC1CCC(O)C(C23CCC(CC2=O)C3C2CCCCC2)C1,0.19313098679153412
CCC1CCC(C)CC1C(C(C)C1CCC(C)CC1O)C12CCC(CC1=O)C2(C)C,0.27564071047016797
CC1CCC(C(C)O)C(C2(C)C3CCC2C(=O)C3)C1,0.28203803740888306
CC1CCC(C(=O)C23CCC(CC2=O)C3(C)C)C(C)C1,0.3025595619993094
CC1CCC(C(C)C)C(C(=O)C2(C)C3CCC2(CO)C(=O)C3)C1,0.3176537911767786
CC(O)C12CCC(CC1=O)C2(C)C1CCCC1,0.24999999999999997
CC(C1CCC(C2CCC(OC(=O)O)CC2)CC1OO)C12CCC(CC1=O)C2(C)C,0.21504610098072835
COC1(C)C2CCC1(C(O)C1CCC(C3(C)C4CCC3(C=O)C(=O)C4)CC1)C(=O)C2,0.17407765595569788
CC1CCC(C(C)C)C(C(=O)C23CCC(CC2=O)C3(C)C)C1,0.3538461538461539
CC(C)C1CCC(C2(C)C3CCC2C(=O)C3)CC1C12CCC(CC1=O)C2(C)[NH3+],0.23228296376090454
CC1CCC(C(O)C(O)C23CCC(CC2=O)C3(C)C)C(C(C)CC(=O)O)C1,0.27821546713625783
CC1CCC(C(O)C23CCC(CC2=O)C3C)C([NH3+])C1,0.2530507170168929
CC1CCC(C(=O)C2CCC(OC(C)C)CC2)CC1,0.17956744655116705
CC1CCC2C(C1)C(C)C13CCC(CC1=O)C3(C)C2C,0.2711630722733202
CCC(Cl)OC1CC(C)CCC1C(C)C,0.25607375986579195
CCC1CCC(C)CC1C12CCC(CC1=O)C2(C)C,0.31243036359401866
CC1CCC(C(C)C(O)C23CCC(CC2=O)C3C)C(O)C1,0.29425343545343474
CC(=O)C12CCC(CC1=O)C2(C)C,0.28919952219248846
CC1C2CCC1(C1CC3CCC1C([NH3+])C3)C(=O)C2,0.17587579437349132
CC1CCC(C(C)C)C(C2CCC(C(C)C)CC2)C1,0.2084651606220999
CC(C1CCC(C(C)C23CCC(CC2=O)C3(C)C)C([NH3+])C1)C(C)C1CCCCC1O,0.2396717702245249
COC1CC(C)CCC1C1(C)C2CCC1(C)C(=O)C2,0.3219374546342135
CCC(O)C12CCC(CC1=O)C2(C)C(=O)C1CCCCC1C(C)C,0.253004703120028
CC(C)C1CC2CCC1C(O)C13CCC(CC1=O)C3(C)C2,0.29850746268656714
CCC1CC(CC23CCC(CC2=O)C3(C)C2(C)C3CCC2(CC)C(=O)C3)CCC1C,0.17407765595569788
CC1CCC(C2CCC(C(C)C)C(C34CCC(CC3=O)C4(C)C)C2)C(C)C1,0.2875
COC(C(C)C(C)C1CCC(C)CC1)C12CCC(CC1=O)C2(C)C,0.2674322891247579
CC1CCC(C(O)CC2CCC(C)CC2C23CCC(CC2=O)C3(C)C)C(C(C)C)C1,0.26851501537087985
CC(CO)CC1CCC(C2CCC(C(C)C)C(C=O)C2)CC1O,0.18460545451911758
CC12CCC(CC1=O)C2(C)C(Cl)OC1(C2CCCC2)C2CCC1(C)C(=O)C2,0.20316700012418512
CC1CCC(C(C)C)C(C2CCC(C(C)C)C(C34CCC(CC3=O)C4(C)C)C2)C1,0.27058823529411763
COC(C)C1CCC(C2(C)C3CCC2C(=O)C3)CC1CO,0.22493385271060937
CC(C)C1CC(C(=O)O)CCC1CC12CCC(CC1=O)C2(C)C,0.2987583236459069
CC1CCC(C(C)C)C(CC2CCC(C)CC2C(C)C)C1,0.19350461866332141
CC1CCC(C(C)C)C(C(O)C23CCC(CC2=O)C3(C)C)C1,0.3642695536169716
CC1CCC(C(C)CC(=O)C23CCC(CC2=O)C3(C)C)C(O)C1,0.3579377454111509
CC1CCC(C(C)C)C(C(O)C2CC2)C1,0.2644718419629145
CC1CCC(C2(C)C3CCC2(C2CC(C)CCC2C(C)C)C(=O)C3)C(C)C1,0.263205449095825
CC1CCC(C(O)C23CCC(CC2=O)C3C)C([NH3+])C1,0.2530507170168929
CCC12CCC(CC1=O)C21CC1,0.20118695404073914
CC(CC12CCC(CC1=O)C2(C)[NH3+])C1CCC(O)CC1O,0.2835820895522388
CC(=O)C12CCC(CC1=O)C2(C)C,0.28919952219248846
CC12CCC(CC1=O)C2(C)[NH3+],0.3003266195850321
CC1CCC(C(O)C2CCC(C(C)C)CC2)C(C(C)C)C1,0.19925419255468713
CC1CCCC(C(O)C2CCC(C)CC2C(C)C)C1,0.2148086454164219
CC1(C)C2CCC1(CO)C(=O)C2,0.29180054291531066
CC12CCC(CC1=O)C2(C)C(O)C12CCC(CC1=O)C2(C)C1CC1,0.24114298118956423
C[C@@H]1CC[C@H](C(O)[C@]23CC[C@H](CC2=O)C3(C)C)[C@H]([C@H]2CC[C@@H](C)C[C@H]2O)C1,0.2875
CC1CCC(CO)C([NH3+])C1,0.2095290887308735
CC1CCC(OC2(C=O)C3CCC2(N(C)C)C(=O)C3)C(Cl)C1,0.24390816660737108
CC1CCC(C(C)C(C)C(C2CC2)C23CCC(CC2=O)C3(C)C)C(O)C1,0.3283086806072547
COC1CCC(C)CC1C1CCC(CO)C(O)C1,0.16937687147353953
CC(=O)C1CC(C)CCC1C(C)C,0.30956959368344517
CC1CCC(C2CCC(CC34CCC(CC3=O)C4(C)C)C([NH3+])C2)C(C(C)C)C1,0.269399365921954
CC1CCCC(C(=O)C23CCC(CC2=O)C3(C)C)C1,0.3002089136743441
CC1CCC(C(C)C)C(C(O)C23CCC(CC2=O)C3(C)O)C1,0.33210558207753577
CC1CCC(C2CC(C)CCC2C(C)O)C(OCC23CCC(CC2=O)C3(C)C)C1,0.25262888406819023
CC1CCC(C(C)O)C(C(C)C)C1,0.29918303680270625
CC1CCC(C)C(C(C)C)C1,0.3126943839882287
CC1C(=O)C23CCC(CC2=O)C3(C)C2CC1C2,0.2414844345767593
CC1CCCC(C(=O)C2(C)C3CCC2(C(C2CC2)C2CCC(C)CC2O)C(=O)C3)C1,0.243492376778837
CC1CCC(OC23CCC(CC2=O)C3(C)c2ccccc2)C(O)C1,0.2435897435897436
CC1CCC(C2CC(C)CCC2C(C)O)C([NH3+])C1,0.2051956704170308
CC1CCC(C(C)C(O)C23CCC(CC2=O)C3(C)C2(C)C3CCC2C(=O)C3)C(O)C1,0.2604408903462379
CC1CCC(c2ccc(O)cc2)C(C(=O)C23CCC(CC2=O)C3(C)C)C1,0.24428760647326075
CC(O)C(C1CCC(C2(C)C3CCC2C(=O)C3)CC1O)C12CCC(CC1=O)C2(C)C,0.24622962077351204
CC1CCC(C2(C)C3CCC2(CO)C(=O)C3)C(C(=O)C23CCC(CC2=O)C3(C)C)C1,0.22336057987635138
CC1CCC2C(C)CC34CCC(CC3=O)C4(C)c3ccc(cc3)C2C1,0.21821789023599236
CC1(C)C2CCC1(C(O)Cl)C(=O)C2,0.2990499863048703
CC1CCC(C(C)C2CC2)C(C(=O)C(C)C2CCCCC2O)C1,0.19562906220380064
CC1(C)C2CCC1(C=O)C(=O)C2,0.2704152481975448
CC1CCC(C(O)C23CCC(CC2=O)C3(C)C)C(CC(C)C2CCCCC2O)C1,0.26744186046511625
CCC1CCC(C(O)C(=O)C2CC(C)CCC2C(C)C)C(C(C)C)C1,0.1856953381770519
CC1CCCC(C23CCC(CC2=O)C3(C)C)C1,0.3266680764449823
CCC(C)CCC1CCCC(C)CC1,0.19425717247145285
CC1CCC(O)C(OC2CCC(C)CC2C2(C)C3CCC2(CC=O)C(=O)C3)C1,0.222787508115255
CCC1CCC2CC1OC1N(C3(C)C4CCC23C(=O)C4)C2(C)C3CCC12C(=O)C3,0.16817499303650435
CC1CCC(C(=O)C(=O)C23CCC(CC2=O)C3(C)C)C(C(C)C)C1,0.3190781490342873
CCC12CCC(CC1=O)C2(C=O)CC,0.20701966780270625
CC1CCC(C(O)C23CCC(CC2=O)C3(C)C)C([NH3+])C1,0.34884541231485566
COC(O)C12CCC(CC1=O)C2(C)C,0.3090549306613841
CC1CCC(C2CCCCC2C(C)C)C(OC2CCOCC2)C1,0.16646973091707837
CC1CCC(C(O)C2CCC2)C(C(=O)C2CCCCC2C(C)C)C1,0.1880825375821329
CC1CCC(C(=O)C23CCC(CC2=O)C3(C)C)C(C(C)C)C1,0.34343662872314296
CC1(C)C2CCC1(C(=O)OO)C(=O)C2,0.2626128657194451
CCC1(C)C2CCC1C(=O)C2,0.23664319132398462
CC1CCC(C(C)C(C)C23CCC(CC2=O)C3(C)[NH3+])CC1,0.2732391624145982
CC1CCC(C(CO)C23CCC(CC2=O)C3(C)C)C([NH3+])C1,0.33261105007216857
CC(c1ccc(C2(C)C3CCC2(CC=O)C(=O)C3)o1)C12CCC(CC1=O)C2(C)C,0.18689639045230236
CC(C)C1CCC(CC=O)CC1C12CCC(CC1=O)C2(C)C,0.30755283219106366
CC1CCC(OC2CCC(C)CC2[NH3+])CC1,0.16297884749434313
CCC1CCC(C)CC1O,0.27084880165707464
CC1CCC(OC23C(=O)CC24CCC3CC4=O)C(O)C1,0.25916052767440806
CC1CCC(C(C)C2C3CCC2(C(=O)C2CCC(C)CC2C(C)C)C(=O)C3)C(O)C1,0.22958842168866875
CCC(O)C12CCC(CC1=O)C2(C)CC12CCC(CC1=O)C2(C)[NH3+],0.20517853006947412
CC1CCC(C(O)CO)C(C(C)C)C1,0.2807449625374386
CC1CCC(C(C)c2ccc(C3(C)C4CCC3C(=O)C4)cc2)C(O)C1,0.24561796621620607
CC1CCC(C(C)C2CCC(C)CC2C(C)C)C(C(=O)C23CCC(CC2=O)C3C)C1,0.2020843095883948
CC1CCC(C(C(C)C2CCC(C)CC2O)C23CCC(CC2=O)C3C)C([NH3+])C1,0.22555498415031947
