COc1ccc2c(c1)CCC[C@H]2[C@H](O)[C@]1(O)CC[C@H]2[C@@H]3CCc4cc(OC)cc(C)c4[C@@H]3CC[C@@]21C,0.4773379231210556
COc1ccc2c(c1)[C@@]([C@@H]1CC[C@H](C)[C@@H](C)C1)([C@@]13CC[C@H]4[C@@H](CCC5=CC(=O)CC[C@]54C)[C@@H]1CC[C@]3(C)O)CC2,0.33927056827820185
CC1(C)CCC[NH+]([C@H]2CCc3ccc(O[C@]4(O)CC[C@@H]5[C@H]6CCC7=CCCC[C@H]7[C@@H]6CC[C@]54C)cc3[C@@H]2O)C1,0.40041928721174
C[NH2+][C@]1(C[C@]2(O)CC[C@@H]3[C@H]4CCC5=CCCC[C@H]5[C@@H]4CC[C@]32C)CC[C@@H](N2CCCc3cc(C)ccc32)C1,0.35732516590096985
C[C@@]12CC[C@@H]3[C@H](CCC4=CC(=O)[C@@H]([C@@]56CCC(=O)C=C5CC[C@@H]5[C@H]6CC[C@]6(C)[C@H](O)CC[C@@H]56)C[C@H]43)[C@H]1CC[C@H]2O,0.2676767676767676
C#C[C@]1(O)CC[C@@H]2[C@H]3CCC4=CCCC[C@H]4[C@@H]3CC[C@]21[C@@]1(C)CC[C@H]2[C@@H]3CCC4=CC(=O)CCC4=C3C=C[C@]21C,0.370872908186341
C[C@H]1C[C@@H]2C(=CC1=O)CC[C@H]1[C@H]2CC[C@]2(C)[C@@H]1CC[C@H]2[C@@]1(O)CC[C@H]2[C@@H]3CCC4=CC(=O)CCC4=C3CC[C@]21C,0.3020257826887661
CC(=O)O[C@H]1CC[C@@H]2[C@@H]3CCc4cc(OOc5ccc6c(c5)CC[C@H]([C@@H]5CCC[NH2+]5)[C@H]6O)ccc4C3=CC[C@]12C,0.34519956850053934
CC[C@@H]([NH2+]CC[C@@H]1[C@@H](C)CCC[NH+]1[C@@H]1CCc2ccc(OC)cc2[C@@H]1N)[C@H]1CCCc2ccc(OC)cc21,0.31007751937984496
COc1ccc2c(c1)[C@@]([C@@H]1CC[C@H](C)[C@@H](C)C1)([C@]13CC[C@H]4c5ccc(O)cc5CC[C@H]4[C@H]1CC[C@H]3O)CC2,0.3702664796633941
C[C@]1(O)CC[C@H]2[C@@H]3CCC4=CC(=O)CC[C@@]4(Oc4ccc5c(c4)CC[C@H]([C@@H]4CCC[NH2+]4)[C@H]5O)[C@H]3CC[C@]21C,0.36844783715012724
COc1ccc2c(c1)CC[C@H]([C@H]1C[C@@H]3C(=CC1=O)CC[C@H]1[C@H]3CC[C@@]3(C)[C@H](O)CC[C@H]13)[C@H]2O,0.4160583941605839
C#C[C@@]1(O)CC[C@@H]2[C@@H]3CCC4=C[C@H](O)CC[C@@H]4[C@@H]3C(=C)C[C@@]21C[NH+]1CCC[C@H](C)[C@H]1C,0.375
C[C@@]12CCC[C@@H]1[C@@H]1CCc3cc([C@@]45CCC[C@@H]4[C@@H]4CCc6cc(O)ccc6[C@@H]4CC5)ccc3[C@@H]1CC2,0.3279742765273312
COc1ccc2c(c1)[C@H](O)[C@@H]([NH+]1CCCC(C)([C@H]3C[C@@H]4C(=CC3=O)CC[C@H]3[C@H]4CC[C@@]4(C)[C@H](O)CC[C@H]34)C1)CC2,0.3723196881091618
C#C[C@@]1(O)CC[C@@H]2[C@@H]3CCC4=C[C@H](O)CC[C@@H]4[C@@H]3C(=C)C[C@@]21COc1ccc2c(c1)CC[C@H]([C@@H]1CCC[NH2+]1)[C@H]2O,0.37867463876432483
C[C@@H]1[C@@H](C)CCC[NH+]1[C@@H]1CCc2ccc(OOc3ccc4c(c3)[C@H](O)[C@@H]([NH+]3CCCC(C)(C)C3)CC4)cc2[C@@H]1N,0.32499999999999996
C[C@@]12CC[C@@H]3[C@@H](CCC4=CC(=O)CC[C@@]43C)[C@H]1CC[C@@H]2[C@@]12CCC[C@@H]1[C@@H]1CCc3cc(O)ccc3[C@@H]1CC2,0.312015503875969
COc1ccc2c(c1)[C@H](O)[C@H]([NH+]1CCC[C@H]1C[C@]1(O)CC[C@H]3[C@@H]4CCC5=CC(=O)CCC5=C4C=C[C@]31C)CC2,0.39650744735490495
C#C[C@]1(O)CC[C@H]2[C@@H]3CCC4=C(CCC(=O)C4)[C@@H]3CC[C@@]21C[C@@]1([NH2+]C)CC[C@@H](N2CCCc3cc(C)ccc32)C1,0.36414565826330525
CC1(C)COCCN1[C@@H]1CCc2ccc(-c3ccc4c(c3)CC[C@H]3[C@H]5CCC[C@@]5(C)CC[C@@H]43)cc2[C@@H]1O,0.34093376764386535
CC[C@@H]1CCC[NH+]1[C@@H]1CCc2ccc(O[C@H]3C[C@@H]4C(=CC3=O)CC[C@H]3[C@H]4CC[C@@]4(C)[C@H](O)CC[C@H]34)cc2[C@@H]1O,0.33639143730886845
COc1ccc2c(c1)[C@H](O)[C@@H]([C@@]1(C)CC[C@H]3[C@@H]4CCC5=CC(=O)CC[C@@]5(C)[C@@H]4CC[C@@]31C)CC2,0.4295774647887324
COc1ccc2c(c1)CCC[C@H]2[C@H](O)[C@@H]1CC[C@H]2[C@@H]3CCC4=CC(=O)CC[C@@]4(C)[C@@H]3CC[C@]12C,0.4525105868118572
C#C[C@@]1(O)CC[C@@H]2[C@H]3CCC4=C/C(=N\OC[C@H]5CCc6ccc(OC)cc6[C@@H]5O)CC[C@]4(C)[C@H]3CC[C@@]21C,0.5553470919324577
COc1ccc2c(c1)[C@H](O)[C@@H]([NH+]1CCCC(C)(c3ccc4c(c3)CC[C@H]3[C@H]5CCC[C@@]5(C)CC[C@@H]43)C1)CC2,0.4067427949972811
C[C@]12CC[C@@H]3[C@@H](CCC4=CC(=O)CC[C@]43[C@]3(O)CC[C@H]4[C@@H]5CCC6=CC(=O)CCC6=C5C=C[C@]43C)[C@@H]1CC[C@H]2O,0.2976344086021505
COc1ccc2c(c1)[C@H](O)[C@H]([NH+]1CCC[C@H]1C[C@]1(O)CC[C@H]3[C@@H]4CCC5=CC(=O)CCC5=C4C=C[C@]31C)CC2,0.39650744735490495
C[C@]12CC[C@@H]3[C@@H](CCC4=CC(=O)C=C[C@@]43[C@]34CC[C@H]5c6ccc(O)cc6CC[C@H]5[C@H]3CC[C@H]4O)[C@H]1CC[C@H]2O,0.3032679738562091
CC1([C@@]2(O)CC[C@H]3[C@@H]4CCC5=CC(=O)CCC5=C4CC[C@]32C)CCCC[C@@]1(O)C[C@H]1CCCc2ccccc21,0.31807674526121127
CC[C@@H]([NH2+][C@]1(O)CC[C@H]2[C@@H]3CCC4=C(CCC(=O)C4)[C@@H]3CC[C@@]21C)[C@H]1CCCc2ccc(OC)cc21,0.43249299719887957
C[C@@]12CC[C@H]3[C@@H](CCC4=CC(=O)CC[C@H]43)[C@@H]1CC[C@@]2(O)[C@@]12CCC[C@@H]1[C@@H]1CCc3cc(O)ccc3[C@@H]1CC2,0.33479318734793184
CC1(C)COCCN1[C@@H]1CCc2ccc([C@]3(O)CC[C@H]4[C@@H]5CCC6=C(CCC(=O)C6)[C@@H]5CC[C@@]43C)cc2[C@@H]1O,0.35647464303298865
C[C@H]1C[C@@H]2C(=CC1=O)CC[C@H]1[C@H]2CC[C@]2(C)[C@@H]1CC[C@H]2[C@]12CC[C@H]3c4ccc(O)cc4CC[C@H]3[C@H]1CC[C@H]2O,0.32954545454545453
COc1ccc2c(c1)[C@H](O)[C@H]([NH+]1CCC[C@H]1C[C@@]13CC[C@H]4[C@@H](CCC5=CC(=O)CC[C@]54C)[C@@H]1CC[C@]3(C)O)CC2,0.3412587412587412
C[C@]12CC[C@@H]3[C@@H](CCC4=CC(=O)C=C[C@@]43[C@H]3CC[C@@H]4[C@@H]5CCC6=CC(=O)CC[C@]6(C)[C@@H]5CC[C@]43C)[C@H]1CC[C@H]2O,0.2918825561312608
C[C@@]12CC[C@H]3c4cc(Br)c(O)cc4CC[C@H]3[C@@H]1CC[C@@H]2[C@@]1(O)CC[C@H]2[C@@H]3CCC4=CC(=O)CCC4=C3CC[C@]21C,0.3249299719887955
CC(=O)Oc1ccc2c(c1)CC[C@@H]1C2=CC[C@]2(C)[C@@H](O[NH+]3CCC[C@H](C)[C@H]3C)CC[C@H]12,0.448087431693989
COc1ccc2c(c1)[C@H](N)[C@H]([NH+]1CCC[C@H](C)[C@H]1[C@@H]1CC[C@@H]3[C@H]4CCC5=CC(=O)[C@@H](C)C[C@H]5[C@@H]4CC[C@]31C)CC2,0.30544124371284864
CC1(C)CCCC[C@]1(C[C@H]1CCCc2ccccc21)[C@]12CC[C@H]3c4ccc(O)cc4CC[C@H]3[C@H]1CC[C@H]2O,0.3137254901960784
COc1ccc2c(c1)[C@H](N)[C@H]([NH+]1CCC[C@H](C)[C@H]1C1(C)CCCC[C@@]1(O)C[C@H]1CCCc3ccccc31)CC2,0.3874643874643875
COc1ccc2c(c1)[C@H](O)[C@H]([NH+]1CCC[C@H]1[C@@]1(C)CC[C@H]3[C@@H]4CCC5=CC(=O)CC[C@@]5(C)[C@@H]4CC[C@@]31C)CC2,0.35762876579203107
COc1ccc2c(c1)[C@H](O)[C@@H]([C@]13C[C@@H](O)[C@H]4[C@H](CCC5=CC(=O)C=C[C@]54C)[C@@H]1CC/C3=C\CO)CC2,0.36788617886178865
C=C1C[C@]2(C)C(=CC1=O)CC[C@H]1[C@H]2CC[C@]2(C)[C@H]1CC[C@@]2(O)[C@H]1CCc2cc(OC)ccc2[C@@H]1O,0.4482957827845176
C=C1C[C@]2(c3ccc4c(c3)[C@@H]([C@@H](CC)[NH2+]CCC)CCC4)C(=CC1=O)CC[C@H]1[C@H]2CC[C@]2(C)[C@H]1CC[C@]2(C)O,0.31677852348993285
CC[C@@H](O)[C@@H]1CCCc2cc(O[C@]3(O)CC[C@H]4[C@@H]5CCc6cc(O)c(C)cc6[C@H]5CC[C@@]43C)ccc21,0.45614035087719296
COc1ccc2c(c1)[C@H](O)[C@H](N1CCOCC1(C)c1ccc3c(c1)CC[C@H]1[C@H]4CCC[C@@]4(C)CC[C@@H]31)CC2,0.37947122861586313
COc1ccc2c(c1)[C@H](O)[C@H](N1CCOCC1(C)[C@]1(O)CC[C@H]3[C@@H]4CCC5=CC(=O)CCC5=C4C=C[C@]31C)CC2,0.3758765778401122
CO[C@]1(O)CC[C@@H]2[C@H]3CCC4=CCCC[C@H]4[C@@H]3CC[C@]21C,0.5212121212121212
C#C[C@@]1(O)CC[C@@H]2[C@@H]3CCC4=C[C@H](O)CC[C@@H]4[C@@H]3C(=C)C[C@@]21CO,0.453537936913896
C=C1C[C@]2(C)C(=CC1=O)CC[C@H]1[C@H]2CC[C@]2(C)[C@H]1CC[C@@]2(O)[C@H]1CCc2cc(OC)ccc2[C@@H]1O,0.4482957827845176
COC1=CC2=CC[C@@H]3[C@H]4C[C@@]5(C)O[C@@]5(C(C)=O)[C@]4([C@H]4CCc5ccc(OC)cc5[C@@H]4O)CC[C@H]3[C@@]2(C)CC1,0.37142857142857144
CCC[NH2+][C@H](CC)[C@H]1CCCc2ccc([C@H]3C[C@@H]4C(=CC3=O)CC[C@H]3[C@H]4CC[C@@]4(C)[C@H](O)CC[C@H]34)cc21,0.3204930662557781
CO[C@]1([C@@]23CCC(=O)C=C2CC[C@@H]2[C@H]3CC[C@]3(C)[C@H](O)CC[C@@H]23)CC[C@@H]2[C@H]3CCC4=CCCC[C@H]4[C@@H]3CC[C@]21C,0.2783333333333333
C#C[C@]1(O)CC[C@H]2[C@@H]3CCc4cc(O)c(C)cc4[C@H]3CC[C@@]21c1ccc2c(c1)CC[C@H]1[C@H]3CCC[C@@]3(C)CC[C@@H]21,0.41593780369290567
CC1(C)CCCC[C@]1(C[C@H]1CCCc2ccccc21)[C@]1(O)CC[C@H]2[C@@H]3CCC4=CC(=O)CCC4=C3C=C[C@]21C,0.3094916779127305
COc1ccc2c(c1)[C@H](O)[C@H]([NH+]1CCC[C@H]1C[C@@]13CC[C@H]4[C@@H](CCC5=CC(=O)CC[C@H]54)[C@@H]1CC[C@]3(C)O)CC2,0.3507751937984496
CC[C@@H]([NH2+]CC[C@]12CC[C@H]3c4c(C)cc(OC)cc4CC[C@H]3[C@@H]1CC[C@]2(C)O)[C@H]1CCCc2ccc(OC)cc21,0.40808080808080804
CC1(C)CCCC[C@]1(C[C@H]1CCCc2ccccc21)[C@@]12CC[C@H]3[C@@H](CCC4=CC(=O)CC[C@]43C)[C@@H]1CC[C@]2(C)O,0.29741019214703424
CC1([C@@H]2CC[C@H]3[C@@H]4CCC5=CC(=O)CC[C@@]5(C)[C@@H]4CC[C@@]32C)CCCC[C@@]1(O)C[C@H]1CCCc2ccccc21,0.32209737827715357
C#C[C@@]1(C[C@@H]2CCC[NH+]2[C@@H]2CCc3ccc(OC)cc3[C@@H]2O)CC[C@H]2[C@@H]3CCC4=CC(=O)CCC4=C3CC[C@]21C,0.42506265664160403
CN/N=C1\CC[C@H]2[C@H]3CCc4cc(O)ccc4[C@@H]3CC[C@]12C[C@@H]1CCC[NH+]1[C@@H]1CCc2ccc(OC)cc2[C@@H]1O,0.31221303948576673
CC(=O)Oc1ccc2c(c1)CC[C@@H]1C2=CC[C@]2(C)[C@@H](O[NH+]3CCC[C@H](C)[C@H]3C)CC[C@H]12,0.448087431693989
COc1ccc2c(c1)[C@H](O)[C@@H]([NH+]1CCCC(C)([C@H]3CCc4ccc(OC)cc4[C@@H]3O)C1)CC2,0.41975308641975306
C=C[C@]1(c2ccc3c(c2)CC[C@H]2[C@H]4CC[C@@H](O)[C@@]4(C)CC[C@@H]32)CC[C@@H]2[C@H]3CCC4=C(CCC(=O)C4)[C@@H]3CC[C@]21C,0.3473227206946454
C=C1C[C@]2(C)C(=CC1=O)CC[C@H]1[C@H]2CC[C@]2(C)[C@H]1CC[C@@]2(O)CC[NH2+][C@H](CC)[C@H]1CCCc2ccc(OC)cc21,0.4010335917312662
CO[C@]1(Oc2ccc3c(c2)[C@H](O)[C@@H]([NH+]2CCCC(C)(C)C2)CC3)CC[C@@H]2[C@H]3CCC4=CCCC[C@H]4[C@@H]3CC[C@]21C,0.359882005899705
C=C1C[C@]2(C)C(=CC1=O)CC[C@H]1[C@H]2CC[C@]2(C)[C@H]1CC[C@]2(C)OC,0.430976430976431
CC[C@@H]([NH2+][C@@H](O)[C@@H]1CCCc2cc(OC)ccc21)[C@H]1CCCc2ccc(OC)cc21,0.36627140974967065
C#C[C@]1(OC)CC[C@H]2[C@@H]3CCc4cc(O)c(C)cc4[C@H]3CC[C@@]21C,0.7862208713272543
C[C@@]12CCC[C@@H]1[C@@H]1CCc3cc([C@]4(O)CC[C@H]5[C@@H]6CCC7=C(CCC(=O)C7)[C@@H]6CC[C@@]54C)ccc3[C@@H]1CC2,0.3681747269890795
C[C@]12CC[C@@H]3[C@@H](CCC4=CC(=O)CC[C@]43[C@@]34CC[C@H]5c6cc(Br)c(O)cc6CC[C@H]5[C@@H]3CC[C@@H]4O)[C@@H]1CC[C@H]2O,0.28237259816207183
CC(=O)Oc1ccc2c(c1)CC[C@@H]1C2=CC[C@]2(C)[C@@H](OO)CC[C@H]12,0.5842696629213483
C[C@H]1CC[C@@H]2[C@@H]3CCC4=CC(=O)CC[C@]4(C)[C@@H]3CC[C@]21C,0.4303554274735831
CCC[NH2+][C@H](CC)[C@H]1CCCc2ccc([C@@]34CCC(=O)C=C3CC[C@@H]3[C@H]4CC[C@@]4(C)[C@H]3CC[C@]4(C)O)cc21,0.3328631875881523
C[C@]1(O)CC[C@H]2[C@@H]3CCC4=CC(=O)CC[C@@]4(C)[C@H]3CC[C@]21Oc1ccc2c(c1)CC[C@H]([C@@H]1CCC[NH2+]1)[C@H]2O,0.3905511811023622
C=C[C@]1([C@@]2([C@@H]3CC[C@H](C)[C@@H](C)C3)CCc3ccc(OC)cc32)CC[C@@H]2[C@H]3CCC4=C(CCC(=O)C4)[C@@H]3CC[C@]21C,0.3038839095177123
COc1ccc2c(c1)[C@H](O)[C@@H](Oc1ccc3c(c1)CC[C@@H]1C3=CC[C@]3(C)[C@@H](OC(C)=O)CC[C@H]13)CC2,0.368695652173913
C[C@]12CC[C@@H]3[C@@H](CCC4=CC(=O)C=C[C@@]43C)[C@H]1CC[C@H]2[C@]1(O)CC[C@H]2[C@@H]3CCC4=C(CCC(=O)C4)[C@@H]3CC[C@@]21C,0.3268337975858867
C[C@@]12CC[C@@H]3[C@@H](CCC4=CC(=O)CC[C@@]43C)[C@H]1CC[C@@H]2[C@]12CC[C@H]3c4ccc(O)cc4CC[C@H]3[C@H]1CC[C@H]2O,0.32397003745318353
COc1ccc2c(c1)[C@H](O)[C@@H]([NH+]1CCCC(C)(c3ccc4c(c3)[C@](O)([C@@H]3CC[C@H](C)[C@@H](C)C3)CC4)C1)CC2,0.3896787783043707
CC[C@@H](O)[C@@H]1CCCc2cc(O[C@]34C=CC(=O)C=C3CC[C@H]3[C@H]5CC[C@@H](O)[C@@]5(C)CC[C@H]34)ccc21,0.40444444444444444
C[C@@]12CCC[C@@H]1[C@@H]1CCc3cc([C@H]4CC[C@H]5[C@@H]6CCc7cc(O)c(Br)cc7[C@@H]6CC[C@@]45C)ccc3[C@@H]1CC2,0.3369734789391575
CO[C@]1(O)CC[C@@H]2[C@H]3CCC4=CCCC[C@H]4[C@@H]3CC[C@]21[C@@H]1CC[C@H]2[C@@H]3CCC4=CC(=O)CC[C@@]4(C)[C@@H]3CC[C@]12C,0.2920469361147327
C#C[C@]1(OC)CC[C@H]2[C@@H]3CCc4cc(OO)c(C)cc4[C@H]3CC[C@@]21C,0.796078431372549
C#C[C@@]1(O)CC[C@@H]2[C@H]3CCC4=C/C(=N\OCC(=O)NCCC)CC[C@]4(C)[C@H]3CC[C@@]21C,0.5309734513274336
COc1ccc2c(c1)[C@H](O)[C@@H]([NH+]1CCCC(C)(c3ccc4c(c3)CC[C@H]3[C@H]5CC[C@@H](O)[C@@]5(C)CC[C@@H]43)C1)CC2,0.4194756554307116
C#C[C@@H]1CCC[NH+]1[C@@H]1CCc2ccc(OC)cc2[C@@H]1O,0.5670995670995671
C#C[C@@H]1CCC[NH+]1[C@@H]1CCc2ccc(O[C@]3(C#C)CC[C@H]4[C@@H]5CCC6=CC(=O)CCC6=C5CC[C@]43C)cc2[C@@H]1O,0.4147698533131006
C[C@@]12CC[C@H]3[C@@H](CCC4=CC(=O)CC[C@H]43)[C@@H]1CC[C@@]2(O)[C@]12CC[C@H]3c4ccc(O)cc4CC[C@H]3[C@H]1CC[C@H]2O,0.31807674526121127
C#C[C@@H]1CCC[NH+]1[C@@H]1CCc2ccc([C@@H]3CC[C@]4(C)C(=CC[C@@H]5[C@H]4CC[C@@]4(C)[C@H]5CC[C@@]4(O)C#C)C3)cc2[C@@H]1O,0.41666666666666663
C#C[C@]1(OC)CC[C@H]2[C@@H]3CCc4cc(OO)c(C)cc4[C@H]3CC[C@@]21C,0.796078431372549
CCC[C@@]12CC[C@@H]3[C@H](CCC4=CCCC[C@H]43)[C@H]1CC[C@@]2(O)OC,0.4420866489832007
COc1ccc2c(c1)[C@H](O)[C@H]([NH+]1CCC[C@H]1[C@]1(O)CC[C@H]3[C@@H]4CCC5=CC(=O)CC[C@H]5[C@H]4CC[C@]31C)CC2,0.39650744735490495
CN/N=C1\CC[C@H]2[C@H]3CCc4cc([C@H]5CCc6ccc(OC)cc6[C@@H]5O)ccc4[C@@H]3CC[C@]12C,0.40122324159021405
CC1(C)CCC[NH+]([C@H]2CCc3ccc(O[C@@H]4CC[C@@H]5[C@@H]6CCC7=CC(=O)C=C[C@]7(C)[C@@H]6CC[C@@]54C)cc3[C@@H]2O)C1,0.3606889564336373
CCCNC(=O)[C@]1(O)CC[C@H]2[C@@H]3CCC4=CC(=O)CCC4=C3C=C[C@]21C,0.4529505582137161
C[C@@]12CC[C@@H]3[C@H](CCC4=CCCC[C@H]43)[C@H]1CC[C@@]2(O)[C@]12CC[C@H]3c4ccc(O)cc4CC[C@H]3[C@H]1CC[C@H]2O,0.3295238095238095
CO[C@@]12CC[C@H]3[C@@H](CCC4=CC(=O)CC[C@H]43)[C@@H]1CC[C@]2(C)O,0.5110470701248799
C#Cc1ccc2c(c1)CC[C@H]1[C@H]3CCC[C@@]3(C)CC[C@@H]21,0.664391353811149
CCC[NH2+][C@H](CC)[C@H]1CCCc2ccc([C@]34CC[C@@H]5c6ccc(OC(C)=O)cc6CC[C@@H]5[C@H]3C[C@@H](Br)C4=O)cc21,0.29670329670329665
C#C[C@@]12CCC[C@@H]1[C@@H]1CCc3cc(O)ccc3[C@@H]1CC2,0.664391353811149
COc1ccc2c(c1)[C@H](N)[C@H]([NH+]1CCC[C@H](C)[C@H]1Oc1ccc3c(c1)CC[C@H]([C@@H]1CCC[NH2+]1)[C@H]3O)CC2,0.30542390731964186
C#C[C@]1(O)CC[C@H]2[C@@H]3CC=C4C[C@H](Oc5ccc6c(c5)CC[C@H]([C@@H]5CCC[NH2+]5)[C@H]6O)CC[C@@]4(C)[C@@H]3CC[C@@]21C,0.5011655011655012
C#C[C@]1(c2ccc3c(c2)CC[C@H]2[C@H]4CCC[C@@]4(C)CC[C@@H]32)CC[C@H]2[C@H]3CCC4=CC(=O)CC[C@H]4[C@H]3CC[C@@]21CC,0.3688760806916427
CC[C@@H]1CCC[NH+]1[C@@H]1CCc2ccc(O[C@@]34CCC[C@@H]3[C@@H]3CCc5cc(O)ccc5[C@@H]3CC4)cc2[C@@H]1O,0.31865828092243187
CC(=O)O[C@]12C[C@@H](O)[C@H]3[C@H](CCC4=CC(=O)C=C[C@]43C)[C@@H]1CC/C2=C\CO,0.4414615958240119
C#C[C@@]12CCC[C@@H]1[C@@H]1CCc3cc(-c4cc5c(cc4O)CC[C@@H]4[C@H]5CC[C@@]5(C)[C@@H](O)CC[C@@H]45)ccc3[C@@H]1CC2,0.383618455158113
COc1ccc2c(c1)CCC[C@H]2[C@H](O)[C@@]12CCC[C@@H]1[C@@H]1CCc3cc(O)ccc3[C@@H]1CC2,0.42026266416510316
CC[C@@H]1CCC[NH+]1[C@@H]1CCc2ccc(OC)cc2[C@@H]1O,0.5189873417721519
CC[C@@H]([NH2+]CC[C@]1(O)CC[C@H]2[C@@H]3CCC4=CC(=O)CC[C@H]4[C@H]3CC[C@]21C)[C@H]1CCCc2ccc(OC)cc21,0.43255295429208473
C#C[C@]1(Oc2ccc3c(c2)CC[C@H]([C@@H]2CCC[NH2+]2)[C@H]3O)CC[C@H]2[C@@H]3CCc4cc(OO)c(C)cc4[C@H]3CC[C@@]21C,0.4621091679915209
CO[C@]12CC[C@@H]3[C@@H](CCC4=CC(=O)CC[C@]43C)[C@@H]1CC[C@]2(C)O,0.4756756756756757
C#C[C@@]12CCC[C@@H]1[C@@H]1CCc3cc([C@@]4(C=C)CC[C@@H]5[C@H]6CCC7=C(CCC(=O)C7)[C@@H]6CC[C@]54C)ccc3[C@@H]1CC2,0.34489402697495186
C[C@@]12C=CC(=O)C=C1CC[C@H]1[C@@H]2[C@H](O)C[C@]2(OO)/C(=C/CO)CC[C@@H]12,0.48212801330008315
COc1ccc2c(c1)CC[C@H]([C@@H]1CCC[NH+]1[C@@H]1CCc3ccc(OC)cc3[C@@H]1O)[C@H]2O,0.3710812539987204
CC[C@@H](O)[C@@H]1CCCc2cc(OOc3ccc4c(c3)[C@H](N)[C@H]([NH+]3CCC[C@H](C)[C@H]3C)CC4)ccc21,0.33752244165170553
C#C[C@@H]1CCC[NH+]1[C@@H]1CCc2ccc([C@@]34CCC[C@@H]3[C@@H]3CCc5cc(O)ccc5[C@@H]3CC4)cc2[C@@H]1O,0.32075471698113206
COc1cc(C)c2c(c1)CC[C@@H]1[C@H]2CC[C@@]2(OC)[C@H]1CC[C@]2(C)O,0.71976401179941
C[C@@]12CCC[C@@H]1[C@@H]1CCc3cc([C@]45CC[C@@H]6[C@@H](CCC7=CC(=O)CC[C@]76C)[C@@H]4CC[C@]5(C)O)ccc3[C@@H]1CC2,0.35465116279069764
CC[C@@H]1CCC[NH+]1[C@@H]1CCc2ccc(OC)cc2[C@@H]1O,0.5189873417721519
C[C@@]12CC[C@H]3c4cc(Br)c(O)cc4CC[C@H]3[C@@H]1CC[C@@H]2[C@@H]1CC[C@@H]2[C@@H]3CCC4=CC(=O)C=C[C@]4(C)[C@@H]3CC[C@@]21C,0.3085553997194951
CC[C@@H]1CCC[NH+]1[C@@H]1CCc2ccc(OC)cc2[C@@H]1Oc1ccc2c(c1)CCC[C@H]2[C@H](O)CC,0.3433667781493868
CC[C@@H]1CCC[NH+]1[C@@H]1CCc2ccc(OC)cc2[C@@H]1C1(C)CCC[NH+]([C@H]2CCc3ccc(OC)cc3[C@@H]2O)C1,0.33286843328684335
COc1ccc2c(c1)[C@H](O)[C@H]([NH+]1CCC[C@H]1c1cc3c(cc1O)CC[C@@H]1[C@H]3CC[C@@]3(C)[C@@H](O)CC[C@@H]13)CC2,0.3632673769660071
CCc1ccc2c(c1)CC[C@H]1[C@H]3CC[C@@H](O)[C@@]3(C)CC[C@@H]21,0.787037037037037
C#C[C@@]1(C=C)CC[C@@H]2[C@H]3CCC4=C(CCC(=O)C4)[C@@H]3CC[C@]21C,0.5660018993352327
CO[C@]12CC[C@@H]3c4ccc(OC(C)=O)cc4CC[C@@H]3[C@H]1C[C@@H](Br)C2=O,0.49700085689802914
C#Cc1ccc2c(c1)CC[C@H]1[C@H]3CCC[C@@]3(c3ccc4c(c3)[C@](O)([C@@H]3CC[C@H](C)[C@@H](C)C3)CC4)CC[C@@H]21,0.34674922600619196
CC[C@@H]1CCC[NH+]1c1cc2c(cc1O)CC[C@@H]1[C@H]2CC[C@@]2(C)[C@@H](O)CC[C@@H]12,0.4636363636363636
COc1ccc2c(c1)CC[C@H](C[C@@H]1CCC[NH+]1[C@@H]1CCc3ccc(OC)cc3[C@@H]1O)[C@H]2O,0.35974842767295595
CC[C@@H]1CCC[NH+]1[C@]12C[C@@H](O)[C@H]3[C@H](CCC4=CC(=O)C=C[C@]43C)[C@@H]1CC/C2=C\CO,0.37697659709044906
C#C[C@@]1(C=C)CC[C@@H]2[C@H]3CCC4=C(CCC(=O)C4)[C@@H]3CC[C@]21Oc1ccc2c(c1)CC[C@H]([C@@H]1CCC[NH2+]1)[C@H]2O,0.35253569670113244
C[C@]1(O)CC[C@H]2[C@@H]3CCC4=CC(=O)CCC4=C3C=C[C@]21OO,0.5004775549188156
C#C[C@@]1(O)CC[C@@H]2[C@H]3CCC4=C/C(=N\OC[C@H]5CCc6ccc(CCC)cc6[C@@H]5O)CC[C@]4(C)[C@H]3CC[C@@]21C,0.5256178420735382
COc1ccc2c(c1)CCC[C@H]2[C@H](O)c1cc(OC)cc2c1[C@@H]1CC[C@@]3(C)[C@@H](CC[C@]3(C)O)[C@@H]1CC2,0.4430037817396002
C#C[C@@]1(O)CC[C@@H]2[C@H]3CCC4=C/C(=N\OC[C@H]5CCc6ccc(OC)cc6[C@@H]5O)CC[C@]4(C)[C@H]3CC[C@@]21C,0.5553470919324577
C#Cc1cc2c(cc1O)CC[C@@H]1[C@H]2CC[C@@]2(C)[C@@H](O)CC[C@@H]12,0.5943775100401606
Cc1cc2c(cc1O)CC[C@@H]1[C@@H]2CC[C@@]2(C)[C@H]1CC[C@@]2(O)[C@@]12CCC[C@@H]1[C@@H]1CCc3cc(O)ccc3[C@@H]1CC2,0.34236804564907275
C#C[C@]1(OC(=O)NCCC)CC[C@H]2[C@@H]3CCc4cc(OO)c(C)cc4[C@H]3CC[C@@]21C,0.6153846153846154
COc1ccc2c(c1)[C@H](O)[C@H]([NH+]1CCC[C@H]1C[C@@]1(OC)CC[C@@H]3[C@H]4CCC5=CCCC[C@H]5[C@@H]4CC[C@]31C)CC2,0.34705882352941175
C#C[C@@]12CC[C@H]3C4=C(CC[C@@H]3[C@H]1CC[C@@]2(O)C=C)CC(=O)CC4,0.5068870523415978
C#C[C@]1([NH+]2CCC[C@H]2CC)CC[C@H]2[C@@H]3CC=C4C[C@H](OC(C)=O)CC[C@@]4(C)[C@@H]3CC[C@@]21C,0.38940234134319157
C#C[C@]1([C@]23CC[C@H]4c5ccc(O)cc5CC[C@H]4[C@H]2CC[C@H]3O)CC[C@H]2[C@@H]3CCC4=C(CCC(=O)C4)[C@@H]3CC[C@@]21C,0.3817427385892116
CCCNO[C@]12CC[C@H]3c4c(C)cc(OC)cc4CC[C@H]3[C@@H]1CC[C@]2(C)O,0.6006600660066006
C#C[C@]1(C(=O)NCCC)CC[C@H]2[C@H]3CCC4=CC(=O)CC[C@H]4[C@H]3CC[C@@]21CC,0.42150537634408597
C#C[C@@]12CCC[C@@H]1[C@@H]1CCc3cc(Oc4ccc5c(c4)CC[C@H]([C@@H]4CCC[NH2+]4)[C@H]5O)ccc3[C@@H]1CC2,0.4024242424242424
COc1ccc2c(c1)CC[C@H]([C@H]1CCc3ccc(OC)cc3[C@@H]1O)[C@H]2O,0.41411764705882353
C#C[C@]1(O)CC[C@H]2[C@H]3CCC4=CC(=O)CC[C@H]4[C@H]3CC[C@@]21O,0.5788423153692615
CC[C@@H]([NH2+][C@@]12CC[C@H]3c4cc(Br)c(O)cc4CC[C@H]3[C@@H]1CC[C@@H]2O)[C@H]1CCCc2ccc(OC)cc21,0.38247863247863245
C#C[C@]1(Oc2ccc3c(c2)CC[C@H]([C@@H]2CCC[NH2+]2)[C@H]3O)CC[C@H]2[C@@H]3CCc4cc(O)c(C)cc4[C@H]3CC[C@@]21C,0.4743169398907104
COc1ccc2c(c1)[C@H](O)[C@H]([NH+]1CCC[C@H]1[C@@]13CC[C@H]4c5cc(Br)c(O)cc5CC[C@H]4[C@@H]1CC[C@@H]3O)CC2,0.3391812865497076
COc1ccc2c(c1)CC[C@H]([C@]13CC[C@H]4c5ccc(O)cc5CC[C@H]4[C@H]1CC[C@H]3O)[C@H]2O,0.40665434380776333
C#C[C@]1(O)CC[C@@H]2[C@H]3CCC4=CCCC[C@H]4[C@@H]3CC[C@]21[C@]12CC[C@H]3c4ccc(CC)cc4CC[C@H]3[C@H]1CC[C@H]2O,0.35733333333333334
CCCC(=O)Oc1ccc2c(c1)CC[C@@H]1C2=CC[C@]2(C)[C@@H](OO)CC[C@H]12,0.5156912637828668
C#C[C@]1([C@@H]2CCc3ccc(OC)cc3[C@@H]2O)CC[C@H]2[C@H]3CCC4=CC(=O)CC[C@H]4[C@H]3CC[C@@]21CC,0.4773379231210556
C#C[C@@H]1CCC[NH+]1[C@@H]1CCc2ccc(O[C@@H]3CC[C@@H]4[C@@H]5CCC6=CC(=O)C=C[C@]6(C)[C@@H]5CC[C@@]43C)cc2[C@@H]1O,0.4173354735152488
COc1ccc2c(c1)[C@H](O)[C@@H]([NH+]1CCCC(C)([C@]3(O)CC[C@H]4[C@@H]5CCC6=CC(=O)CC[C@H]6[C@H]5CC[C@]43C)C1)CC2,0.37790697674418605
C#C[C@@]12CCC[C@@H]1[C@@H]1CCc3cc(-c4cc5c(cc4O)CC[C@@H]4[C@H]5CC[C@@]5(C)[C@@H](O)CC[C@@H]45)ccc3[C@@H]1CC2,0.383618455158113
C#C[C@@H]1CCC[NH+]1[C@@H]1CCc2ccc([C@@]34CCC[C@@H]3[C@@H]3CCc5cc(O)ccc5[C@@H]3CC4)cc2[C@@H]1O,0.32075471698113206
C[C@]12CC=C3c4ccc(O)cc4CC[C@H]3[C@H]1CC[C@@H]2OO,0.5572755417956656
CCc1ccc2c(c1)CC[C@H]1[C@H]3CC[C@@H]([C@H]4CC[C@@H]5[C@@H]6CCc7cc(O)ccc7C6=CC[C@@]54C)[C@@]3(C)CC[C@@H]21,0.3274509803921568
COc1ccc2c(c1)[C@H](O)[C@H]([NH+]1CCC[C@H]1[C@@H]1CC[C@@H]3[C@@H]4CCC5=CC(=O)C=C[C@]5(C)[C@@H]4CC[C@@]31C)CC2,0.3707117255504352
COc1ccc2c(c1)[C@H](O)[C@H]([NH+]1CCC[C@H]1C[C@@]13CC[C@H]4[C@@H](CCC5=CC(=O)CC[C@H]54)[C@@H]1CC[C@]3(C)O)CC2,0.3507751937984496
CN/N=C1\CC[C@H]2[C@H]3CCc4cc(O)ccc4[C@@H]3CC[C@]12c1ccc2c(c1)[C@](O)([C@@H]1CC[C@H](C)[C@@H](C)C1)CC2,0.3017832647462277
C#C[C@@]1([C@H]2CCc3cc(OC)ccc3[C@@H]2O)CC[C@H]2[C@@H]3CCC4=CC(=O)CCC4=C3CC[C@]21C,0.5313469894475481
CCCNC(=O)[C@@H]1CC[C@@H]2[C@@H]3CCc4cc(CC)ccc4[C@@H]3CC[C@@]21C,0.5179615705931495
C#C[C@]1(c2ccc3c(c2)[C@](O)([C@@H]2CC[C@H](C)[C@@H](C)C2)CC3)CC[C@H]2[C@@H]3CCC4=C(CCC(=O)C4)[C@@H]3CC[C@@]21C,0.3829160530191458
COc1ccc2c(c1)[C@H](O)[C@H](c1cc3c(cc1O)CC[C@@H]1[C@H]3CC[C@@]3(C)[C@@H](O)CC[C@@H]13)CC2,0.41229656419529837
C#CC1(C#C)CC[C@H]2[C@@H]3CCc4cc(O)c(C)cc4[C@H]3CC[C@@]21C,0.7482587064676617
CO[C@]1([C@]2(O)CC[C@@H]3[C@H]4CCC5=CCCC[C@H]5[C@@H]4CC[C@]32C)CC[C@@H]2[C@H]3CCC4=CCCC[C@H]4[C@@H]3CC[C@]21C,0.2774049217002237
C#C[C@@]1(O)CC[C@@H]2[C@H]3CCC4=C/C(=N\OCC(=O)NC)CC[C@]4(C)[C@H]3CC[C@@]21C,0.5781990521327014
C#CC1(C#C)CC[C@H]2[C@H]3CCC4=CC(=O)CC[C@H]4[C@H]3CC[C@@]21CC,0.48738033072236725
C#C[C@]1([C@H]2CC[C@@H]3[C@@H]4CCc5cc(O)ccc5C4=CC[C@@]32C)CC[C@H]2[C@@H]3CCC4=C(CCC(=O)C4)[C@@H]3CC[C@@]21C,0.3731060606060606
C#C[C@@]1(C=C)CC[C@@H]2[C@H]3CCC4=C(CCC(=O)C4)[C@@H]3CC[C@]21OC,0.5212765957446808
C=C[C@]1(NCCC)CC[C@@H]2[C@H]3CCC4=C(CCC(=O)C4)[C@@H]3CC[C@]21OC,0.38572513287775245
C#C[C@@]1(O)CC[C@@H]2[C@H]3CCC4=C/C(=N\OC[C@H]5CCc6ccc(OOO)cc6[C@@H]5O)CC[C@]4(C)[C@H]3CC[C@@]21C,0.5222623345367028
C#CC1(C#C)CC[C@@H]2[C@H]3CCC4=C/C(=N\OCC(=O)NCCC)CC[C@]4(C)[C@H]3CC[C@@]21C,0.4498977505112474
CNC(=O)C[C@]1(O)CC[C@H]2[C@@H]3CCC4=CC(=O)CCC4=C3C=C[C@]21C,0.4757118927973199
CC[C@@H]([NH2+]CCc1cc2c(cc1O)CC[C@@H]1[C@H]2CC[C@@]2(C)[C@@H](O)CC[C@@H]12)[C@H]1CCCc2ccc(OC)cc21,0.3933333333333333
C#C[C@@H]1CCC[NH+]1[C@@H]1CCc2ccc([C@]34C=CC(=O)C=C3CC[C@H]3[C@H]5CC[C@@H](O)[C@@]5(C)CC[C@H]34)cc2[C@@H]1O,0.3682170542635659
COc1ccc2c(c1)CC[C@H]([C@]13CC[C@@H]4c5ccc(OC(C)=O)cc5CC[C@@H]4[C@H]1C[C@@H](Br)C3=O)[C@H]2O,0.3541333333333333
CNC(=O)Cc1ccc2c(c1)CC[C@@H]1C2=CC[C@]2(C)[C@@H](OO)CC[C@H]12,0.48453608247422675
C#C[C@]1(O)CC[C@H]2[C@@H]3CCC4=C(CCC(=O)C4)[C@@H]3CC[C@@]21c1ccc2c(c1)[C@@H]([C@@H](CC)[NH2+]CCC)CCC2,0.3897131552917903
C#C[C@]1(OC(=O)OC)CC[C@H]2[C@@H]3CCc4cc(OO)c(C)cc4[C@H]3CC[C@@]21C,0.6799336650082918
CN/N=C1\CC[C@H]2[C@H]3CCc4cc(O)ccc4[C@@H]3CC[C@]12OO,0.5461393596986817
C[C@@]12CC[C@H]3[C@@H](CCC4=CC(=O)CC[C@H]43)[C@@H]1CC[C@@]2(O)[C@@]12CC[C@H]3c4cc(Br)c(O)cc4CC[C@H]3[C@@H]1CC[C@@H]2O,0.2957060646303674
C#C[C@]1(O)CC[C@H]2[C@@H]3CC=C4C[C@H](OO)CC[C@@]4(C)[C@@H]3CC[C@@]21C,0.5543478260869565
C#Cc1ccc2c(c1)CC[C@H]1[C@H]3CCC[C@@]3(c3ccc4c(c3)CC[C@H]3[C@H]5CCC[C@@]5(C)CC[C@@H]43)CC[C@@H]21,0.33385826771653543
C[C@@]12CC[C@H]3c4cc(Br)c(O)cc4CC[C@H]3[C@@H]1CC[C@@H]2[C@@]12CCC[C@@H]1[C@@H]1CCc3cc(O)ccc3[C@@H]1CC2,0.30754257907542576
CO[C@@]1(C)CC[C@H]2[C@@H]3CCC4=CC(=O)CCC4=C3C=C[C@]21C,0.481060606060606
C#C[C@]1(OC)CC[C@H]2[C@@H]3CCc4cc(OO)c(C)cc4[C@H]3CC[C@@]21OO,0.7550644567219154
C#Cc1cc2c(cc1O)CC[C@@H]1[C@H]2CC[C@@]2([C@]34CC[C@H]5c6ccc(O)cc6CC[C@H]5[C@H]3CC[C@H]4O)[C@@H](O)CC[C@@H]12,0.2777059077188443
CO[C@@]1(Oc2ccc3c(c2)CC[C@H]([C@@H]2CCC[NH2+]2)[C@H]3O)CC[C@H]2[C@@H]3CCc4cc(OO)c(C)cc4[C@H]3CC[C@@]21C,0.37003519356460535
COc1ccc2c(c1)[C@](Oc1ccc3c(c1)[C@H](O)[C@@H]([NH+]1CCCC(C)(C)C1)CC3)([C@@H]1CC[C@H](C)[C@@H](C)C1)CC2,0.35374149659863946
C[C@]12CC[C@H]3c4ccc([C@@]56CCC[C@@H]5[C@@H]5CCc7cc(O)ccc7[C@@H]5CC6)cc4CC[C@H]3[C@H]1CC[C@H]2O,0.34976152623211443
C#C[C@]1(O)CC[C@@H]2[C@H]3CCC4=CCCC[C@H]4[C@@H]3CC[C@]21OC,0.5714285714285714
C[C@@]12CC[C@H]3c4cc(OO)c(O)cc4CC[C@H]3[C@@H]1CC[C@@H]2O,0.606060606060606
CC(=O)O[C@]1(O)CC[C@H]2[C@@H]3CCC4=CC(=O)CCC4=C3C=C[C@]21C,0.4864391951006124
C[C@]12CC[C@@H]3[C@@H](CCC4=CC(=O)C=C[C@@]43[C@@]34CC[C@H]5c6cc(Br)c(O)cc6CC[C@H]5[C@@H]3CC[C@@H]4O)[C@H]1CC[C@H]2O,0.290512174643157
COc1ccc2c(c1)[C@H](O)[C@@H]([NH+]1CCCC(C)(c3cc4c(cc3O)CC[C@@H]3[C@H]4CC[C@@]4(C)[C@@H](O)CC[C@@H]34)C1)CC2,0.3798335780714635
COC(=O)O[C@@]12CC[C@H]3c4cc(OO)c(O)cc4CC[C@H]3[C@@H]1CC[C@@H]2O,0.4549763033175356
C#C[C@]1(O)CC[C@H]2[C@@H]3CCc4cc(O)c(C)cc4[C@H]3CC[C@@]21c1ccc2c(c1)[C@](O)([C@@H]1CC[C@H](C)[C@@H](C)C1)CC2,0.39831697054698456
C#C[C@]1(OC(=O)NCCC)CC[C@H]2[C@@H]3CCc4cc(OO)c(C)cc4[C@H]3CC[C@@]21C,0.6153846153846154
CC[C@]1(O)CC[C@H]2[C@H]3CCC4=CC(=O)CC[C@H]4[C@H]3CC[C@@]21O,0.481060606060606
C[C@]12CC[C@@H]3[C@@H](CCC4=CC(=O)C=C[C@@]43O)[C@H]1CC[C@H]2O,0.6095238095238095
CCC(=O)Oc1ccc2c(c1)CC[C@@H]1C2=CC[C@]2(C)[C@@H](OO)CC[C@H]12,0.537577365163572
C#C[C@]1(C)CC[C@H]2[C@@H]3CC=C4C[C@H](OC(C)=O)CC[C@@]4(C)[C@@H]3CC[C@@]21C,0.5082508250825082
C#C[C@]12CC[C@H]3c4ccc(CC)cc4CC[C@H]3[C@H]1CC[C@H]2O,0.7562841530054645
C#C[C@@]12CCC[C@@H]1[C@@H]1CCc3cc(-c4ccc5c(c4)CC[C@H]4[C@H]6CC[C@@H](O)[C@@]6(C)CC[C@@H]54)ccc3[C@@H]1CC2,0.4203389830508475
COC(=O)OC(=O)Oc1ccc2c(c1)CC[C@@H]1C2=CC[C@]2(C)[C@@H](OO)CC[C@H]12,0.4757433489827856
C#C[C@]1(OC(=O)NCCC)CC[C@H]2[C@@H]3CCc4cc(CC)c(C)cc4[C@H]3CC[C@@]21C,0.5850037119524869
CO[C@@]12CC[C@@H]3[C@H](CCC4=CCCC[C@H]43)[C@H]1CC[C@@]2(O)[C@]1(O)CC[C@H]2[C@@H]3CCC4=C(CCC(=O)C4)[C@@H]3CC[C@@]21C,0.268760907504363
C#C[C@]1(OC)CC[C@H]2[C@@H]3CCC4=C(CCC(=O)C4)[C@@H]3CC[C@@]21C,0.5660018993352327
C[C@@]12CCC[C@@H]1[C@@H]1CCc3cc([C@@H]4CC[C@@H]5[C@@H]6CCC7=CC(=O)C=C[C@]7(C)[C@@H]6CC[C@@]54C)ccc3[C@@H]1CC2,0.3452938117524701
C#CC1(C#C)CC[C@H]2[C@@H]3CCc4cc(O)c(C)cc4[C@H]3CC[C@@]21C,0.7482587064676617
C[C@@]12CCC3=C4CCC(=O)C=C4CC[C@H]3[C@@H]1CC[C@]2(O)[C@@]12CCC[C@@H]1[C@@H]1CCc3cc(O)ccc3[C@@H]1CC2,0.3396778916544656
C#C[C@]1(O)CC[C@H]2[C@@H]3CCC4=C(CCC(=O)C4)[C@@H]3CC[C@@]21OC,0.5752380952380952
C#C[C@H]1CC[C@H]2[C@@H]3CCc4cc(O)c(OO)cc4[C@@H]3CC[C@@]12C,0.6930091185410334
CO[C@@]12CC[C@@H]3[C@H](CCC4=CCCC[C@H]43)[C@H]1CC[C@@]2(O)[C@]12C=CC(=O)C=C1CC[C@H]1[C@H]3CC[C@@H](O)[C@@]3(C)CC[C@H]12,0.30912951167728236
C#C[C@@H]1CCC[NH+]1[C@@H]1CCc2ccc(O[C@]3(O)CC[C@@H]4[C@H]5CCC6=CCCC[C@H]6[C@@H]5CC[C@]43C)cc2[C@@H]1O,0.45474613686534215
C#C[C@]1(CC(=O)NC)CC[C@H]2[C@@H]3CCc4cc(CC)c(C)cc4[C@H]3CC[C@@]21C,0.616867469879518
Cc1cc2c(cc1O)CC[C@@H]1[C@@H]2CC[C@@]2(C)[C@H]1CC[C@@]2(O)OO,0.6847935548841894
C#C[C@]1(NCCC)CC[C@H]2[C@@H]3CCc4cc(OO)c(C)cc4[C@H]3CC[C@@]21OO,0.6552567237163813
C#C[C@@H]1CCC[NH+]1[C@@H]1CCc2ccc(Oc3ccc4c(c3)CC[C@H]3[C@H]5CC[C@@H](O)[C@@]5(C#C)CC[C@@H]43)cc2[C@@H]1O,0.39538714991762763
C#C[C@]1(O)CC[C@H]2[C@@H]3CC=C4C[C@H](OC(C)=O)CC[C@@]4(C)[C@@H]3CC[C@@]21OC(C)=O,0.5069597069597069
C#C[C@]12CC[C@H]3c4ccc(-c5cc6c(cc5O)CC[C@@H]5[C@H]6CC[C@@]6(C)[C@@H](O)CC[C@@H]56)cc4CC[C@H]3[C@H]1CC[C@H]2O,0.37462235649546827
CCC[C@H]1CC[C@H]2[C@@H]3CCc4cc(O)c(OO)cc4[C@@H]3CC[C@@]12C,0.531895777178796
CCCNC(=O)OCCNO[C@]12CC[C@H]3c4c(C)cc(OC)cc4CC[C@H]3[C@@H]1CC[C@]2(C)O,0.49066666666666664
C[C@]12CC[C@@H]3[C@@H](CCC4=CC(=O)C=C[C@@]43C)[C@H]1CC[C@H]2O,0.6472491909385113
CO[C@@]12CC[C@@H]3[C@H](CCC4=CCCC[C@H]43)[C@H]1CC[C@@]2(O)[C@]12CC[C@@H]3[C@@H](CCC4=CC(=O)C=C[C@@]43C)[C@H]1CC[C@H]2O,0.3110528615115771
C#C[C@]1(O)CC[C@H]2[C@@H]3CCC4=C(CCC(=O)C4)[C@@H]3CC[C@@]21CC,0.5483568075117371
C[C@@]12CCC[C@@H]1[C@@H]1CCc3cc([C@]4(O)CC[C@H]5[C@@H]6CCC7=C(CCC(=O)C7)[C@@H]6CC[C@@]54C)ccc3[C@@H]1CC2,0.3681747269890795
C#C[C@]1(CCC)CC[C@H]2[C@@H]3CCc4cc(O)c(C)cc4[C@H]3CC[C@@]21C,0.7156308851224106
Cc1cc2c(cc1O)CC[C@@H]1[C@@H]2CC[C@@]2(C)[C@H]1CC[C@@]2(O)[C@]12CC[C@H]3c4ccc(O)cc4CC[C@H]3[C@H]1CC[C@H]2O,0.3256445047489823
C[C@@]12CC[C@H]3c4cc([C@]56C=CC(=O)C=C5CC[C@H]5[C@H]7CC[C@@H](O)[C@@]7(C)CC[C@H]56)c(O)cc4CC[C@H]3[C@@H]1CC[C@@H]2O,0.28815004262574595
CCCNc1ccc2c(c1)CC[C@H]1[C@H]3CC[C@@H](O)[C@@]3(C)CC[C@@H]21,0.6385542168674698
C#C[C@]1(O)CC[C@H]2[C@@H]3CC=C4C[C@H](OC(C)=O)CC[C@@]4(C)[C@@H]3CC[C@@]21CCC,0.518007662835249
C#C[C@]1(O)CC[C@H]2[C@@H]3CCC4=C(CCC(=O)C4)[C@@H]3CC[C@@]21OCC(=O)NC,0.4545454545454545
CCCN[C@]1(O)CC[C@@H]2[C@H]3CCC4=CCCC[C@H]4[C@@H]3CC[C@]21OC,0.4033333333333333
C#CC[C@@]1(C#C)CC[C@H]2[C@@H]3CCc4cc(CC)c(C)cc4[C@H]3CC[C@@]21C,0.6990990990990991
C#CCC1(C#C)CC[C@H]2[C@@H]3CCc4cc(O)c(C)cc4[C@H]3CC[C@@]21C,0.7156308851224106
CCc1ccc2c(c1)CC[C@H]1[C@H]3CC[C@@H](O)[C@@]3([C@@]34CC[C@H]5c6cc(Br)c(O)cc6CC[C@H]5[C@@H]3CC[C@@H]4O)CC[C@@H]21,0.2964912280701754
C#C[C@]1(OC(=O)NCCC)CC[C@H]2[C@@H]3CCc4cc(CC)c(C)cc4[C@H]3CC[C@@]21C,0.5850037119524869
C[C@@]12CC[C@H]3c4cc(Br)c(O)cc4CC[C@H]3[C@@H]1CC[C@@H]2[C@@]12CC[C@H]3c4cc(Br)c(O)cc4CC[C@H]3[C@@H]1CC[C@@H]2O,0.2976995940460081
C#C[C@]1(OC(=O)OC)CC[C@H]2[C@@H]3CCc4cc(OCCC)c(C)cc4[C@H]3CC[C@@]21C,0.6390168970814132
C#CC1(C#C)CC[C@H]2[C@@H]3CCc4cc(CCC)c(C)cc4[C@H]3CC[C@@]21C,0.6882882882882881
CCCN[C@]1(O)CC[C@H]2[C@@H]3CCC4=C(CCC(=O)C4)[C@@H]3CC[C@@]21C,0.442159383033419
C#C[C@H]1CC[C@H]2[C@@H]3CCc4cc(O)c(OO)cc4[C@@H]3CC[C@@]12NCCC,0.5533333333333332
CCCNC(=O)O[C@]12CC[C@H]3c4c(C)cc(OC)cc4CC[C@H]3[C@@H]1CC[C@]2(C)O,0.5446428571428571
C#Cc1ccc2c(c1)CC[C@@H]1C2=CC[C@]2(C)[C@@H](OO)CC[C@H]12,0.5483234714003944
C#C[C@@]12CCC[C@@H]1[C@@H]1CCc3cc([C@@H]4CC[C@@H]5[C@@H]6CCC7=CC(=O)C=C[C@]7(C)[C@@H]6CC[C@@]54C)ccc3[C@@H]1CC2,0.3875
COc1cc(C)c2c(c1)CC[C@@H]1[C@H]2CC[C@@]2(OO)[C@H]1CC[C@]2(C)O,0.7137254901960783
CCCNC(=O)O[C@@]1(OC(C)=O)CC[C@H]2[C@@H]3CCc4cc(CC)c(C)cc4[C@H]3CC[C@@]21C,0.4054726368159204
C#C[C@]1(COC(C)=O)CC[C@H]2[C@@H]3CCc4cc(O)c(C)cc4[C@H]3CC[C@@]21C,0.6821705426356589
CCCN[C@]12CC[C@H]3c4ccc(O)cc4CC[C@H]3[C@H]1CC[C@H]2O,0.5514636449480641
C#Cc1cc2c(cc1O)CC[C@@H]1[C@H]2CC[C@@]2(OC(=O)NCCC)[C@@H](O)CC[C@@H]12,0.4279475982532751
COC(=O)O[C@@]1(O)CC[C@H]2[C@@H]3CCC4=CC(=O)CCC4=C3CC[C@]21C,0.49872773536895676
CCCNC(=O)O[C@]1(O)CC[C@H]2[C@@H]3CCc4cc(O)c(C)cc4[C@H]3CC[C@@]21C,0.541471048513302
CN/N=C1\CC[C@H]2[C@H]3CCc4cc(O)ccc4[C@@H]3CC[C@]12C,0.5997973657548126
C[C@]12C=CC(=O)C=C1CC[C@H]1[C@H]3CC[C@@H](O)[C@@]3([C@]3(O)CC[C@@H]4[C@H]5CCC6=CCCC[C@H]6[C@@H]5CC[C@]43C)CC[C@H]12,0.31780821917808216
C#CC[C@@]12CC[C@H]3c4cc(OO)c(O)cc4CC[C@H]3[C@@H]1CC[C@@H]2C#C,0.5492227979274611
C#C[C@@]12CCC[C@@H]1[C@@H]1CCc3cc(OC(=O)OC)ccc3[C@@H]1CC2,0.6549707602339181
C#C[C@]1(NCC)CC[C@H]2[C@@H]3CCc4cc(OO)c(C)cc4[C@H]3CC[C@@]21OO,0.6855184233076264
C#CC1(C#C)CC[C@H]2[C@@H]3CCc4cc(C(=O)OC)c(C)cc4[C@H]3CC[C@@]21C,0.7176781002638523
C#CCO[C@]12CC[C@H]3c4c(C)cc(OC)cc4CC[C@H]3[C@@H]1CC[C@]2(C)O,0.7008086253369271
C#Cc1ccc2c(c1)CC[C@H]1[C@H]3CCC[C@@]3([C@H]3CC[C@H]4[C@@H]5CCc6cc(O)c(OO)cc6[C@@H]5CC[C@]43C)CC[C@@H]21,0.3390151515151515
C[C@]12CC[C@@H]3[C@@H](CCC4=CC(=O)C=C[C@@]43O)[C@H]1CC[C@H]2[C@]12CC[C@@H]3[C@@H](CCC4=CC(=O)C=C[C@@]43C)[C@H]1CC[C@H]2O,0.30645161290322576
C#C[C@@]1([C@]2(O)CC[C@@H]3[C@H]4CCC5=CCCC[C@H]5[C@@H]4CC[C@]32C)CC[C@H]2[C@@H]3CCC4=CC(=O)CCC4=C3CC[C@]21C,0.3516483516483516
CN/N=C1\CC[C@H]2[C@H]3CCc4cc(O)ccc4[C@@H]3CC[C@]12[C@@]12CCC[C@@H]1[C@@H]1CCc3cc(O)ccc3[C@@H]1CC2,0.26666666666666666
COc1cc2c(c(OC)c1)[C@@H]1CC[C@@]3(C)[C@@H](CC[C@]3(C)O)[C@@H]1CC2,0.7607607607607607
C#Cc1ccc2c(c1)CC[C@H]1[C@H]3CCC[C@@]3(C)CC[C@@H]21,0.664391353811149
C#C[C@]1(NCC)CC[C@H]2[C@@H]3CCc4cc(OO)c(C)cc4[C@H]3CC[C@@]21OO,0.6855184233076264
CCCN[C@@]12CC[C@H]3c4cc(OO)c(O)cc4CC[C@H]3[C@@H]1CC[C@@H]2O,0.4903442485306465
CCc1ccc2c(c1)CC[C@H]1[C@H]3CC[C@@H](O)[C@@]3(C(=O)OC)CC[C@@H]21,0.6033519553072626
C#C[C@]1(OC(=O)NCNCCC)CC[C@H]2[C@@H]3CCc4cc(OO)c(C)cc4[C@H]3CC[C@@]21C,0.5742296918767507
CO[C@@]12CCC[C@@H]1[C@@H]1CCc3cc(O)ccc3[C@@H]1CC2,0.6112956810631229
C#C[C@]1(C(=O)OC)CC[C@H]2[C@@H]3CCC4=C(CCC(=O)C4)[C@@H]3CC[C@@]21C,0.5312767780634104
CO[C@@]12CCC[C@@H]1[C@@H]1CCc3cc(O)ccc3[C@@H]1CC2,0.6112956810631229
CNC(=O)Oc1cc2c(c(OC)c1)[C@@H]1CC[C@@]3(C)[C@@H](CC[C@]3(C)O)[C@@H]1CC2,0.617968094038623
CCc1ccc2c(c1)CC[C@H]1[C@H]3CC[C@@H](O)[C@@]3([C@]34C=CC(=O)C=C3CC[C@H]3[C@H]5CC[C@@H](O)[C@@]5(C)CC[C@H]34)CC[C@@H]21,0.3191030616645105
C#CC1(C#C)CC[C@H]2[C@@H]3CCc4cc(CCC)c(C)cc4[C@H]3CC[C@@]21OC,0.6314021830394626
C#COc1cc2c(c(OC)c1)[C@@H]1CC[C@@]3(C)[C@@H](CC[C@]3(C)O)[C@@H]1CC2,0.6966292134831461
C#CC1(C(=O)OC)CC[C@H]2[C@@H]3CCc4cc(O)c(C)cc4[C@H]3CC[C@@]21C,0.6970509383378016
C#CC[C@]12CC[C@@H]3c4cc(C)c(CCC)cc4CC[C@H]3[C@@H]1CCC2(C#C)C#C,0.5638629283489096
C#CO[C@@]1(C#C)CC[C@H]2[C@@H]3CCc4cc(OO)c(C)cc4[C@H]3CC[C@@]21OO,0.6803418803418803
C#COc1cc2c(cc1O)CC[C@@H]1[C@@H]2CC[C@@]2(C)[C@H]1CC[C@]2(C#C)COC(C)=O,0.6276346604215457
C#COc1cc2c(cc1C)[C@H]1CC[C@@]3(C)[C@@H](CC[C@]3(C#C)OC)[C@@H]1CC2,0.7444444444444445
C#CC[C@]1(O)CC[C@H]2[C@@H]3CCc4cc(O)c(C)cc4[C@H]3CC[C@@]21C,0.7402985074626864
C#C[C@]1(COC(=O)C(=O)OC)CC[C@H]2[C@@H]3CCc4cc(O)c(C)cc4[C@H]3CC[C@@]21C,0.6066066066066066
C#C[C@]1(OC)CC[C@H]2[C@@H]3CCc4cc(OO)c(C)cc4[C@H]3CC[C@@]21OO,0.7550644567219154
C#CCO[C@]12CC[C@H]3c4c(C)cc(OC)cc4CC[C@H]3[C@@H]1CC[C@@]2(O)CC#C,0.611243072050673
C#C[C@]1(OC(=O)OC)CC[C@H]2[C@@H]3CCc4cc(OC(=O)OC)c(C)cc4[C@H]3CC[C@@]21C,0.6023391812865497
C#C[C@]1(OC)CC[C@H]2[C@@H]3CCc4cc(OC(C)=O)c(C)cc4[C@H]3CC[C@@]21OO,0.7316239316239317
C#CC1(CCC)CC[C@H]2[C@@H]3CCc4cc(C(=O)OC)c(C)cc4[C@H]3CC[C@@]21C,0.6749792186201163
COc1cc(OOO)cc2c1[C@@H]1CC[C@@]3(C)[C@@H](CC[C@]3(C)O)[C@@H]1CC2,0.674074074074074
C#C[C@]1(O)CC[C@H]2[C@@H]3CCc4cc(O)c(C)cc4[C@H]3CC[C@@]21OC(=O)OC,0.6466666666666666
C#CC[C@]12CC[C@@H]3c4cc(C)c(OO)cc4CC[C@H]3[C@@H]1CC[C@]2(C#C)NCCC,0.580887885628292
C#C[C@H]1CC[C@H]2[C@@H]3CCc4cc(O)c(OO)cc4[C@@H]3CC[C@@]12C,0.6930091185410334
C#CCCc1cc2c(cc1C)[C@H]1CC[C@@]3(C)[C@@H](CCC3(C#C)C#C)[C@@H]1CC2,0.6326530612244898
C#CC[C@]1(O)CC[C@H]2[C@@H]3CCc4cc(O)c(C)cc4[C@H]3CC[C@@]21OOO,0.6119658119658119
C#CC1(C#C)CC[C@H]2[C@@H]3CCc4cc(C(=O)OC)c(OC(C)=O)cc4[C@H]3CC[C@@]21C,0.6133333333333333
C#CC1(CCC)CC[C@H]2[C@@H]3CCc4cc(C(=O)OC)c(C)cc4[C@H]3CC[C@@]21C,0.6749792186201163
CC[C@]1(OC)CC[C@H]2[C@@H]3CCc4cc(O)c(C)cc4[C@H]3CC[C@@]21C,0.5930018416206261
C#CC1(C(=O)OCCC)CC[C@H]2[C@@H]3CCc4cc(O)c(C)cc4[C@H]3CC[C@@]21C,0.6375404530744336
C#CC1(OC(=O)OC)CC[C@H]2[C@@H]3CCc4cc(C(=O)OC)c(C)cc4[C@H]3CC[C@@]21C,0.6184012066365008
C#C[C@]12CC[C@H]3c4ccc([C@]56CC[C@H]7c8ccc(O)cc8CC[C@H]7[C@H]5CC[C@H]6O)cc4CC[C@H]3[C@H]1CC[C@H]2O,0.3274509803921568
C#CCO[C@]12CC[C@H]3c4c(C)cc(OC)cc4CC[C@H]3[C@@H]1CC[C@@]2(O)CC,0.6481947942905122
C#CC1(OC(C)=O)CC[C@H]2[C@@H]3CCc4cc(O)c(C)cc4[C@H]3CC[C@@]21C,0.6953405017921146
C#CCCC1(C#C)CC[C@H]2[C@@H]3CCc4cc(C(=O)OC)c(C)cc4[C@H]3CC[C@@]21C,0.6429136975455265
C#CC[C@]12CC[C@@H]3c4cc(C)c(OO)cc4CC[C@H]3[C@@H]1CC[C@]2(C#C)NCCC,0.580887885628292
CC[C@@]12CCC[C@@H]1[C@@H]1CCc3cc(O)ccc3[C@@H]1CC2,0.5921052631578947
C#COc1cc2c(cc1C)[C@H]1CC[C@@]3(C)[C@@H](CC[C@]3(C#C)COC(C)=O)[C@@H]1CC2,0.6491646778042959
C#COc1cc(OOO)cc2c1[C@@H]1CC[C@@]3(C)[C@@H](CC[C@]3(C)O)[C@@H]1CC2,0.6405570060922541
COc1cc2c(c(OC)c1)[C@@H]1CC[C@@]3(C)[C@@H](CC[C@]3(C)O)[C@@H]1CC2,0.7607607607607607
C#C[C@]1(COC(C)=O)CC[C@H]2[C@@H]3CCc4cc(O)c(OOO)cc4[C@H]3CC[C@@]21C,0.65086887835703
C#CCc1ccc2c(c1)CC[C@H]1[C@H]3CC[C@@H](O)[C@@]3(C#C)CC[C@@H]21,0.6309523809523809
C#C[C@]1(NCCC)CC[C@H]2[C@@H]3CCc4cc(OO)c(C)cc4[C@H]3CC[C@@]21OO,0.6552567237163813
C#CC[C@]12CC[C@H]3c4ccc(O)cc4CC[C@H]3[C@H]1CC[C@H]2O,0.7071352502662407
C#C[C@]1(OC)CC[C@H]2[C@@H]3CCc4cc(C)c(C)cc4[C@H]3CC[C@@]21OO,0.7386363636363635
C#C[C@]1(COC(=O)OO)CC[C@H]2[C@@H]3CCc4cc(O)c(C)cc4[C@H]3CC[C@@]21C,0.6535303776683087
C#CC1(C#C)CC[C@H]2[C@@H]3CCc4cc(CCC)c(C(=O)OC)cc4[C@H]3CC[C@@]21C,0.665090622537431
C#C[C@]1(OOC)CC[C@H]2[C@@H]3CCc4cc(O)c(C)cc4[C@H]3CC[C@@]21C,0.7509578544061302
C#CC1(CC(=O)OC)CC[C@H]2[C@@H]3CCc4cc(O)c(C)cc4[C@H]3CC[C@@]21C,0.6890611541774332
C#CC1(C(=O)OC)CC[C@H]2[C@@H]3CCc4cc(O)c(OO)cc4[C@H]3CC[C@@]21C,0.6734693877551019
C#COO[C@@]1(C#C)CC[C@H]2[C@@H]3CCc4cc(OO)c(C)cc4[C@H]3CC[C@@]21OO,0.6359967715899919
C#C[C@]1(OC)CC[C@H]2[C@@H]3CCc4cc(OOOO)c(C)cc4[C@H]3CC[C@@]21C,0.7217777777777777
C#CCO[C@]12CC[C@H]3c4c(C)cc(OC)cc4CC[C@H]3[C@@H]1CC[C@]2(C)OC(=O)OC,0.4979253112033195
C#CCO[C@]12CC[C@H]3c4c(C)cc(OC)cc4CC[C@H]3[C@@H]1CC[C@]2(C)CC(=O)OC,0.5017325017325017
C#CO[C@]1(OC)CC[C@H]2[C@@H]3CCc4cc(C)c(C)cc4[C@H]3CC[C@@]21OO,0.6219931271477663
C#C[C@H]1CC[C@H]2[C@@H]3CCc4cc(O)c(OO)cc4[C@@H]3CC[C@@]12O,0.6449060336300692
CO[C@@]1(OC(C)=O)CC[C@H]2[C@@H]3CCc4cc(OO)c(C)cc4[C@H]3CC[C@@]21OO,0.5128205128205128
C#CC[C@@]1(C#C)CC[C@H]2[C@@H]3CCc4cc(OO)c(C)cc4[C@H]3CC[C@@]21C,0.7613741875580315
COOc1cc2c(c(OC)c1)[C@@H]1CC[C@@]3(C)[C@@H](CC[C@]3(C)O)[C@@H]1CC2,0.7138810198300283
C#C[C@H]1CC[C@H]2[C@@H]3CCc4cc(O)c(CC(=O)OC)cc4[C@@H]3CC[C@@]12C,0.636920384951881
COO[C@]12CC[C@H]3c4c(C)cc(OC)cc4CC[C@H]3[C@@H]1CC[C@]2(C)O,0.6759002770083102
CCO[C@]12CC[C@H]3c4c(C)cc(OC)cc4CC[C@H]3[C@@H]1CC[C@]2(C)O,0.6759002770083102
CO[C@@]1(OC(C)=O)CC[C@H]2[C@@H]3CCc4cc(C)c(C)cc4[C@H]3CC[C@@]21OO,0.5066045066045066
C#CC1(CC(=O)OC)CC[C@H]2[C@@H]3CCc4cc(OC(C)=O)c(C)cc4[C@H]3CC[C@@]21C,0.6406130268199233
CCO[C@]12CC[C@H]3c4c(O)cc(OC)cc4CC[C@H]3[C@@H]1CC[C@]2(C)O,0.6703499079189688
C#C[C@]1(CC)CC[C@H]2[C@@H]3CCc4cc(O)c(C)cc4[C@H]3CC[C@@]21C,0.7544910179640718
C#Cc1cc2c(cc1C)[C@H]1CC[C@@]3(C)[C@@H](CCC3(C#C)CCC)[C@@H]1CC2,0.6508355321020228
C#C[C@]1(OC)CC[C@H]2[C@@H]3CCc4cc(OO)c(C)cc4[C@H]3CC[C@@]21OO,0.7550644567219154
C#C[C@]1(OC)CC[C@H]2[C@@H]3CCc4cc(C)c(C)cc4[C@H]3CC[C@@]21OO,0.7386363636363635
C#CCC[C@@]1(C#C)CC[C@H]2[C@@H]3CCc4cc(O)c(C)cc4[C@H]3CC[C@@]21C,0.6719999999999999
C#CC1(C#C)CC[C@H]2[C@@H]3CCc4cc(O)c(C)cc4[C@H]3CC[C@@]21OC,0.6648401826484018
C#CC[C@]12CC[C@H]3c4ccc(O)cc4CC[C@H]3[C@H]1CC[C@H]2OC,0.6807653575025175
C#CC[C@]1(O)CC[C@H]2[C@@H]3CCc4cc(O)c(CC)cc4[C@H]3CC[C@@]21C,0.7176581680830971
C#CCC1(C#C)CC[C@H]2[C@@H]3CCc4cc(C(=O)OC)c(C)cc4[C@H]3CC[C@@]21C,0.6850459482038429
C#C[C@H]1CC[C@H]2[C@@H]3CCc4cc(CC)c(OO)cc4[C@@H]3CC[C@@]12C,0.7402985074626864
C#C[C@]1(O)CC[C@H]2[C@@H]3CCc4cc(O)c(C)cc4[C@H]3CC[C@@]21CC,0.7774420946626385
C#C[C@]1(OC)CC[C@H]2[C@@H]3CCc4cc(OC(=O)CC)c(C)cc4[C@H]3CC[C@@]21OO,0.6993464052287581
CCC(=O)c1cc(OC)cc2c1[C@@H]1CC[C@@]3(C)[C@@H](CC[C@]3(C)O)[C@@H]1CC2,0.6896551724137931
C#COC[C@@]1(C#C)CC[C@H]2[C@@H]3CCc4cc(OO)c(C)cc4[C@H]3CC[C@@]21C,0.7104111986001749
C#C[C@]1(OC)CC[C@H]2[C@@H]3CCc4cc(OC(=O)CC)c(C)cc4[C@H]3CC[C@@]21OO,0.6993464052287581
C#Cc1cc(OC)cc2c1[C@@H]1CC[C@@]3(OO)[C@@H](CC[C@]3(C)O)[C@@H]1CC2,0.7348484848484849
C#Cc1cc2c(cc1C)[C@H]1CC[C@@]3(C)[C@@H](CC[C@]3(C#C)CCC)[C@@H]1CC2,0.6508355321020228
C#CC[C@]1(OOC)CC[C@H]2[C@@H]3CCc4cc(O)c(CC)cc4[C@H]3CC[C@@]21C,0.6266666666666666
C#C[C@]1(OO)CC[C@H]2[C@@H]3CCc4cc(C)c(C)cc4[C@H]3CC[C@@]21OO,0.7096171802054154
C#C[C@]1(CCC)CC[C@H]2[C@@H]3CCc4cc(O)c(C)cc4[C@H]3CC[C@@]21C,0.7156308851224106
C#C[C@]1(CC(=O)CC)CC[C@H]2[C@@H]3CCc4cc(O)c(C)cc4[C@H]3CC[C@@]21C,0.6381192275398824
C#C[C@]1(OC)CC[C@H]2[C@@H]3CCc4cc(OO)c(C)cc4[C@H]3CC[C@@]21C,0.796078431372549
C#CO[C@]1(O)CC[C@H]2[C@@H]3CCc4cc(OC)cc(C)c4[C@@H]3CC[C@@]21OO,0.6899016979445933
C#CC[C@]12CC[C@H]3c4ccc(O)cc4CC[C@H]3[C@H]1CC[C@H]2OO,0.6449060336300692
C#C[C@]1(OC)CC[C@H]2[C@@H]3CCc4cc(OC(=O)CC)c(C)cc4[C@H]3CC[C@@]21OOC(=O)CC,0.5203883495145631
CO[C@]12CC[C@H]3c4ccc(O)cc4CC[C@H]3[C@H]1CC[C@H]2O,0.6345123258306538
C#CO[C@]1(O)CC[C@H]2[C@@H]3CCc4cc(O)c(CC)cc4[C@H]3CC[C@@]21C,0.7411652340019101
COC(=O)C1(OC)CC[C@H]2[C@@H]3CCc4cc(O)c(C)cc4[C@H]3CC[C@@]21C,0.5366255144032921
C#C[C@]1(OC)CC[C@H]2[C@@H]3CCc4cc(OC(=O)OOC)c(C)cc4[C@H]3CC[C@@]21OO,0.6619828259172521
C#CCO[C@]12CC[C@H]3c4c(C)cc(OC)cc4CC[C@H]3[C@@H]1CC[C@]2(C)CC,0.5853658536585366
C#C[C@]1(O)CC[C@H]2[C@@H]3CCc4cc(O)c(C)cc4[C@H]3CC[C@@]21C(=O)CC,0.6579634464751958
COOc1cc2c(c(OC)c1)[C@@H]1CC[C@@]3(OOC)[C@@H](CC[C@]3(C)O)[C@@H]1CC2,0.6120760959470637
C#COO[C@]12CC[C@@H]3c4cc(C)c(C)cc4CC[C@H]3[C@@H]1CC[C@]2(C#C)OO,0.6126126126126126
C#C[C@H]1CC[C@H]2[C@@H]3CCc4cc(O)c(OO)cc4[C@@H]3CC[C@@]12C,0.6930091185410334
C#C[C@]1(CCOC)CC[C@H]2[C@@H]3CCc4cc(O)c(C)cc4[C@H]3CC[C@@]21C,0.7326007326007327
C#C[C@]1(OC)CC[C@H]2[C@@H]3CCc4cc(C)c(C)cc4[C@H]3CC[C@@]21OO,0.7386363636363635
C#CC1(O)CC[C@H]2[C@@H]3CCc4cc(C(=O)OC)c(C)cc4[C@H]3CC[C@@]21C,0.8666666666666667
C#Cc1cc2c(cc1C)[C@H]1CC[C@@]3(C)[C@@H](CCC3(O)C#C)[C@@H]1CC2,0.8307372793354101
Cc1cc2c(cc1O)CC[C@@H]1[C@@H]2CC[C@@]2(C)[C@H]1CC[C@]2(C)O,0.6919831223628692
C#CO[C@@]1(C#C)CC[C@H]2[C@@H]3CCc4cc(OOOO)c(C)cc4[C@H]3CC[C@@]21C,0.6835016835016835
COO[C@]1(OC)CC[C@H]2[C@@H]3CCc4cc(OO)c(C)cc4[C@H]3CC[C@@]21C,0.5656565656565656
C#C[C@]1(CCC)CC[C@H]2[C@@H]3CCc4cc(OC)c(C)cc4[C@H]3CC[C@@]21C,0.7969782813975448
C#CCO[C@]12CC[C@H]3c4c(C)cc(OC)cc4CC[C@H]3[C@@H]1CC[C@]2(C)O,0.7008086253369271
C#CO[C@]1(O)CC[C@H]2[C@@H]3CCc4cc(COC)c(CC)cc4[C@H]3CC[C@@]21C,0.7285587975243147
CCC(=O)Oc1ccc2c(c1)CC[C@H]1[C@H]3CC[C@@H](O)[C@@]3(C)CC[C@@H]21,0.714859437751004
C#C[C@]1(OO)CC[C@H]2[C@@H]3CCc4cc(C)c(C)cc4[C@H]3CC[C@@]21OO,0.7096171802054154
C#C[C@]1(CCC)CC[C@H]2[C@@H]3CCc4cc(COC)c(C)cc4[C@H]3CC[C@@]21C,0.7034120734908136
C#CO[C@]1(O)CC[C@H]2[C@@H]3CCc4cc(OOC)c(CC)cc4[C@H]3CC[C@@]21C,0.7562724014336918
CC[C@]1(OC)CC[C@H]2[C@@H]3CCc4cc(C)c(C)cc4[C@H]3CC[C@@]21OO,0.5709312445604873
C#CO[C@]1(O)CC[C@H]2[C@@H]3CCc4cc(CCOC)c(CC)cc4[C@H]3CC[C@@]21C,0.6800670016750419
COc1ccc2c(c1)CC[C@H]1[C@H]3CC[C@@H](O)[C@@]3(C)CC[C@@H]21,0.9368029739776952
C#Cc1cc(OC)cc2c1[C@@H]1CC[C@@]3(OO)[C@@H](CC[C@@]3(O)OOC)[C@@H]1CC2,0.6171617161716172
CCc1cc2c(cc1OO)[C@@H]1CC[C@@]3(C)[C@@H](OC(C)=O)CC[C@H]3[C@@H]1CC2,0.5102880658436213
C#C[C@]1(OC)CC[C@H]2[C@@H]3CCc4cc(OO)c(C)cc4[C@H]3CC[C@@]21OC(C)=O,0.6175771971496437
COOc1cc2c(c(OC)c1)[C@@H]1CC[C@@]3(OC)[C@@H](CC[C@]3(C)O)[C@@H]1CC2,0.6387434554973821
CCOc1cc2c(c(OC)c1)[C@@H]1CC[C@@]3(C)[C@@H](CC[C@]3(C)O)[C@@H]1CC2,0.7196969696969697
C#CO[C@]1(O)CC[C@H]2[C@@H]3CCc4cc(OOC(C)=O)c(CC)cc4[C@H]3CC[C@@]21C,0.6731391585760518
C#C[C@]1(OO)CC[C@H]2[C@@H]3CCc4cc(CC)c(C)cc4[C@H]3CC[C@@]21OO,0.7044025157232704
C#C[C@]1(OC)CC[C@H]2[C@@H]3CCc4cc(OC(=O)OC(C)=O)c(C)cc4[C@H]3CC[C@@]21OO,0.6352059925093633
CCc1ccc2c(c1)CC[C@H]1[C@H]3CC[C@@H]([C@]45CC[C@H]6c7ccc(O)cc7CC[C@H]6[C@H]4CC[C@H]5O)[C@@]3(C)CC[C@@H]21,0.35311143270622286
C#CC1(O)CC[C@H]2[C@@H]3CCc4cc(COC)c(C)cc4[C@H]3CC[C@@]21C,0.9124999999999999
COc1cc(OOO)cc2c1[C@@H]1CC[C@@]3(C)[C@@H](CC[C@]3(C)O)[C@@H]1CC2,0.674074074074074
C#C[C@]1(CCOO)CC[C@H]2[C@@H]3CCc4cc(O)c(C)cc4[C@H]3CC[C@@]21C,0.7326007326007327
CCC[C@]1(OC)CC[C@H]2[C@@H]3CCc4cc(O)c(C)cc4[C@H]3CC[C@@]21C,0.5704286964129484
CC(=O)OCC(=O)Oc1ccc2c(c1)CC[C@H]1[C@H]3CC[C@@H](O)[C@@]3(C)CC[C@@H]21,0.6057441253263707
C#C[C@H]1CC[C@H]2[C@@H]3CCc4cc(CC)c(OO)cc4[C@@H]3CC[C@@]12C,0.7402985074626864
C#C[C@]1(OC)CC[C@H]2[C@@H]3CCc4cc(OC(=O)OC)c(C)cc4[C@H]3CC[C@@]21OO,0.6894308943089431
C#Cc1cc(OC)cc2c1[C@@H]1CC[C@@]3(OCCC)[C@@H](CC[C@]3(C)O)[C@@H]1CC2,0.6565656565656566
C#C[C@]1(OC)CC[C@H]2[C@@H]3CCc4cc(O)c(C)cc4[C@H]3CC[C@@]21C,0.7862208713272543
C#C[C@]1(OC)CC[C@H]2[C@@H]3CCc4cc(O)c(C)cc4[C@H]3CC[C@@]21OC(C)=O,0.6096169519152403
CCOc1cc2c(c(OC)c1)[C@@H]1CC[C@@]3(C)[C@@H](CC[C@]3(C)O)[C@@H]1CC2,0.7196969696969697
C#CC1(C#C)CC[C@H]2[C@@H]3CCc4cc(C(=O)OC)c(C)cc4[C@H]3CC[C@@]21C,0.7176781002638523
C#CC1(O)CC[C@H]2[C@@H]3CCc4cc(COC)c(O)cc4[C@H]3CC[C@@]21C,0.8847736625514402
C#CC1(CC)CC[C@H]2[C@@H]3CCc4cc(C(=O)OC)c(C)cc4[C@H]3CC[C@@]21C,0.7176781002638523
CO[C@@]1(OO)CC[C@H]2[C@@H]3CCc4cc(OO)c(C)cc4[C@H]3CC[C@@]21C,0.6340579710144927
C#CC1(O)CC[C@H]2[C@@H]3CCc4cc(COC)c(C)cc4[C@H]3CC[C@@]21COC,0.7634408602150538
C#CO[C@]1(O)CC[C@H]2[C@@H]3CCc4cc(OOC)c(CC)cc4[C@H]3CC[C@@]21COO,0.6082949308755761
COc1cc(OCOC(C)=O)cc2c1[C@@H]1CC[C@@]3(C)[C@@H](CC[C@]3(C)O)[C@@H]1CC2,0.611111111111111
C#C[C@H]1CC[C@H]2[C@@H]3CCc4cc(CC)c(O)cc4[C@@H]3CC[C@@]12C,0.732919254658385
C#C[C@]1(OCC)CC[C@H]2[C@@H]3CCc4cc(OC)c(C)cc4[C@H]3CC[C@@]21C,0.7909604519774011
C#CC1(OC)CC[C@H]2[C@@H]3CCc4cc(O)c(C)cc4[C@H]3CC[C@@]21C,0.7862208713272543
C#C[C@]1(CCOC)CC[C@H]2[C@@H]3CCc4cc(O)c(C)cc4[C@H]3CC[C@@]21COO,0.612954186413902
CCOc1cc2c(c(OC(=O)OC)c1)[C@@H]1CC[C@@]3(C)[C@@H](CC[C@]3(C)O)[C@@H]1CC2,0.5964090554254489
C#C[C@]1(C(=O)OC)CC[C@H]2[C@@H]3CCc4cc(OO)c(C)cc4[C@H]3CC[C@@]21C,0.7030303030303029
C#CC1(O)CC[C@H]2[C@@H]3CCc4cc(COO)c(C)cc4[C@H]3CC[C@@]21COC,0.7192982456140351
COc1cc(C)c2c(c1)CC[C@@H]1[C@H]2CC[C@@]2(OCOO)[C@H]1CC[C@]2(C)O,0.6370757180156658
CC[C@]1(OC)CC[C@H]2[C@@H]3CCc4cc(O)c(C)cc4[C@H]3CC[C@@]21C,0.5930018416206261
C#CC1(O)CC[C@H]2[C@@H]3CCc4cc(COC)c(C)cc4[C@H]3CC[C@@]21COOC(C)=O,0.6453576864535768
COc1ccc2c(c1)CC[C@H]1[C@H]3CC[C@@H](COO)[C@@]3(C)CC[C@@H]21,0.7528916929547844
COC(=O)c1cc(OC)cc2c1[C@@H]1CC[C@@]3(C)[C@@H](CC[C@]3(C)O)[C@@H]1CC2,0.6843033509700176
C#C[C@]1(OC)CC[C@H]2[C@@H]3CCc4cc(OC(C)=O)c(C)cc4[C@H]3CC[C@@]21OO,0.7316239316239317
C#CC[C@]1(O)CC[C@H]2[C@@H]3CCc4cc(CC)c(C)cc4[C@H]3CC[C@@]21C,0.7514450867052023
C#CC[C@]1(O)CC[C@H]2[C@@H]3CCc4cc(O)c(C(=O)OC)cc4[C@H]3CC[C@@]21C,0.7298245614035088
C#CCOCC[C@@]1(C#C)CC[C@H]2[C@@H]3CCc4cc(O)c(C)cc4[C@H]3CC[C@@]21C,0.6501650165016502
C#CC1(COC)CC[C@H]2[C@@H]3CCc4cc(COC)c(C)cc4[C@H]3CC[C@@]21COC,0.5949656750572082
C#C[C@]1(OOO)CC[C@H]2[C@@H]3CCc4cc(C)c(C)cc4[C@H]3CC[C@@]21OO,0.6684256816182936
CCc1cc2c(cc1C)[C@H]1CC[C@@]3(C)[C@@H](CC[C@@]3(O)CC(=O)OC)[C@@H]1CC2,0.6164154103852596
C#CC1(C#C)CC[C@H]2[C@@H]3CCc4cc(C(=O)OC)c(C)cc4[C@H]3CC[C@@]21C,0.7176781002638523
C#CCc1cc2c(cc1O)CC[C@@H]1[C@@H]2CC[C@@]2(C)[C@H]1CC[C@]2(C#C)OOC,0.6581849024597116
C#CC1(OC)CC[C@H]2[C@@H]3CCc4cc(OC(C)=O)c(C)cc4[C@H]3CC[C@@]21C,0.7511230907457322
COCc1cc2c(cc1C)[C@H]1CC[C@@]3(C)[C@@H](CCC3(O)COO)[C@@H]1CC2,0.659536541889483
C#CC[C@]12CC[C@@H]3c4cc(C)c(O)cc4CC[C@H]3[C@@H]1CC[C@]2(C#C)CCOC,0.5901639344262295
C#C[C@]1(O)CC[C@H]2[C@@H]3CCc4cc(O)c(OC)cc4[C@H]3CC[C@@]21CC,0.8373015873015872
C#C[C@H]1CC[C@H]2[C@@H]3CCc4cc(CC)c(CC)cc4[C@@H]3CC[C@@]12C,0.6628352490421455
C#C[C@]1(OC)CC[C@H]2[C@@H]3CCc4cc(OO)c(C)cc4[C@H]3CC[C@@]21OO,0.7550644567219154
C#C[C@]12CC[C@H]3c4ccc([C@@H]5CC[C@@H]6[C@@H]7CCc8cc(CC)ccc8[C@@H]7CC[C@@]65C)cc4CC[C@H]3[C@H]1CC[C@H]2O,0.42006269592476486
C#CO[C@]1(O)CC[C@H]2[C@@H]3CCc4cc(OOC)c(CC)cc4[C@H]3CC[C@@]21C#C,0.6933333333333334
C#C[C@H]1CC[C@H]2[C@@H]3CCc4cc(CC)c(C)cc4[C@@H]3CC[C@@]12C,0.7075664621676891
C#C[C@]1(OC)CC[C@H]2[C@@H]3CCc4cc(O)c(C)cc4[C@H]3CC[C@@]21C,0.7862208713272543
C#C[C@]1(OC(=O)OC)CC[C@H]2[C@@H]3CCc4cc(OO)c(C)cc4[C@H]3CC[C@@]21OO,0.6189376443418013
C#CC[C@@]1(C#C)CC[C@H]2[C@@H]3CCc4cc(OO)c(C)cc4[C@H]3CC[C@@]21C,0.7613741875580315
COc1cc2c(c(OC)c1)[C@@H]1CC[C@@]3(C)[C@@H](CC[C@]3(C)OO)[C@@H]1CC2,0.663003663003663
C#C[C@]1(O)CC[C@H]2[C@@H]3CCc4cc(O)c(C)cc4[C@H]3CC[C@@]21C(=O)OC,0.6896551724137931
Cc1cc2c(cc1O)CC[C@@H]1[C@@H]2CC[C@@]2(C)[C@H]1CCC2(O)O,0.6919831223628692
C#CC[C@@]1(CC)CC[C@H]2[C@@H]3CCc4cc(OO)c(C)cc4[C@H]3CC[C@@]21C,0.6827524575513851
C#C[C@]1(O)CC[C@H]2[C@@H]3CCc4cc(C)c(C)cc4[C@H]3CC[C@@]21OO,0.7710843373493975
CCc1ccc2c(c1)CC[C@H]1[C@H]3CC[C@@H](Oc4ccc5c(c4)CC[C@H]4[C@H]6CC[C@@H](O)[C@@]6(C)CC[C@@H]54)[C@@]3(C)CC[C@@H]21,0.42512077294685985
C#C[C@]1(O)CC[C@H]2[C@@H]3CCc4cc(O)c(OOC)cc4[C@H]3CC[C@@]21CC,0.8181818181818181
COCc1cc2c(cc1O)[C@H]1CC[C@@]3(C)[C@@H](CCC3(O)OO)[C@@H]1CC2,0.6741154562383613
C#C[C@]1(O)CC[C@H]2[C@@H]3CCc4cc(O)c(CC)cc4[C@H]3CC[C@@]21CC,0.7504761904761904
CCc1cc2c(cc1C)[C@H]1CC[C@@]3(C)[C@@H](CCC3(O)O)[C@@H]1CC2,0.7116564417177914
C#C[C@]1(OOC)CC[C@H]2[C@@H]3CCc4cc(O)c(C)cc4[C@H]3CC[C@@]21C,0.7509578544061302
C#C[C@H]1CC[C@H]2[C@@H]3CCc4cc(COOC)c(OO)cc4[C@@H]3CC[C@@]12C,0.6401414677276746
C#CC1(O)CC[C@H]2[C@@H]3CCc4cc(COC)c(C)cc4[C@H]3CC[C@@]21C#C,0.7715355805243445
C#CC1(C)CC[C@H]2[C@@H]3CCc4cc(COC)c(O)cc4[C@H]3CC[C@@]21C,0.8055555555555555
C#C[C@]1(OC)CC[C@H]2[C@@H]3CCc4cc(OO)c(C)cc4[C@H]3CC[C@@]21CC,0.7210144927536232
C#CCOc1cc2c(cc1O)CC[C@@H]1[C@@H]2CC[C@@]2(CC)[C@H]1CC[C@@]2(O)C#C,0.6890611541774332
C#CC1(C)CC[C@H]2[C@@H]3CCc4cc(CCC)c(O)cc4[C@H]3CC[C@@]21C,0.7437379576107899
C#CCc1cc2c(cc1COC)CC[C@@H]1[C@@H]2CC[C@@]2(C)[C@H]1CCC2(O)C#C,0.7841011743450768
C#Cc1cc2c(cc1CCC)CC[C@@H]1[C@@H]2CC[C@@]2(C)[C@H]1CCC2(C)C#C,0.6631205673758864
C#CO[C@]1(O)CC[C@H]2[C@@H]3CCc4cc(OOC)c(CC)cc4[C@H]3CC[C@@]21OC,0.6782464846980976
C#CCC[C@]1(O)CC[C@H]2[C@@H]3CCc4cc(CC)c(C)cc4[C@H]3CC[C@@]21C,0.6684539767649686
C#C[C@]12CC[C@H]3c4ccc(Oc5ccc6c(c5)CC[C@H]5[C@H]7CC[C@@H](O)[C@@]7(C)CC[C@@H]65)cc4CC[C@H]3[C@H]1CC[C@H]2O,0.4504201680672269
C#CC1(C)CC[C@H]2[C@@H]3CCc4cc(CCC)c(OC)cc4[C@H]3CC[C@@]21C,0.7752808988764045
C#CC1(OC)CC[C@H]2[C@@H]3CCc4cc(CCC)c(OC)cc4[C@H]3CC[C@@]21C,0.7139107611548556
C#CC1(O)CC[C@H]2[C@@H]3CCc4cc(COO)c(O)cc4[C@H]3CC[C@@]21C,0.8119402985074626
COC(=O)[C@]12CC[C@H]3c4c(C)cc(OC)cc4CC[C@H]3[C@@H]1CC[C@]2(C)O,0.6337662337662338
C#CC1(O)CC[C@H]2[C@@H]3CCc4cc(COC)c(C)cc4[C@H]3CC[C@@]21OOC,0.7522281639928698
C#C[C@]1(OO)CC[C@H]2[C@@H]3CCc4cc(OO)c(C)cc4[C@H]3CC[C@@]21C,0.8343313373253493
CCC1(C)CC[C@H]2[C@@H]3CCc4cc(COC)c(O)cc4[C@H]3CC[C@@]21C,0.6142728093947606
C#Cc1cc2c(cc1C)[C@H]1CC[C@@]3(C)[C@@H](CCC3(C)C#C)[C@@H]1CC2,0.7158308751229105
CCOC[C@@H]1CC[C@@H]2[C@@H]3CCc4cc(OC)ccc4[C@@H]3CC[C@]12C,0.6764418377321603
C#CC[C@@]1(C#C)CC[C@H]2[C@@H]3CCc4cc(OO)c(C)cc4[C@H]3CC[C@@]21OO,0.6855184233076264
C#CCOCc1cc2c(cc1O)[C@H]1CC[C@@]3(C)[C@@H](CCC3(O)C#C)[C@@H]1CC2,0.750455373406193
CCC[C@]12CC[C@H]3c4ccc(OC)cc4CC[C@H]3[C@H]1CC[C@H]2COO,0.6021505376344085
COCc1cc2c(cc1O)[C@H]1CC[C@@]3(C)[C@@H](CCC3(C)COO)[C@@H]1CC2,0.6076388888888888
C#CC[C@@]1(COO)CC[C@H]2[C@@H]3CCc4cc(OO)c(C)cc4[C@H]3CC[C@@]21C,0.6598639455782312
C#CCc1cc2c(cc1C)[C@H]1CC[C@@]3(C)[C@@H](CCC3(C#C)OC)[C@@H]1CC2,0.6774193548387096
C#COc1cc2c(cc1C)[C@H]1CC[C@@]3(C)[C@@H](CC[C@]3(C#C)OO)[C@@H]1CC2,0.7916666666666666
C#Cc1cc2c(cc1C)[C@H]1CC[C@@]3(C)[C@@H](CCC3(C#C)OOC)[C@@H]1CC2,0.6827524575513851
C#CC1(O)CC[C@H]2[C@@H]3CCc4cc(O)c(O)cc4[C@H]3CC[C@@]21C,0.8284789644012944
C#C[C@]1(OC)CC[C@H]2[C@@H]3CCc4cc(O)c(OOC)cc4[C@H]3CC[C@@]21C,0.7984934086629002
C#Cc1cc2c(cc1C)[C@H]1CC[C@@]3(C)[C@@H](CC[C@]3(C#C)OCC)[C@@H]1CC2,0.6719999999999999
C#CC1(C)CC[C@H]2[C@@H]3CCc4cc(OC)c(OC)cc4[C@H]3CC[C@@]21C,0.8514056224899598
C#CC1(OC)CC[C@H]2[C@@H]3CCc4cc(O)c(C)cc4[C@H]3CC[C@@]21C#C,0.6758494031221304
C#CCc1cc2c(cc1CC)CC[C@@H]1[C@@H]2CC[C@@]2(C)[C@H]1CCC2(O)C#C,0.780578898225957
CO[C@@]1(O)CC[C@H]2[C@@H]3CCc4cc(OO)c(C)cc4[C@H]3CC[C@@]21OO,0.6270270270270271
C#CC1(O)CC[C@H]2[C@@H]3CCc4cc(CC)c(CC)cc4[C@H]3CC[C@@]21C,0.8383233532934131
C#Cc1cc2c(cc1C)[C@H]1CC[C@@]3(C)[C@@H](CC[C@]3(C#C)OC)[C@@H]1CC2,0.711864406779661
CC[C@]1(OC)CC[C@H]2[C@@H]3CCc4cc(OO)c(C)cc4[C@H]3CC[C@@]21C,0.6024955436720142
C#C[C@]1(O)CC[C@H]2[C@@H]3CCc4cc(C)c(C)cc4[C@H]3CC[C@@]21C(=O)OC,0.7004444444444444
CCC[C@]1(O)CC[C@H]2[C@@H]3CCc4cc(CC)c(C)cc4[C@H]3CC[C@@]21C,0.6321525885558583
C#C[C@]1(OC)CC[C@H]2[C@@H]3CCc4cc(OO)c(C)cc4[C@H]3CC[C@@]21OO,0.7550644567219154
C#CC1(O)CC[C@H]2[C@@H]3CCc4cc(OO)c(O)cc4[C@H]3CC[C@@]21C,0.9075268817204301
COc1ccc2c(c1)CC[C@H]1[C@H]3CC[C@@H](O)[C@@]3(C)CC[C@@H]21,0.9368029739776952
C#CC1(C)CC[C@H]2[C@@H]3CCc4cc(COC)c(O)cc4[C@H]3CC[C@@]21C,0.8055555555555555
COO[C@]12CC[C@H]3c4ccc(OC)cc4CC[C@H]3[C@H]1CC[C@H]2COO,0.5866666666666667
C#CC1(O)CC[C@H]2[C@@H]3CCc4cc(COC)c(C(=O)OC)cc4[C@H]3CC[C@@]21C,0.7916666666666666
C#C[C@]1(OC)CC[C@H]2[C@@H]3CCc4cc(OO)c(C)cc4[C@H]3CC[C@@]21OCOO,0.6393574297188754
C#CC1(O)CC[C@H]2[C@@H]3CCc4cc(COC)c(C(C)=O)cc4[C@H]3CC[C@@]21C,0.7971014492753623
C#CO[C@]1(O)CC[C@H]2[C@@H]3CCc4cc(OOC)c(CC)cc4[C@H]3CC[C@@]21OC,0.6782464846980976
C#CC1(O)CC[C@H]2[C@@H]3CCc4cc(CCC)c(OC)cc4[C@H]3CC[C@@]21C,0.8745098039215686
C#CC1(C)CC[C@H]2[C@@H]3CCc4cc(OO)c(O)cc4[C@H]3CC[C@@]21C,0.8173374613003095
C#CC1(O)CC[C@H]2[C@@H]3CCc4cc(COOOC)c(C(C)=O)cc4[C@H]3CC[C@@]21C,0.7192118226600984
C#C[C@]1(OOO)CC[C@H]2[C@@H]3CCc4cc(OO)c(C)cc4[C@H]3CC[C@@]21C,0.7555555555555555
C#C[C@]1(OCC)CC[C@H]2[C@@H]3CCc4cc(C(=O)OC)c(C)cc4[C@H]3CC[C@@]21C,0.6850459482038429
COCc1cc2c(cc1O)[C@H]1CC[C@@]3(C)[C@@H](CCC3(O)C(=O)OC)[C@@H]1CC2,0.6213266162888329
C#CC1(C)CC[C@H]2[C@@H]3CCc4cc(OO)c(O)cc4[C@H]3CC[C@@]21C,0.8173374613003095
C#CC1(OOC)CC[C@H]2[C@@H]3CCc4cc(COC)c(C)cc4[C@H]3CC[C@@]21COC,0.5949656750572082
C#CC1(C)CC[C@H]2[C@@H]3CCc4cc(CCC)c(O)cc4[C@H]3CC[C@@]21C,0.7437379576107899
C#CC1(C)CC[C@H]2[C@@H]3CCc4cc(OOC)c(O)cc4[C@H]3CC[C@@]21C,0.8444444444444443
C#C[C@]1(OO)CC[C@H]2[C@@H]3CCc4cc(OO)c(C)cc4[C@H]3CC[C@@]21C,0.8343313373253493
C#CC1(C)CC[C@H]2[C@@H]3CCc4cc(OC)c(OC)cc4[C@H]3CC[C@@]21O,0.8984615384615384
Cc1cc2c(cc1C)[C@H]1CC[C@@]3(OO)[C@@H](CC[C@@]3(O)OO)[C@@H]1CC2,0.5808219178082191
C#CC1(C#C)CC[C@H]2[C@@H]3CCc4cc(OO)c(C)cc4[C@H]3CC[C@@]21C,0.796078431372549
COC1(C)CC[C@H]2[C@@H]3CCc4cc(OO)c(O)cc4[C@H]3CC[C@@]21C,0.6179775280898876
C#C[C@]1(OOO)CC[C@H]2[C@@H]3CCc4cc(OO)c(C)cc4[C@H]3CC[C@@]21C,0.7555555555555555
C#C[C@]1(OC)CC[C@H]2[C@@H]3CCc4cc(COO)c(C)cc4[C@H]3CC[C@@]21C,0.7444444444444445
C#CC1(C)CC[C@H]2[C@@H]3CCc4cc(OO)c(O)cc4[C@H]3CC[C@@]21C,0.8173374613003095
COc1ccc2c(c1)CC[C@H]1[C@H]3CC[C@@H]([C@]45CC[C@H]6c7ccc(OC)cc7CC[C@H]6[C@H]4CC[C@H]5O)[C@@]3(C)CC[C@@H]21,0.3897732754462132
C#CC1(C(=O)OC)CC[C@H]2[C@@H]3CCc4cc(COC)c(O)cc4[C@H]3CC[C@@]21C,0.7019311502938708
C#CC1(O)CC[C@H]2[C@@H]3CCc4cc(COC)c(O)cc4[C@H]3CC[C@@]21C,0.8847736625514402
C#CC1(O)CC[C@H]2[C@@H]3CCc4cc(COC)c(C)cc4[C@H]3CC[C@@]21COC,0.7634408602150538
C#CC1(O)CC[C@H]2[C@@H]3CCc4cc(O)c(O)cc4[C@H]3CC[C@@]21C(=O)OC,0.6579634464751958
C#CC1(OOC)CC[C@H]2[C@@H]3CCc4cc(CC)c(CC)cc4[C@H]3CC[C@@]21C,0.683848797250859
C#C[C@]1(OOOC)CC[C@H]2[C@@H]3CCc4cc(OO)c(C)cc4[C@H]3CC[C@@]21C,0.7211961301671064
C#CC1(O)CC[C@H]2[C@@H]3CCc4cc(COC)c(OO)cc4[C@H]3CC[C@@]21C,0.8488372093023255
COc1cc(C)c2c(c1)CC[C@@H]1[C@H]2CC[C@@]2(O)[C@H]1CC[C@]2(C)O,0.7763713080168776
C#CC1(C#C)CC[C@H]2[C@@H]3CCc4cc(OO)c(C)cc4[C@H]3CC[C@@]21C(=O)OC,0.5978090766823161
C#CC1(C#C)CC[C@H]2[C@@H]3CCc4cc(OO)c(C(=O)OC)cc4[C@H]3CC[C@@]21C,0.6998341625207296
C#C[C@]1(OCC)CC[C@H]2[C@@H]3CCc4cc(OC)c(OOC)cc4[C@H]3CC[C@@]21C,0.7017543859649122
COc1cc(C)c2c(c1)CC[C@@H]1[C@H]2CC[C@@]2(C)[C@H]1CC[C@@]2(O)OO,0.7717171717171716
C#CC1(O)CC[C@H]2[C@@H]3CCc4cc(CC)c(C)cc4[C@H]3CC[C@@]21C,0.9003215434083601
C#CC1(O)CC[C@H]2[C@@H]3CCc4cc(COOOC)c(OO)cc4[C@H]3CC[C@@]21C,0.7376623376623376
C#COCc1cc2c(cc1OO)[C@H]1CC[C@@]3(C)[C@@H](CCC3(O)C#C)[C@@H]1CC2,0.743521000893655
C#Cc1cc2c(cc1COC)CC[C@@H]1[C@@H]2CC[C@@]2(C)[C@H]1CCC2(O)C#C,0.8237547892720306
C#C[C@]1(OO)CC[C@H]2[C@@H]3CCc4cc(OO)c(C(=O)OC)cc4[C@H]3CC[C@@]21C,0.7306397306397306
C#CC1(O)CC[C@H]2[C@@H]3CCc4cc(COCOO)c(OO)cc4[C@H]3CC[C@@]21C,0.7216494845360824
C#Cc1cc2c(cc1COO)[C@H]1CC[C@@]3(C)[C@@H](CCC3(O)C#C)[C@@H]1CC2,0.7746741154562384
C#Cc1cc2c(cc1COC)CC[C@@H]1[C@@H]2CC[C@@]2(O)[C@H]1CCC2(O)C#C,0.7289377289377288
C#CC1(COC)CC[C@H]2[C@@H]3CCc4cc(OO)c(O)cc4[C@H]3CC[C@@]21C,0.7555555555555555
C#CC1(O)CC[C@H]2[C@@H]3CCc4cc(COO)c(O)cc4[C@H]3CC[C@@]21C,0.8119402985074626
C#CC1(C)CC[C@H]2[C@@H]3CCc4cc(OO)c(C)cc4[C@H]3CC[C@@]21C,0.8443051201671891
C#CC1(C)CC[C@H]2[C@@H]3CCc4cc(OC)c(O)cc4[C@H]3CC[C@@]21O,0.9442622950819671
C#CC1(C#C)CC[C@H]2[C@@H]3CCc4cc(COC)c(O)cc4[C@H]3CC[C@@]21C,0.7560521415270018
CO[C@@]1(OO)CC[C@H]2[C@@H]3CCc4cc(O)c(C)cc4[C@H]3CC[C@@]21C,0.6145251396648044
C#C[C@]1(OC)CC[C@H]2[C@@H]3CCc4cc(OO)c(C)cc4[C@H]3CC[C@@]21C,0.796078431372549
C#CC1(COC)CC[C@H]2[C@@H]3CCc4cc(COC)c(O)cc4[C@H]3CC[C@@]21C,0.736
C#CC1(C)CC[C@H]2[C@@H]3CCc4cc(OC)c(OC)cc4[C@H]3CC[C@@]21OO,0.842911877394636
C#C[C@]1(OOO)CC[C@H]2[C@@H]3CCc4cc(OO)c(C)cc4[C@H]3CC[C@@]21C,0.7555555555555555
C#CC1(O)CC[C@H]2[C@@H]3CCc4cc(CC)c(C)cc4[C@H]3CC[C@@]21O,0.7845528455284552
COCc1cc2c(cc1O)[C@H]1CC[C@@]3(C)[C@@H](CCC3(O)COO)[C@@H]1CC2,0.6436781609195402
C#C[C@]1(OCC)CC[C@H]2[C@@H]3CCc4cc(OC)c(OOC)cc4[C@H]3CC[C@@]21C,0.7017543859649122
C#CC1(O)CC[C@H]2[C@@H]3CCc4cc(C(=O)C(=O)OC)c(C)cc4[C@H]3CC[C@@]21C,0.7392055267702935
C#CC1(C)CC[C@H]2[C@@H]3CCc4cc(OC)c(O)cc4[C@H]3CC[C@@]21C,0.9294245385450597
C#Cc1cc2c(cc1COC)CC[C@@H]1[C@@H]2CC[C@@]2(COC)[C@H]1CCC2(O)C#C,0.6898839137645107
C#CC1(O)CC[C@H]2[C@@H]3CCc4cc(COO)c(OOC)cc4[C@H]3CC[C@@]21C,0.837037037037037
Cc1cc2c(cc1O)CC[C@@H]1[C@@H]2CC[C@@]2(C)[C@H]1CC[C@]2(C)O,0.6919831223628692
CCc1ccc2c(c1)CC[C@H]1[C@H]3CC[C@@H](c4ccc5c(c4)CC[C@H]4[C@H]6CC[C@@H](O)[C@@]6(C)CC[C@@H]54)[C@@]3(C)CC[C@@H]21,0.3782654127481713
CCc1ccc2c(c1)CC[C@H]1[C@H]3CC[C@@H](O)[C@@]3(COC)CC[C@@H]21,0.6487562189054725
CCc1ccc2c(c1)CC[C@H]1[C@H]3CC[C@@H](OC)[C@@]3(C)CC[C@@H]21,0.6603970741901776
C#CC1(O)CC[C@H]2[C@@H]3CCc4cc(COC)c(OO)cc4[C@H]3CC[C@@]21C,0.8488372093023255
COc1cc(C)c2c(c1)CC[C@@H]1[C@H]2CC[C@@]2(O)[C@H]1CC[C@]2(C)O,0.7763713080168776
C#COc1cc2c(cc1C)[C@H]1CC[C@@]3(OC)[C@@H](CC[C@]3(C#C)OO)[C@@H]1CC2,0.6979166666666666
C#Cc1cc2c(cc1O)[C@H]1CC[C@@]3(C)[C@@H](CCC3(O)C#C)[C@@H]1CC2,0.7781155015197567
C#CC1(COC)CC[C@H]2[C@@H]3CCc4cc(OC)c(OC)cc4[C@H]3CC[C@@]21O,0.7372134038800705
C#CC1(COC)CC[C@H]2[C@@H]3CCc4cc(OO)c(C)cc4[C@H]3CC[C@@]21C,0.7613741875580315
C#C[C@]1(OO)CC[C@H]2[C@@H]3CCc4cc(OOC)c(C)cc4[C@H]3CC[C@@]21C,0.8410852713178294
C#C[C@]1(OO)CC[C@H]2[C@@H]3CCc4cc(OOC)c(C)cc4[C@H]3CC[C@@]21C,0.8410852713178294
C#C[C@]1(C)CC[C@H]2[C@@H]3CCc4cc(OOC)c(C)cc4[C@H]3CC[C@@]21C,0.8378650553877139
COOc1cc2c(cc1C)[C@H]1CC[C@@]3(C)[C@@H](CC[C@]3(O)OO)[C@@H]1CC2,0.725883476599809
C#CC1(COO)CC[C@H]2[C@@H]3CCc4cc(OC)c(OC)cc4[C@H]3CC[C@@]21OO,0.6897689768976898
C[C@]12CC[C@H]3c4ccc(O)cc4CC[C@H]3[C@H]1CC[C@H]2O,0.7132867132867133
COCC1(C)CC[C@H]2[C@@H]3CCc4cc(OO)c(O)cc4[C@H]3CC[C@@]21C,0.6057347670250895
C#COc1cc2c(cc1O)[C@H]1CC[C@@]3(C)[C@@H](CCC3(C)C#C)[C@@H]1CC2,0.7741935483870968
C#Cc1cc2c(cc1COOC)CC[C@@H]1[C@@H]2CC[C@@]2(C)[C@H]1CCC2(O)C#C,0.7603603603603603
C#C[C@]1(OOO)CC[C@H]2[C@@H]3CCc4cc(OOC)c(C)cc4[C@H]3CC[C@@]21C,0.7639639639639639
COC[C@]1(OC)CC[C@H]2[C@@H]3CCc4cc(OO)c(C)cc4[C@H]3CC[C@@]21C,0.5752961082910322
C#CC1(C)CC[C@H]2[C@@H]3CCc4cc(OC)c(OO)cc4[C@H]3CC[C@@]21C,0.8580060422960725
C#CC1(C)CC[C@H]2[C@@H]3CCc4cc(COC)c(O)cc4[C@H]3CC[C@@]21C,0.8055555555555555
C#CC1(C)CC[C@H]2[C@@H]3CCc4cc(OOC)c(O)cc4[C@H]3CC[C@@]21O,0.8644240570846075
C#CC1(O)CC[C@H]2[C@@H]3CCc4cc(OC)c(OO)cc4[C@H]3CC[C@@]21C,0.9766454352441613
COCc1cc2c(cc1C)[C@H]1CC[C@@]3(C)[C@@H](CCC3(O)O)[C@@H]1CC2,0.7283582089552239
C#C[C@]1(O)CC[C@H]2[C@@H]3CCc4cc(O)c(OOOC)cc4[C@H]3CC[C@@]21CC,0.7593582887700534
C#CC1(O)CC[C@H]2[C@@H]3CCc4cc(CCC)c(COO)cc4[C@H]3CC[C@@]21C,0.8131868131868132
C#CC1(O)CC[C@H]2[C@@H]3CCc4cc(COO)c(OC)cc4[C@H]3CC[C@@]21C,0.8551992225461613
C#C[C@]1(OO)CC[C@H]2[C@@H]3CCc4cc(OOO)c(C)cc4[C@H]3CC[C@@]21C,0.7977207977207976
COc1cc(C)c2c(c1)CC[C@@H]1[C@H]2CC[C@@]2(OO)[C@H]1CC[C@]2(C)O,0.7137254901960783
Cc1ccc2c(c1)CC[C@H]1[C@H]3CC[C@@H](O)[C@@]3(C)CC[C@@H]21,0.779783393501805
C#CC1(C)CC[C@H]2[C@@H]3CCc4cc(OC)c(OOC)cc4[C@H]3CC[C@@]21C,0.7924882629107981
C#C[C@]1(OO)CC[C@H]2[C@@H]3CCc4cc(OOC(=O)OC)c(C)cc4[C@H]3CC[C@@]21C,0.7151211361737677
COc1cc2c(cc1OC)[C@H]1CC[C@@]3(O)[C@@H](CCC3(C)O)[C@@H]1CC2,0.7607607607607607
C#CC1(C)CC[C@H]2[C@@H]3CCc4cc(OOOOC)c(O)cc4[C@H]3CC[C@@]21O,0.7619047619047619
C#CC1(O)CC[C@H]2[C@@H]3CCc4cc(COC)c(OO)cc4[C@H]3CC[C@@]21COC,0.710217755443886
C#CC1(C)CC[C@H]2[C@@H]3CCc4cc(OOCOO)c(O)cc4[C@H]3CC[C@@]21O,0.7335140018066847
C#CC1(C)CC[C@H]2[C@@H]3CCc4cc(OC)c(OO)cc4[C@H]3CC[C@@]21COC,0.7294938917975566
C#CC1(O)CC[C@H]2[C@@H]3CCc4cc(COO)c(COC)cc4[C@H]3CC[C@@]21C,0.8250460405156537
COOc1cc2c(cc1C)[C@H]1CC[C@@]3(C)[C@@H](CC[C@]3(OC)OO)[C@@H]1CC2,0.6402814423922603
C#CC1(O)CC[C@H]2[C@@H]3CCc4cc(O)c(C)cc4[C@H]3CC[C@@]21C,0.8859357696566998
C#CC1(C)CC[C@H]2[C@@H]3CCc4cc(OO)c(O)cc4[C@H]3CC[C@@]21C,0.8173374613003095
C[C@]12CC[C@@H]3c4cc(O)c(COO)cc4CC[C@H]3[C@@H]1CCC2(O)COO,0.5876288659793814
C#C[C@]1(OC(=O)OC)CC[C@H]2[C@@H]3CCc4cc(OOC)c(C)cc4[C@H]3CC[C@@]21C,0.6602870813397128
C#CC1(O)CC[C@H]2[C@@H]3CCc4cc(OOC)c(OO)cc4[C@H]3CC[C@@]21C,0.8810226155358898
COC(=O)c1ccc2c(c1)CC[C@H]1[C@H]3CC[C@@H](O)[C@@]3(C)CC[C@@H]21,0.7398119122257053
C#CC1(O)CC[C@H]2[C@@H]3CCc4cc(OO)c(O)cc4[C@H]3CC[C@@]21C,0.9075268817204301
C#C[C@]1(OO)CC[C@H]2[C@@H]3CCc4cc(OO)c(C)cc4[C@H]3CC[C@@]21C(=O)OC,0.6253968253968254
C#Cc1cc2c(cc1C)[C@H]1CC[C@@]3(C)[C@@H](CCC3(C#C)OC)[C@@H]1CC2,0.711864406779661
COc1ccc2c(c1)CC[C@H]1[C@H]3CC[C@@H](O)[C@@]3(O)CC[C@@H]21,0.7944250871080138
C#CC1(O)CC[C@H]2[C@@H]3CCc4cc(OO)c(O)cc4[C@H]3CC[C@@]21OOC,0.7266121707538602
C#CC1(C)CC[C@H]2[C@@H]3CCc4cc(OC)c(OC(=O)OC)cc4[C@H]3CC[C@@]21C,0.710217755443886
C#Cc1cc2c(cc1COC)CC[C@@H]1[C@@H]2CC[C@@]2(O)[C@H]1CCC2(O)C#C,0.7289377289377288
C#CC1(O)CC[C@H]2[C@@H]3CCc4cc(CC)c(OC)cc4[C@H]3CC[C@@]21C,0.9262720664589823
C#CC1(C)CC[C@H]2[C@@H]3CCc4cc(OC)c(C)cc4[C@H]3CC[C@@]21C,0.9075268817204301
CCCc1cc2c(cc1OC)[C@H]1CC[C@@]3(C)[C@@H](CCC3(O)OC)[C@@H]1CC2,0.6578249336870026
C#CC1(C)CC[C@H]2[C@@H]3CCc4cc(CC)c(C)cc4[C@H]3CC[C@@]21C,0.7781155015197567
C#CC1(C)CC[C@H]2[C@@H]3CCc4cc(OC)c(OC)cc4[C@H]3CC[C@@]21O,0.8984615384615384
C#CC1(O)CC[C@H]2[C@@H]3CCc4cc(COCOC)c(OO)cc4[C@H]3CC[C@@]21C,0.7484769364664926
CC[C@]12CC[C@H]3c4ccc(OC)cc4CC[C@H]3[C@H]1CC[C@H]2O,0.7982162764771461
C#CC1(C)CC[C@H]2[C@@H]3CCc4cc(OOC)c(O)cc4[C@H]3CC[C@@]21O,0.8644240570846075
C#CC1(O)CC[C@H]2[C@@H]3CCc4cc(O)c(OO)cc4[C@H]3CC[C@@]21C,0.8526645768025078
C#CC1(C)CC[C@H]2[C@@H]3CCc4cc(OO)c(O)cc4[C@H]3CC[C@@]21O,0.8307372793354101
C#C[C@]1(OO)CC[C@H]2[C@@H]3CCc4cc(OOCC)c(C)cc4[C@H]3CC[C@@]21C,0.7897153351698806
C#CC1(C#C)CC[C@H]2[C@@H]3CCc4cc(O)c(C)cc4[C@H]3CC[C@@]21C,0.7482587064676617
COC[C@]1(O)CC[C@H]2[C@@H]3CCc4cc(O)c(C)cc4[C@H]3CC[C@@]21C,0.6628352490421455
C#CC1(O)CC[C@H]2[C@@H]3CCc4cc(OCC)c(O)cc4[C@H]3CC[C@@]21C,0.940928270042194
C#CC1(C)CC[C@H]2[C@@H]3CCc4cc(OC)c(OC)cc4[C@H]3CC[C@@]21C,0.8514056224899598
CCO[C@]12CC[C@H]3c4c(C)cc(OC)cc4CC[C@H]3[C@@H]1CC[C@]2(C)O,0.6759002770083102
C#CC1(O)CC[C@H]2[C@@H]3CCc4cc(OC)c(OC)cc4[C@H]3CC[C@@]21C,0.9840255591054313
C#C[C@]1(OO)CC[C@H]2[C@@H]3CCc4cc(OCOC)c(C)cc4[C@H]3CC[C@@]21C,0.7897153351698806
C#CC1(C)CC[C@H]2[C@@H]3CCc4cc(OOC)c(OCC)cc4[C@H]3CC[C@@]21O,0.7783783783783784
C#C[C@]1(OO)CC[C@H]2[C@@H]3CCc4cc(OC)c(C)cc4[C@H]3CC[C@@]21C,0.9081527347781218
C#C[C@]1(OO)CC[C@H]2[C@@H]3CCc4cc(OO)c(C)cc4[C@H]3CC[C@@]21CC,0.7378995433789953
C#CC1(C)CC[C@H]2[C@@H]3CCc4cc(OOO)c(O)cc4[C@H]3CC[C@@]21O,0.7928994082840237
CCC1(O)CC[C@H]2[C@@H]3CCc4cc(COC)c(C)cc4[C@H]3CC[C@@]21C,0.6910798122065727
C#CC1(C)CC[C@H]2[C@@H]3CCc4cc(OC)c(OOCC)cc4[C@H]3CC[C@@]21O,0.8014571948998178
C#CC1(O)CC[C@H]2[C@@H]3CCc4cc(OC)c(OC)cc4[C@H]3CC[C@@]21O,0.8448448448448449
C#CC1(C)CC[C@H]2[C@@H]3CCc4cc(C(=O)OC)c(O)cc4[C@H]3CC[C@@]21O,0.7977207977207976
COc1cc2c(cc1OC)[C@H]1CC[C@@]3(O)[C@@H](CCC3(O)O)[C@@H]1CC2,0.6762728146013448
COCc1cc2c(cc1C)[C@H]1CC[C@@]3(C)[C@@H](CCC3(O)OC)[C@@H]1CC2,0.7025495750708215
C#CC1(C)CC[C@H]2[C@@H]3CCc4cc(OC)c(C)cc4[C@H]3CC[C@@]21COC,0.7666666666666666
C#CC1(C)CC[C@H]2[C@@H]3CCc4cc(OC)c(OC(=O)OC)cc4[C@H]3CC[C@@]21O,0.7574978577549271
C#CC1(O)CC[C@H]2[C@@H]3CCc4cc(OC)c(OC)cc4[C@H]3CC[C@@]21COC,0.7792672028596961
C#CC1(C)CC[C@H]2[C@@H]3CCc4cc(OC)c(OC)cc4[C@H]3CC[C@@]21OC,0.7703703703703703
COCc1cc2c(cc1C)[C@H]1CC[C@@]3(C)[C@@H](CCC3(O)C(=O)OC)[C@@H]1CC2,0.6213266162888329
C#CC1(O)CC[C@H]2[C@@H]3CCc4cc(OC)c(OC)cc4[C@H]3CC[C@@]21C(=O)OC,0.7131011608623548
C#C[C@]1(C)CC[C@H]2[C@@H]3CCc4cc(OC)c(C)cc4[C@H]3CC[C@@]21C,0.9075268817204301
C#C[C@]1(OO)CC[C@H]2[C@@H]3CCc4cc(OO)c(C)cc4[C@H]3CC[C@@]21OC,0.7378995433789953
COc1cc2c(cc1OC)[C@H]1CC[C@@]3(O)[C@@H](CCC3(C)C)[C@@H]1CC2,0.7420634920634921
C#Cc1cc2c(cc1C)[C@H]1CC[C@@]3(C)[C@@H](CCC3(O)C#C)[C@@H]1CC2,0.8307372793354101
C#C[C@]1(OO)CC[C@H]2[C@@H]3CCc4cc(C(=O)OC)c(C)cc4[C@H]3CC[C@@]21C,0.7789855072463767
C#CC1(C)CC[C@H]2[C@@H]3CCc4cc(OOCC)c(O)cc4[C@H]3CC[C@@]21O,0.8154589371980676
CCc1ccc2c(c1)CC[C@H]1[C@H]3CC[C@@H](O)[C@@]3(C)CC[C@@H]21,0.787037037037037
COCC1(C)CC[C@H]2[C@@H]3CCc4cc(OC)c(OC)cc4[C@H]3CC[C@@]21O,0.656084656084656
C#CC1(O)CC[C@H]2[C@@H]3CCc4cc(COC)c(OO)cc4[C@H]3CC[C@@]21CC,0.7593582887700534
COCc1cc2c(cc1O)[C@H]1CC[C@@]3(C)[C@@H](CCC3(O)OC)[C@@H]1CC2,0.6797385620915032
C#CC1(O)CC[C@H]2[C@@H]3CCc4cc(COC)c(O)cc4[C@H]3CC[C@@]21C#C,0.7309458218549127
C#Cc1cc2c(cc1OOC)CC[C@@H]1[C@@H]2CC[C@@]2(O)[C@H]1CCC2(C)C#C,0.7932011331444758
C#CC1(OC)CC[C@H]2[C@@H]3CCc4cc(OOC)c(OO)cc4[C@H]3CC[C@@]21C,0.7411347517730495
C#CC1(O)CC[C@H]2[C@@H]3CCc4cc(COC)c(OC)cc4[C@H]3CC[C@@]21C,0.8745098039215686
C#C[C@]1(O)CC[C@H]2[C@@H]3CCc4cc(O)c(OCC)cc4[C@H]3CC[C@@]21CC,0.7880485527544351
C#C[C@]1(O)CC[C@H]2[C@@H]3CCc4cc(O)c(C)cc4[C@H]3CC[C@@]21C(=O)OC,0.6896551724137931
C#CC1(C)CC[C@H]2[C@@H]3CCc4cc(CC)c(OC)cc4[C@H]3CC[C@@]21C,0.8126232741617356
C#CC1(C)CC[C@H]2[C@@H]3CCc4cc(OC)c(OCOC)cc4[C@H]3CC[C@@]21O,0.8014571948998178
C#CC1(O)CC[C@H]2[C@@H]3CCc4cc(COC)c(OO)cc4[C@H]3CC[C@@]21OCC,0.7
C#C[C@]1(OCC)CC[C@H]2[C@@H]3CCc4cc(OOC)c(C)cc4[C@H]3CC[C@@]21C,0.736
C#CC1(O)CC[C@H]2[C@@H]3CCc4cc(COCOC)c(O)cc4[C@H]3CC[C@@]21C,0.7793167128347183
C#CC1(C)CC[C@H]2[C@@H]3CCc4cc(OC)c(OO)cc4[C@H]3CC[C@@]21OCC,0.7134199134199133
C#CC1(O)CC[C@H]2[C@@H]3CCc4cc(CC)c(COC)cc4[C@H]3CC[C@@]21C,0.8862745098039215
C#CC1(O)CC[C@H]2[C@@H]3CCc4cc(OO)c(O)cc4[C@H]3CC[C@@]21C,0.9075268817204301
C#CC1(O)CC[C@H]2[C@@H]3CCc4cc(OC(=O)OC)c(O)cc4[C@H]3CC[C@@]21C,0.8300469483568074
C#CC1(OO)CC[C@H]2[C@@H]3CCc4cc(OOC)c(OO)cc4[C@H]3CC[C@@]21C,0.7747747747747746
C#CC1(O)CC[C@H]2[C@@H]3CCc4cc(O)c(C)cc4[C@H]3CC[C@@]21OC,0.7838383838383838
C#CC1(COC)CC[C@H]2[C@@H]3CCc4cc(OC)c(O)cc4[C@H]3CC[C@@]21O,0.7849765258215962
C#C[C@]1(O)CC[C@H]2[C@@H]3CCc4cc(O)c(OOC)cc4[C@H]3CC[C@@]21CC,0.8181818181818181
C#C[C@]1(O)CC[C@H]2[C@@H]3CCc4cc(O)c(OC)cc4[C@H]3CC[C@@]21OCC,0.7661141804788213
C#CC1(O)CC[C@H]2[C@@H]3CCc4cc(CCC)c(OCC)cc4[C@H]3CC[C@@]21C,0.8131868131868132
C#CC1(O)CC[C@H]2[C@@H]3CCc4cc(CC)c(COC)cc4[C@H]3CC[C@@]21C,0.8862745098039215
C#CC1(O)CC[C@H]2[C@@H]3CCc4cc(COC)c(O)cc4[C@H]3CC[C@@]21C,0.8847736625514402
C#Cc1cc2c(cc1O)[C@H]1CC[C@@]3(C)[C@@H](CCC3(O)C#C)[C@@H]1CC2,0.7781155015197567
Cc1cc2c(cc1O)CC[C@@H]1[C@@H]2CC[C@@]2(C)[C@H]1CC[C@@]2(O)c1ccc2c(c1)CC[C@H]1[C@H]3CC[C@@H](O)[C@@]3(C)CC[C@@H]21,0.3679525222551928
COc1cc2c(cc1OC)[C@H]1CC[C@@]3(O)[C@@H](CCC3(O)O)[C@@H]1CC2,0.6762728146013448
C#CC1(O)CC[C@H]2[C@@H]3CCc4cc(CC)c(CC)cc4[C@H]3CC[C@@]21C,0.8383233532934131
COC(=O)C1(C)CC[C@H]2[C@@H]3CCc4cc(OC)c(OC)cc4[C@H]3CC[C@@]21C,0.5709651257096512
C#C[C@]1(OCC)CC[C@H]2[C@@H]3CCc4cc(OC)c(C)cc4[C@H]3CC[C@@]21C,0.7909604519774011
C#CC1(C)CC[C@H]2[C@@H]3CCc4cc(OC)c(COC)cc4[C@H]3CC[C@@]21OO,0.7700534759358288
C#Cc1cc2c(cc1OC)[C@H]1CC[C@@]3(C)[C@@H](CCC3(C)C#C)[C@@H]1CC2,0.7875243664717348
CCOC1(O)CC[C@H]2[C@@H]3CCc4cc(COC)c(C)cc4[C@H]3CC[C@@]21C,0.659536541889483
C#CC1(C)CC[C@H]2[C@@H]3CCc4cc(OC)c(OC)cc4[C@H]3CC[C@@]21C(=O)OC,0.6682887266828873
C#CC1(O)CC[C@H]2[C@@H]3CCc4cc(CC)c(C)cc4[C@H]3CC[C@@]21CC,0.7875243664717348
COCC1(O)CC[C@H]2[C@@H]3CCc4cc(O)c(C)cc4[C@H]3CC[C@@]21C,0.6628352490421455
C#CC1(C)CC[C@H]2[C@@H]3CCc4cc(OC)c(C)cc4[C@H]3CC[C@@]21COC,0.7666666666666666
COc1cc2c(cc1OC)[C@H]1CC[C@@]3(C)[C@@H](CCC3(C)OC)[C@@H]1CC2,0.6376811594202898
C#C[C@]1(OC)CC[C@H]2[C@@H]3CCc4cc(OOC)c(C)cc4[C@H]3CC[C@@]21C,0.785646836638338
C#C[C@]1(C)CC[C@H]2[C@@H]3CCc4cc(OC)c(O)cc4[C@H]3CC[C@@]21C,0.9294245385450597
C#CC1(C)CC[C@H]2[C@@H]3CCc4cc(O)c(OC)cc4[C@H]3CC[C@@]21O,0.8874734607218683
C#CC1(O)CC[C@H]2[C@@H]3CCc4cc(OC)c(OC(=O)OC)cc4[C@H]3CC[C@@]21O,0.7153652392947103
C#CC1(O)CC[C@H]2[C@@H]3CCc4cc(COO)c(OOCC)cc4[C@H]3CC[C@@]21C,0.7688311688311688
C#C[C@]1(OCC)CC[C@H]2[C@@H]3CCc4cc(OC)c(C)cc4[C@H]3CC[C@@]21C,0.7909604519774011
C#CC1(C)CC[C@H]2[C@@H]3CCc4cc(OC)c(OO)cc4[C@H]3CC[C@@]21OC,0.7645429362880886
COc1cc2c(cc1OC)[C@H]1CC[C@@]3(O)[C@@H](CCC3(C)O)[C@@H]1CC2,0.7607607607607607
COC(=O)C1(C)CC[C@H]2[C@@H]3CCc4cc(O)c(OC)cc4[C@H]3CC[C@@]21O,0.6116838487972508
C#CC1(CC)CC[C@H]2[C@@H]3CCc4cc(CC)c(COC)cc4[C@H]3CC[C@@]21C,0.7244094488188977
C#CC1(C)CC[C@H]2[C@@H]3CCc4cc(OOC)c(COC)cc4[C@H]3CC[C@@]21O,0.7670250896057348
C#CC1(C)CC[C@H]2[C@@H]3CCc4cc(OC)c(COC)cc4[C@H]3CC[C@@]21C,0.7865168539325842
C#CC1(C)CC[C@H]2[C@@H]3CCc4cc(OC)c(COC)cc4[C@H]3CC[C@@]21OO,0.7700534759358288
C#CC1(O)CC[C@H]2[C@@H]3CCc4cc(O)c(C)cc4[C@H]3CC[C@@]21CC,0.7774420946626385
C#CC1(O)CC[C@H]2[C@@H]3CCc4cc(OO)c(O)cc4[C@H]3CC[C@@]21OO,0.7272727272727272
C#CC1(O)CC[C@H]2[C@@H]3CCc4cc(COC)c(OC)cc4[C@H]3CC[C@@]21C,0.8745098039215686
C#CC1(C#C)CC[C@H]2[C@@H]3CCc4cc(COC)c(O)cc4[C@H]3CC[C@@]21C,0.7560521415270018
C#CC1(O)CC[C@H]2[C@@H]3CCc4cc(COC)c(O)cc4[C@H]3CC[C@@]21OCC,0.7247141600703606
C#CC1(C)CC[C@H]2[C@@H]3CCc4cc(OC)c(OO)cc4[C@H]3CC[C@@]21O,0.8916155419222904
C#CC1(O)CC[C@H]2[C@@H]3CCc4cc(COC)c(C)cc4[C@H]3CC[C@@]21C,0.9124999999999999
C#CC1(O)CC[C@H]2[C@@H]3CCc4cc(O)c(OOO)cc4[C@H]3CC[C@@]21C,0.8383233532934131
C#CC1(C)CC[C@H]2[C@@H]3CCc4cc(C(=O)OC)c(C)cc4[C@H]3CC[C@@]21C,0.7560521415270018
C#CC1(C)CC[C@H]2[C@@H]3CCc4cc(C)c(OC)cc4[C@H]3CC[C@@]21O,0.8874734607218683
C#CC1(O)CC[C@H]2[C@@H]3CCc4cc(OC)c(OC)cc4[C@H]3CC[C@@]21C,0.9840255591054313
C#CC1(C)CC[C@H]2[C@@H]3CCc4cc(OC)c(O)cc4[C@H]3CC[C@@]21O,0.9442622950819671
C#CC1(O)CC[C@H]2[C@@H]3CCc4cc(OC)c(O)cc4[C@H]3CC[C@@]21C,1.0
C#CC1(C)CC[C@H]2[C@@H]3CCc4cc(OC)c(O)cc4[C@H]3CC[C@@]21O,0.9442622950819671
C#CC1(COC)CC[C@H]2[C@@H]3CCc4cc(OOC)c(O)cc4[C@H]3CC[C@@]21O,0.736
C#CC1(C#C)CC[C@H]2[C@@H]3CCc4cc(COC)c(OC)cc4[C@H]3CC[C@@]21C,0.7247141600703606
CC[C@]1(C)CC[C@H]2[C@@H]3CCc4cc(OC)c(O)cc4[C@H]3CC[C@@]21C,0.6978557504873294
C#CC1(O)CC[C@H]2[C@@H]3CCc4cc(OCC)c(OO)cc4[C@H]3CC[C@@]21C,0.8810226155358898
C#CC1(C)CC[C@H]2[C@@H]3CCc4cc(OC)c(O)cc4[C@H]3CC[C@@]21C,0.9294245385450597
C#CCc1cc2c(cc1OC)[C@H]1CC[C@@]3(C)[C@@H](CCC3(O)C#C)[C@@H]1CC2,0.836223506743738
C[C@]12CC[C@H]3c4ccc(Oc5ccc6c(c5)CC[C@H]5[C@H]7CC[C@@H](O)[C@@]7(C)CC[C@@H]65)cc4CC[C@H]3[C@H]1CC[C@H]2O,0.40852974186307517
COC[C@]12CC[C@H]3c4ccc(OC)cc4CC[C@H]3[C@H]1CC[C@H]2O,0.7287784679089027
C[C@]12CC[C@H]3c4ccc(OO)cc4CC[C@H]3[C@H]1CC[C@H]2O,0.7944250871080138
COc1cc2c(cc1C)CC[C@@H]1[C@@H]2CC[C@@]2(O)[C@H]1CCC2(C)OC,0.6879227053140096
C#CC1(O)CC[C@H]2[C@@H]3CCc4cc(OC)c(C)cc4[C@H]3CC[C@@]21C,1.0
COCC1(C)CC[C@H]2[C@@H]3CCc4cc(OC)c(O)cc4[C@H]3CC[C@@]21O,0.6872082166199812
C#CC1(CC)CC[C@H]2[C@@H]3CCc4cc(COC)c(O)cc4[C@H]3CC[C@@]21C,0.7619047619047619
C#CC1(O)CC[C@H]2[C@@H]3CCc4cc(CC)c(C)cc4[C@H]3CC[C@@]21CC,0.7875243664717348
C#CC1(O)CC[C@H]2[C@@H]3CCc4cc(CCC)c(COC)cc4[C@H]3CC[C@@]21C,0.837037037037037
C#CC1(C)CC[C@H]2[C@@H]3CCc4cc(OC)c(C)cc4[C@H]3CC[C@@]21C,0.9075268817204301
C#CC1(C#C)CC[C@H]2[C@@H]3CCc4cc(CC)c(OC)cc4[C@H]3CC[C@@]21C,0.7629629629629628
C#CC1(O)CC[C@H]2[C@@H]3CCc4cc(OCCC)c(OO)cc4[C@H]3CC[C@@]21C,0.8245125348189415
C#CC1(C)CC[C@H]2[C@@H]3CCc4cc(C(=O)OC)c(C)cc4[C@H]3CC[C@@]21C,0.7560521415270018
C#CC1(O)CC[C@H]2[C@@H]3CCc4cc(O)c(C)cc4[C@H]3CC[C@@]21C,0.8859357696566998
C#CC1(C)CC[C@H]2[C@@H]3CCc4cc(O)c(OC)cc4[C@H]3CC[C@@]21OC,0.7806763285024154
C#Cc1cc2c(cc1OC)CC[C@@H]1[C@@H]2CC[C@@]2(C)[C@H]1CCC2(C)C#C,0.8383233532934131
COC(=O)Oc1ccc2c(c1)CC[C@H]1[C@H]3CC[C@@H](O)[C@@]3(C)CC[C@@H]21,0.7210473313192347
C#CC1(O)CC[C@H]2[C@@H]3CCc4cc(COC)c(OC)cc4[C@H]3CC[C@@]21C,0.8745098039215686
COc1cc2c(cc1O)[C@H]1CC[C@@]3(C)[C@@H](CCC3(O)OC)[C@@H]1CC2,0.7717171717171716
C#CC1(O)CC[C@H]2[C@@H]3CCc4cc(CC)c(O)cc4[C@H]3CC[C@@]21C,0.8931623931623931
C#CC1(O)CC[C@H]2[C@@H]3CCc4cc(COC)c(OC)cc4[C@H]3CC[C@@]21C,0.8745098039215686
C#CC1(O)CC[C@H]2[C@@H]3CCc4cc(COO)c(OC)cc4[C@H]3CC[C@@]21C,0.8551992225461613
C#CC1(O)CC[C@H]2[C@@H]3CCc4cc(CC)c(C)cc4[C@H]3CC[C@@]21C,0.9003215434083601
C#C[C@]1(C)CC[C@H]2[C@@H]3CCc4cc(O)c(C)cc4[C@H]3CC[C@@]21C,0.7940552016985137
C#C[C@]1(OC)CC[C@H]2[C@@H]3CCc4cc(OC)c(C)cc4[C@H]3CC[C@@]21C,0.8408408408408408
C#CC1(O)CC[C@H]2[C@@H]3CCc4cc(OO)c(O)cc4[C@H]3CC[C@@]21C,0.9075268817204301
C#CC1(O)CC[C@H]2[C@@H]3CCc4cc(CCC)c(C)cc4[C@H]3CC[C@@]21C,0.8378650553877139
C#CC1(O)CC[C@H]2[C@@H]3CCc4cc(OOCC)c(O)cc4[C@H]3CC[C@@]21C,0.873015873015873
C#CC1(C)CC[C@H]2[C@@H]3CCc4cc(OC)c(C)cc4[C@H]3CC[C@@]21OC,0.7999999999999999
COCc1cc2c(cc1C)[C@H]1CC[C@@]3(C)[C@@H](CCC3(O)COC)[C@@H]1CC2,0.659536541889483
C#CC1(C)CC[C@H]2[C@@H]3CCc4cc(OC)c(C)cc4[C@H]3CC[C@@]21C,0.9075268817204301
C#C[C@]1(O)CC[C@H]2[C@@H]3CCc4cc(O)c(C)cc4[C@H]3CC[C@@]21CC,0.7774420946626385
C#CC1(OCC)CC[C@H]2[C@@H]3CCc4cc(OC)c(C)cc4[C@H]3CC[C@@]21C,0.7909604519774011
C#CC1(OCC)CC[C@H]2[C@@H]3CCc4cc(COC)c(OC)cc4[C@H]3CC[C@@]21C,0.6866666666666666
C#C[C@]1(C(=O)OC)CC[C@H]2[C@@H]3CCc4cc(O)c(C)cc4[C@H]3CC[C@@]21C,0.6970509383378016
CC[C@]1(OO)CC[C@H]2[C@@H]3CCc4cc(OC)c(C)cc4[C@H]3CC[C@@]21C,0.6946778711484594
C#CC1(O)CC[C@H]2[C@@H]3CCc4cc(CC)c(CC(=O)OC)cc4[C@H]3CC[C@@]21C,0.7574978577549271
C#CC1(O)CC[C@H]2[C@@H]3CCc4cc(CC)c(COC)cc4[C@H]3CC[C@@]21C,0.8862745098039215
C#CC1(C)CC[C@H]2[C@@H]3CCc4cc(OC)c(C)cc4[C@H]3CC[C@@]21C#C,0.7999999999999999
C#CC1(O)CC[C@H]2[C@@H]3CCc4cc(OCOC)c(OO)cc4[C@H]3CC[C@@]21C,0.8185185185185185
C#Cc1cc2c(cc1CCC)CC[C@@H]1[C@@H]2CC[C@@]2(C)[C@H]1CCC2(O)C#C,0.7576601671309191
C#CC1(O)CC[C@H]2[C@@H]3CCc4cc(C(=O)OC)c(O)cc4[C@H]3CC[C@@]21C,0.847424684159378
C#CC1(C)CC[C@H]2[C@@H]3CCc4cc(OC)c(CC)cc4[C@H]3CC[C@@]21C,0.8448448448448449
C#CC1(O)CC[C@H]2[C@@H]3CCc4cc(OC)c(O)cc4[C@H]3CC[C@@]21C,1.0
C#CC1(C)CC[C@H]2[C@@H]3CCc4cc(OOOO)c(O)cc4[C@H]3CC[C@@]21O,0.7549295774647887
C#CC1(O)CC[C@H]2[C@@H]3CCc4cc(COCC)c(C)cc4[C@H]3CC[C@@]21C,0.8534906588003933
C#CC1(O)CC[C@H]2[C@@H]3CCc4cc(OCC)c(OCOC)cc4[C@H]3CC[C@@]21C,0.7909011373578303
C#C[C@]1(O)CC[C@H]2[C@@H]3CCc4cc(O)c(C)cc4[C@H]3CC[C@@]21C,0.8859357696566998
C#CC1(O)CC[C@H]2[C@@H]3CCc4cc(C(=O)OCC)c(C)cc4[C@H]3CC[C@@]21C,0.811111111111111
C#CC1(C)CC[C@H]2[C@@H]3CCc4cc(OOO)c(OO)cc4[C@H]3CC[C@@]21O,0.7518518518518518
C#CC1(O)CC[C@H]2[C@@H]3CCc4cc(OOOC)c(O)cc4[C@H]3CC[C@@]21C,0.8664688427299703
C#CC1(O)CC[C@H]2[C@@H]3CCc4cc(O)c(C)cc4[C@H]3CC[C@@]21COC,0.7504761904761904
C#CC1(O)CC[C@H]2[C@@H]3CCc4cc(COOO)c(OC)cc4[C@H]3CC[C@@]21C,0.8125577100646352
CCC1(O)CC[C@H]2[C@@H]3CCc4cc(COC)c(C)cc4[C@H]3CC[C@@]21C,0.6910798122065727
COC(=O)[C@]12CC[C@H]3c4ccc(OC)cc4CC[C@H]3[C@H]1CC[C@H]2O,0.6705202312138728
C#CC1(O)CC[C@H]2[C@@H]3CCc4cc(OCC)c(OOO)cc4[C@H]3CC[C@@]21C,0.8250460405156537
C#CC1(O)CC[C@H]2[C@@H]3CCc4cc(OOCC)c(OC)cc4[C@H]3CC[C@@]21C,0.8674242424242423
C#CC1(O)CC[C@H]2[C@@H]3CCc4cc(OC(=O)OC)c(O)cc4[C@H]3CC[C@@]21C,0.8300469483568074
C#CC1(C)CC[C@H]2[C@@H]3CCc4cc(C(=O)OC)c(C)cc4[C@H]3CC[C@@]21C,0.7560521415270018
CCOc1cc2c(cc1OO)[C@H]1CC[C@@]3(C)[C@@H](CCC3(O)CC)[C@@H]1CC2,0.6737967914438503
COCC1(C)CC[C@H]2[C@@H]3CCc4cc(OC)c(O)cc4[C@H]3CC[C@@]21C,0.6648199445983379
C#CC1(C)CC[C@H]2[C@@H]3CCc4cc(OC)c(O)cc4[C@H]3CC[C@@]21O,0.9442622950819671
COc1ccc2c(c1)CC[C@H]1[C@H]3CC[C@@H](C)[C@@]3(C)CC[C@@H]21,0.8018648018648018
CCc1cc2c(cc1COC)[C@H]1CC[C@@]3(C)[C@@H](CCC3(O)CC)[C@@H]1CC2,0.6684350132625994
COc1ccc2c(c1)CC[C@H]1[C@H]3CC[C@@H](O)[C@@]3(C)CC[C@@H]21,0.9368029739776952
C#CC1(O)CC[C@H]2[C@@H]3CCc4cc(OCC)c(O)cc4[C@H]3CC[C@@]21C,0.940928270042194
C#CC1(O)CC[C@H]2[C@@H]3CCc4cc(CC)c(OC)cc4[C@H]3CC[C@@]21C,0.9262720664589823
COc1cc2c(cc1O)[C@H]1CC[C@@]3(O)[C@@H](CCC3(C)O)[C@@H]1CC2,0.783068783068783
COc1ccc2c(c1)CC[C@H]1[C@H]3CC[C@@H](O)[C@@]3(OC)CC[C@@H]21,0.7911111111111111
C#CC1(O)CC[C@H]2[C@@H]3CCc4cc(COC)c(OC)cc4[C@H]3CC[C@@]21C,0.8745098039215686
C#CC1(O)CC[C@H]2[C@@H]3CCc4cc(COC)c(O)cc4[C@H]3CC[C@@]21O,0.7803921568627451
CCc1cc2c(cc1O)[C@H]1CC[C@@]3(C)[C@@H](CCC3(C)O)[C@@H]1CC2,0.7054026503567787
C#CC1(O)CC[C@H]2[C@@H]3CCc4cc(COC)c(OC)cc4[C@H]3CC[C@@]21CC,0.7934782608695652
C#CC1(O)CC[C@H]2[C@@H]3CCc4cc(OCC)c(OOO)cc4[C@H]3CC[C@@]21C,0.8250460405156537
C#CC1(O)CC[C@H]2[C@@H]3CCc4cc(COC)c(OC)cc4[C@H]3CC[C@@]21COC,0.7257383966244726
C#Cc1cc2c(cc1CC)CC[C@@H]1[C@@H]2CC[C@@]2(C)[C@H]1CCC2(O)C#C,0.8318407960199005
C#CC1(O)CC[C@H]2[C@@H]3CCc4cc(COC)c(OC)cc4[C@H]3CC[C@@]21CC,0.7934782608695652
C#CC1(CC)CC[C@H]2[C@@H]3CCc4cc(OOC)c(OO)cc4[C@H]3CC[C@@]21C,0.7411347517730495
C#CC1(O)CC[C@H]2[C@@H]3CCc4cc(OCC)c(OC)cc4[C@H]3CC[C@@]21C,0.9209209209209208
CCc1cc2c(cc1OC)[C@H]1CC[C@@]3(C)[C@@H](CCC3(O)OC)[C@@H]1CC2,0.6984126984126984
C#C[C@]1(OCC)CC[C@H]2[C@@H]3CCc4cc(OC)c(C)cc4[C@H]3CC[C@@]21C,0.7909604519774011
COC[C@]1(C)CC[C@H]2[C@@H]3CCc4cc(OC)c(O)cc4[C@H]3CC[C@@]21C,0.6648199445983379
COc1cc2c(cc1C)CC[C@@H]1[C@@H]2CC[C@@]2(O)[C@H]1CCC2(C)C,0.7325102880658436
COCc1cc2c(cc1C)[C@H]1CC[C@@]3(C)[C@@H](CCC3(O)OO)[C@@H]1CC2,0.7025495750708215
C#CC1(O)CC[C@H]2[C@@H]3CCc4cc(COC)c(OC)cc4[C@H]3CC[C@@]21C,0.8745098039215686
C#CC1(CC)CC[C@H]2[C@@H]3CCc4cc(CC)c(COC)cc4[C@H]3CC[C@@]21C,0.7244094488188977
C#CC1(C)CC[C@H]2[C@@H]3CCc4cc(OC)c(C)cc4[C@H]3CC[C@@]21OCC,0.7493112947658402
C#CC1(C)CC[C@H]2[C@@H]3CCc4cc(OC)c(C)cc4[C@H]3CC[C@@]21O,0.9368191721132897
C#CC1(O)CC[C@H]2[C@@H]3CCc4cc(CCC)c(OO)cc4[C@H]3CC[C@@]21C,0.836223506743738
C#CC1(O)CC[C@H]2[C@@H]3CCc4cc(OC)c(CC)cc4[C@H]3CC[C@@]21C,0.9766454352441613
C#CC1(O)CC[C@H]2[C@@H]3CCc4cc(CC)c(COC)cc4[C@H]3CC[C@@]21C,0.8862745098039215
C#CC1(O)CC[C@H]2[C@@H]3CCc4cc(OCC)c(OC)cc4[C@H]3CC[C@@]21C,0.9209209209209208
CCOc1cc2c(cc1OC)[C@H]1CC[C@@]3(C)[C@@H](CCC3(O)OO)[C@@H]1CC2,0.6954954954954955
C#CC1(O)CC[C@H]2[C@@H]3CCc4cc(OCOC)c(OO)cc4[C@H]3CC[C@@]21C,0.8185185185185185
C#CC1(OO)CC[C@H]2[C@@H]3CCc4cc(CC)c(COC)cc4[C@H]3CC[C@@]21C,0.7798742138364779
C#CC1(OCC)CC[C@H]2[C@@H]3CCc4cc(OC)c(O)cc4[C@H]3CC[C@@]21O,0.7672253258845437
C#CC1(C)CC[C@H]2[C@@H]3CCc4cc(OC)c(O)cc4[C@H]3CC[C@@]21O,0.9442622950819671
C#CC1(C)CC[C@H]2[C@@H]3CCc4cc(O)c(OC)cc4[C@H]3CC[C@@]21OO,0.8180924287118977
C#C[C@]1(C)CC[C@H]2[C@@H]3CCc4cc(OC)c(COC)cc4[C@H]3CC[C@@]21C,0.7865168539325842
C#CC1(O)CC[C@H]2[C@@H]3CCc4cc(OCC)c(OCC)cc4[C@H]3CC[C@@]21C,0.8491620111731844
C#CC1(O)CC[C@H]2[C@@H]3CCc4cc(CCC)c(OC)cc4[C@H]3CC[C@@]21C,0.8745098039215686
C#Cc1cc2c(cc1COC)CC[C@@H]1[C@@H]2CC[C@@]2(C)[C@H]1CCC2(O)C#C,0.8237547892720306
C#CC1(O)CC[C@H]2[C@@H]3CCc4cc(CC)c(O)cc4[C@H]3CC[C@@]21C,0.8931623931623931
C#CC1(O)CC[C@H]2[C@@H]3CCc4cc(OCOC)c(OO)cc4[C@H]3CC[C@@]21C,0.8185185185185185
C#Cc1cc2c(cc1OCC)CC[C@@H]1[C@@H]2CC[C@@]2(C)[C@H]1CCC2(O)C#C,0.8745098039215686
C#CC1(O)CC[C@H]2[C@@H]3CCc4cc(CCC)c(O)cc4[C@H]3CC[C@@]21C,0.8119402985074626
C#COc1cc2c(cc1OO)[C@H]1CC[C@@]3(C)[C@@H](CCC3(O)C#C)[C@@H]1CC2,0.805318138651472
C#CC1(C)CC[C@H]2[C@@H]3CCc4cc(C)c(O)cc4[C@H]3CC[C@@]21O,0.8425624321389793
C#CC1(C)CC[C@H]2[C@@H]3CCc4cc(O)c(OOCC)cc4[C@H]3CC[C@@]21O,0.7992424242424243
C#CC1(C#C)CC[C@H]2[C@@H]3CCc4cc(OC)c(OC)cc4[C@H]3CC[C@@]21O,0.7629629629629628
CCOOc1ccc2c(c1)CC[C@H]1[C@H]3CC[C@@H](O)[C@@]3(C)CC[C@@H]21,0.7582534611288604
C#CC1(O)CC[C@H]2[C@@H]3CCc4cc(CC)c(COO)cc4[C@H]3CC[C@@]21C,0.879765395894428
C#CC1(O)CC[C@H]2[C@@H]3CCc4cc(O)c(C)cc4[C@H]3CC[C@@]21C,0.8859357696566998
C#CC1(O)CC[C@H]2[C@@H]3CCc4cc(OCC)c(O)cc4[C@H]3CC[C@@]21C,0.940928270042194
C#CC1(OO)CC[C@H]2[C@@H]3CCc4cc(CC)c(COC)cc4[C@H]3CC[C@@]21C,0.7798742138364779
CCC1(O)CC[C@H]2[C@@H]3CCc4cc(OC)c(O)cc4[C@H]3CC[C@@]21C,0.7781155015197567
COc1cc2c(cc1C)CC[C@@H]1[C@@H]2CC[C@@]2(O)[C@H]1CCC2(C)OC,0.6879227053140096
C#CC1(O)CC[C@H]2[C@@H]3CCc4cc(OC)c(C)cc4[C@H]3CC[C@@]21C,1.0
C#CC1(C)CC[C@H]2[C@@H]3CCc4cc(OO)c(C)cc4[C@H]3CC[C@@]21O,0.8719576719576719
CCc1cc2c(cc1O)[C@H]1CC[C@@]3(C)[C@@H](CCC3(O)OO)[C@@H]1CC2,0.686046511627907
COc1cc2c(cc1O)[C@H]1CC[C@@]3(C)[C@@H](CCC3(O)OC)[C@@H]1CC2,0.7717171717171716
C#C[C@@H]1CC[C@@H]2[C@@H]3CCc4cc(OC)ccc4[C@@H]3CC[C@]12C,1.0
C#CC1(COC)CC[C@H]2[C@@H]3CCc4cc(OC)c(O)cc4[C@H]3CC[C@@]21O,0.7849765258215962
CCc1cc2c(cc1O)[C@H]1CC[C@@]3(C)[C@@H](CCC3(O)CC)[C@@H]1CC2,0.6628352490421455
C#CC1(O)CC[C@H]2[C@@H]3CCc4cc(OC)c(OO)cc4[C@H]3CC[C@@]21C,0.9766454352441613
C#CC1(CC)CC[C@H]2[C@@H]3CCc4cc(CC)c(C)cc4[C@H]3CC[C@@]21C,0.7293447293447294
C#C[C@]1(C)CC[C@H]2[C@@H]3CCc4cc(OC)c(C)cc4[C@H]3CC[C@@]21CC,0.8126232741617356
C#CC1(C)CC[C@H]2[C@@H]3CCc4cc(O)c(OC)cc4[C@H]3CC[C@@]21COC,0.7431693989071038
C#CC1(O)CC[C@H]2[C@@H]3CCc4cc(COC)c(O)cc4[C@H]3CC[C@@]21OC,0.7774647887323943
CCC1(C)CC[C@H]2[C@@H]3CCc4cc(O)c(OC)cc4[C@H]3CC[C@@]21O,0.7056530214424952
C#CC1(O)CC[C@H]2[C@@H]3CCc4cc(OCC)c(O)cc4[C@H]3CC[C@@]21OO,0.7656395891690009
C#C[C@@H]1CC[C@@H]2[C@@H]3CCc4cc(OOCC)ccc4[C@@H]3CC[C@]12C,0.8322717622080679
C#CC1(O)CC[C@H]2[C@@H]3CCc4cc(CO)c(O)cc4[C@H]3CC[C@@]21C,0.7845528455284552
C#CC1(O)CC[C@H]2[C@@H]3CCc4cc(OO)c(OO)cc4[C@H]3CC[C@@]21C,0.8514056224899598
Cc1cc2c(cc1O)CC[C@@H]1[C@@H]2CC[C@@]2(C)[C@H]1CCC2(O)c1ccc2c(c1)CC[C@H]1[C@H]3CC[C@@H](O)[C@@]3(C)CC[C@@H]21,0.3679525222551928
C#CC1(O)CC[C@H]2[C@@H]3CCc4cc(CC)c(COC)cc4[C@H]3CC[C@@]21OCC,0.7151211361737677
C#CC1(O)CC[C@H]2[C@@H]3CCc4cc(OC)c(O)cc4[C@H]3CC[C@@]21O,0.8860489882854099
C#CC1(C)CC[C@H]2[C@@H]3CCc4cc(O)c(OOC)cc4[C@H]3CC[C@@]21O,0.8580060422960725
C#C[C@]1(C)CC[C@H]2[C@@H]3CCc4cc(OC)c(C)cc4[C@H]3CC[C@@]21COC,0.7666666666666666
COCC1(C)CC[C@H]2[C@@H]3CCc4cc(C)c(OC)cc4[C@H]3CC[C@@]21O,0.6611570247933884
C#CC1(O)CC[C@H]2[C@@H]3CCc4cc(COC)c(C)cc4[C@H]3CC[C@@]21COC,0.7634408602150538
C#CC1(C)CC[C@H]2[C@@H]3CCc4cc(OC)c(C)cc4[C@H]3CC[C@@]21C,0.9075268817204301
C#C[C@]1(O)CC[C@H]2[C@@H]3CCc4cc(O)c(C)cc4[C@H]3CC[C@@]21C,0.8859357696566998
C#CC1(O)CC[C@H]2[C@@H]3CCc4cc(COCC)c(OC)cc4[C@H]3CC[C@@]21C,0.8366013071895424
C#CC1(O)CC[C@H]2[C@@H]3CCc4cc(CC)c(COC)cc4[C@H]3CC[C@@]21OC,0.775692582663092
C#CC1(O)CC[C@H]2[C@@H]3CCc4cc(CC)c(OCC)cc4[C@H]3CC[C@@]21C,0.8604651162790697
C#CC1(C)CC[C@H]2[C@@H]3CCc4cc(OC)c(O)cc4[C@H]3CC[C@@]21O,0.9442622950819671
C#CC1(C)CC[C@H]2[C@@H]3CCc4cc(C)c(C)cc4[C@H]3CC[C@@]21O,0.8354978354978355
CC[C@]1(O)CC[C@H]2[C@@H]3CCc4cc(O)c(C)cc4[C@H]3CC[C@@]21C,0.6606965174129353
Cc1cc2c(cc1O)CC[C@@H]1[C@@H]2CC[C@@]2(C)[C@H]1CC[C@@]2(O)OO,0.6847935548841894
COCC1(C)CC[C@H]2[C@@H]3CCc4cc(OC)c(O)cc4[C@H]3CC[C@@]21C,0.6648199445983379
C#CC1(C)CC[C@H]2[C@@H]3CCc4cc(CC)c(O)cc4[C@H]3CC[C@@]21O,0.8173374613003095
COCC1(C)CC[C@H]2[C@@H]3CCc4cc(OC)c(O)cc4[C@H]3CC[C@@]21C,0.6648199445983379
C#CC1(C)CC[C@H]2[C@@H]3CCc4cc(OCOC)c(OO)cc4[C@H]3CC[C@@]21O,0.7660343270099368
C#CC1(O)CC[C@H]2[C@@H]3CCc4cc(OCCC)c(O)cc4[C@H]3CC[C@@]21C,0.8796019900497513
C#CC1(OO)CC[C@H]2[C@@H]3CCc4cc(COC)c(O)cc4[C@H]3CC[C@@]21C,0.7916666666666666
CCc1cc2c(cc1COC)[C@H]1CC[C@@]3(C)[C@@H](CCC3(C)O)[C@@H]1CC2,0.7078651685393258
C#C[C@]1(OO)CC[C@H]2[C@@H]3CCc4cc(OC)c(C)cc4[C@H]3CC[C@@]21C,0.9081527347781218
C#CC1(OC)CC[C@H]2[C@@H]3CCc4cc(OC)c(OO)cc4[C@H]3CC[C@@]21C,0.8045325779036827
COc1cc2c(cc1OC)[C@H]1CC[C@@]3(O)[C@@H](CCC3(C)O)[C@@H]1CC2,0.7607607607607607
C#CC1(C)CC[C@H]2[C@@H]3CCc4cc(OC)c(O)cc4[C@H]3CC[C@@]21OO,0.8713272543059777
C#CC1(O)CC[C@H]2[C@@H]3CCc4cc(OCOCC)c(OC)cc4[C@H]3CC[C@@]21C,0.8392370572207084
C#CC1(O)CC[C@H]2[C@@H]3CCc4cc(OC)c(C)cc4[C@H]3CC[C@@]21C,1.0
COc1cc2c(cc1O)[C@H]1CC[C@@]3(C)[C@@H](CCC3(C)O)[C@@H]1CC2,0.8311688311688311
CCc1cc2c(cc1OC)[C@H]1CC[C@@]3(C)[C@@H](CCC3(O)OC)[C@@H]1CC2,0.6984126984126984
C#CC1(O)CC[C@H]2[C@@H]3CCc4cc(CCC)c(OC)cc4[C@H]3CC[C@@]21C,0.8745098039215686
C#CC1(C)CC[C@H]2[C@@H]3CCc4cc(OCC)c(C)cc4[C@H]3CC[C@@]21C,0.8378650553877139
C#C[C@]1(C)CC[C@H]2[C@@H]3CCc4cc(OC)c(O)cc4[C@H]3CC[C@@]21O,0.9442622950819671
C#CC1(O)CC[C@H]2[C@@H]3CCc4cc(CC)c(O)cc4[C@H]3CC[C@@]21C,0.8931623931623931
C#CC1(C)CC[C@H]2[C@@H]3CCc4cc(OC)c(O)cc4[C@H]3CC[C@@]21COC,0.7725162488393686
C#CC1(O)CC[C@H]2[C@@H]3CCc4cc(CC)c(COO)cc4[C@H]3CC[C@@]21C,0.879765395894428
C#C[C@]1(C)CC[C@H]2[C@@H]3CCc4cc(OC)c(OC)cc4[C@H]3CC[C@@]21C,0.8514056224899598
CCc1cc2c(cc1OC)[C@H]1CC[C@@]3(C)[C@@H](CCC3(C)O)[C@@H]1CC2,0.7482587064676617
C#CC1(O)CC[C@H]2[C@@H]3CCc4cc(O)c(C)cc4[C@H]3CC[C@@]21C#C,0.7215686274509803
CCOC1(C)CC[C@H]2[C@@H]3CCc4cc(O)c(OC)cc4[C@H]3CC[C@@]21O,0.6611570247933884
C#CC1(C)CC[C@H]2[C@@H]3CCc4cc(CC)c(COC)cc4[C@H]3CC[C@@]21C,0.7688022284122562
C#CC1(C)CC[C@H]2[C@@H]3CCc4cc(CC)c(C)cc4[C@H]3CC[C@@]21C,0.7781155015197567
C#CC1(O)CC[C@H]2[C@@H]3CCc4cc(OC)c(O)cc4[C@H]3CC[C@@]21C,1.0
C#CC1(O)CC[C@H]2[C@@H]3CCc4cc(OO)c(OC)cc4[C@H]3CC[C@@]21C,0.9404388714733543
C#CC1(O)CC[C@H]2[C@@H]3CCc4cc(OO)c(O)cc4[C@H]3CC[C@@]21OO,0.7272727272727272
C#C[C@]1(OC)CC[C@H]2[C@@H]3CCc4cc(O)c(C)cc4[C@H]3CC[C@@]21C,0.7862208713272543
C#CC1(O)CC[C@H]2[C@@H]3CCc4cc(OCO)c(OC)cc4[C@H]3CC[C@@]21C,0.9074626865671642
CCOC1(O)CC[C@H]2[C@@H]3CCc4cc(CC)c(COC)cc4[C@H]3CC[C@@]21C,0.6347607052896724
COc1ccc2c(c1)CC[C@H]1[C@H]3CC[C@@H](O)[C@@]3(c3ccc4c(c3)CC[C@H]3[C@H]5CC[C@@H](O)[C@@]5(C)CC[C@@H]43)CC[C@@H]21,0.4047252182845403
C#CC1(OCC)CC[C@H]2[C@@H]3CCc4cc(OC)c(O)cc4[C@H]3CC[C@@]21C,0.809116809116809
C#CC1(O)CC[C@H]2[C@@H]3CCc4cc(CC)c(C)cc4[C@H]3CC[C@@]21OCC,0.7266121707538602
C#CC1(O)CC[C@H]2[C@@H]3CCc4cc(O)c(C)cc4[C@H]3CC[C@@]21OC,0.7838383838383838
C#CC1(O)CC[C@H]2[C@@H]3CCc4cc(COC)c(C)cc4[C@H]3CC[C@@]21C,0.9124999999999999
C#CC1(C#C)CC[C@H]2[C@@H]3CCc4cc(CC)c(C)cc4[C@H]3CC[C@@]21C,0.7352380952380951
C#CC1(C)CC[C@H]2[C@@H]3CCc4cc(OOCO)c(O)cc4[C@H]3CC[C@@]21O,0.7667610953729934
C#CC1(C)CC[C@H]2[C@@H]3CCc4cc(CC)c(C)cc4[C@H]3CC[C@@]21C,0.7781155015197567
C#CC1(OCC)CC[C@H]2[C@@H]3CCc4cc(OC)c(OO)cc4[C@H]3CC[C@@]21C,0.7593582887700534
C#CC1(O)CC[C@H]2[C@@H]3CCc4cc(OC)c(OO)cc4[C@H]3CC[C@@]21C,0.9766454352441613
C#CC1(C#C)CC[C@H]2[C@@H]3CCc4cc(OCC)c(O)cc4[C@H]3CC[C@@]21C,0.7977207977207976
C#CC1(C)CC[C@H]2[C@@H]3CCc4cc(C)c(OC)cc4[C@H]3CC[C@@]21CC,0.7684918347742555
CCOC1(O)CC[C@H]2[C@@H]3CCc4cc(CC)c(OC)cc4[C@H]3CC[C@@]21C,0.6613616268788682
CCOC1(O)CC[C@H]2[C@@H]3CCc4cc(OC)c(O)cc4[C@H]3CC[C@@]21O,0.6375227686703095
CCO[C@@H]1CC[C@@H]2[C@@H]3CCc4cc(OC)ccc4[C@@H]3CC[C@@]21C,0.7078189300411523
CCOc1cc2c(cc1O)[C@H]1CC[C@@]3(C)[C@@H](CCC3(O)OC)[C@@H]1CC2,0.7141500474833808
C#C[C@@H]1CC[C@@H]2[C@@H]3CCc4cc(Oc5ccc6c(c5)CC[C@H]5[C@H]7CC[C@@H](O)[C@@]7(C)CC[C@@H]65)ccc4[C@@H]3CC[C@]12C,0.5037550548815712
C#CC1(O)CC[C@H]2[C@@H]3CCc4cc(CC)c(C)cc4[C@H]3CC[C@@]21OCC,0.7266121707538602
C#CC1(O)CC[C@H]2[C@@H]3CCc4cc(OCCC)c(OC)cc4[C@H]3CC[C@@]21C,0.88
C#CC1(O)CC[C@H]2[C@@H]3CCc4cc(OCOO)c(O)cc4[C@H]3CC[C@@]21C,0.8279883381924198
COc1cc2c(cc1O)[C@H]1CC[C@@]3(O)[C@@H](CCC3(C)O)[C@@H]1CC2,0.783068783068783
C#CC1(C)CC[C@H]2[C@@H]3CCc4cc(OCC)c(C)cc4[C@H]3CC[C@@]21C,0.8378650553877139
C#CC1(O)CC[C@H]2[C@@H]3CCc4cc(CC)c(OC)cc4[C@H]3CC[C@@]21C,0.9262720664589823
C#CC1(C)CC[C@H]2[C@@H]3CCc4cc(OC)c(O)cc4[C@H]3CC[C@@]21C#C,0.8189910979228486
C#CC1(OO)CC[C@H]2[C@@H]3CCc4cc(C)c(OC)cc4[C@H]3CC[C@@]21O,0.7790697674418605
C#C[C@]1(OOC)CC[C@H]2[C@@H]3CCc4cc(OC)c(C)cc4[C@H]3CC[C@@]21C,0.7909604519774011
C#CC1(O)CC[C@H]2[C@@H]3CCc4cc(OO)c(O)cc4[C@H]3CC[C@@]21OO,0.7272727272727272
COc1cc2c(cc1O)CC[C@@H]1[C@@H]2CC[C@@]2(O)[C@H]1CCC2(C)OCO,0.6611570247933884
C#CC1(C)CC[C@H]2[C@@H]3CCc4cc(OC)c(C)cc4[C@H]3CC[C@@]21O,0.9368191721132897
C#CC1(O)CC[C@H]2[C@@H]3CCc4cc(OCC)c(OC)cc4[C@H]3CC[C@@]21O,0.805318138651472
C#CC1(O)CC[C@H]2[C@@H]3CCc4cc(OO)c(OC)cc4[C@H]3CC[C@@]21C,0.9404388714733543
C#C[C@]1(CC)CC[C@H]2[C@@H]3CCc4cc(OC)c(C)cc4[C@H]3CC[C@@]21C,0.8473895582329317
C#CC1(O)CC[C@H]2[C@@H]3CCc4cc(CC)c(OCO)cc4[C@H]3CC[C@@]21C,0.8604651162790697
C#C[C@]1(C)CC[C@H]2[C@@H]3CCc4cc(OC)c(O)cc4[C@H]3CC[C@@]21OCO,0.7843137254901961
C#CC1(O)CC[C@H]2[C@@H]3CCc4cc(CC)c(OO)cc4[C@H]3CC[C@@]21C,0.9122807017543859
C#CC1(C)CC[C@H]2[C@@H]3CCc4cc(OO)c(OC)cc4[C@H]3CC[C@@]21O,0.8646464646464646
C#CC1(CC)CC[C@H]2[C@@H]3CCc4cc(CC)c(OC)cc4[C@H]3CC[C@@]21C,0.7629629629629628
C#CC1(OC)CC[C@H]2[C@@H]3CCc4cc(CC)c(OC)cc4[C@H]3CC[C@@]21C,0.7571560480147738
C#CC1(O)CC[C@H]2[C@@H]3CCc4cc(OC)c(OC)cc4[C@H]3CC[C@@]21C,0.9840255591054313
C#CC1(C#C)CC[C@H]2[C@@H]3CCc4cc(OO)c(OC)cc4[C@H]3CC[C@@]21C,0.780578898225957
CCc1cc2c(cc1O)[C@H]1CC[C@@]3(C)[C@@H](CCC3(C)O)[C@@H]1CC2,0.7054026503567787
C#C[C@]1(C)CC[C@H]2[C@@H]3CCc4cc(OC)c(OCO)cc4[C@H]3CC[C@@]21C,0.8045325779036827
C[C@]12CC[C@H]3c4ccc(OOO)cc4CC[C@H]3[C@H]1CC[C@H]2O,0.7568756875687568
COc1cc2c(cc1O)[C@H]1CC[C@@]3(O)[C@@H](CC[C@@]3(C)OC)[C@@H]1CC2,0.7218934911242603
CCc1cc2c(cc1O)[C@H]1CC[C@@]3(C)[C@@H](CCC3(O)OC)[C@@H]1CC2,0.686046511627907
C#CC1(O)CC[C@H]2[C@@H]3CCc4cc(OCO)c(OC)cc4[C@H]3CC[C@@]21C,0.9074626865671642
C#Cc1cc2c(cc1OC)CC[C@@H]1[C@@H]2CC[C@@]2(C)[C@H]1CC[C@@]2(C)C#C,0.8383233532934131
C#CC1(C)CC[C@H]2[C@@H]3CCc4cc(OC)c(O)cc4[C@H]3CC[C@@]21C#C,0.8189910979228486
C[C@]12CC[C@H]3c4ccc(OOCO)cc4CC[C@H]3[C@H]1CC[C@H]2O,0.7189132706374086
C#CC1(O)CC[C@H]2[C@@H]3CCc4cc(COC)c(C)cc4[C@H]3CC[C@@]21CC,0.813753581661891
C#CC1(O)CC[C@H]2[C@@H]3CCc4cc(OC)c(CC)cc4[C@H]3CC[C@@]21C,0.9766454352441613
C#C[C@]1(C)CC[C@H]2[C@@H]3CCc4cc(OC)c(C)cc4[C@H]3CC[C@@]21OCO,0.7902621722846441
C#CC1(C)CC[C@H]2[C@@H]3CCc4cc(OC)c(O)cc4[C@H]3CC[C@@]21CO,0.8916155419222904
COc1ccc2c(c1)CC[C@H]1[C@H]3CC[C@@H](OCO)[C@@]3(C)CC[C@@H]21,0.7463312368972745
C#C[C@]1(C)CC[C@H]2[C@@H]3CCc4cc(OC)c(CO)cc4[C@H]3CC[C@@]21C,0.8514056224899598
C#CC1(C)CC[C@H]2[C@@H]3CCc4cc(C)c(OC)cc4[C@H]3CC[C@@]21OO,0.830860534124629
C#CC1(C)CC[C@H]2[C@@H]3CCc4cc(OC)c(C)cc4[C@H]3CC[C@@]21OC,0.7999999999999999
C#C[C@]1(OC)CC[C@H]2[C@@H]3CCc4cc(OC)c(C)cc4[C@H]3CC[C@@]21C,0.8408408408408408
C#CC1(O)CC[C@H]2[C@@H]3CCc4cc(OC)c(CO)cc4[C@H]3CC[C@@]21C,0.9693121693121692
C#CC1(O)CC[C@H]2[C@@H]3CCc4cc(OC)c(O)cc4[C@H]3CC[C@@]21O,0.8860489882854099
C#CC1(OCC)CC[C@H]2[C@@H]3CCc4cc(OC)c(C)cc4[C@H]3CC[C@@]21O,0.773109243697479
C#CC1(O)CC[C@H]2[C@@H]3CCc4cc(OC)c(C)cc4[C@H]3CC[C@@]21OCO,0.8022598870056497
C#CC1(O)CC[C@H]2[C@@H]3CCc4cc(OC)c(O)cc4[C@H]3CC[C@@]21OO,0.8318407960199005
C#C[C@@H]1CC[C@@H]2[C@@H]3CCc4cc(OC)ccc4[C@@H]3CC[C@]12C,1.0
C#CC1(C#C)CC[C@H]2[C@@H]3CCc4cc(OCO)c(OC)cc4[C@H]3CC[C@@]21C,0.7578194816800715
C#CC1(C)CC[C@H]2[C@@H]3CCc4cc(OCC)c(O)cc4[C@H]3CC[C@@]21O,0.8577235772357723
C#CC1(C)CC[C@H]2[C@@H]3CCc4cc(OO)c(O)cc4[C@H]3CC[C@@]21O,0.8307372793354101
C#CC1(O)CC[C@H]2[C@@H]3CCc4cc(COC)c(C)cc4[C@H]3CC[C@@]21OO,0.7774647887323943
C#C[C@]1(OO)CC[C@H]2[C@@H]3CCc4cc(OOO)c(C)cc4[C@H]3CC[C@@]21C,0.7977207977207976
COc1cc2c(cc1O)[C@H]1CC[C@@]3(O)[C@@H](CC[C@@]3(C)O)[C@@H]1CC2,0.783068783068783
CCc1cc2c(cc1OC)[C@H]1CC[C@@]3(C)[C@@H](CCC3(O)OO)[C@@H]1CC2,0.7098591549295774
C#C[C@]1(OO)CC[C@H]2[C@@H]3CCc4cc(OC)c(O)cc4[C@H]3CC[C@@]21C,0.9012345679012346
C#CC1(C)CC[C@H]2[C@@H]3CCc4cc(OCC)c(C)cc4[C@H]3CC[C@@]21O,0.8711656441717791
COc1cc2c(cc1OO)CC[C@@H]1[C@@H]2CC[C@@]2(C)[C@H]1CCC2(O)OCO,0.6613616268788682
COc1cc2c(cc1OC)[C@H]1CC[C@@]3(O)[C@@H](CCC3(C)OCO)[C@@H]1CC2,0.6719999999999999
C#CC1(O)CC[C@H]2[C@@H]3CCc4cc(OC)c(CC)cc4[C@H]3CC[C@@]21C,0.9766454352441613
C#CC1(C)CC[C@H]2[C@@H]3CCc4cc(CO)c(C)cc4[C@H]3CC[C@@]21C,0.7402985074626864
C#CC1(C)CC[C@H]2[C@@H]3CCc4cc(OOO)c(C)cc4[C@H]3CC[C@@]21O,0.8313253012048192
C#C[C@]12CC[C@@H]3c4cc(C)c(OC)cc4CC[C@H]3[C@@H]1CC[C@@]2(C)C#C,0.7999999999999999
C#C[C@]1(CO)CC[C@H]2[C@@H]3CCc4cc(OC)c(O)cc4[C@H]3CC[C@@]21C,0.9081527347781218
C#CC1(C#C)CC[C@H]2[C@@H]3CCc4cc(OCO)c(OC)cc4[C@H]3CC[C@@]21C,0.7578194816800715
C#CC1(C)CC[C@H]2[C@@H]3CCc4cc(OOC)c(C)cc4[C@H]3CC[C@@]21C,0.8378650553877139
C#CC1(O)CC[C@H]2[C@@H]3CCc4cc(OC)c(OO)cc4[C@H]3CC[C@@]21OO,0.7821229050279329
CCC12CCC3c4cc(O)c(-c5ccccc5)cc4CCC3C1CCC2O,0.43325705568268497
C#CC1(C)CCC2C3CCc4cc(OOCO)c(O)cc4C3CCC21OC,0.6876090750436299
C#CC1(O)CCC2C3CCc4cc(OO)c5cc4C3CCC21CCC5,0.6666666666666666
C=CC(=O)c1cc2c(cc1OC)CCC1C2CCC23OC2(C)CCC13,0.6063829787234042
C#CC1(O)CCC2C3CCc4cc(OC)c(C)cc4C3CCC21OC,0.8916155419222904
Cc1cc2c(cc1C(C)C)CCC1C2CCC2(O)C1CCC2(C)CO,0.61455525606469
C#CC1(O)CCC2C3CCc4cc(CC)c(C)cc4C3CCC21C,0.9003215434083601
CC1CCC(Oc2ccc3c(c2)CCC2C3CCC3(C)C(O)CCC23)CC1,0.5945017182130584
C#CC1(OO)CCC2C3CCc4cc(OOCC)c(C)cc4C3CCC21,0.6848816029143898
CCC12CCC3c4ccc(OC5(C)CCO5)cc4CCC3C1CCC2O,0.6379928315412187
C#CC1(O)CCC2C3CCc4cc(OCOC5(C)CCC5)c(OC)cc4C3CCC21C,0.7347585114806017
C#CC12CCC3C4CCc5cc(CC)c(cc5C4CCC31C)-c1ccccc12,0.5537998495109104
COCCC1(O)CCC2C3CCc4cc(OC)c(C)cc4C3CCC21C,0.7011807447774749
COCc1cc2c(cc1OC)C1CCC3(C)C(CCC3(O)n3cccn3)C1CC2,0.6049382716049383
C#CC1(OC)CCC2C3CCc4cc(OCO)c(OCCO)cc4C3CCC21C,0.6493301812450748
CCc1cc2c(cc1C(N)=O)C1CCC3(C)C(CCC3(O)CC)C1CC2,0.5888324873096447
C#CC1(O)CCC2C3CCc4cc(CC)c(C)cc4C3CCC21,0.7352024922118379
C#CCc1ccc2c(c1)CCC1C2CCC2(C)C1CCC2(O)C#C,0.925438596491228
C#CC1(O)CCC2C3CCc4cc(OCCC(C)(C)C)c(O)cc4C3CCC21C,0.7579672695951765
CCc1cc2c(cc1OC)C1CCC3(C(C)=O)C(O)CCC3C1CC2,0.5674499564838991
C#COc1ccc2c(c1)CCC1C2CCC2C1CCC2(O)C#C,0.8360836083608361
C#CC1(O)CCC2C3CCc4cc(OCO)c(OCO)cc4C3CCC21,0.62478184991274
COCc1cc2c(cc1C)C1CCC3(C)C(O)CCC3C1CC2,0.6686807653575025
C#CC1(O)CCC2C3CCc4cc(OCO)c(O)cc4C3CCC21C,0.8711656441717791
C#CC1(C#CO)CCC2C3CCc4cc(OC)c(O)cc4C3CCC21OC,0.7171453437771975
C#CC1(OO)CCC2C3CCc4ccc(C(=O)OCC)cc4C3CCC21C,0.7920072661217075
C#CC1(O)CCC2C3CCc4ccc(OC)cc4C3CCC21C,1.0
C#CC1CCC2C3CCc4cc(CO)ccc4C3CCC12C,0.7656765676567656
COc1cc2c(cc1OO)C1CCC3(C)C(O)CCC3C1CC2,0.709480122324159
C#CC1(O)CCC2C3CCc4ccc(O)cc4C3CCC21C,0.9044289044289044
C#CC1(O)CCC2C3CCc4ccc(OC)cc4C3CCC21,0.8689655172413793
C#CC1(O)CCC2C3CCc4cc5c(C(C)=O)cc4C3CCC21OO5,0.6557971014492754
C=C(C)OC12CCC3c4ccc(OC)cc4CCC3C1CCC2O,0.672463768115942
C#CC1(O)CCC2C3CCc4cc(COC)c(OC)cc4C3CCC21,0.7318007662835249
C#CC1CCC2C3CCc4cc(OCO)c(O)cc4C3CCC12O,0.6475095785440612
C#CC1CCC2C3CCc4cc(OS(C)(=O)=O)ccc4C3CCC12C,0.7991967871485943
C#CC1(C)CCC2C3CCc4cc5c(cc4C3CCC21C)OCO5,0.805725971370143
COc1ccc(C2(O)CCC3C4CCc5cc(OC)c(O)cc5C4CCC32C)cc1C,0.5836909871244635
C#CC1(CC)CCC2C3CCc4cc(OO)c(OC)cc4C3CCC21,0.7043314500941619
C#CC1(O)CCC2C3CCc4ccc(OC)cc4C3CCC21CO,0.8499999999999999
C#CC1(O)CCC2C3CCc4ccc(Oc5ccc(Cl)cc5)cc4C3CCC21C,0.687960687960688
C#CC1(CC)CCC2C3CCc4cc(C)c(CC)cc4C3CCC21C,0.7078651685393258
C#CC1(C#C)CCC2C3CCc4cc5c(cc4C3CCC21C)N5C,0.7420634920634921
C#CC1(O)CCC2C3CCc4ccc(O)cc4C3CCC21C,0.9044289044289044
COc1cc2c(cc1O)C1CCC3(O)C(CCC3(C)OC)C1CC2,0.7218934911242603
C#CCc1ccc2c(c1)CCC1C2CCC2C1CCC2(O)C#C,0.7144340602284527
COc1cc2c(cc1-c1ccccc1)C1CCC3(C)C(CCC3(C)OO)C1CC2,0.5710014947683109
C#CC1(O)CCC2C3CCc4cc(CC)c(OCc5ccc(O)cc5)cc4C3CCC21C,0.6666666666666666
C=CCCOC1(C)CCC2C3CCc4cc(OC)c(O)cc4C3CCC21C,0.6078925272879933
C#CC1(c2ccc(C)cc2)CCC2C3CCc4cc(OC)c(C)cc4C3CCC21C,0.6758832565284179
COc1cc2c(cc1O)C1CCC3(O)C(CCC3(C)O)C1CC2,0.783068783068783
C#CC1(O)CCC2C3CCc4ccc5cc4C3CCC21c1ccc-5cc1,0.6240409207161125
C#CC1(O)CCC2C3CCc4cc(CO)ccc4C3CCC21C,0.9802555168408826
C#CCc1cc2c(cc1C)C1CCC3(C)C(CCC3(C#C)C(N)=O)C1CC2,0.6036484245439468
CC12CCC3c4ccc(OOc5ccc(Cl)cc5)cc4CCC3C1CCC2O,0.5733333333333333
C#CC1(C)CCC2C3CCc4cc(OC)c(C)cc4C3CCC21C,0.9075268817204301
COc1cc2c(cc1-c1ccccc1)CCC1C2CCC2(C)C(O)CCC12,0.5520581113801453
C#CC1(O)CCC2C3CCc4cc(OC)c(C)cc4C3CCC21,0.8508771929824561
C#CC1(O)CCC2C3CCc4cc(OCOC)c(OC)cc4C3CCC21O,0.7717391304347825
COOC12CCC3C4CCc5cc(OC)c(OO)cc5C4CCC31O2,0.5714285714285714
C#CC1(O)CCC2C3CCc4cc(OC)c(-c5ccccc5)cc4C3CCC21C,0.7847049044056524
C#CC1(O)CCC2C3CCc4cc(OC)c(CO)cc4C3CCC21C,0.9693121693121692
C#CC1(O)CCC2C3CCc4cc(OC)c(O)cc4C3CCC21CC#N,0.7902621722846441
C#CC1(C2CC(C)(OC)C2=O)CCC2C3CCc4cc(OC)c(OC)cc4C3CCC21C,0.5741496598639455
C#CN(C)C12CCC3c4cc(O)c(OC)cc4CCC3C1CCC2(O)C#C,0.7828418230563001
COc1cc2c(cc1OO)C1CCC3(OC)C(CCC3(O)OC)C1CC2,0.6440382941688425
COCOc1ccc2c(c1)CCC1C2CCC2(C)CCCC12,0.6902465166130761
CC12CCC3c4ccc(-c5cnc(C#N)s5)cc4CCC3C1CCC2O,0.5279187817258884
C#CC1(O)CCC2C3CCc4ccc(CCO)cc4C3CCC21C,0.8173374613003095
C#CC1(O)CCC2C3CCc4cc(OC)c(C)cc4C3CCC21,0.8508771929824561
C#CC1(C=O)CCC2C3CCc4ccc(CO)cc4C3CCC21C,0.7236971484759095
C#CC1(O)CCC2C3CCc4cc(CC)c(OO)cc4C3CCC21C(=O)CCCCCCC,0.5369649805447471
CC12CCC3c4ccc(OC5CCC6C7CCc8cc9c(=O)c9cc8C7CCC56C)cc4CCC3C1CCC2O,0.39873417721518983
C#CC1(C)CCC2C3CCc4cc(OC)c(C)cc4C3CCC21C,0.9075268817204301
C#CC1(C)CCC2C3CCc4cc(OOO)c(C)cc4C3CCC21C,0.7992087042532147
C#CC1CCC2C3CCc4cc(OC(N)=O)ccc4C3CCC12C,0.7801857585139318
C#CC1(O)CCC2C3CCc4cc(OC)ccc4C3CCC21C,1.0
CC1(C)CCC2C3CCc4cc(OCC(=O)O)c(O)cc4C3CCC21O,0.5918189730200174
C#CC1(O)CCC2C3CCc4cc(OC)c(OC)cc4C3CCC21C#C,0.7880485527544351
C#CCc1ccc2c(c1)CCC1C2CCC2(c3cccc(Br)c3)C1CCC2(O)C#C,0.5436337625178826
C#CC1(O)CCC2C3CCc4cc(COC)c(C)cc4C3CCC21,0.7642276422764227
C#CC1(OO)CCC2C3CCc4cc(C(C)=O)c(C)cc4C3CCC21C,0.773109243697479
C#CC1(O)CCC2C3CCc4cc(OC)ccc4C3CCC21O,1.0
CCOC1(C)CCC2C3CCc4cc(OC)c(C)cc4C3CCC21C1OCCO1,0.481245576786978
C#CC1(O)CCC2C3CCc4cc(OC)c(C)cc4C3CCC21O,0.9075268817204301
C#CCC1(c2cc3c(cc2C)C2CCC4(O)C(CCC4(C)C#C)C2CC3)CC1,0.6181229773462783
C#CCCOC1(C#C)CCC2C3CCc4cc(OC)c(C)cc4C3CCC21C,0.7124681933842238
COc1cc2c(cc1O)C1CCC3(C)C(C)CCC3C1CC2,0.6813880126182965
C#CC1CCC2C3CCc4cc(OC)c(CC)cc4C3CCC12C,0.7717171717171716
C#CC1(O)CCC2C3CCc4cc(OC)c(OCOC)cc4C3CCC21C,0.8676056338028169
C#CC1(O)CCC2C3CCc4cc(C(=O)O)c(CC)cc4C3CCC21C,0.7571560480147738
C#CC1(O)CCC2C3CCc4cc(OCO)c(O)cc4C3CCC21C,0.8711656441717791
C#CC1(O)CCC2C3CCc4cc(OCC)c(OC)cc4C3CCC21,0.7619047619047619
C#CC1(O)CCC2C3CCc4cc(OCC)c(OC)cc4C3CCC21OC,0.810958904109589
C#CC1(C)CCC2C3CCc4cc(C(=O)O)c(C)cc4C3CCC21O,0.7255460588793922
Cc1ccoc1Oc1ccc2c(c1)CCC1C2CCC2C(O)CCC21,0.510936132983377
C#CC1(O)CCC2C3CCc4cc(OCCC)c(C)cc4C3CCC21C,0.913131313131313
CC12CCC3c4ccc(-c5ccc(F)cc5F)cc4CCC3C1CCC2O,0.49122807017543857
C#CC1(O)CCC2C3CCc4cc(OC)c(C)cc4C3CCC21O,0.9075268817204301
C#CC1(O)CCC2C3CCc4cc(C5CCOCC5=O)c(O)cc4C3CCC21C,0.6459824980111376
C#CC1(O)CCC2C3CCc4cc(OOC)c(CC)cc4C3CCC21C,0.9074626865671642
C#CC1(O)CCC2C3CCc4cc(OCC)ccc4C3CCC21O,0.9943502824858756
C#CC1(O)CCC2C3CCc4cc5c(COC)cc4C3CCC21C(=O)COO5,0.6491646778042959
C#CC1(O)CCC2C3CCc4cc(OC5(C)CSC5)ccc4C3CCC21C,0.9696969696969697
C#CC1(C(=O)OC)CCC2C3CCc4cc(OC)ccc4C3CCC21C,0.9074626865671642
C#CC1(C(C)=O)CCC2C3CCc4cc(OC)ccc4C3CCC21C,0.9712460063897763
C#CC1(O)CCC2C3CCc4cc(OCOCC)ccc4C3CCC21C,1.0
C#CC1(C)CCC2C3CCc4cc(OC)c(CC5CCCC5)cc4C3CCC21C,0.6971887550200804
C#CC1(O)CCC2C3CCc4ccc(OC)cc4C3CCC21,0.8689655172413793
C#CC1(O)CCC2C3CCc4cc(Cc5ccc(I)cc5)c(OC)cc4C3CCC21C,0.6819571865443425
COc1ccc2c(c1)CCC1C2CCC2C1CCC2C1(O)CCC2C3CCc4cc(OC)ccc4C3CCC21C,0.4241501775748351
C#CC1(O)CCC2C3CCc4ccccc4C3CCC21C,0.9502487562189055
C#CC1(O)CCC2C3CCc4cc(OO)c(Oc5ccccc5)cc4C3CCC21,0.5453183520599251
C#CC1(O)CCC2C3CCc4cc(CC)c(OC5CCC5)cc4C3CCC21C,0.7958115183246073
C#CC1(O)CCC2C3CCc4cc(OC)c(C)cc4C3CCC21C,1.0
C#CC1(O)CCC2C3CCc4cc(CC)c(OC)cc4C3CCC21C,0.9262720664589823
C#CC1(O)CCC2C3CCc4cc(OC)c(C)cc4C3CCC21C,1.0
C#CC1CCC2C3CCc4cc(O)c(CC5C6CCCC65)cc4C3CCC12C,0.522273425499232
C#CC1(O)CCC2C3CCc4cc(C5CCC(OC)CC5)ccc4C3CCC21C,0.7331628303495311
C#CC1(O)CCC2C3CCc4cc(OO)c(OOc5cccc(O)c5)cc4C3CCC21C,0.6114649681528662
CCOc1ccc2c(c1)CCC1C2CCC2(O)C(O)CCC12,0.7096774193548386
CC12CCC3c4cc(O)c(O)cc4CCC3C1CCC2(O)c1cc[n-]c1,0.5533333333333332
C#CC1(O)CCC2C3CCc4ccc(O)cc4C3CCC21C,0.9044289044289044
C#CC1(C)CCC2C3CCc4cc(OC)c(CC)cc4C3CCC21C,0.8448448448448449
C#Cc1ccc(C2CCC3C4CCc5cc(CCC)ccc5C4CCC23C)cc1,0.44057971014492747
COc1cc2c(cc1OO)C1CCC3(C)C(O)CCC3C1CC2,0.709480122324159
CC1(O)CCC2C3CCc4cc(NC(N)=O)c(O)cc4C3CCC21O,0.53125
COc1cc2c(cc1O)C1CCC3(C)C(CCC3(C)C(C)C)C1CC2,0.650228310502283
C#CC1COCCCC1c1cc2c(cc1OSCO)CCC1C2CCC2(O)C(C)CCC12,0.39399399399399393
COc1cc2c(cc1O)C1CCC3(C)C(CCC3(C)C3CCC(F)CC3)C1CC2,0.5285820341499629
CCOCOc1ccc2c(c1)CCC1C2CCC2(C)C(O)CCC12,0.7049345417925479
C#CC1(O)CCC2C3CCc4cc(OOCO)ccc4C3CCC21O,0.8654244306418218
C#CC1(O)CCC2C3CCc4cc(OC)c(OO)cc4C3CCC21C,0.9766454352441613
C#CC1(O)CCC2C3CCc4cc(OC)c(OC)cc4C3CCC21C,0.9840255591054313
CCC1(O)CCC2C3CCc4ccc(OC)cc4C3CCC21C,0.8215053763440859
C#CC1(O)CCC2C3CCc4cc(OC)c(C)cc4C3CCC21C(=O)O,0.7999999999999999
CCc1cc2c(cc1OC)CCC1C2CCC2(C)C(C3CCC3)CCC12,0.5306799336650083
C#CC1(C)CCC2C3CCc4cc(O)c(N5CCOCC5)cc4C3CCC21O,0.6095238095238095
C#CC1(OCC)CCC2C3CCc4cc(OC)ccc4C3CCC21C1CCCC1,0.6511627906976744
C#CC1(O)CCC2C3CCc4ccc(Oc5ccccc5)cc4C3CCC21C,0.7179487179487178
C#CC1(C)CCC2C3CCc4cc(NC)c(C(=O)O)cc4C3CCC21O,0.7190605239385728
C#CC1CCC2C3CCc4cc(OC)c(CC)cc4C3CCC12C,0.7717171717171716
C#CCC1CCC2C3CCc4cc(OC)ccc4C3CCC12c1ccc(F)cc1,0.4913793103448275
C#CC1(O)CCC2C3CCc4cc(-c5ccc(C)cc5)ccc4C3CCC21O,0.6837606837606837
C#CC1(OC)CCC2C3CCc4cc(C)c(OC)cc4C3CCC21C,0.7790697674418605
C#CC1CCC2C3CCc4cc(OC)c(C5(C)CSC5)cc4C3CCC12c1ccccc1Cl,0.46800731261425954
C#CC1(C)CCC2C3CCc4ccc(C)cc4C3CCC21O,0.8888888888888888
C#CCC12CCC3c4cc(CO)c(OC5CCOCC5)cc4CCC3C1CCC2O,0.5046594982078852
C#CC12C#Cc3cc4c(cc3OC)C3CCC1(C)C(CC2)C3CC4,0.6666666666666666
COc1cc2c(cc1O)C1CCC3(C)C(CCC3(C)C34CCC5c6ccccc6CCC5C3CCC4O)C1CC2,0.38255977496483823
C#CC1CCC2C3CCc4cc(CC)c(OC5CCCC5)cc4C3CCC12C,0.6046141607000795
C#CC1(C)CCC2C3CCc4cc(C(C)=O)c(C)cc4C3CCC21O,0.7735665694849369
C#CC1CCC2C3CCc4cc(OC)c(OO)cc4C3CCC12CC,0.6984126984126984
C#CC1CCC2C3CCc4cc(OO)c5cc4C3CCC12c1cccc(c1)O5,0.49307075127644057
C#CC1(O)CCC2C3CCc4cc(CC5CCOC5)ccc4C3CCC21,0.6342342342342342
C#CCc1ccc2c(c1)CCC1C2CCC23C(=O)C2(C#C)CCC13,0.6627906976744186
C#CC1(O)CCC2C3CCc4cc([Si](C)(C)O)ccc4C3CCC21O,0.8444444444444443
C#CC1(C=O)CCC2C3CCc4cc(OC)ccc4C3CCC21C,1.0
C#CC1(O)CCC2C3CCc4cc(OC)c(C)cc4C3CCC21COCC1CCO1,0.6499620349278663
CC12CCC3c4ccc(CO)cc4CCC3C1CCC2C1CCCCC1,0.46811945117029863
C=CCCCCCCCC1CCC2C3CCc4cc(OC)c(O)cc4C3CCC12C,0.5079365079365079
C#CC1CCC2C3CCc4cc(OC)c(OO)cc4C3CCC12C,0.7845528455284552
C#CC1(O)CCC2C3CCc4cc(Oc5ccccc5)c(C)cc4C3CCC21O,0.6897689768976898
C#CC1(O)CCC2C3CCc4cc(OC)c(O)cc4C3CCC21,0.8295331161780674
C#CC1(O)CCC2C3CCc4cc(C5CC5)c(CC)cc4C3CCC21C,0.780578898225957
C#CC1(O)CCC2C3CCc4cc(OO)c(O)cc4C3CCC21O,0.7717171717171716
C#CC1(OC)CCC2C3CCc4cc(OC5(C)CSC5)c(OO)cc4C3CCC21C,0.6558891454965358
C#Cc1cc2c(cc1OC)CCC1C2CCC2(C)C(C#C)CCC12,0.7653575025176234
C#COc1ccc2c(c1)CCC1C2CCC2(C(C)C(=O)[O-])C1CCC2(C#C)C(C)=O,0.6515837104072397
C#CC1(C=O)CCC2C3CCc4cc(OOC5(C)CSC5)ccc4C3CCC21C,0.7422680412371134
CC12CCC3c4cc(O)c5cc4CCC3C1CCC2(O)c1ccc(c(CO)c1)CCO5,0.4731182795698925
COc1cc2c(cc1C)CCC1C2CCC2(C)C1CCC2(O)OC1(C)CSC1,0.5754716981132075
C#CC1(O)CCC2C3CCc4cc(Oc5ccccc5)c(OO)cc4C3CCC21C,0.6871552403467296
C#CC1(C(C)=O)CCC2C3CCc4cc5ccc4C3CCC21C5=O,0.5740236148955494
C#CC1(C(=O)O)CCC2C3CCc4cc(O)c(OC)cc4C3CCC21C,0.7762302692664809
C#CC1(O)CCC2C3CCc4cc5ccc4C3CCC21C5=O,0.6358974358974359
C#CC1(O)CCC2C3CCc4cc(COC)c(OC)cc4C3CCC21C,0.8745098039215686
CC12CCC3c4ccc5cc4CCC3C1CCC2C#C5,0.5921052631578947
C#CC1CCC2C3CCc4cc5c(O)cc4C3CCC12OC(=O)O5,0.5087719298245614
C#CC1(O)CCC2C3CCc4cc(O)c(C(=O)C5CCOCC5)cc4C3CCC21C,0.59882005899705
C#CC1(C=O)CCC2C3CCc4cc(O)ccc4C3CCC21COCc1cc2ccc1-2,0.4899598393574297
C#CC1(O)CCC2C3CCc4cc(O)c(OC)cc4C3CCC21C,0.9455337690631809
C#CC1(O)CCC2C3CCc4cc(Cc5ccccc5Br)ccc4C3CCC21,0.5579886455798864
C#CC1(O)CCC2C3CCc4cc(Oc5cccc(C)c5)ccc4C3CCC21,0.6945898778359512
C#CC1(O)CCC2C3CCc4cc(CC5CC5)c(OC)cc4C3CCC21C,0.825925925925926
C#Cc1ccc(Cc2cc3c(cc2OC)CCC2C3CCC3(O)C2CCC3(C)C#C)cc1,0.6422939068100358
C#CC1(C)CCC2C3CCc4cc(CC)c(O)cc4C3CCC21C(=O)O,0.7079964061096137
