COC(=O)c1[nH]c2cccc(OC)c2c1NC(=O)c1ccccc1NC(=O)Cn1cnc2ccccc2c1=O,0.35596022935282196
O=C(CNC(=O)c1cccs1)NCC(=O)c1nc2cccnc2n(Cc2ccccc2)c1=O,0.7606652754545278
Cn1c(=O)c2cc(S(=O)(=O)NNC(=O)CCS(=O)(=O)c3ccc4c(c3)n(C)c(=O)c(=O)n4C)ccc2n(C)c1=O,0.7683267876953447
COc1ccc2c(ccn2CCNC(=O)CNC[C@H](O)CNS(=O)(=O)c2ccc3c(c2)c(=O)n(C)c(=O)n3C)c1,0.8046730832782798
Cn1cc(C(=O)NNC(=O)CNC(=O)Cc2nc3cccnc3n(Cc3ccccc3)c2=O)c2ccccc21,0.7928352071826963
Cn1c(=O)c2cc(S(=O)(=O)NC[C@@H](O)CCc3noc(C(=O)NCc4ccccn4)n3)ccc2n(C)c1=O,0.7957392242449033
COC[C@H](CCN1CCN(C(=O)c2ccccc2)CC1)NC(=O)c1cc(-c2ccccc2)nc2c1c(C)nn2C,0.3381539571294673
COc1ccc2c(ccn2CCCc2noc(C(=O)NCc3ccccn3)n2)c1,0.48733034394765873
COc1ccc2c(ccn2Cc2nc3cccnc3n(Cc3ccccc3)c2=O)c1,0.04788346941873475
CC(=O)N[C@H]1CO[C@H]2[C@@H]1OC[C@@H]2NC(=O)CNC[C@H](O)CNS(=O)(=O)c1ccc2c(c1)c(=O)n(C)c(=O)n2C,0.7180267468022515
CC(=O)N[C@H]1CO[C@H]2[C@@H]1OC[C@@H]2Nc1nccc(-c2ccc3c(c2)OCO3)n1,0.8063029851414365
Cc1ccccc1NC(=O)Cn1cnc2ccccc2c1=O,0.12701633166851742
Cn1nc(CNC(=O)CN2CCC[C@H](C(=O)NCCn3c(=O)c(=O)[nH]c4ccccc43)C2)c2ccccc2c1=O,0.7960227586651802
O=C(NCCn1c(=O)c(=O)[nH]c2ccccc21)[C@H]1CCCN(Nc2nccc(-c3ccc4c(c3)OCO4)n2)C1,0.7764404653257423
COc1ccc(-c2cc(=O)oc3cc(Oc4nc5cccnc5n(Cc5ccccc5)c4=O)ccc23)cc1,0.06805001787593713
O=C(C[C@H](NC(=O)C[C@@H]([NH2+]Cc1cccnc1)C(=O)[O-])C(=O)[O-])Nc1cccc2ncccc12,0.7980540142064221
CC(=O)N[C@H]1CO[C@H]2[C@@H]1OC[C@@H]2Nc1nc(N)nc(CN2CCN(C(=O)c3cc4ccccc4o3)CC2)n1,0.7805586434374694
CC(=O)N[C@H]1CO[C@H]2[C@@H]1OC[C@@H]2Nc1ccccc1NC(=O)CCn1nnc2ccccc2c1=O,0.8021209639719765
CC(=O)N[C@H]1CO[C@H]2[C@@H]1OC[C@@H]2Nc1nccc([C@@H](CC(=O)Nc2cccc3ncccc23)C(=O)[O-])n1,0.8160847288012831
O=C(C[C@@H](C(=O)[O-])c1nc2cccnc2n(Cc2ccccc2)c1=O)Nc1cccc2ncccc12,0.6650429364879933
CC(=O)NCC(=O)NC[C@@H](c1ccco1)N1CCc2ccccc2C1,0.3276344108332003
O=C(CNC(=O)c1cccs1)NCC(=O)c1cccc(C(=O)N2CCC3(CC2)NC(=O)NC3=O)c1,0.7265255840551728
COc1ccc2c(ccn2CCNC(=O)CNCC[NH+]2CCN(C(=O)Nc3cccc(OC)c3OC)CC2)c1,0.8132882808488928
COc1cccc(NC(=O)CC(=O)Nc2ccccc2N[C@H]2CO[C@H]3[C@@H]2OC[C@@H]3NC(C)=O)c1OC,0.7410271505960513
COc1cccc(NC(=O)N2CC[NH+](CCC(=O)CNC(=O)CNC(=O)c3cccs3)CC2)c1OC,0.7742602536706181
Cc1cc2ccccc2n1CC(=O)N1CCN(C[C@@H](c2ccco2)N2CCc3ccccc3C2)CC1,0.003943428332293542
COc1ccc(CCNC(=O)Cn2c(=O)[nH]c3ccccc3c2=O)cc1C(C)=O,0.7836442083351095
CN(c1ccc(NC(=O)Cn2c(=O)[nH]c(=O)c3ccccc32)cn1)n1nnc2ccccc2c1=O,0.8034284189446517
O=C(Cn1cnc2ccccc2c1=O)Nc1ccccc1NC(=O)c1nc([O-])c2ccccc2n1,0.6399451235830437
Cn1c(=O)c2c(nc(N3CCN(CC(=O)c4ccc5c(c4)OCO5)CC3)n2CCCc2ccccc2)n(C)c1=O,0.7517357746510138
CC(=O)N[C@H]1CO[C@H]2[C@@H]1OC[C@@H]2N[n+]1c(N)c(C(=O)NCc2ccco2)cc2c(=O)n3ccccc3nc21,0.7817458083024053
CC(=O)Nc1ccc(S(=O)(=O)N(Cc2cccnc2)C[C@@H]2C=c3ccccc3=[NH+]C2=O)cc1,0.8007186723602727
COc1ccc2c(ccn2CCC(=O)NCCN2CCN(C(=O)c3ccccc3)CC2)c1,0.15005253863014723
Cn1c(=O)c2c(nc(N3CCN(CC(=O)Cc4cccnc4)CC3)n2CCCc2ccccc2)n(C)c1=O,0.8031349207619082
COc1ccc2c(ccn2CCC(=O)Nc2cccc(OC)c2OC)c1,0.05434041288389404
COc1ccc2c(ccn2CCCCCc2ccccc2)c1,1.0101211278684666e-05
Cn1c(=O)n(CCC(=O)Cn2nnc3ccccc3c2=O)c(=O)c2cc(S(=O)(=O)Nc3ccccn3)ccc21,0.7958836546391334
CC(=O)N[C@H]1CO[C@H]2[C@@H]1OC[C@@H]2Nc1nc(CN2CCN(C(=O)c3cc4ccccc4o3)CC2)nc(N(C)C)n1,0.7898583640319178
Cn1c(=O)c2cc(S(=O)(=O)NC[C@@H](O)CNCC(=O)N[O-])ccc2n(C)c1=O,0.7357922886275106
CC(=O)c1nccn1-c1ccc(N2CCN(C(=O)Cn3cnc4ccccc4c3=O)CC2)nn1,0.8007724208869966
CC(=O)N[C@H]1CO[C@H]2[C@@H]1OC[C@@H]2Nc1ccccc1NC(=O)CCCCCc1ccccc1,0.29641025590644204
CC(=O)N1CCN(c2ccnc3c2c(=O)n(CC(=O)Cn2nnc4ccccc4c2=O)c(=O)n3C)CC1,0.7930594282796747
CC(=O)N[C@H]1CO[C@H]2[C@@H]1OC[C@@H]2Nc1nccc(Nc2nccc(-c3ccc4c(c3)OCO4)n2)n1,0.8008756319559438
CC(=O)[C@@H](CC(=O)Nc1cccc2ncccc12)C(=O)[O-],0.7792813007623802
COc1ccc2c(ccn2CCc2ccnc(N[C@H]3CO[C@H]4[C@@H]3OC[C@@H]4NC(C)=O)n2)c1,0.770138409188257
Cc1ccc(N2CCN(C(=O)Cn3cnc4ccccc4c3=O)CC2)nn1,0.5776465708038815
CC(=O)N[C@H]1CO[C@H]2[C@@H]1OC[C@@H]2Nc1nccc([C@@H](CC(=O)Nc2cccc3ncccc23)C(=O)[O-])n1,0.8160847288012831
NC(=O)Cn1cc(C[NH+]2CCC[C@H](CNC(=O)Nc3nccc(-c4ccc5c(c4)OCO5)n3)C2)c2ccccc21,0.7626636292693065
CN(C)S(=O)(=O)c1ccc(NC(=O)Cn2cnc3ccccc3c2=O)cc1,0.802655377132578
Cn1cc(C(=O)NNC(=O)CC[C@@H](c2ccco2)N2CCc3ccccc3C2)c2ccccc21,0.14826816466038875
Cn1cc(C(=O)NNC(=O)CNC(=O)CNC(=O)c2nc([O-])c3ccccc3n2)c2ccccc21,0.8099982905663268
CN(C)S(=O)(=O)c1ccc(NC(=O)Cn2cnc3ccccc3c2=O)cc1,0.802655377132578
CC(=O)N1CCN(c2ccnc3c2c(=O)n(CC(=O)NN(C)n2nnc4ccccc4c2=O)c(=O)n3C)CC1,0.8021701090240695
Cn1c(=O)c2c(ncn2CC(=O)NC[C@@H]([O-])N2CCc3ccccc3C2)n(C)c1=O,0.774375513852995
COc1cccc(NC(=O)N2CC[NH+](CC(=O)CNC(=O)CNC(=O)c3cccs3)CC2)c1OC,0.7779327373526028
COc1cccc(NC(=O)N2CC[NH+](Cc3nccc(-c4ccc5c(c4)OCO5)n3)CC2)c1OC,0.7777511393356635
O=C(CCNC(=O)c1nc([O-])c2ccccc2n1)C[C@H](C[NH+]1CCN(c2ccccn2)CC1)C(=O)[O-],0.794319256600478
COc1cccc(NC(=O)N2CC[NH+](Cc3nccc(-c4ccc5c(c4)OCO5)n3)CC2)c1OC,0.7777511393356635
CN(C)S(=O)(=O)c1ccc(NC(=O)CCC(=O)NNC(=O)c2cn(C)c3ccccc23)cc1,0.7839591447004282
CC(=O)Nc1nccc([C@@H](CC(=O)Nc2cccc3ncccc23)C(=O)[O-])n1,0.8048905331247117
CN(C(=O)N[C@H]1CO[C@H]2[C@@H]1OC[C@@H]2Nc1nccc(-c2ccc3c(c2)OCO3)n1)n1nnc2ccccc2c1=O,0.8495221224235612
Cn1c(=O)c(=O)n(C)c2cc(S(=O)(=O)CCC(=O)c3ccc4c(c3)OCO4)ccc21,0.7636679227917686
CN(CNC(=O)CNC(=O)c1nc([O-])c2ccccc2n1)n1nnc2ccccc2c1=O,0.7825422900366437
COc1ccc2c(ccn2CCNC(=O)CNCC[NH+]2CCN(C)CC2)c1,0.14205248293512915
O=C(NCn1nnc2ccccc2c1=O)c1nc([O-])c2ccccc2n1,0.7744418273208563
CC(=O)N[C@H]1CO[C@H]2[C@@H]1OC[C@@H]2Nc1cn(C)c2ccccc12,0.16449683898952133
COc1cccc(NC(=O)c2ccc(S(=O)(=O)N(C)C)cc2)c1OC,0.49656045215834754
Cn1c(=O)c(=O)n(C)c2cc(S(=O)(=O)CCC(=O)N[C@@H](CC(=O)Nc3cccc4ncccc34)C(=O)[O-])ccc21,0.8109029765057373
COc1cccc(NC(=O)N2CC[NH+](CC[C@@H](c3ccco3)N3CCc4ccccc4C3)CC2)c1OC,0.16356224440165712
CC(=O)Nc1nc(CN2CCN(C(=O)c3cc4ccccc4o3)CC2)nc(N(C)C)n1,0.7786488303331426
Cn1c(=O)n(CC(=O)Nc2ccccc2F)c(=O)c2c(NC(=O)c3nc([O-])c4ccccc4n3)ccnc21,0.8026681258609111
COc1ccc2c(ccn2CCc2cn(C)c3ccccc23)c1,5.496284570601128e-05
CN(C)c1ccc(NC(=O)Cn2c(=O)[nH]c(=O)c3ccccc32)cn1,0.824709576294067
O=C(C[C@@H](C(=O)[O-])n1c(=O)[nH]c(=O)c2ccccc21)Nc1cccc2ncccc12,0.8132882808488928
O=C(CNC(=O)Cn1cnc2ccccc2c1=O)NC[C@@H](c1ccco1)N1CCc2ccccc2C1,0.7262549124744782
Cn1cc(C(=O)NNC(=O)c2nccc(-c3ccc4c(c3)OCO4)n2)c2ccccc21,0.6637055837486004
Cn1cc(C(=O)NNC(=O)CC(=O)CNC(=O)CNC(=O)c2cccs2)c2ccccc21,0.8061846461076281
COc1ccc2c(ccn2CCC(=O)N[C@H]2CO[C@H]3[C@@H]2OC[C@@H]3Nc2nccc(-c3ccc4c(c3)OCO4)n2)c1,0.5257176399890741
COc1cccc(NC(=O)N2CC[NH+](CCCCc3ccccc3)CC2)c1OC,0.050322107496126
COc1ccc2c(ccn2CCNC(=O)CNCNC(=O)N(C)n2nnc3ccccc3c2=O)c1,0.81903625881272
O=C(C[C@@H](C(=O)[O-])n1c(=O)[nH]c(=O)c2ccccc21)c1ccc2c(c1)OCO2,0.7750886571137909
O=C(C[C@@H]1COCC[NH2+]1)Nc1ccc(-c2cc(C(=O)n3c(=O)[nH]c(=O)c4ccccc43)c3ccccc3n2)cc1,0.7330135381965224
O=C(C[C@@H](C(=O)[O-])n1c(=O)[nH]c(=O)c2ccccc21)c1ccccc1,0.7622506308736916
Cn1cc(C(=O)NNC(=O)CNC(=O)CNC(=O)c2nc([O-])c3ccccc3n2)c2ccccc21,0.8099982905663268
COc1ccc2c(ccn2CCC(=O)Nc2cccc3ncccc23)c1,0.020903754779034167
C#Cc1cccc(NC(=O)CN(C)[C@@H](c2nc(N)nc(N(C)C)n2)c2nc([O-])c3ccccc3n2)c1,0.849675662349412
COc1ccc2c(ccn2CCn2ccc3cc(OC)ccc32)c1,0.00033215601945860997
C#Cc1cccc(NC(=O)CN(C)[C@@H](c2nc(N)nc(N(C)C)n2)c2nc([O-])c3ccccc3n2)c1,0.849675662349412
CC(=O)N[C@H]1CO[C@H]2[C@@H]1OC[C@@H]2NNc1cccc2ncccc12,0.5695513014017944
COc1cc2c(cc1NC(=O)CN1C(=O)N[C@H](CN)C1=O)oc1ccccc12,0.8049641049906086
CONCC(=O)CC(=O)NNC(=O)c1cn(C)c2ccccc12,0.7774770252727657
Cn1c(=O)c(=O)n(C)c2cc(S(=O)(=O)CCC(=O)NC[C@H](C[NH+]3CCN(c4ccccn4)CC3)C(=O)[O-])ccc21,0.7742098543047745
CC(=O)N1CCN(c2ccnc3c2c(=O)n(CC(=O)NNC(=O)c2nc([O-])c4ccccc4n2)c(=O)n3C)CC1,0.8034284189446517
Cn1cc(C(=O)NNC(=O)CC(=O)CN[C@@H](CC(=O)Nc2cccc3ncccc23)C(=O)[O-])c2ccccc21,0.8305343165570038
COc1cc2c(cc1NC(=O)CCC(=O)Nc1ccc(N(C)C)nc1)oc1ccccc12,0.19616831936956372
C#Cc1cccc(Nc2nc([O-])c3ccccc3n2)c1,0.09145111186216773
C#Cc1cccc(Nc2nccc([C@@H](CC(=O)Nc3cccc4ncccc34)C(=O)[O-])n2)c1,0.6193625624550646
Cn1cc(C(=O)NNC(=O)CNC(=O)CCNC(=O)CNC(=O)c2nc([O-])c3ccccc3n2)c2ccccc21,0.8071224400974177
CONC(=O)CCNC(=O)CNC(=O)c1nc([O-])c2ccccc2n1,0.7556720457448196
Cn1cc(C(=O)NNC(=O)CC(=O)NNC(=O)c2cn(C)c3ccccc23)c2ccccc21,0.7994924671057395
Cn1cc(C(=O)CCS(=O)(=O)c2ccc3c(c2)n(C)c(=O)c(=O)n3C)c2ccccc21,0.7491633323321232
CN(C(=O)NC(=O)CCS(=O)(=O)c1ccc2c(c1)n(C)c(=O)c(=O)n2C)n1nnc2ccccc2c1=O,0.7862540572066592
COC[C@H](C[NH+]1CCN(c2ccccn2)CC1)C(=O)[O-],0.22878536843750816
Cn1c(=O)c(=O)n(C)c2cc(S(=O)(=O)CCC(=O)Nc3nccc(-c4ccc5c(c4)OCO5)n3)ccc21,0.8235575069699275
COc1ccc2c(ccn2CCNC(=O)CNCNC(=O)CC(=O)NNC(=O)c2cn(C)c3ccccc23)c1,0.8243461017429998
C#Cc1cccc(-c2ccnc(N[C@H]3CO[C@H]4[C@@H]3OC[C@@H]4NC(C)=O)n2)c1,0.6182054443139087
CC(=O)N1CCN(c2ccnc3c2c(=O)n(CC(=O)NNc2ccc(N(C)C)nc2)c(=O)n3C)CC1,0.7821265967744206
CN(C)c1nc(N)nc(C(=O)Nc2nccc(-c3ccc4c(c3)OCO4)n2)n1,0.8034284189446517
C#Cn1c(SCC(=O)Nc2ccc(C(=O)[O-])cc2)nc2ccccc2c1=O,0.8093581822180073
O=C(CCNC(=O)CNC(=O)c1nc([O-])c2ccccc2n1)NCC(=O)NNc1ccc2c(c1)OCO2,0.7853623079470782
O=C(CN[C@@H](CC(=O)Nc1cccc2ncccc12)C(=O)[O-])Nc1nccc(-c2ccc3c(c2)OCO3)n1,0.8392432150233221
C#Cc1cccc(C[C@@H](c2ccco2)N2CCc3ccccc3C2)c1,2.4300252689628005e-05
Cn1cc(C(=O)NNC(=O)CNC(=O)CNC(=O)C(=O)Cn2c(=O)[nH]c(=O)c3ccccc32)c2ccccc21,0.7920293832454918
C#Cc1cccc(CC(=O)Nc2cccc3ncccc23)c1,0.005882205197306193
C[C@@H]1CN(Cc2nc(N)nc(N(C)Nc3ccc(N(C)C)nc3)n2)c2ccccc2NC1=O,0.7363895213071698
CC(=O)NNC(=O)CCS(=O)(=O)c1ccc2c(c1)n(C)c(=O)c(=O)n2C,0.7227628814243849
COc1ccc2c(ccn2CCNC(=O)CNCNC(=O)c2nc([O-])c3ccccc3n2)c1,0.8312421416114009
COc1ccc2c(ccn2CCNCC(=O)Nc2cccc3ncccc23)c1,0.1150086694816217
CN(C)c1ccc(NNC(=O)CCS(=O)(=O)c2ccc3c(c2)n(C)c(=O)c(=O)n3C)cn1,0.7820982942323788
Cn1cc(C(=O)NNC(=O)CNn2c(=O)[nH]c(=O)c3ccccc32)c2ccccc21,0.8020101814316687
CC(=O)NNC(=O)Cn1c(=O)c2c(N3CCN(C(C)=O)CC3)ccnc2n(C)c1=O,0.7400828044922853
C#Cc1cccc(NCSc2nc3ccccc3c(=O)n2C#C)c1,0.014298674513272049
C#Cn1nnnc1C[NH+]1CCN(C(=O)Nc2cccc(OC)c2OC)CC1,0.7703839737363511
CC(=O)N1CCN(c2ccnc3c2c(=O)n(CC(=O)Nc2ccc4c(c2)n(C)c(=O)c(=O)n4C)c(=O)n3C)CC1,0.7958836546391334
COc1ccc2c(ccn2CCNCC(=O)NC[C@@H](c2ccco2)N2CCc3ccccc3C2)c1,0.1212649402977081
CC(=O)N1CCN(c2ccnc3c2c(=O)n(CC(=O)c2nc([O-])c4ccccc4n2)c(=O)n3C)CC1,0.807338161736375
CC(=O)NC(=O)NNC(=O)c1cn(C)c2ccccc12,0.714684842485701
CN(C)c1nc(N)nc(-c2ccnc3c2c(=O)n(CC(=O)Nc2ccccc2F)c(=O)n3C)n1,0.8221564534369494
C#Cn1c(SCCNC(=O)CNCNC(=O)c2nc([O-])c3ccccc3n2)nc2ccccc2c1=O,0.8047211478535489
CC(=O)NC(=O)[C@H](CC(=O)Nc1cccc2ncccc12)c1ccnc(N[C@H]2CO[C@H]3[C@@H]2OC[C@@H]3NC(C)=O)n1,0.8058816640386766
CN(C)c1ccc(NC[C@H](NCC(=O)CC(=O)NNC(=O)c2cn(C)c3ccccc23)C(=O)[O-])cn1,0.8241791214056435
COc1ccc2c(ccn2CCNn2c(=O)c3c(-c4nc(N)nc(N(C)C)n4)ccnc3n(C)c2=O)c1,0.8187386979066458
CC(=O)N[C@H]1CO[C@H]2[C@@H]1OC[C@@H]2Nc1nccc(-c2ccc3c(c2)OCO3)n1,0.8063029851414365
C#Cn1c(SCC(=O)CCS(=O)(=O)c2ccc3c(c2)n(C)c(=O)c(=O)n3C)nc2ccccc2c1=O,0.7994607499472016
COc1cccc(NC(=O)CCNC(=O)CNCNC(=O)c2nc([O-])c3ccccc3n2)c1OC,0.8358108473572902
O=C(CNC(=O)c1nc([O-])c2ccccc2n1)NC(=O)CN[C@@H](CC(=O)Nc1cccc2ncccc12)C(=O)[O-],0.8071224400974177
O=c1[nH]c(=O)n(Nc2ccccc2F)c2ccccc12,0.17816539694385186
O=C(CN[C@@H](CC(=O)Nc1cccc2ncccc12)C(=O)[O-])C[C@H](C[NH+]1CCN(c2ccccn2)CC1)C(=O)[O-],0.8107664263659291
CC(=O)n1c(=O)c2c(-c3nc(N)nc(N(C)C)n3)ccnc2n(C)c1=O,0.7556720457448196
COc1ccc2c(ccn2-n2c(=O)c3c(-c4nc(N)nc(N(C)C)n4)ccnc3n(C)c2=O)c1,0.8154531326863885
COc1cccc(NC(=O)C(=O)c2nc([O-])c3ccccc3n2)c1OC,0.8129800725622764
O=C(C[C@H](C[NH+]1CCN(c2ccccn2)CC1)C(=O)[O-])Cn1c(=O)[nH]c(=O)c2ccccc21,0.7952707287670506
CC(=O)CN[C@@H](CC(=O)Nc1cccc2ncccc12)C(=O)[O-],0.784054456102538
CN(CC(=O)Nc1ccccc1F)c1ccc(NC(=O)Cn2c(=O)[nH]c(=O)c3ccccc32)cn1,0.735049115445345
O=c1[nH]c(=O)n(-c2cccc3ncccc23)c2ccccc12,0.17401486196717655
COc1ccc2c(ccn2N(C)c2ccc(NC(=O)Cn3c(=O)[nH]c(=O)c4ccccc43)cn2)c1,0.6092035058364628
COc1cccc(Nc2cccc3ncccc23)c1OC,0.004937888065361748
Cn1c(=O)c(=O)n(C)c2cc(S(=O)(=O)CCNc3ccccc3F)ccc21,0.6816896071749258
CN(C)c1ccc(NC(=O)CC(=O)Nc2cccc3ncccc23)cn1,0.48233608889921314
CN(C)c1ccc(NC[C@H](NCC(=O)Nc2cccc3ncccc23)C(=O)[O-])cn1,0.835433225940265
CN(C)c1nc(N)nc(-c2ccnc3c2c(=O)n(CN)c(=O)n3C)n1,0.7449505770698414
C#Cc1cccc(NCCn2ccc3cc(OC)ccc32)c1,0.00034310471928369814
Cn1c(=O)c(=O)n(C)c2cc(S(=O)(=O)CCC(=O)NC[C@@H](C(=O)[O-])n3c(=O)[nH]c(=O)c4ccccc43)ccc21,0.7853623079470782
O=C(C[C@H](C[NH+]1CCN(c2ccccn2)CC1)C(=O)[O-])Nc1cccc2ncccc12,0.8279263263631186
O=C(CN[C@@H](NCC(=O)Nc1cccc2ncccc12)C(=O)[O-])Nc1nccc(-c2ccc3c(c2)OCO3)n1,0.836139638672753
COc1cccc([C@@H](CC(=O)Nc2cccc3ncccc23)C(=O)[O-])c1OC,0.7186286222113518
COc1cccc(NC(=O)CCNC(=O)CNCNC(=O)NCC(=O)Nc2cccc3ncccc23)c1OC,0.8257814259211722
CN(C)NC(=O)CN(C)[C@@H](c1nc(N)nc(N(C)C)n1)c1nc([O-])c2ccccc2n1,0.8132882808488928
COc1ccnc(N[C@H]2CO[C@H]3[C@@H]2OC[C@@H]3NC(=O)N(C)n2nnc3ccccc3c2=O)n1,0.810129820098383
NC(=O)C[C@H](C[NH+]1CCN(c2ccccn2)CC1)C(=O)[O-],0.721191838218873
CN(C)c1ccc(NC[C@H](NCC(=O)N[O-])C(=O)[O-])cn1,0.7084223343731156
O=C(CN1C(=O)N[C@H](CC2=c3ccccc3=[NH+]C2)C1=O)Nc1cc2oc3ccccc3c2cc1[O-],0.8125228322071973
CN(C)[C@H]1CO[C@H]2[C@@H]1OC[C@@H]2Nc1nccc(-c2ccc3c(c2)OCO3)n1,0.4371448282405931
O=C(Nc1nccc(-c2ccc3c(c2)OCO3)n1)Nc1cccc2ncccc12,0.25851246822595897
O=C(CSc1nc2ccccc2c(=O)n1C(=O)Cn1c(=O)[nH]c(=O)c2ccccc21)Nc1ccc(C(=O)[O-])cc1,0.7922410709252884
CCCNC(=O)CNCNC(=O)c1nc([O-])c2ccccc2n1,0.7626762424168665
CN(C)c1ccc(NC[C@H](C[NH+]2CCN(c3ccccn3)CC2)C(=O)[O-])cn1,0.6625516558544129
C#Cc1cccc(NC(=O)CNCNC(=O)c2nc([O-])c3ccccc3n2)c1,0.8092297228564159
C#Cc1cccc(NNC(=O)CN(C)[C@@H](c2nc(N)nc(N(C)C)n2)c2nc([O-])c3ccccc3n2)c1,0.8337996085114259
CN(C)c1nc(N)nc([C@@H](c2nc([O-])c3ccccc3n2)N(C)CC(=O)n2c(=O)[nH]c(=O)c3ccccc32)n1,0.8220818645086758
O=C(Cn1c(=O)[nH]c(=O)c2ccccc21)NCC(=O)Nc1cccc2ncccc12,0.8174063278327743
O=C(CN[C@@H](CC(=O)n1c(=O)[nH]c(=O)c2ccccc21)C(=O)[O-])Nc1nccc(-c2ccc3c(c2)OCO3)n1,0.8388412559018633
C#Cc1cccc(C(=O)c2cn(C)c3ccccc23)c1,0.00019379687048187117
COC(=O)CN[C@@H](CNc1ccc(N(C)C)nc1)C(=O)[O-],0.7004665455699209
Cn1cc(C(=O)C(=O)c2nc([O-])c3ccccc3n2)c2ccccc21,0.558004891567309
CN(C)c1ccc(NC[C@H](NCC(=O)NC[NH+]2CCN(c3ccccn3)CC2)C(=O)[O-])cn1,0.7786777655685517
C#Cc1cccc(NC(=O)c2nc([O-])c3ccccc3n2)c1,0.3863190698040771
C#CCCS(=O)(=O)c1ccc2c(c1)n(C)c(=O)c(=O)n2C,0.3948742318052555
CN(C)c1ccc(Nc2nc(N)nc(N(C)C)n2)cn1,0.7277228513023967
COc1cccc(NC(=O)CCNc2ccc(N(C)C)nc2)c1OC,0.2838915129999909
COc1cccc(NC(=O)CCNC(=O)CCNC(=O)CNCNC(=O)c2nc([O-])c3ccccc3n2)c1OC,0.821741500147853
C#Cc1cccc(NC[C@H](C[NH+]2CCN(c3ccccn3)CC2)C(=O)[O-])c1,0.304063980349683
C#Cc1cccc(NNC(=O)CCC(=O)Nc2cccc3ncccc23)c1,0.3291644069919262
COc1ccc2c(ccn2CCNC(=O)CNCNC(=O)Nc2nccc(-c3ccc4c(c3)OCO4)n2)c1,0.6822230609413038
COc1cccc(NC(=O)CCCC(=O)NNC(=O)c2cn(C)c3ccccc23)c1OC,0.5787464183373249
O=C(C[C@H](NCC[NH+]1CCN(c2ccccn2)CC1)C(=O)[O-])Nc1cccc2ncccc12,0.8298052440330109
COc1ccc2c(ccn2C(=O)n2c(=O)[nH]c(=O)c3ccccc32)c1,0.5327023568388869
O=C(Cn1c(=O)[nH]c(=O)c2ccccc21)C(=O)c1nc([O-])c2ccccc2n1,0.7871592590016665
Cn1cc(C(=O)NNC(=O)CC(=O)CN[C@@H](CC(=O)n2c(=O)[nH]c(=O)c3ccccc32)C(=O)[O-])c2ccccc21,0.7946601557805208
COc1cccc(NC(=O)CCCC(=O)Nc2ccccc2F)c1OC,0.17543792440360007
CN(C)c1nc(N)nc(CC(=O)NNC(=O)c2cn(C)c3ccccc23)n1,0.8226592564314902
C#Cc1cccc(CC(=O)Nc2cccc3ncccc23)c1,0.005882205197306193
CN(C)c1ccc(NC(=O)CNC(=O)CN[C@@H](NCC(=O)Nc2cccc3ncccc23)C(=O)[O-])cn1,0.8187386979066458
C#C[C@H](CC(=O)n1c(=O)[nH]c(=O)c2ccccc21)NCC(=O)Nc1nccc(-c2ccc3c(c2)OCO3)n1,0.849253241248483
COc1ccc2c(ccn2C(=O)Cn2c(=O)c3c(-c4nc(N)nc(N(C)C)n4)ccnc3n(C)c2=O)c1,0.8251450015049493
CN(C)c1ccc(NC[C@H](NCC(=O)CC(=O)NNC(=O)c2cn(C)c3ccccc23)C(=O)[O-])cn1,0.8241791214056435
C#Cc1cccc(CC(=O)NNC(=O)c2cn(C)c3ccccc23)c1,0.12426107033109485
CN(C)c1ccc(NC[C@H](NCC(=O)CC(=O)NNn2c(=O)[nH]c(=O)c3ccccc32)C(=O)[O-])cn1,0.7875110621102679
C#Cc1cccc(NNC(=O)CC[NH+]2CCN(c3ccccn3)CC2)c1,0.12356136616555435
COc1cccc(-c2nc(N)nc(N(C)C)n2)c1OC,0.608237642990388
Cn1c(=O)c(=O)n(C)c2cc(S(=O)(=O)CCCC(=O)Nc3cccc4ncccc34)ccc21,0.7320453661339584
COc1ccc2c(ccn2CCNC(=O)CNCNNc2ccccc2F)c1,0.4079765848363455
O=C(C[C@H](NCC[NH+]1CCN(c2ccccn2)CC1)C(=O)[O-])NNc1ccccc1F,0.7678839478643151
COc1ccc2c(ccn2CCNC(=O)CNCNc2nccc(-c3ccc4c(c3)OCO4)n2)c1,0.6252400494304511
NNC(=O)CN[C@@H](NCC(=O)Nc1cccc2ncccc12)C(=O)[O-],0.7687562777823083
O=C(CNCNC(=O)c1nc([O-])c2ccccc2n1)NCCC(=O)NC(=O)c1nc([O-])c2ccccc2n1,0.7829420563432848
Cn1c(=O)c(=O)n(C)c2cc(S(=O)(=O)CCCC(=O)Nc3ccccc3F)ccc21,0.7632311355887015
COc1cccc(CCS(=O)(=O)c2ccc3c(c2)n(C)c(=O)c(=O)n3C)c1OC,0.77460522463802
O=C(CC(=O)Nc1cccc2ncccc12)Nc1nccc(-c2ccc3c(c2)OCO3)n1,0.41594070281657136
CN(N)c1ccc(NC(=O)Cn2c(=O)[nH]c(=O)c3ccccc32)cn1,0.8065008590125561
CN(C)c1ccc(NC[C@H](NCC(=O)CC(=O)NNC(=O)C(=O)Nc2ccccc2F)C(=O)[O-])cn1,0.7779327373526028
CN(C)c1ccc(NC[C@H](NCC(=O)CC(=O)NNC(N)=O)C(=O)[O-])cn1,0.7106871831376343
NC(=O)CNCNC(=O)c1nc([O-])c2ccccc2n1,0.7549271734294122
O=C(C[C@@H](C(=O)[O-])[C@H](C[NH+]1CCN(c2ccccn2)CC1)C(=O)[O-])Nc1cccc2ncccc12,0.81903625881272
C#Cc1cccc(NNC(=O)CNc2nccc(-c3ccc4c(c3)OCO4)n2)c1,0.6421469586178115
O=C(C[C@H](NCC[NH+]1CCN(c2ccccn2)CC1)C(=O)[O-])c1cccc2ncccc12,0.8074965409812145
CN(C)c1nc(N)nc(C(=O)C[C@H](NCC[NH+]2CCN(c3ccccn3)CC2)C(=O)[O-])n1,0.7488774104147317
CN(C)c1ccc(NC[C@H](NCC(=O)Nc2cccc3ncccc23)Nc2ccc(N(C)C)nc2)cn1,0.4503178216661989
CN(C)c1ccc(NC(=O)Cn2c(=O)c3c(-c4nc(N)nc(N(C)C)n4)ccnc3n(C)c2=O)cn1,0.8047465996175674
O=C([O-])[C@H](CCC(=O)n1c(=O)[nH]c(=O)c2ccccc21)C[NH+]1CCN(c2ccccn2)CC1,0.7952707287670506
C#Cc1cccc(NCCNC(=O)CNCNC(=O)CC(=O)NNC(=O)c2cn(C)c3ccccc23)c1,0.7969953279557108
Cn1cc(C(=O)[C@H](NCC(=O)Nc2nccc(-c3ccc4c(c3)OCO4)n2)C(=O)[O-])c2ccccc21,0.8648454150926429
CN(C)c1ccc(NCCS(=O)(=O)c2ccc3c(c2)n(C)c(=O)c(=O)n3C)cn1,0.7871592590016665
NNC(=O)C[C@H](NCC[NH+]1CCN(c2ccccn2)CC1)C(=O)[O-],0.7240409816968753
CN(C)c1nc(N)nc(C[C@H](C[NH+]2CCN(c3ccccn3)CC2)C(=O)[O-])n1,0.7502218700718107
C#C[C@H](CC(=O)n1c(=O)[nH]c(=O)c2ccccc21)NCC(=O)c1ccc(N(C)C)nc1,0.8062425720750296
CN(C)c1nc(N)nc(-c2ccnc3c2c(=O)n(CNc2ccccc2F)c(=O)n3C)n1,0.7964596045045885
CN(C)c1nc(N)nc(NC[C@H](NCC(=O)CC(=O)NNC(=O)c2cn(C)c3ccccc23)C(=O)[O-])n1,0.806024344264522
CN(C)c1nc(N)nc([C@@H](c2nc([O-])c3ccccc3n2)N(C)CC(=O)C(=O)[O-])n1,0.7947414301519011
CN(C)c1ccc(NC[C@H](CCNC(=O)CNCNC(=O)c2nc([O-])c3ccccc3n2)C(=O)[O-])cn1,0.8034284189446517
C#C[C@H](CC(=O)n1c(=O)[nH]c(=O)c2ccccc21)NCC(C)=O,0.7518553982579921
O=C(Nc1ccccc1F)c1cccc2ncccc12,0.004949573371750189
O=C(C[C@H](NCC(=O)C(=O)[O-])C(=O)[O-])Nc1cccc2ncccc12,0.7701759630121805
O=C(C[C@@H](C(=O)[O-])n1c(=O)[nH]c(=O)c2ccccc21)Nc1cccc2ncccc12,0.8132882808488928
COc1cccc(NC(=O)CCCC(=O)Nc2ccc(N(C)C)nc2)c1OC,0.4783995482052466
CN(C)c1nc(N)nc(CCS(=O)(=O)c2ccc3c(c2)n(C)c(=O)c(=O)n3C)n1,0.7641166194509462
O=C(C[C@H](NCC(=O)[C@H](C[NH+]1CCN(c2ccccn2)CC1)C(=O)[O-])C(=O)[O-])Nc1cccc2ncccc12,0.8145640310926042
CN(C)c1nc(N)nc(-c2ccnc3c2c(=O)n(NC(=O)N(C)n2nnc4ccccc4c2=O)c(=O)n3C)n1,0.8134732241879294
COc1ccc2c(ccn2CCNc2cccc3ncccc23)c1,0.0020225002554575162
CN(C)c1nc(N)nc(Cn2c(=O)c3c(-c4nc(N)nc(N(C)C)n4)ccnc3n(C)c2=O)n1,0.7452970174634673
Cn1c(=O)c(=O)n(C)c2cc(S(=O)(=O)CCC(=O)Cn3c(=O)[nH]c(=O)c4ccccc43)ccc21,0.7855479947570602
CN(C)c1nc(N)nc(CC(=O)NNCN(C)[C@@H](c2nc(N)nc(N(C)C)n2)c2nc([O-])c3ccccc3n2)n1,0.7946601557805208
CN(C)c1ccc(NC[C@H](CCS(=O)(=O)c2ccc3c(c2)n(C)c(=O)c(=O)n3C)C(=O)[O-])cn1,0.7812434601827842
C#Cc1cccc(NNC(=O)CN(C)c2ccc(NC(=O)Cn3c(=O)[nH]c(=O)c4ccccc43)cn2)c1,0.8141676458227941
COc1cccc(CCNC(=O)CNCNC(=O)CC(=O)NNC(=O)c2cn(C)c3ccccc23)c1OC,0.8197691778984174
COc1cccc(NC(=O)CCCCS(=O)(=O)c2ccc3c(c2)n(C)c(=O)c(=O)n3C)c1OC,0.7545101789125839
C#Cc1cccc(NNC(=O)CC(=O)CN[C@H](C#C)CC(=O)n2c(=O)[nH]c(=O)c3ccccc32)c1,0.7846374688658063
Cn1cc(C(=O)[C@H](NCC(=O)NCC(=O)Nc2ccccc2F)C(=O)[O-])c2ccccc21,0.8130850857597447
C#Cc1cccc(C(=O)Cn2c(=O)[nH]c(=O)c3ccccc32)c1,0.27890403189359914
COc1ccc2c(ccn2CCNC(=O)c2nc([O-])c3ccccc3n2)c1,0.6601651798919864
CN(C)c1ccc(NC[C@@H](C(=O)[O-])N(C)[C@@H](c2nc(N)nc(N(C)C)n2)c2nc([O-])c3ccccc3n2)cn1,0.8084658344641984
O=C(CN[C@H]([O-])CC(=O)Nc1cccc2ncccc12)Nc1nccc(-c2ccc3c(c2)OCO3)n1,0.8018148809083223
C#Cc1cccc(Nn2c(=O)[nH]c(=O)c3ccccc32)c1,0.18504556630483257
CN(C)c1ccc(NC[C@H](NCC(=O)CC(=O)NNC(=O)c2cn(C)c3ccccc23)C(=O)[O-])cn1,0.8241791214056435
COc1ccc2c(ccn2C(=O)NNC(=O)CC(=O)CN[C@@H](CNc2ccc(N(C)C)nc2)C(=O)[O-])c1,0.8098718251546498
Cn1cc(C(=O)NNC(=O)CC(=O)CN[C@@H](CC(=O)Nc2cccc3ncccc23)C(=O)[O-])c2ccccc21,0.8305343165570038
O=C(CN[C@@H](CC(=O)Nc1cccc2ncccc12)C(=O)[O-])Nc1ccccc1F,0.8017665587254685
COc1cccc(NC(=O)CCNC(=O)CNCNC(C)=O)c1OC,0.763647979782846
COC(=O)C[C@H](C[NH+]1CCN(c2ccccn2)CC1)C(=O)[O-],0.5806335836066588
COc1cccc(NC(=O)CCNC(=O)CNCNC(=O)NC(=O)[O-])c1OC,0.7463819494944633
C#C[C@H](Cc1cccc2ncccc12)NCC(=O)Nc1nccc(-c2ccc3c(c2)OCO3)n1,0.4639044161006084
C#C[C@H](CC(=O)n1c(=O)[nH]c(=O)c2ccccc21)NCC(=O)C[NH+]1CCN(c2ccccn2)CC1,0.7981597517396075
COc1cccc(NC(=O)CCNCC(=O)CC(=O)NNC(=O)c2cn(C)c3ccccc23)c1OC,0.818346646866173
O=C(C[C@H](NCC[NH+]1CCN(c2ccccn2)CC1)C(=O)[O-])C(=O)c1nc([O-])c2ccccc2n1,0.7981597517396075
CN(C)c1nc(N)nc(NC(=O)CNCNC(=O)NCC(=O)Nc2cccc3ncccc23)n1,0.8087671074192101
Cn1cc(C(=O)NNC(=O)CC(=O)CN[C@@H](CC(=O)Nc2cccc3ncccc23)C(=O)[O-])c2ccccc21,0.8305343165570038
CN(C)c1ccc(NC(=O)CCCNC(=O)CNCNC(=O)c2nc([O-])c3ccccc3n2)cn1,0.8204070355895522
CN(C)c1ccc(NCCC(=O)Nc2ccc(N(C)C)nc2)cn1,0.2849479792391792
CC(=O)CN[C@@H](CNc1ccc(N(C)C)nc1)C(=O)[O-],0.6984402926572755
COc1cccc(NC(=O)CCNC(=O)CNCNC(=O)Nc2cccc(OC)c2OC)c1OC,0.7571013611906561
O=C(CC(=O)Nc1cccc2ncccc12)Nc1nccc(-c2ccc3c(c2)OCO3)n1,0.41594070281657136
Cn1cc(C(=O)NNC(=O)CC(=O)C(=O)c2cn(C)c3ccccc23)c2ccccc21,0.6663126429990001
Cn1cc(C(=O)NNC(=O)C[C@H](C[NH+]2CCN(c3ccccn3)CC2)C(=O)[O-])c2ccccc21,0.8231834104128547
C#Cc1cccc(NC(=O)CN[C@@H](CC(=O)Nc2cccc3ncccc23)C(=O)[O-])c1,0.8089888089497407
Cn1cc(C(=O)NCCS(=O)(=O)c2ccc3c(c2)n(C)c(=O)c(=O)n3C)c2ccccc21,0.8089888089497407
CN(C)c1ccc(NCCNC(=O)CNCNC(=O)c2nc([O-])c3ccccc3n2)cn1,0.8102667241708824
O=C(Nc1nccc(-c2ccc3c(c2)OCO3)n1)Nc1nccc(-c2ccc3c(c2)OCO3)n1,0.31780301448183584
CN(C)c1ccc(NC(=O)CC(=O)Cn2c(=O)[nH]c(=O)c3ccccc32)cn1,0.823784493989961
O=C(C[C@H](NNc1cccc2ncccc12)C(=O)[O-])Nc1cccc2ncccc12,0.7459981837678007
O=C(C[C@H](C[NH+]1CCN(c2ccccn2)CC1)c1ccc2c(c1)OCO2)Nc1cccc2ncccc12,0.34495971859048485
CN(C)c1nc(N)nc([C@@H](c2nc([O-])c3ccccc3n2)N(C)CC(=O)Nc2cccc(N)c2)n1,0.8575415736533811
COc1ccc2c(ccn2CCNC(=O)CNCN[O-])c1,0.6859006796857651
Cn1cc(C(=O)NNC(=O)CC(=O)CC(=O)Nc2cccc(N)c2)c2ccccc21,0.8049173439083304
CN(C)c1ccc(NC[C@@H](C(=O)[O-])c2nc([O-])c3ccccc3n2)cn1,0.7958265385847529
CN(C)c1ccc(NC[C@@H](C(=O)[O-])C(=O)CNCNC(=O)c2nc([O-])c3ccccc3n2)cn1,0.7993807918774968
Cc1ccnc(N[C@H]2CO[C@H]3[C@@H]2OC[C@@H]3NC(=O)N(C)n2nnc3ccccc3c2=O)n1,0.8034284189446517
CN(C)c1ccc(NC[C@H](NCC(=O)CC(=O)NNc2cccc3ncccc23)C(=O)[O-])cn1,0.8140721740776588
Cn1cc(C(=O)NNC(=O)CCC(=O)Nc2cccc(N)c2)c2ccccc21,0.7463935995071526
CN(C)c1ccc(C[NH+]2CCN(c3ccccn3)CC2)cn1,0.0051044255623910115
O=C(c1nc([O-])c2ccccc2n1)n1c(=O)[nH]c(=O)c2ccccc21,0.7864068139229269
C#Cc1cccc(NC(=O)CN(C)[C@@H](C[NH+]2CCN(c3ccccn3)CC2)c2nc([O-])c3ccccc3n2)c1,0.8446523121788437
O=C(C[C@H](Nc1cccc2ncccc12)C(=O)[O-])Nc1cccc2ncccc12,0.6638131903257127
C#Cc1cccc(CN(C)[C@@H](C[NH+]2CCN(c3ccccn3)CC2)c2nc([O-])c3ccccc3n2)c1,0.3039928362815976
O=C([O-])CN[C@@H](CC(=O)Nc1cccc2ncccc12)C(=O)[O-],0.7708326653703004
O=C(C[C@H](Nc1cccc2ncccc12)C(=O)[O-])Nc1cccc2ncccc12,0.6638131903257127
Cn1cc(C(=O)NNC(=O)CC(=O)NCNCC(=O)NCCc2ccc3c(c2)OCO3)c2ccccc21,0.8059749751806371
COc1cccc(NC(=O)CCNC(=O)CCNC(=O)CNCNC(=O)c2nc([O-])c3ccccc3n2)c1OC,0.821741500147853
CN(C)c1nc(N)nc(NC(=O)C[C@H](NCC[NH+]2CCN(c3ccccn3)CC2)C(=O)[O-])n1,0.7628811802944008
C#Cc1cccc(NC(=O)CN(C)[C@H](c2nc([O-])c3ccccc3n2)c2cccc3ncccc23)c1,0.276971982339516
COc1cccc(NC(=O)CCNC(=O)CNCNC(=O)[O-])c1OC,0.7503687563970222
C#Cc1cccc(NC(=O)CN(C)[C@@H](C(=O)c2cn(C)c3ccccc23)c2nc([O-])c3ccccc3n2)c1,0.347565309480729
CN(C)c1ccc(NC[C@H](C[C@H](C[NH+]2CCN(c3ccccn3)CC2)C(=O)[O-])C(=O)[O-])cn1,0.7628811802944008
Cn1cc(C(=O)NNC(=O)CC(=O)NCC(=O)Nc2cccc3ncccc23)c2ccccc21,0.7928932701795811
C#CNC(=O)NCNCC(=O)NCCC(=O)Nc1cccc(OC)c1OC,0.7554502133282169
CN(C)c1ccc(-c2ccnc(N[C@H]3CO[C@H]4[C@@H]3OC[C@@H]4NC(=O)N(C)n3nnc4ccccc4c3=O)n2)cn1,0.8522669792588298
C#C[C@H](CC(=O)n1c(=O)[nH]c(=O)c2ccccc21)NCC(=O)Nc1nccc(CC(=O)Nc2cccc(N)c2)n1,0.836139638672753
COc1cccc([C@H]2CO[C@H]3[C@@H]2OC[C@@H]3NC(=O)N(C)n2nnc3ccccc3c2=O)c1OC,0.8125704504732215
CN(C)c1ccc(NC(=O)Cc2cccc3ncccc23)cn1,0.060191252434191246
CN(C)c1ccc(NC(=O)CN(C)[C@@H](C[NH+]2CCN(c3ccccn3)CC2)c2nc([O-])c3ccccc3n2)cn1,0.8569206912092332
C#Cc1cccc(NC(=O)NCC(=O)Nc2cccc3ncccc23)c1,0.34597227023464894
Cc1cccc(NC(=O)CN(C)[C@@H](c2nc(N)nc(N(C)C)n2)c2nc([O-])c3ccccc3n2)c1,0.8257586315231588
c1ccc(N2CC[NH+](Cc3cccc4ncccc34)CC2)nc1,0.0030311133350145168
O=C(CN[C@@H](CC(=O)n1c(=O)[nH]c(=O)c2ccccc21)C(=O)[O-])NCC(=O)Nc1cccc2ncccc12,0.809750136898972
COc1cccc(NC(=O)CCN[C@@H](CC(=O)Nc2cccc3ncccc23)C(=O)[O-])c1OC,0.8296401436884109
C#Cc1cccc(NC(=O)c2cccc(OC)c2OC)c1,0.01592243851822644
O=C(C[C@H](NCC[NH+]1CCN(c2ccccn2)CC1)C(=O)[O-])c1nc([O-])c2ccccc2n1,0.7993807918774968
CNC(=O)CN[C@@H](NCC(=O)Nc1cccc2ncccc12)C(=O)[O-],0.7751936613371728
CN(C)c1nc(N)nc([C@@H]([O-])N(C)CC(=O)Nc2cccc(N)c2)n1,0.8157924871326564
NN[C@@H](CC(=O)Nc1cccc2ncccc12)C(=O)[O-],0.7691605673134587
C#Cc1cccc(N[C@@H](CC(=O)Nc2cccc3ncccc23)C(=O)[O-])c1,0.7283922814619921
O=C(C[C@H](NCC[NH+]1CCN(c2ccccn2)CC1)C(=O)[O-])N[C@H](C[NH+]1CCN(c2ccccn2)CC1)C(=O)[O-],0.7487402156832422
[O-]c1nc(-c2nccc(-c3ccc4c(c3)OCO4)n2)nc2ccccc12,0.5743602768505336
CN(C)c1nc(N)nc([C@@H](c2nc([O-])c3ccccc3n2)N(C)Nc2cccc3ncccc23)n1,0.679814057765106
COc1cc2c(cc1NC(=O)CN1C(=O)N[C@H](CC(=O)Nc3cccc(N)c3)C1=O)oc1ccccc12,0.49151707177527626
C#C[C@H](CCC(=O)Nc1cccc(N)c1)NCC(=O)Nc1nccc(-c2ccc3c(c2)OCO3)n1,0.6551651960214693
NC(=O)NNC(=O)CC(=O)CN[C@@H](CC(=O)Nc1cccc2ncccc12)C(=O)[O-],0.7697243995068147
Nc1cccc(NC(=O)Cc2ccnc(NC(=O)C[C@H](C[NH+]3CCN(c4ccccn4)CC3)C(=O)[O-])n2)c1,0.8171458828967925
C#CNC(=O)CN(C)[C@@H](c1nc(N)nc(N(C)C)n1)c1nc([O-])c2ccccc2n1,0.8162190969179298
CN(C)c1nc(N)nc([C@@H]([O-])N(C)CC(=O)Nc2cccc(N)c2)n1,0.8157924871326564
CN(C)c1nc(N)nc(CC(=O)CC(=O)NNC(=O)c2cn(C)c3ccccc23)n1,0.8218448963751457
O=C([O-])[C@@H](C[NH+]1CCN(c2ccccn2)CC1)c1nccc(-c2ccc3c(c2)OCO3)n1,0.8061290567505587
O=C(CNCNC(=O)c1nc([O-])c2ccccc2n1)NCCc1ccc2c(c1)OCO2,0.800662703487575
C#Cc1cccc(Nc2nccc(-c3ccc(N(C)C)nc3)n2)c1,0.030425057615416595
COc1cccc(NC(=O)CCNC(=O)CNCNC(C)=O)c1OC,0.763647979782846
C#C[C@H](CC(=O)Nc1cccc(N)c1)NCC(=O)Nc1nccc(-c2ccc3c(c2)OCO3)n1,0.7364186450042277
CN(C)c1nc(N)nc([C@@H](c2nc([O-])c3ccccc3n2)N(C)C(=O)Nc2cccc(N)c2)n1,0.8271945523805397
COc1cccc(NC(=O)CCc2cccc3ncccc23)c1OC,0.04476546940912379
Nc1cccc(NC(=O)C[C@H](NCC(=O)Nc2nccc(-c3ccc4c(c3)OCO4)n2)C(=O)[O-])c1,0.8241791214056435
O=C(CN[C@@H](CC(=O)n1c(=O)[nH]c(=O)c2ccccc21)C(=O)[O-])c1cccc2ncccc12,0.7910959350908626
Nc1cccc(NC(=O)Nc2cccc3ncccc23)c1,0.2285595221187922
C#Cc1cccc(N[C@H](C[NH+]2CCN(c3ccccn3)CC2)N(C)CC(=O)Nc2ccc(N(C)C)nc2)c1,0.5339528805478243
Nc1cccc(NC(=O)C[C@H](C[NH+]2CCN(c3ccccn3)CC2)C(=O)[O-])c1,0.8034284189446517
O=C(CNCNC(=O)NCC(=O)Nc1cccc2ncccc12)Nc1nc([O-])c2ccccc2n1,0.8125228322071973
COC(=O)C[C@H](C[NH+]1CCN(c2ccccn2)CC1)C(=O)[O-],0.5806335836066588
COc1cccc(NC(=O)CCNC(=O)CNCNC(=O)C(=O)Nc2cccc(N)c2)c1OC,0.8047730737223691
Cn1cc(C(=O)NNC(=O)CC(=O)NCC(=O)Nc2cccc3ncccc23)c2ccccc21,0.7928932701795811
CN(C)c1ccc(NC[C@H](NCC(=O)NN)C(=O)[O-])cn1,0.7084223343731156
Cn1cc(C(=O)NNC(=O)CC(=O)CN[C@@H](CC(N)=O)C(=O)[O-])c2ccccc21,0.7689683972629062
COc1ccc2c(ccn2CCNc2nc(N)nc(N(C)C)n2)c1,0.7246102852087937
C#Cc1cccc(NNc2cccc3ncccc23)c1,0.0021811572195723035
O=C(CN[C@@H](CC(=O)Nc1cccc2ncccc12)C(=O)[O-])CC(=O)NNC(=O)C(=O)[O-],0.7632718236658848
Nc1cccc(NC(=O)CCN[C@@H](CC(=O)Nc2cccc3ncccc23)C(=O)[O-])c1,0.8145128087039786
C#C[C@H](CC(=O)n1c(=O)[nH]c(=O)c2ccccc21)NCC(=O)C[C@H](C[NH+]1CCN(c2ccccn2)CC1)C(=O)[O-],0.7821515072481133
C#Cc1cccc(NC(=O)CN(C)[C@@H](c2cccc(C#C)c2)c2nc([O-])c3ccccc3n2)c1,0.2705632660283279
CN(C)c1nc(N)nc(-c2cccc3ncccc23)n1,0.46921340776008014
COc1cccc(NC(=O)CCNC(=O)CNCNC(=O)c2nc([O-])c3ccccc3n2)c1OC,0.8358108473572902
O=C(C[C@H](C[NH+]1CCN(c2ccccn2)CC1)Nc1cccc2ncccc12)Nc1cccc2ncccc12,0.33069259126315254
COC(=O)CNCNC(=O)c1nc([O-])c2ccccc2n1,0.7576171636242713
O=C(CNCNC(=O)c1nc([O-])c2ccccc2n1)NCCc1nc([O-])c2ccccc2n1,0.7884807061327183
O=C(CN[C@@H](CC(=O)Nc1cccc2ncccc12)C(=O)[O-])Nc1nccc(-c2ccc3c(c2)OCO3)n1,0.8392432150233221
C#Cc1cccc(NC(=O)[C@@H](c2nc([O-])c3ccccc3n2)N(C)C(=O)Nc2cccc(N)c2)c1,0.4701122786718405
NC(=O)CN[C@@H](CC(=O)n1c(=O)[nH]c(=O)c2ccccc21)C(=O)[O-],0.7421150876157164
COc1ccc2c(ccn2CCNNc2nccc(-c3ccc4c(c3)OCO4)n2)c1,0.26797194278217834
C#Cc1cccc(NNC(=O)CCN[C@@H](CC(=O)Nc2cccc3ncccc23)C(=O)[O-])c1,0.8061290567505587
O=C(CNCNC(=O)c1nc([O-])c2ccccc2n1)C[C@H](C[NH+]1CCN(c2ccccn2)CC1)C(=O)[O-],0.7957392242449033
Cn1cc(C(=O)NNC(=O)CC(=O)Cc2cccc3ncccc23)c2ccccc21,0.5462597008071182
CN(C)c1nc(N)nc([C@@H](c2nc([O-])c3ccccc3n2)N(C)c2nc(N)nc(N(C)C)n2)n1,0.7673821494794071
CN(C)c1nc(N)nc(NC(=O)CN[C@H](C(=O)[O-])C(=O)c2cn(C)c3ccccc23)n1,0.8188725334154731
CN(C)c1ccc(NC[C@H](CC(=O)Nc2cccc3ncccc23)C(=O)[O-])cn1,0.8139923908781279
C#Cc1cccc(NC(=O)CNC(=O)C[C@H](NCC[NH+]2CCN(c3ccccn3)CC2)C(=O)[O-])c1,0.776698898834837
C#C[C@H](CC(=O)n1c(=O)[nH]c(=O)c2ccccc21)NCC(N)=O,0.7587540662756266
O=C(CNCNC(=O)c1nc([O-])c2ccccc2n1)C(=O)c1nc([O-])c2ccccc2n1,0.7825422900366437
[O-]c1nc(-c2cccc3ncccc23)nc2ccccc12,0.0803041405874305
C#Cc1cccc(NNC(=O)CC(=O)CN(C)[C@@H](c2nc(N)nc(N(C)C)n2)c2nc([O-])c3ccccc3n2)c1,0.8326915667169545
O=C(C[C@H](NCC[NH+]1CCN(c2ccccn2)CC1)C(=O)[O-])Nc1cccc2ncccc12,0.8298052440330109
C#Cc1cccc(NC(=O)CN(C)[C@@H](C(=O)c2nc([O-])c3ccccc3n2)c2nc([O-])c3ccccc3n2)c1,0.6811966554189939
CONCNCC(=O)NCCn1ccc2cc(OC)ccc21,0.391743183380422
Nc1cccc(NC(=O)Cc2ccnc(NC(=O)C(=O)c3nc([O-])c4ccccc4n3)n2)c1,0.8268054740543409
C#C[C@H](CC(=O)n1c(=O)[nH]c(=O)c2ccccc21)NCC(=O)Nc1nccc(-c2ccc3c(c2)OCO3)n1,0.849253241248483
CN(C)c1ccc(NC[C@H](NCC(=O)N[C@@H](CNc2ccc(N(C)C)nc2)C(=O)[O-])C(=O)[O-])cn1,0.7534842632152299
CN(C)C[C@H](NCC(=O)CC(=O)NNC(=O)c1cn(C)c2ccccc12)C(=O)[O-],0.8107131932855487
Nc1cccc(NC(=O)Cc2ccnc(NC(=O)CN[C@H](N)CC(=O)n3c(=O)[nH]c(=O)c4ccccc43)n2)c1,0.8305343165570038
C#Cc1cccc(NNCNCC(=O)NCCC(=O)Nc2cccc(OC)c2OC)c1,0.7948120196255614
CN(C)c1nc(N)nc([C@H](NCC(=O)Nc2nccc(-c3ccc4c(c3)OCO4)n2)C(=O)[O-])n1,0.7980540142064221
C#Cc1cccc(NC(=O)CN(C)[C@@H](C)c2nc([O-])c3ccccc3n2)c1,0.4306841541897623
CN(C)c1ccc(NC[C@@H](C(=O)[O-])C(=O)CN[C@@H](CC(=O)Nc2cccc3ncccc23)C(=O)[O-])cn1,0.8251450015049493
O=C(CN[C@@H](CC(=O)n1c(=O)[nH]c(=O)c2ccccc21)C(=O)[O-])C(=O)Nc1cccc2ncccc12,0.8125228322071973
Cn1cc(C(=O)NNC(=O)CC(=O)C[O-])c2ccccc21,0.7799206709850829
O=C(CN[C@@H](CC(=O)Nc1cccc2ncccc12)C(=O)[O-])NNCC(=O)Nc1cccc2ncccc12,0.8121830167586986
Cn1cc(C(=O)[C@H](NCC(=O)NNCC(=O)Nc2cccc3ncccc23)C(=O)[O-])c2ccccc21,0.8315716024252081
Cn1cc(C(=O)[C@H](NNC(=O)CN[C@@H](CC(=O)Nc2cccc3ncccc23)C(=O)[O-])C(=O)[O-])c2ccccc21,0.8230386494100873
O=C(CN[C@@H](NCC(=O)Nc1cccc2ncccc12)C(=O)[O-])NNc1cccc2ncccc12,0.8125228322071973
C#Cc1cccc(NC[C@@H](C#C)NCC(=O)Nc2nccc(-c3ccc4c(c3)OCO4)n2)c1,0.622123488446464
O=C([O-])[C@H](Cc1cccc2ncccc12)NCC[NH+]1CCN(c2ccccn2)CC1,0.6204267791148628
C#Cc1cccc(C[C@H](NCC[NH+]2CCN(c3ccccn3)CC2)C(=O)[O-])c1,0.3024788838966404
CN(C)c1ccc(NC[C@H](NCC(=O)Nc2nccc(-c3ccc4c(c3)OCO4)n2)C(=O)[O-])cn1,0.8241791214056435
COc1cccc(-c2nccc(-c3ccc4c(c3)OCO4)n2)c1OC,0.06316991465562301
COc1cccc(NC(=O)CN(C)[C@@H](c2nc(N)nc(N(C)C)n2)c2nc([O-])c3ccccc3n2)c1,0.858434028888087
NCN[C@@H](CC(=O)Nc1cccc2ncccc12)C(=O)[O-],0.7783685823566974
CN(C(=O)N[C@H](N)CC(=O)n1c(=O)[nH]c(=O)c2ccccc21)n1nnc2ccccc2c1=O,0.7868539809690807
CN(C(=O)N[C@H]1CO[C@H]2[C@@H]1OC[C@@H]2[O-])n1nnc2ccccc2c1=O,0.7543092411989669
CO[C@H](NCC(=O)Nc1nccc(-c2ccc3c(c2)OCO3)n1)C(=O)[O-],0.7820658561537029
Nc1cccc(NC(=O)Cc2ccnc(NC(=O)c3nc([O-])c4ccccc4n3)n2)c1,0.8029606333677499
C#CCC(=O)CC(=O)NNC(=O)c1cn(C)c2ccccc12,0.479067226483406
CN(C)c1ccc(-c2ccnc(N[C@H]3CO[C@H]4[C@@H]3OC[C@@H]4NC(=O)N(N)n3nnc4ccccc4c3=O)n2)cn1,0.8522669792588298
COc1cccc(NC(=O)CNC(=O)CN[C@H](C(=O)[O-])C(=O)c2cn(C)c3ccccc23)c1,0.8356287959756175
C#Cc1cccc(NN(C)[C@@H](c2nc(N)nc(N(C)C)n2)c2nc([O-])c3ccccc3n2)c1,0.770562191981993
C#Cc1cccc(NC(=O)Nc2nccc(CC(=O)Nc3cccc(N)c3)n2)c1,0.5209996918715794
O=C(CCNC(=O)CNCNC(=O)c1nc([O-])c2ccccc2n1)N[O-],0.7516200388933441
C#Cc1cccc(NC(=O)CN(C)[C@@H](c2nc(N)nc(N(C)C)n2)c2nc([O-])c3ccccc3n2)c1,0.849675662349412
C#C[C@H](CC(=O)n1c(=O)[nH]c(=O)c2ccccc21)NC[O-],0.7447819789879647
C#Cc1cccc(NC(=O)N[C@H](C(=O)[O-])C(=O)c2cn(C)c3ccccc23)c1,0.798361907848883
COc1ccnc(N[C@H]2CO[C@H]3[C@@H]2OC[C@@H]3NC(=O)N(N)n2nnc3ccccc3c2=O)n1,0.8047730737223691
NN(C(=O)N[C@H]1CO[C@H]2[C@@H]1OC[C@@H]2C(=O)c1nc([O-])c2ccccc2n1)n1nnc2ccccc2c1=O,0.7853623079470782
C#Cc1cccc(NNC(=O)CN[C@@H](CC(=O)Nc2cccc3ncccc23)C(=O)[O-])c1,0.8048006330283946
COc1cccc(Nc2nccc(-c3ccc(N(C)C)nc3)n2)c1OC,0.16796686072735248
COc1cccc(NC(=O)CN[C@H]2CO[C@H]3[C@@H]2OC[C@@H]3NC(=O)N(N)n2nnc3ccccc3c2=O)c1,0.8110447055990637
C#C[C@H](CC(=O)n1c(=O)[nH]c(=O)c2ccccc21)NCNCNCC(=O)NCCn1ccc2cc(OC)ccc21,0.8058816640386766
C#Cc1cccc(NC(=O)Cc2cccc(OC)c2OC)c1,0.01677788615001518
C#C[C@H](CC(=O)n1c(=O)[nH]c(=O)c2ccccc21)NCC(=O)Nc1nccc(CN)n1,0.8048293456573857
C#CC(=O)CN(C)[C@@H](C[NH+]1CCN(c2ccccn2)CC1)c1nc([O-])c2ccccc2n1,0.7229246423659113
Cn1cc(C(=O)[C@H](NCC(=O)NCC(=O)Nc2cccc(O[O-])c2)C(=O)[O-])c2ccccc21,0.8142880224789864
C#Cc1cccc(NC(=O)CN(C)c2nccc(-c3ccc4c(c3)OCO4)n2)c1,0.2683461226899904
C#C[C@H](CC(=O)n1c(=O)[nH]c(=O)c2ccccc21)NCC(=O)Nc1nccc(CC(=O)Nc2cccc(N)c2)n1,0.836139638672753
O=C(CN[C@H](C(=O)[O-])c1ccc2c(c1)OCO2)Nc1nccc(-c2ccc3c(c2)OCO3)n1,0.7980540142064221
C#C[C@H](CC(=O)Nc1cccc(N)c1)NCC(=O)Nc1nccc(-c2ccc3c(c2)OCO3)n1,0.7364186450042277
CN(C)c1ccc(-c2ccnc(N[C@H](c3nc(N)nc(N(C)C)n3)N(C)CC(=O)Nc3cccc(N)c3)n2)cn1,0.8186485285419542
C#Cc1cccc(NC(=O)Cc2cccc(OC)c2)c1,0.004412865852848449
O=C(CN[C@H](NCC(=O)Nn1c(=O)[nH]c(=O)c2ccccc21)C(=O)[O-])Nc1cccc2ncccc12,0.7955891555490758
CN(C)c1nc(N)nc(CC(=O)Nc2cccc3ncccc23)n1,0.8155546706152578
O=c1[nH]c(=O)n(-c2nc([O-])c3ccccc3n2)c2ccccc12,0.7679183120069741
C#Cc1cccc(CN(C)[C@@H](C[NH+]2CCN(c3ccccn3)CC2)c2nc([O-])c3ccccc3n2)c1,0.3039928362815976
COc1cccc(NC(=O)CNC(=O)CCC(=O)NNCC(=O)Nc2cccc3ncccc23)c1,0.8074367710515467
CNC(=O)CN[C@@H](CNc1ccc(N(C)C)nc1)C(=O)[O-],0.7162326270441588
CN(C)c1ccc(NC[C@H](CN(C)[C@@H](c2nc(N)nc(N(C)C)n2)c2nc([O-])c3ccccc3n2)C(=O)[O-])cn1,0.8145640310926042
C#Cc1cccc(NNC(=O)CCN[C@H](C#C)CC(=O)n2c(=O)[nH]c(=O)c3ccccc32)c1,0.7910959350908626
C#C[C@@H](CC(=O)NCC(=O)Nc1cccc(OC)c1)CC(=O)n1c(=O)[nH]c(=O)c2ccccc21,0.8191918360871326
COc1ccc2c(ccn2CCN[C@@H](c2nc(N)nc(N(C)C)n2)c2nc([O-])c3ccccc3n2)c1,0.7491633339035874
C#CC(C#C)CC(=O)n1c(=O)[nH]c(=O)c2ccccc21,0.2797852223796064
C#Cc1cccc(NNC(=O)CN(C)CC(=O)Nc2cccc(C#C)c2)c1,0.3084103017815588
CN(C)[C@H]1CO[C@H]2[C@@H]1OC[C@@H]2NC(=O)N(N)n1nnc2ccccc2c1=O,0.7792373618805027
Nc1cccc(NC(=O)C(=O)CNCNC(=O)c2nc([O-])c3ccccc3n2)c1,0.8120224586769672
CN(C)c1ccc(NC[C@H](NCC(=O)Nc2ccc3c(c2)OCO3)C(=O)[O-])cn1,0.7829979189283746
C#C[C@H](CC(=O)n1c(=O)[nH]c(=O)c2ccccc21)NCN(C)C,0.6347204118609591
C#C[C@@H](CC(=O)Nc1cccc2ncccc12)CC(=O)n1c(=O)[nH]c(=O)c2ccccc21,0.6128986571723337
C#Cc1cccc(NNC(=O)C[C@H](C#C)CC(=O)n2c(=O)[nH]c(=O)c3ccccc32)c1,0.7650941734707547
C#Cc1cccc(NC(=O)CN(C)C(=O)CNCNC(=O)c2nc([O-])c3ccccc3n2)c1,0.8128900979727144
C#Cc1cccc(NNC(=O)CN[C@@H](CNc2ccc(N(C)C)nc2)C(=O)[O-])c1,0.7663029554391028
C#Cc1cccc(NNC(=O)CC(=O)CN(C)[C@@H](c2nc(N)nc([O-])n2)c2nc([O-])c3ccccc3n2)c1,0.8147737450849426
CN(C)c1ccc(NC(=O)CN(C)[C@@H](CC(=O)Nc2cccc(N)c2)c2nc([O-])c3ccccc3n2)cn1,0.6753173077388159
COc1ccc2c(ccn2CCNC(=O)CN[C@H](C(=O)[O-])C(=O)c2cn(C)c3ccccc23)c1,0.8349950232057651
C#Cc1cccc(NC(=O)CN[C@@H](CC(=O)n2c(=O)[nH]c(=O)c3ccccc32)C(=O)[O-])c1,0.7964596045045885
CNC(=O)CN[C@@H](NCC(=O)Nc1cccc2ncccc12)C(=O)[O-],0.7751936613371728
COc1cccc(NC(=O)CNNc2nccc(CC(=O)Nc3cccc(N)c3)n2)c1,0.7600622355897211
O=C(CC(=O)n1c(=O)[nH]c(=O)c2ccccc21)NNCC(=O)Nc1cccc2ncccc12,0.811504091059703
COc1cccc(NC(=O)CN[C@H]2CO[C@H]3[C@@H]2OC[C@@H]3Nc2nccc(-c3ccc4c(c3)OCO4)n2)c1,0.740481332175998
CN(C)[C@@H](C[NH+]1CCN(c2ccccn2)CC1)c1nc([O-])c2ccccc2n1,0.32159866780676555
C#C[C@H](CC(=O)n1c(=O)[nH]c(=O)c2ccccc21)NCC(=O)Nc1nccc(CC(=O)Nc2cccc(N)c2)n1,0.836139638672753
COc1cccc(NC(=O)CNC(=O)C[C@@H](CNc2ccc(N(C)C)nc2)C(=O)[O-])c1,0.8006043737816193
C#Cc1cccc(NC(=O)C(=O)n2c(=O)[nH]c(=O)c3ccccc32)c1,0.8003441838305312
COc1cccc(NC(=O)CN[C@H](C(=O)[O-])C(=O)c2cn(C)c3ccccc23)c1OC,0.8555261858712448
CN(C)c1nc(N)nc([C@@H](c2nc([O-])c3ccccc3n2)N(C)CCC(=O)Nc2cccc(N)c2)n1,0.854957641416846
Cn1cc(C(=O)n2c(=O)[nH]c(=O)c3ccccc32)c2ccccc21,0.3713473800058856
COc1cccc(NC(=O)CNC(=O)CNCC(=O)Nc2cccc3ncccc23)c1,0.8011646003647489
C#Cc1cccc(-c2ccnc(NC(=O)CN[C@@H](CC(=O)Nc3cccc4ncccc34)C(=O)[O-])n2)c1,0.8282267359538382
COc1cccc(NC(=O)CCNC(=O)CNCNC(=O)c2nc([O-])c3ccccc3n2)c1C,0.8245893649977769
C#C[C@H](CCC(=O)Nc1cccc2ncccc12)NCC(=O)Nc1nccc(-c2ccc3c(c2)OCO3)n1,0.42294585445341265
C#Cc1cccc(NC(=O)CN(C)[C@H]2CO[C@H]3[C@@H]2OC[C@@H]3NC(=O)N(C)n2nnc3ccccc3c2=O)c1,0.8034284189446517
C#C[C@H](CC(=O)n1c(=O)[nH]c(=O)c2ccccc21)NCC,0.5451783321459968
CN(C)c1nc(N)nc(C(=O)CN[C@@H](CC(=O)n2c(=O)[nH]c(=O)c3ccccc32)C(=O)[O-])n1,0.7781581271306612
CN(C(=O)NCCC(=O)Nc1cccc(N)c1)n1nnc2ccccc2c1=O,0.8107131932855487
CN(C)C(=O)CN[C@H](C(=O)[O-])C(=O)c1cn(C)c2ccccc12,0.7447818963057016
C#Cc1cccc(NNC(=O)CC(=O)CN(C)[C@@H](c2nc(N)nc(N(C)[O-])n2)c2nc([O-])c3ccccc3n2)c1,0.818176377040688
C#C[C@H](CC(=O)n1c(=O)[nH]c(=O)c2ccccc21)NCC(=O)Nc1nccc(-c2cn(C)c3ccccc23)n1,0.7797439718485828
COc1cccc([C@@H](c2nc([O-])c3ccccc3n2)N(C)CC(=O)Nc2ccc(N(C)C)nc2)c1,0.5690532081868123
CONC(=O)CN[C@H](C(=O)[O-])C(=O)c1cn(C)c2ccccc12,0.7789794033417835
C#C[C@@H](c1nc([O-])c2ccccc2n1)N(C)CCC(=O)Nc1cccc(N)c1,0.7599977717246468
COc1cccc(NC(=O)CNC(=O)CNC(=O)N(C)n2nnc3ccccc3c2=O)c1,0.8116697886877473
C#C[C@H](CC(=O)n1c(=O)[nH]c(=O)c2ccccc21)NCNC(=O)N(C)n1nnc2ccccc2c1=O,0.7915810222488306
COc1cccc(NC(=O)CNC(=O)CN(C)[C@@H](c2nc(N)nc(N(C)C)n2)c2nc([O-])c3ccccc3n2)c1,0.8564689158808141
C#Cc1cccc(NC(=O)C(=O)CN[C@H](C#C)CC(=O)n2c(=O)[nH]c(=O)c3ccccc32)c1,0.8088757032064735
COc1cccc(NC(=O)CNC(=O)CN(C)[C@@H](c2nc(N)nc(N(C)N)n2)c2nc([O-])c3ccccc3n2)c1,0.8470124284681064
CN(C)c1ccc(NC[C@H](NC(=O)CN[C@H](C(=O)[O-])C(=O)c2cn(C)c3ccccc23)C(=O)[O-])cn1,0.8204070355895522
c1cc(-c2ccc3c(c2)OCO3)nc(Nc2ccc3c(c2)OCO3)n1,0.1875888985642592
COc1cccc(NC(=O)CN[C@@H](C(=O)c2cn(C)c3ccccc23)N(C)N)c1OC,0.8042036133491076
CN(C)c1nc(N)nc(Nc2nccc(-c3ccc4c(c3)OCO4)n2)n1,0.7906875493805205
C#Cc1cccc(NNC(=O)CN[C@@H](CC(=O)Nc2cccc3ncccc23)C(=O)[O-])c1,0.8048006330283946
CN(C)c1ccc(-c2ccnc(Nc3nc(N)nc(N(C)C)n3)n2)cn1,0.7864480213613518
C#Cc1cccc(NC(=O)CN(C)[C@@H](c2nc([O-])c3ccccc3n2)N(C)CCC(=O)Nc2cccc(N)c2)c1,0.5617163677853959
NN(C(=O)N[C@H]1CO[C@H]2[C@@H]1OC[C@@H]2c1nccc(-c2ccc3c(c2)OCO3)n1)n1nnc2ccccc2c1=O,0.8300438652637209
CN(C)c1nc(N)nc(CCC(=O)Nc2cccc(N)c2)n1,0.7886803467883228
COc1ccnc(N[C@H]2CO[C@H]3[C@@H]2OC[C@@H]3NC(=O)N(N)n2nnc3ccccc3c2=O)n1,0.8047730737223691
CN(C)c1ccc(NC[C@H](NCC(=O)Nc2cccc3ncccc23)c2nc(N)nc(N(C)C)n2)cn1,0.7593892179878758
Cn1cc(Nc2nccc(-c3ccc4c(c3)OCO4)n2)c2ccccc21,0.04091908866898822
C#Cc1cccc(NC(=O)CN(C)C(=O)NCNCC(=O)NCCC(=O)Nc2cccc(OC)c2OC)c1,0.7801157731069053
C#Cc1cccc(NC(=O)NCC(=O)Nc2cccc(OC)c2)c1,0.3576957227125044
CN(C)c1ccc(-c2ccnc(N[C@H](c3nc(N)nc(N(C)C)n3)N(C)CC(=O)Nc3cccc(N)c3)n2)cn1,0.8186485285419542
CN(N)c1ccnc(N[C@H]2CO[C@H]3[C@@H]2OC[C@@H]3NC(=O)N(N)n2nnc3ccccc3c2=O)n1,0.7967381745882772
O=C(CN[C@@H](CC(=O)Nc1cccc2ncccc12)C(=O)[O-])NNc1nccc(-c2ccc3c(c2)OCO3)n1,0.836139638672753
C#Cc1cccc(NC(=O)CC(=O)C[C@@H](C#C)NCC(=O)Nc2nccc(CC(=O)Nc3cccc(N)c3)n2)c1,0.7445987318013786
CN(C)c1nc(N)nc([C@@H](c2nc([O-])c3ccccc3n2)N(C)N)n1,0.7701759630121805
CN(C(=O)NC(=O)Nc1nccc(CC(=O)Nc2cccc(N)c2)n1)n1nnc2ccccc2c1=O,0.82143639079139
COc1cccc(NC(=O)CNC(=O)CCCC(=O)Nc2cccc(N)c2)c1,0.679005832061476
CN(C)c1nc(N)nc(N[C@@H](CC(=O)Nc2cccc3ncccc23)C(=O)[O-])n1,0.8135002126664493
COc1cccc(NC(=O)CCC(=O)NCC(=O)Nc2cccc(OC)c2)c1,0.666930769721412
O=C(Cc1nc([O-])c2ccccc2n1)Nc1cccc2ncccc12,0.571045476232737
C#Cc1cccc(NC(=O)Cc2nc(N)nc(N(C)C)n2)c1,0.7734529263110433
Nc1cccc(NC(=O)Cc2ccnc(NC(=O)C(=O)[O-])n2)c1,0.7708326653703004
Cn1cc(C(=O)[C@H](NCC(=O)NNNc2nccc(-c3ccc4c(c3)OCO4)n2)C(=O)[O-])c2ccccc21,0.8512160931922469
C#CC(=O)CN(C)[C@@H](c1nc(N)nc(N(C)C)n1)c1nc([O-])c2ccccc2n1,0.8092297228564159
C#Cc1cccc(C(=O)CN(C)[C@@H](C[NH+]2CCN(c3ccccn3)CC2)c2nc([O-])c3ccccc3n2)c1,0.7130766175495871
O=C(CN[C@@H](NCC(=O)Nc1cccc2ncccc12)C(=O)[O-])NC(=O)n1c(=O)[nH]c(=O)c2ccccc21,0.8046966603328555
Cn1cc(C(=O)[C@H](NCC(=O)NNNC(=O)[O-])C(=O)[O-])c2ccccc21,0.7543092411989669
C#Cc1cccc(NC(=O)CN(C)[C@@H](c2nc(N)nc(N(C)N)n2)c2nc([O-])c3ccccc3n2)c1,0.8380215136388526
CN(C)c1nc(N)nc([C@@H](c2nc([O-])c3ccccc3n2)N(C)CC(=O)NN)n1,0.8092297228564159
Nc1cccc(NC(=O)Cc2ccnc(Nn3c(=O)[nH]c(=O)c4ccccc43)n2)c1,0.8378768536661124
C#C[C@H](Cc1ccc2c(c1)OCO2)NCC(=O)Nc1nccc(CC(=O)Nc2cccc(N)c2)n1,0.7633957003042865
C#Cc1cccc(C(=O)CN(C)[C@@H](C[NH+]2CCN(c3ccccn3)CC2)c2nc([O-])c3ccccc3n2)c1,0.7130766175495871
O=C(CN[C@@H](CC(=O)Nc1cccc2ncccc12)C(=O)[O-])Nc1nccc(C(=O)[O-])n1,0.7951016121750835
COc1cccc(C(=O)CN(C)[C@@H](C[NH+]2CCN(c3ccccn3)CC2)c2nc([O-])c3ccccc3n2)c1OC,0.832710986657175
C#Cc1cccc(NC(=O)CN(C)CC(=O)NNNc2nccc(-c3ccc4c(c3)OCO4)n2)c1,0.8236653903402367
CN(C(=O)N[C@H]1CO[C@H]2[C@@H]1OC[C@@H]2C(=O)n1c(=O)[nH]c(=O)c2ccccc21)n1nnc2ccccc2c1=O,0.7881180075026465
Cn1cc(C(=O)[C@H](NCC(=O)NNN[O-])C(=O)[O-])c2ccccc21,0.7612493395495932
CN(C)c1ccc(-n2c(=O)[nH]c(=O)c3ccccc32)cn1,0.27117789462081127
C#CN[C@H](NCC(=O)Nc1nccc(-c2ccc3c(c2)OCO3)n1)C(=O)[O-],0.7778421237651502
Cn1cc(C(=O)Cc2ccnc(Nn3c(=O)[nH]c(=O)c4ccccc43)n2)c2ccccc21,0.6739279367204827
Cn1cc(C(=O)[C@H](NCC(=O)NNNc2nccc(-c3ccc4c(c3)OCO4)n2)C(=O)[O-])c2ccccc21,0.8512160931922469
C#Cc1cccc(NC(=O)CNC(=O)N(C)n2nnc3ccccc3c2=O)c1,0.7990259057559157
CN(C)c1nc(N)nc([C@@H](c2nc([O-])c3ccccc3n2)N(C)CC(=O)NCC(=O)Nc2cccc(N)c2)n1,0.8512160931922469
CN(C)c1ccc(C(=O)Nc2nccc(CC(=O)Nc3cccc(N)c3)n2)cn1,0.7399490031284193
Cn1cc(C(=O)[C@H](NCC(=O)NNc2nccc(-c3ccc4c(c3)OCO4)n2)C(=O)[O-])c2ccccc21,0.8555261858712448
CN(C(=O)N[C@H]1CO[C@H]2[C@@H]1OC[C@@H]2N)n1nnc2ccccc2c1=O,0.7608659736932506
CN(CCC(=O)Nc1cccc(N)c1)[C@H](c1nc([O-])c2ccccc2n1)n1c(=O)[nH]c(=O)c2ccccc21,0.7697411859391058
O=C(CN[C@@H](CC(=O)n1c(=O)[nH]c(=O)c2ccccc21)C(=O)[O-])CC(=O)Nc1cccc2ncccc12,0.8136652395970729
CN(N)c1nc(N)nc(CC(=O)Nc2cccc3ncccc23)n1,0.8034284189446517
CN(C)c1ccc(-c2ccnc(N[C@H]3CO[C@H]4[C@@H]3OC[C@@H]4NC(=O)N([O-])n3nnc4ccccc4c3=O)n2)cn1,0.8522669792588298
Cn1cc(C(=O)C(=O)CN[C@@H](CC(=O)n2c(=O)[nH]c(=O)c3ccccc32)C(=O)[O-])c2ccccc21,0.791343345890486
C#Cc1cccc(NC(=O)Nc2nccc(CC(=O)Nc3cccc(N)c3)n2)c1,0.5209996918715794
C#Cc1cccc(NC(=O)CN(C)CN[C@@H](CC(=O)Nc2cccc3ncccc23)C(=O)[O-])c1,0.8298052440330109
CN(N)c1nc(N)nc([C@@H](c2nc([O-])c3ccccc3n2)N(C)CC(=O)n2c(=O)[nH]c(=O)c3ccccc32)n1,0.8071916526727738
C#C[C@H](CC(=O)n1c(=O)[nH]c(=O)c2ccccc21)NCC(=O)NCC(=O)Nc1cccc(OC)c1,0.8217893606856457
COc1cccc(NC(=O)CNC(=O)c2ccc(N(C)C)nc2)c1,0.5504574771019546
Cn1cc(C(=O)[C@H](Nn2c(=O)[nH]c(=O)c3ccccc32)C(=O)[O-])c2ccccc21,0.790288922035367
C#C[C@H](Cn1c(=O)[nH]c(=O)c2ccccc21)NCC(=O)Nc1nccc(CC(=O)Nc2cccc(N)c2)n1,0.8381165543564156
COc1cccc(NC(=O)CNC(=O)C(=O)CN[C@@H](CC(=O)n2c(=O)[nH]c(=O)c3ccccc32)C(=O)[O-])c1,0.8072635084310565
CN(C)c1nc(N)nc([C@@H](c2nc([O-])c3ccccc3n2)N(C)CC(=O)Nc2cccc(N(C)N)c2)n1,0.8501033900386168
C#Cc1cccc(N[C@@H](NCC(=O)Nc2cccc(OC)c2OC)C(=O)c2cn(C)c3ccccc23)c1,0.26076340502347506
C#Cc1cccc(-c2ccnc(NC(=O)CN[C@H](C#C)CC(=O)n3c(=O)[nH]c(=O)c4ccccc43)n2)c1,0.8313825460579888
CN(C)c1ccc(NC(=O)CN(C)[C@@H](c2nc(N)nc(N(C)N)n2)c2nc([O-])c3ccccc3n2)cn1,0.8401852971418475
C#Cc1cccc(N[C@H]2CO[C@H]3[C@@H]2OC[C@@H]3NC(=O)N(C)n2nnc3ccccc3c2=O)c1,0.793950772800997
C#Cc1cccc(NNNNC(=O)CN[C@H](C(=O)[O-])C(=O)c2cn(C)c3ccccc23)c1,0.7951016121750835
C#CCNC(=O)CN(C)[C@@H](c1nc(N)nc(N(C)N)n1)c1nc([O-])c2ccccc2n1,0.8006043737816193
CN(C(=O)[O-])[C@@H](C[NH+]1CCN(c2ccccn2)CC1)c1nc([O-])c2ccccc2n1,0.7949253342322761
C#Cc1cccc(NC(=O)CNC(=O)N(C)n2nnc3ccccc3c2=O)c1,0.7990259057559157
CN(N)c1nc(N)nc([C@@H](c2nc([O-])c3ccccc3n2)N(C)CC(=O)Nc2nc([O-])c3ccccc3n2)n1,0.8109029765057373
C#C[C@@H](CC(=O)Nc1cccc(N)c1)CC(=O)n1c(=O)[nH]c(=O)c2ccccc21,0.7854132313607378
C#C[C@H](Cc1nccc(-c2ccc3c(c2)OCO3)n1)NCC(=O)Nc1nccc(-c2ccc3c(c2)OCO3)n1,0.5324848754624464
O=C(Cc1ccnc(Nn2c(=O)[nH]c(=O)c3ccccc32)n1)NNNc1nccc(-c2ccc3c(c2)OCO3)n1,0.816653072852674
C#Cc1cccc(NC(=O)n2c(=O)[nH]c(=O)c3ccccc32)c1,0.5330682517324552
CN(C)c1nc(N)nc([C@H]2CO[C@H]3[C@@H]2OC[C@@H]3NC(=O)N(C)n2nnc3ccccc3c2=O)n1,0.7871891691094055
Cn1cc(C(=O)C(=O)CN[C@@H](CC(=O)n2c(=O)[nH]c(=O)c3ccccc32)C(=O)[O-])c2ccccc21,0.791343345890486
CN(C(=O)Nc1ccc2c(c1)OCO2)n1nnc2ccccc2c1=O,0.797178769941345
CN(N)NC(=O)CN(C)[C@@H](c1nc(N)nc(N(C)N)n1)c1nc([O-])c2ccccc2n1,0.7963114342370753
C#Cc1cccc(C(=O)CN(C)[C@@H](c2nc(N)nc(N(C)C)n2)c2nc([O-])c3ccccc3n2)c1,0.8138018705212895
C#C[C@H](CC(=O)n1c(=O)[nH]c(=O)c2ccccc21)[C@@H](c1nc(N)nc(N(C)C)n1)c1nc([O-])c2ccccc2n1,0.808372827176555
C#Cc1cccc(NC(=O)CN(C)C(=O)Nc2cccc(OC)c2)c1,0.182433607896286
CN(C)c1ccc(NC(=O)CN(C)[C@@H](C[NH+]2CCN(c3ccccn3)CC2)C(=O)[O-])cn1,0.8116697886877473
CN(CCC(=O)Nc1cccc(N)c1)[C@@H](C(=O)[O-])c1nc([O-])c2ccccc2n1,0.8361138720546835
CN(N)c1nc(N)nc([C@@H](c2nc([O-])c3ccccc3n2)N(C)CC(=O)NCC(=O)Nc2cccc(N)c2)n1,0.8367437134595066
C#C[C@H](Cc1cccc(OC)c1)NCC(=O)Nc1nccc(-c2ccc3c(c2)OCO3)n1,0.5714688165153008
C#C[C@H](CC(=O)n1c(=O)[nH]c(=O)c2ccccc21)NCC(=O)[O-],0.7377879464668812
COc1cccc(NC(=O)CNC(=O)c2nc(N)nc(N(C)C)n2)c1,0.7956498805928756
CN(N)c1nc(N)nc([C@@H](c2nc([O-])c3ccccc3n2)N(C)N)n1,0.7570472507879893
COc1cccc(NC(=O)CNC(=O)CC(=O)Nc2cccc(OC)c2)c1,0.7324285569987485
CN(C)CN(C)[C@@H](C[NH+]1CCN(c2ccccn2)CC1)c1nc([O-])c2ccccc2n1,0.39580659108389815
CN(C)c1nc(N)nc([C@@H](c2nc([O-])c3ccccc3n2)N(C)CC(=O)N[O-])n1,0.8092297228564159
CN(N)c1nc(N)nc(Cc2ccnc(Nn3c(=O)[nH]c(=O)c4ccccc43)n2)n1,0.7730551756939453
C#Cc1cccc(CCC(=O)Nc2cccc(N)c2)c1,0.04125974065927112
C#Cc1cccc(NC(=O)C(=O)CN[C@@H](CC(=O)n2c(=O)[nH]c(=O)c3ccccc32)C(=O)[O-])c1,0.7952707287670506
C#Cc1cccc(NC(=O)CC(=O)NNNc2nccc(-c3ccc4c(c3)OCO4)n2)c1,0.7507219996023228
CN(CN)[C@@H](C[NH+]1CCN(c2ccccn2)CC1)c1nc([O-])c2ccccc2n1,0.8129475823017651
C#C[C@H](CC(=O)n1c(=O)[nH]c(=O)c2ccccc21)NCC(=O)C(=O)[O-],0.7380780471057337
C#Cc1cccc(NC(=O)CN(C)C(c2nc([O-])c3ccccc3n2)N(C)CC(=O)Nc2cccc(C#C)c2)c1,0.5499090217425381
CN(N)C(=O)CN(C)[C@@H](C[NH+]1CCN(c2ccccn2)CC1)c1nc([O-])c2ccccc2n1,0.8221564534369494
O=C(CN[C@@H](CC(=O)Nc1cccc2ncccc12)C(=O)[O-])Nc1nccc(-c2ccc3c(c2)OCO3)n1,0.8392432150233221
CN(C)c1ccc(CC(=O)Nc2cccc3ncccc23)cn1,0.060191252434191246
CN(C)c1ccc(NC(=O)CN(C)[C@@H](c2nc(N)nc(N(C)C)n2)c2nc([O-])c3ccccc3n2)cn1,0.8451542547285166
O=C(CN[C@@H](CC(=O)Nc1cccc2ncccc12)C(=O)[O-])Nc1ccc2c(c1)OCO2,0.8088757032064735
C#C[C@H](Cn1c(=O)[nH]c(=O)c2ccccc21)NN[C@@H](CC(=O)Nc1cccc2ncccc12)C(=O)[O-],0.8111919140098078
C#Cc1cccc(CN[C@@H](CC(=O)Nc2cccc3ncccc23)C(=O)[O-])c1,0.7610875887143408
COc1cccc(NC(=O)CNC(=O)c2nc([O-])c3ccccc3n2)c1,0.8235693630782233
CN(C)c1nc(N)nc([C@@H](C(=O)c2cn(C)c3ccccc23)N(C)CC(=O)Nc2cccc(N)c2)n1,0.7668045666903959
COc1cccc(NC(=O)NC(=O)CN(C)[C@@H](c2nc(N)nc(N(C)C)n2)c2nc([O-])c3ccccc3n2)c1,0.8512160931922469
CN(C)c1ccc(-c2ccnc(N[C@H]3CO[C@H]4[C@@H]3OC[C@@H]4NC(=O)N([O-])n3nnc4ccccc4c3=O)n2)cn1,0.8522669792588298
C#Cc1cccc(NCN(C)[C@@H](C[NH+]2CCN(c3ccccn3)CC2)c2nc([O-])c3ccccc3n2)c1,0.5930709533095261
O=C(CN[C@@H](CC(=O)Nc1cccc2ncccc12)C(=O)[O-])Nc1nccc(-c2ccc3c(c2)OCO3)n1,0.8392432150233221
C#Cc1cccc(NC(=O)C[C@@H](C#C)NCC(=O)Nc2nccc(-c3ccc4c(c3)OCO4)n2)c1,0.6491585618724043
CN(N)c1cccc(NC(=O)CN(C)[C@@H](c2nc(N)nc(N(C)[O-])n2)c2nc([O-])c3ccccc3n2)c1,0.8401852971418475
COc1cccc(NC(=O)C[C@H]2CO[C@H]3[C@@H]2OC[C@@H]3Nc2nccc(-c3ccc4c(c3)OCO4)n2)c1,0.4919439079267408
CN(C)c1nc(N)nc([C@@H](c2nc([O-])c3ccccc3n2)N(C)CC(=O)NCC(=O)Nc2cccc(N)c2)n1,0.8512160931922469
C#Cc1cccc([C@H](NCC(=O)NNNc2nccc(-c3ccc4c(c3)OCO4)n2)C(=O)[O-])c1,0.8007724208869966
CN(C)c1nc(N)nc([C@@H](c2nc([O-])c3ccccc3n2)N(C)CC(=O)Nc2cccc(N)c2)n1,0.8575415736533811
C#Cc1cccc(NC(=O)Nc2cccc(C#C)c2)c1,0.005031471320163581
CN(N)c1cccc(NCCC(=O)Nc2cccc(N)c2)c1,0.6744671493547784
C#Cc1cccc(NC(=O)CN[C@H](C(=O)[O-])C(=O)c2cn(C)c3ccccc23)c1,0.8248720006399609
C#Cc1cccc(NC(=O)CN(C)CN(C)[C@@H](c2nc(N)nc(N(C)C)n2)c2nc([O-])c3ccccc3n2)c1,0.8555226424605292
CN(C)c1nc(N)nc(C(=O)CN(C)[C@@H](C[NH+]2CCN(c3ccccn3)CC2)c2nc([O-])c3ccccc3n2)n1,0.8300438652637209
C#Cc1cccc(NC(=O)CN(C)NNNC(=O)CN[C@H](C(=O)[O-])C(=O)c2cn(C)c3ccccc23)c1,0.8200819980716642
CN(C)c1ccc(NC(=O)CN(C)[C@H](CC(=O)Nc2cccc(N)c2)C[NH+]2CCN(c3ccccn3)CC2)cn1,0.8395455732778501
C#Cc1cccc(NC(=O)CC[C@@H](C#C)NCC(=O)Nc2nccc(-c3ccc4c(c3)OCO4)n2)c1,0.5521961374129103
CN(C)c1ccc(NC(=O)CN(C)[C@@H](C[NH+]2CCN(c3ccccn3)CC2)c2ccc(N(C)C)nc2)cn1,0.629201234120234
C#C[C@H](c1nc(N)nc(N(C)C)n1)N(C)CC(=O)NCC(=O)Nc1cccc(N)c1,0.8177044881332506
CN(C)c1nc(N)nc([C@H](CCC(=O)Nc2cccc(N)c2)c2nc([O-])c3ccccc3n2)n1,0.7943683783246378
C#Cc1cccc(NC(=O)CN(C)CN(C)CC(=O)Nc2cccc(N)c2)c1,0.6866828044729205
C#Cc1cccc(NC(=O)CN(C)CN(C)[C@@H](c2nc(N)nc(N(C)C)n2)c2nc([O-])c3ccccc3n2)c1,0.8555226424605292
CN(C)c1ccc(NC(=O)N(C)n2nnc3ccccc3c2=O)cn1,0.8041393740412752
COc1cccc(NC(=O)CN(C)[C@@H](c2nc(N)nc(N(C)C)n2)c2nc(N)c3ccccc3n2)c1,0.8097269748487114
COc1cccc(NC(=O)N(C)n2nnc3ccccc3c2=O)c1,0.6818794714834513
C#Cc1cccc(NC(=O)CN(C)CN(C)C(=O)CN[C@H](C#C)CC(=O)n2c(=O)[nH]c(=O)c3ccccc32)c1,0.8084658344641984
COc1cccc(NC(=O)CN[C@H]([O-])C(=O)c2cn(C)c3ccccc23)c1OC,0.8545479507444786
CN(C)c1nc(N)nc([C@@H](c2nc([O-])c3ccccc3n2)N(C)CC(=O)NCC(=O)Nc2cccc(N)c2)n1,0.8512160931922469
CN(N)N[C@H]1CO[C@H]2[C@@H]1OC[C@@H]2NC(=O)N([O-])n1nnc2ccccc2c1=O,0.7502218700718107
Nc1cccc(NC(=O)C[C@H]2CO[C@H]3[C@@H]2OC[C@@H]3Nc2nccc(-c3ccc4c(c3)OCO4)n2)c1,0.6014531281656657
C#Cc1cccc(NNC(=O)CN(C)[C@@H](c2nc(N)nc(N(C)C)n2)c2nc([O-])c3ccccc3n2)c1,0.8337996085114259
COc1cccc(NC(=O)NC(=O)C[C@H]2CO[C@H]3[C@@H]2OC[C@@H]3Nc2nccc(-c3ccc(N(C)C)nc3)n2)c1,0.6317956202645223
C#Cc1nc(N)nc([C@@H](c2nc([O-])c3ccccc3n2)N(C)CC(=O)NCC(=O)Nc2cccc(OC)c2)n1,0.8498032815295419
COc1cccc(NC(=O)CN[C@H](Nc2cccc(N)c2)C(=O)c2cn(C)c3ccccc23)c1OC,0.36151227144476267
CN(C)c1nc(N)nc([C@H](N)c2nc([O-])c3ccccc3n2)n1,0.7641166194509462
C#Cc1cccc(NC(=O)CN(C)CN(C)C(=O)CN[C@H](C#C)CC(=O)n2c(=O)[nH]c(=O)c3ccccc32)c1,0.8084658344641984
COc1cccc(NC(=O)CNC(=O)Nc2cccc(N)c2)c1,0.6953045127910791
COc1cccc(NC(=O)NC(=O)CNc2cccc(OC)c2OC)c1,0.603595577953663
CN(C(=O)NC(=O)CN[C@H]([O-])C(=O)c1cn(C)c2ccccc12)n1nnc2ccccc2c1=O,0.810129820098383
C#CC(=O)CNC(=O)CN(C)[C@@H](c1nc(N)nc(C#C)n1)c1nc([O-])c2ccccc2n1,0.8020396005825877
C#C[C@H](CC(=O)Nc1cccc(OC)c1)NCC(=O)Nc1nccc(-c2ccc3c(c2)OCO3)n1,0.6467680650705184
COc1cccc(N[C@@H](c2nc(N)nc(N(C)C)n2)c2nc([O-])c3ccccc3n2)c1OC,0.7668958927123266
C#Cc1cccc(NC(=O)CN(C)[C@@H](c2nc(N(C)C)nc(N(C)N)n2)c2nc([O-])c3ccccc3n2)c1,0.8408964152537145
CN(C)c1ccc(NC(=O)CN(C)[C@@H](C[NH+]2CCN(c3ccccn3)CC2)c2ccc(N(C)C)nc2)cn1,0.629201234120234
COc1cccc(NC(=O)c2nccc(-c3ccc(N(C)C)nc3)n2)c1,0.3367020243478818
C#Cc1cccc(NC(=O)CN[C@H]([O-])C(=O)c2cn(C)c3ccccc23)c1,0.6506761516657515
Cc1nc([C@@H](c2nc([O-])c3ccccc3n2)N(C)CC(=O)NCC(=O)Nc2cccc(N)c2)nc(N(C)C)n1,0.8512160931922469
COc1cccc(NCC(=O)NNNc2nccc(-c3ccc4c(c3)OCO4)n2)c1OC,0.7358413283860032
C#Cc1cccc(NC(=O)CN(C)CN(C)N[C@H](C(=O)[O-])C(=O)c2cn(C)c3ccccc23)c1,0.8431239749400102
CN(C)c1ccc(-c2ccnc(NNC(=O)CN[C@H](C(=O)[O-])C(=O)c3cn(C)c4ccccc34)n2)cn1,0.8584611387015584
C#Cc1cccc(NC(=O)CN(C)[C@H]2CO[C@H]3[C@@H]2OC[C@@H]3NC(=O)N(N)n2nnc3ccccc3c2=O)c1,0.8034284189446517
CN(C)c1nc(N)nc(CNC(=O)CN(C)[C@@H](c2nc(N)nc(N(C)C)n2)c2nc([O-])c3ccccc3n2)n1,0.8034284189446517
CN(C)c1ccc(-c2nc([O-])c3ccccc3n2)cn1,0.15729876316999333
C#C[C@H](CC(=O)n1c(=O)[nH]c(=O)c2ccccc21)NCC(=O)NNc1cccc(OC)c1,0.8061846461076281
Cn1cc(C(=O)[C@@H]([O-])NCC(=O)c2ccc3c(c2)OCO3)c2ccccc21,0.7543167497123155
CN(C)[C@H](NCC(=O)NNNc1nccc(-c2ccc3c(c2)OCO3)n1)C(=O)[O-],0.7888938787821077
COc1cccc(NC(=O)NC(=O)C[C@H]2CO[C@H]3[C@@H]2OC[C@@H]3Nc2nccc(-c3ccc4c(c3)OCO4)n2)c1,0.5565280875665153
CN(C)c1nc(N)nc([C@@H](c2nc([O-])c3ccccc3n2)N(C)C[O-])n1,0.7911587329429223
CN(CCC(=O)Nc1cccc(N)c1)[C@@H](C(=O)[O-])c1nc([O-])c2ccccc2n1,0.8361138720546835
Cn1cc(C(=O)[C@H](NCC(=O)NNNNc2cccc(N)c2)C(=O)[O-])c2ccccc21,0.793551214429417
COc1cccc(NC(=O)CN[C@H](CCC(=O)Nc2cccc(N)c2)C(=O)c2cn(C)c3ccccc23)c1OC,0.28412494486295126
C#Cc1cccc(NNC(=O)CN[C@H](C(=O)[O-])C(=O)c2cn(C)c3ccccc23)c1,0.8034284189446517
NN(C(=O)N[C@H]1CO[C@H]2[C@@H]1OC[C@@H]2C(=O)N([O-])n1nnc2ccccc2c1=O)n1nnc2ccccc2c1=O,0.7689970031219019
Nc1cccc(NC(=O)CNC(=O)N[C@H]2CO[C@H]3[C@@H]2OC[C@@H]3NC(=O)N([O-])n2nnc3ccccc3c2=O)c1,0.7946601557805208
CN(C)c1nc(N)nc(N[C@H](C(=O)[O-])C(=O)c2cn(C)c3ccccc23)n1,0.8064319420404241
C[C@H](c1nc(N)nc(N(C)C)n1)N(C)CC(=O)Nc1cccc(N)c1,0.8157924871326564
COc1cccc(NN(C)[C@@H](c2nc(N)nc(N(C)C)n2)c2nc([O-])c3ccccc3n2)c1OC,0.7804042209713516
Nc1cccc(NC(=O)CCC(=O)NCC(=O)Nc2cccc(N)c2)c1,0.7608585844813466
C#Cc1cccc(NC(=O)CN(C)[C@@H](c2cccc(C#C)c2)c2nc([O-])c3ccccc3n2)c1,0.2705632660283279
CN(C(=O)N[C@H]1CO[C@H]2[C@@H]1OC[C@@H]2[O-])n1nnc2ccccc2c1=O,0.7543092411989669
CN(C)c1nc(N)nc([C@@H](c2nc([O-])c3ccccc3n2)N(C)CC(=O)NCC(=O)Nc2cccc([O-])c2)n1,0.8464107855443345
CN(C(=O)N[C@H]1CO[C@H]2[C@@H]1OC[C@@H]2NC(=O)N(C)n1nnc2ccccc2c1=O)n1nnc2ccccc2c1=O,0.7656017899548296
CN(C)c1nc(N)nc([C@@H](C(=O)[O-])N(C)CC(=O)NCC(=O)Nc2cccc(N)c2)n1,0.8034284189446517
C#Cc1cccc(NC(=O)CN(C)CN(C)NC(=O)N([O-])n2nnc3ccccc3c2=O)c1,0.8196675010992033
C#Cc1cccc(C(=O)c2cn(C)c3ccccc23)c1,0.00019379687048187117
COc1cccc(NC(=O)CNC(=O)CN(C)[C@@H](c2nc(C)nc(N(C)C)n2)c2nc([O-])c3ccccc3n2)c1,0.8515085478565594
CN([O-])c1nc(N)nc([C@@H](c2nc([O-])c3ccccc3n2)N(C)CC(=O)Nc2cccc(N)c2)n1,0.8423525183953172
CN(CC(=O)Nc1cccc(N)c1)N[C@H](C(=O)[O-])C(=O)c1cn(C)c2ccccc12,0.8385332169530934
CN(C)c1nc(N)nc([C@@H](CC(=O)Nc2cccc(N)c2)N(C)CC(=O)Nc2cccc(N)c2)n1,0.8277242055994699
CN(C)c1ccc(-c2nc([O-])c3ccccc3n2)cn1,0.15729876316999333
Cn1cc(C(=O)N[C@H](C(=O)[O-])C(=O)c2cn(C)c3ccccc23)c2ccccc21,0.7772114625764616
CN(C)NC(=O)CN[C@H](C(=O)[O-])C(=O)c1cn(C)c2ccccc12,0.7890328297128646
CN(C)c1ccc(-c2ccnc(NC(=O)CN[C@H]([O-])C(=O)c3cn(C)c4ccccc34)n2)cn1,0.8716676840205289
C#Cc1cccc(NC(=O)CN(C)C(=O)c2cn(C)c3ccccc23)c1,0.03965398367810254
COc1cccc(NC(=O)CNCC(=O)Nc2nccc(-c3ccc(N(C)C)nc3)n2)c1,0.7904533866492292
COc1cccc(NC(=O)CNC(=O)N[C@H]2CO[C@H]3[C@@H]2OC[C@@H]3Nc2nccc(-c3ccc(N(C)C)nc3)n2)c1,0.8262721747945695
CN([O-])c1nc(N)nc([C@@H](c2nc([O-])c3ccccc3n2)N(C)CC(=O)Nc2cccc(N)c2)n1,0.8423525183953172
CN(C(=O)N[C@H]1CO[C@H]2[C@@H]1OC[C@@H]2N[C@H]([O-])C(=O)c1cn(C)c2ccccc12)n1nnc2ccccc2c1=O,0.8046730832782798
C#Cc1cccc([C@H](NCC(=O)NNNc2nccc(-c3ccc4c(c3)OCO4)n2)C(=O)[O-])c1,0.8007724208869966
C#Cc1nc(N)nc([C@@H](c2nc([O-])c3ccccc3n2)N(C)CC(=O)NCC(=O)N(C)C)n1,0.7992975447228271
C#Cc1cccc(NC(=O)CN(C)CN(C)CC(=O)NCC(=O)Nc2cccc(N)c2)c1,0.8020396005825877
CN(C)c1ccc([C@@H](c2nc(N)nc(N(C)C)n2)c2nc([O-])c3ccccc3n2)cn1,0.7960588675705033
COc1cccc(NC(=O)CNC(=O)[C@H]([O-])C(=O)c2cn(C)c3ccccc23)c1,0.8416915900572448
CN(C)c1ccc(-c2ccnc(N[C@H]3CO[C@H]4[C@@H]3OC[C@@H]4NC(=O)N(N)n3nnc4ccccc4c3=O)n2)cn1,0.8522669792588298
COc1cccc(NC(=O)CN(C)[C@@H](c2nc(N)nc(N(C)C)n2)c2nc([O-])c3ccccc3n2)c1,0.858434028888087
C#Cc1cccc([C@@H](NCC(=O)Nc2cccc(OC)c2OC)C(=O)c2cn(C)c3ccccc23)c1,0.14111712433323076
CN(C)c1nc(N)nc([C@@H](c2nc([O-])c3ccccc3n2)N(C)[C@H]([O-])C(=O)c2cn(C)c3ccccc23)n1,0.8408964152537145
CN(C)c1nc(N)nc([C@@H](C(=O)N([O-])n2nnc3ccccc3c2=O)N(C)CC(=O)Nc2cccc(N)c2)n1,0.8478179571277438
CN(C)c1ccc(-c2ccnc(NC(=O)c3cn(C)c4ccccc34)n2)cn1,0.2119788907349469
CN(C(=O)N[C@H]1CO[C@H]2[C@@H]1OC[C@@H]2NC(=O)N([O-])n1nnc2ccccc2c1=O)n1nnc2ccccc2c1=O,0.7656017899548296
C#Cc1cccc(CN(C)[C@@H](c2nc(C)nc(N(C)C)n2)c2nc([O-])c3ccccc3n2)c1,0.594058135487522
CN(C)c1ccc(-c2ccnc(N(C)CC(=O)Nc3cccc(N)c3)n2)cn1,0.706163259584073
NN(C(=O)N[C@H]1CO[C@H]2[C@@H]1OC[C@@H]2N[O-])n1nnc2ccccc2c1=O,0.7437217884302485
CN(CCC(=O)Nc1cccc(N)c1)[C@H](c1nc([O-])c2ccccc2n1)N(N)n1nnc2ccccc2c1=O,0.8194678986246229
Cn1cc(C(=O)[C@H](NCC(=O)NNC(=O)NCC(=O)Nc2cccc(N)c2)C(=O)[O-])c2ccccc21,0.8138647407128591
COc1cccc(NC(=O)CN[C@H](Nc2cccc(OC)c2OC)C(=O)c2cn(C)c3ccccc23)c1OC,0.26472701497789564
C[C@H](C[NH+]1CCN(c2ccccn2)CC1)N(C)CC(=O)Nc1ccc(N(C)C)nc1,0.24709587887350629
CN(C)c1nc(N)nc([C@@H](c2nc([O-])c3ccccc3n2)N([O-])CC(=O)NCC(=O)Nc2cccc(N)c2)n1,0.8318793158072585
Cn1cc(C(=O)[C@@H]([O-])NCC(=O)Nc2cccc(N)c2)c2ccccc21,0.8375660669958473
Cn1cc(C(=O)NC(=O)N([O-])n2nnc3ccccc3c2=O)c2ccccc21,0.7976430243650293
Cn1cc(C(=O)NC(=O)N([O-])n2nnc3ccccc3c2=O)c2ccccc21,0.7976430243650293
CN(CC(=O)Nc1cccc(N)c1)CN(C)[C@@H](c1nc(N)nc(N(C)C)n1)c1nc([O-])c2ccccc2n1,0.8603680667002962
COc1cccc(NC(=O)CNC(=O)CN(C)[C@@H](c2nc(C)nc([O-])n2)c2nc([O-])c3ccccc3n2)c1,0.8395007317462024
CN(N)c1cccc(NC(=O)CN(C)[C@@H](c2nc(N)nc(C(=O)[O-])n2)c2nc([O-])c3ccccc3n2)c1,0.8301821713362141
C#Cc1cccc(NC(=O)CN(C)CN(C)Nc2cccc(OC)c2)c1,0.061135528271538654
CN(C)c1nc(N)nc([C@H](NC(=O)N([O-])n2nnc3ccccc3c2=O)c2nc([O-])c3ccccc3n2)n1,0.7996115489258868
CN(C)c1ccc(-c2ccnc(CC(=O)Nc3cccc(N)c3)n2)cn1,0.6678620136944062
CN(C)c1ccc(-c2ccnc(NNNC(=O)CN[C@H](C(=O)[O-])C(=O)c3cn(C)c4ccccc34)n2)cn1,0.85407736410085
CN(C)c1nc(N)nc([C@@H](c2nc([O-])c3ccccc3n2)N(C)CC(=O)NCC(=O)Nc2cccc(N)c2)n1,0.8512160931922469
COc1cccc(NC(=O)NC(=O)CNCC(=O)Nc2nccc(-c3ccc(N(C)C)nc3)n2)c1,0.8160739401942521
CN(CC(=O)Nc1cccc(N)c1)NNC(=O)CN[C@H](C(=O)[O-])C(=O)c1cn(C)c2ccccc12,0.8283806804215564
CN(C)c1ccc(-c2ccnc(N[C@H]3CO[C@H]4[C@@H]3OC[C@@H]4NC(=O)N([O-])n3nnc4ccccc4c3=O)n2)cn1,0.8522669792588298
O=C(c1nc([O-])c2ccccc2n1)N([O-])n1nnc2ccccc2c1=O,0.769555515103315
Cn1cc(C(=O)[C@@H]([O-])NCC(=O)CC(=O)NNNc2nccc(-c3ccc4c(c3)OCO4)n2)c2ccccc21,0.8564689158808141
CN(C)c1nc(N)nc([C@@H](c2nc([O-])c3ccccc3n2)N([O-])CC(=O)NCC(=O)Nc2cccc(N)c2)n1,0.8318793158072585
CN(C)c1ccc(-c2ccnc(NNNc3cccc(N)c3)n2)cn1,0.6796163132332254
COc1cccc(NC(=O)CNC(=O)CN(C)[C@@H](c2nc(C)nc(N)n2)c2nc([O-])c3ccccc3n2)c1,0.8492369042794812
Nc1cccc(NC(=O)CCCC(=O)NNNc2nccc(-c3ccc4c(c3)OCO4)n2)c1,0.6907758232804596
CN(C)c1ccc(-c2ccnc(NC(=O)CNN[C@H]([O-])C(=O)c3cn(C)c4ccccc34)n2)cn1,0.8660254037844386
CN(CC(=O)Nc1cccc(N)c1)[C@@H](c1nc(N)nc(-c2cccc(N)c2)n1)c1nc([O-])c2ccccc2n1,0.7299665960519948
Cn1cc(C(=O)[C@H](NCC(=O)NNc2ccc3c(c2)OCO3)C(=O)[O-])c2ccccc21,0.8089888089497407
CN(C)c1ccc(C(=O)CN[C@H](C(=O)[O-])C(=O)c2cn(C)c3ccccc23)cn1,0.8207163420174862
C[C@@H](c1nc([O-])c2ccccc2n1)N(C)CC(=O)Nc1ccc(N(C)C)nc1,0.7802016299559847
COc1cccc(NC(=O)CNC(=O)CC(=O)Nc2cccc(OC)c2)c1,0.7324285569987485
CN(C)c1ccc(NC(=O)CN(C)[C@@H](C[NH+]2CCN(c3ccccn3)CC2)c2cccc(N)c2)cn1,0.8225018206365315
O=C(Nc1nc([O-])c2ccccc2n1)N([O-])n1nnc2ccccc2c1=O,0.7839459589773915
C#Cc1cccc(NC(=O)CN(C)CN(C)NC(=O)CN[C@H](C(=O)[O-])C(=O)c2cn(C)c3ccccc23)c1,0.8324157039768604
O=C(N[C@H]1CO[C@H]2[C@@H]1OC[C@@H]2Nc1nc([O-])c2ccccc2n1)N([O-])n1nnc2ccccc2c1=O,0.7930594282796747
O=C(CC(=O)C(=O)N([O-])n1nnc2ccccc2c1=O)NNNc1nccc(-c2ccc3c(c2)OCO3)n1,0.8171458828967925
Cn1cc(C(=O)[C@H](NCC(=O)NNc2nccc(-c3ccc4c(c3)OCO4)n2)C(=O)[O-])c2ccccc21,0.8555261858712448
Cn1cc(C(=O)[C@@H](N)NCC(=O)NNc2nccc(-c3ccc4c(c3)OCO4)n2)c2ccccc21,0.8292732078654217
COc1cccc(NN(C)CC(=O)Nc2cccc(N)c2)c1OC,0.5873839781497762
Nc1cccc(NN[C@H]2CO[C@H]3[C@@H]2OC[C@@H]3NC(=O)N(N)n2nnc3ccccc3c2=O)c1,0.782968163549388
COc1cccc(NC(=O)CN(N)n2nnc3ccccc3c2=O)c1,0.8170893193078407
CN(C)c1ccc(NC(=O)CN(C)[C@@H]([O-])c2nc([O-])c3ccccc3n2)cn1,0.8465430393000765
CN(C(=O)N[C@H]1CO[C@@H]2[C@@H]([C@H]([O-])C(=O)c3cn(C)c4ccccc34)CO[C@@H]21)n1nnc2ccccc2c1=O,0.8034284189446517
CN(C)c1nc(N)nc([C@H](N)c2nc([O-])c3ccccc3n2)n1,0.7641166194509462
COc1cccc(NC(=O)CNC(=O)c2ccc(N(C)C)nc2)c1,0.5504574771019546
O=C(NNNc1nccc(-c2ccc3c(c2)OCO3)n1)NC(=O)N([O-])n1nnc2ccccc2c1=O,0.8136652395970729
CN(C)c1ccc(-c2ccnc(NNNC(=O)CNC(=O)N([O-])n3nnc4ccccc4c3=O)n2)cn1,0.8224351291102072
CN(C)c1ccc(-c2ccnc(N[C@H]3CO[C@H]4[C@@H]3OC[C@@H]4NC(=O)c3cccc(N)c3)n2)cn1,0.8095730932049966
COc1cccc(NC(=O)CNC(=O)CN(C)[C@@H](c2nc(C)nc(C(=O)[O-])n2)c2nc([O-])c3ccccc3n2)c1,0.8326915667169545
CN(C)c1ccc(-c2ccnc(N[C@H]3CO[C@@H]4[C@@H](CCC(=O)Nc5cccc(N)c5)CO[C@@H]43)n2)cn1,0.57582777414015
CN(C)c1ccc(-c2ccnc(N[C@H]3CO[C@H]4[C@@H]3OC[C@@H]4NCCC(=O)Nc3cccc(N)c3)n2)cn1,0.8002983452477488
NN[C@H]1CO[C@H]2[C@@H]1OC[C@@H]2NC(=O)N([O-])n1nnc2ccccc2c1=O,0.7437217884302485
CN(CC(=O)N[O-])CN(C)[C@@H](c1nc(N)nc(N(C)C)n1)c1nc([O-])c2ccccc2n1,0.8145128087039786
COc1cccc(NC(=O)N([O-])n2nnc3ccccc3c2=O)c1,0.7937606898459102
CN(C)c1ccc(C(=O)N[C@H]2CO[C@H]3[C@@H]2OC[C@@H]3Nc2nccc(-c3ccc(N(C)C)nc3)n2)cn1,0.7953036861370045
Cn1cc(C(=O)[C@H](NCC(=O)[O-])C(=O)[O-])c2ccccc21,0.7534483667732512
CN(C)c1ccc(-c2ccnc(NC(=O)CNC(=O)CNN[C@H]([O-])C(=O)c3cn(C)c4ccccc34)n2)cn1,0.8593286181560928
C#Cc1cccc(NC(=O)CN(C)CN(C)N(N)n2nnc3ccccc3c2=O)c1,0.8203519839512226
Cn1cc(C(=O)[C@@H]([O-])NNCC(=O)NC(=O)NNNc2nccc(-c3ccc4c(c3)OCO4)n2)c2ccccc21,0.842910552830789
O=C(NC(=O)N([O-])n1nnc2ccccc2c1=O)N([O-])n1nnc2ccccc2c1=O,0.7585745432377995
CN(CN[C@H]([O-])C(=O)c1cn(C)c2ccccc12)CN(C)CC(=O)Nc1cccc(N)c1,0.8613195534582226
Cn1cc(C(=O)[C@@H]([O-])c2cccc(N)c2)c2ccccc21,0.24690904805141362
CN(CN[C@H](C(=O)[O-])C(=O)c1cn(C)c2ccccc12)CC(=O)Nc1cccc(N)c1,0.8501553857200758
CN(CC(=O)NCC(=O)Nc1cccc(N)c1)[C@@H](c1nc(N)nc(C(=O)[O-])n1)c1nc([O-])c2ccccc2n1,0.826992511709168
Nc1cccc(N[C@H]2CO[C@H]3[C@@H]2OC[C@@H]3NC(=O)N([O-])n2nnc3ccccc3c2=O)c1,0.7868539809690807
CN(CC(=O)Nc1cccc(N)c1)CN(C)NC(=O)CN[C@H](C(=O)[O-])C(=O)c1cn(C)c2ccccc12,0.8465977343763949
CCN(C)[C@@H](c1nc(N)nc(N(C)C)n1)c1nc([O-])c2ccccc2n1,0.7973182537308452
CN(CCC(=O)Nc1cccc(N)c1)[C@@H](N)c1nc([O-])c2ccccc2n1,0.8341122141525267
CN(CC(=O)Nc1cccc(N)c1)NNc1nccc(-c2ccc(N(C)C)nc2)n1,0.8156261719952259
CN(C)c1ccc(-c2ccnc(NNc3nccc(-c4ccc(N(C)C)nc4)n3)n2)cn1,0.4829448717860606
CCN(C)CN[C@H]([O-])C(=O)c1cn(C)c2ccccc12,0.11165597782972597
Cc1ccc(-c2ccnc(NC(=O)CNC(=O)CNN[C@H]([O-])C(=O)c3cn(C)c4ccccc34)n2)cn1,0.8472167494161393
CN(C)c1ccc(-c2ccnc(NC(=O)CNC(=O)CNN[C@H]([O-])C(=O)c3cn(C)c4ccccc34)n2)cn1,0.8593286181560928
CN(C)c1ccc(-c2ccnc(N[C@H]3CO[C@H]4[C@@H]3OC[C@@H]4c3cn(C)c4ccccc34)n2)cn1,0.21771896742055571
CN(CN[C@H]([O-])C(=O)c1cn(C)c2ccccc12)CN(C)N(C)CC(=O)Nc1cccc(N)c1,0.8637336116351475
CN(CC(=O)CN[C@H]([O-])C(=O)c1cn(C)c2ccccc12)CN(C)CC(=O)Nc1cccc(N)c1,0.8540052444156726
Cn1cc(C(=O)[C@@H]([O-])NCC(=O)CC(=O)Nc2cccc(N)c2)c2ccccc21,0.8361138720546835
COc1cccc(N(C)CN(C)CC(=O)Nc2cccc(N)c2)c1,0.24306215543005424
CN(CN[C@H]([O-])CC(=O)Nc1cccc(N)c1)CN(C)N(C)CC(=O)Nc1cccc(N)c1,0.8048006330283946
CN(CN[C@H]([O-])C(=O)c1cn(C)c2ccccc12)CN(C)N(C)C,0.2039348528355579
CN(C)c1ccc(-c2ccnc(NNC(=O)CN[C@H](C(=O)[O-])C(=O)c3cn(C)c4ccccc34)n2)cn1,0.8584611387015584
COc1cccc(NC(=O)CNC(=O)C(=O)NNNc2nccc(-c3ccc4c(c3)OCO4)n2)c1,0.8176768578475793
CN(CC(=O)[O-])CN(C)CC(=O)CN[C@H]([O-])C(=O)c1cn(C)c2ccccc12,0.7974545591044422
CN(CC(=O)NC(=O)[O-])CN(C)[C@@H](c1nc(N)nc(N(C)C)n1)c1nc([O-])c2ccccc2n1,0.8074965409812145
COc1cccc(NC(=O)CNC(=O)CC(=O)Nc2cccc(OC)c2)c1,0.7324285569987485
CN(CC(=O)Nc1cccc(N)c1)CN(C)CN(C)CN(C)N(C)CC(=O)Nc1cccc(N)c1,0.8087671074192101
CN(C)c1nc(N)nc([C@@H](c2nc([O-])c3ccccc3n2)N(C)Cc2nc([O-])c3ccccc3n2)n1,0.806024344264522
CN(CCN[C@H](C(=O)[O-])C(=O)c1cn(C)c2ccccc12)CN[C@H]([O-])C(=O)c1cn(C)c2ccccc12,0.8251450015049493
CN(CN[C@H]([O-])C(=O)c1cn(C)c2ccccc12)CN(C)[C@H]([O-])C(=O)c1cn(C)c2ccccc12,0.8335516383402117
CN(CNC(=O)N([O-])n1nnc2ccccc2c1=O)CN(C)N(C)CC(=O)Nc1cccc(N)c1,0.8335516383402117
CN(C)c1nc(N)nc([C@@H](c2nc([O-])c3ccccc3n2)N(C)CC(=O)Nc2cccc(N)c2)n1,0.8575415736533811
O=C(N[C@H]1CO[C@H]2[C@@H]1OC[C@@H]2N[O-])N([O-])n1nnc2ccccc2c1=O,0.7437217884302485
CN(CC(=O)Nc1cccc(N)c1)CN(C)[C@H]1CO[C@H]2[C@@H]1OC[C@@H]2Nc1nccc(-c2ccc(N(C)C)nc2)n1,0.8347068665767352
CN(C)c1ccc(-c2ccnc(NNNC(=O)CC(=O)[O-])n2)cn1,0.7664816016700137
COc1cccc(NNC(=O)CN(C)CN(C)CC(=O)CN[C@H]([O-])C(=O)c2cn(C)c3ccccc23)c1OC,0.842976999605404
CN(CC(=O)Nc1cccc(N)c1)c1ccc2c(c1)OCO2,0.3618199695543086
Cn1cc(C(=O)[C@@H]([O-])CC(=O)CN[C@H]([O-])C(=O)c2cn(C)c3ccccc23)c2ccccc21,0.8142880224789864
Cn1cc(C(=O)[C@@H]([O-])N[C@H]2CO[C@H]3[C@@H]2OC[C@@H]3NC(=O)N(N)n2nnc3ccccc3c2=O)c2ccccc21,0.8046730832782798
CN([O-])CN(C)[C@@H](c1nc(N)nc(N(C)C)n1)c1nc([O-])c2ccccc2n1,0.7899959149076943
CN(C)c1ccc(-c2ccnc(Nc3nc([O-])c4ccccc4n3)n2)cn1,0.6795457542547233
COc1cccc(NC(=O)CNC(=O)c2ccc(N(C)C)nc2)c1,0.5504574771019546
C#Cc1cccc(NC(=O)CN(C)CN(C)N(C)CN[C@H]([O-])C(=O)c2cn(C)c3ccccc23)c1,0.8313564453987461
CN(CN[C@H]([O-])C(=O)c1cn(C)c2ccccc12)CN(C)CN(C)CN[C@H]([O-])C(=O)c1cn(C)c2ccccc12,0.8145640310926042
CN(CN[C@H]([O-])C(=O)c1cn(C)c2ccccc12)CC(=O)Nc1cccc(N)c1,0.858276225144532
COc1cccc(N(C)CN[C@H]([O-])C(=O)c2cn(C)c3ccccc23)c1,0.24905509346358565
Cn1cc(C(=O)[C@@H]([O-])NCC(=O)Nc2cccc(N)c2)c2ccccc21,0.8375660669958473
CN(C)c1nc(C(=O)[O-])nc([C@@H](c2nc([O-])c3ccccc3n2)N(C)CC(=O)Nc2cccc(N)c2)n1,0.8451542547285166
CN(CN[C@H]([O-])CC(=O)Nc1cccc(N)c1)CN(C)N(C)CC(=O)Nc1cccc(N)c1,0.8048006330283946
C#Cc1cccc(NC(=O)CN(C)CN(C)C(=O)NCC(=O)Nc2cccc(OC)c2)c1,0.7426668534870551
Nn1cc(C(=O)[C@H](NCC(=O)NNc2nccc(-c3ccc4c(c3)OCO4)n2)C(=O)[O-])c2ccccc21,0.8310432084532988
CN(C)c1nc(N)nc([C@@H](c2nc([O-])c3ccccc3n2)N(C)C[C@H]([O-])C(=O)c2cn(C)c3ccccc23)n1,0.8464107855443345
COc1cccc(CC(=O)Nc2nccc(-c3ccc(N(C)C)nc3)n2)c1,0.348121187542912
CN(CN[C@H](N)C(=O)c1cn(C)c2ccccc12)CN(C)CC(=O)Nc1cccc(N)c1,0.8501696974251106
C#Cc1cccc(NC(=O)CN(C)CN(C)[C@H]([O-])C(=O)c2cn(C)c3ccccc23)c1,0.5197644200014987
Cn1cc(C(=O)[C@H](NCCN[C@H]([O-])C(=O)c2cn(C)c3ccccc23)C(=O)[O-])c2ccccc21,0.8047730737223691
COc1cccc(NC(=O)CNC(=O)c2nccc(-c3ccc(N(C)C)nc3)n2)c1,0.7550809380277873
Cn1cc(C(=O)[C@@H]([O-])NCc2ccc3c(c2)OCO3)c2ccccc21,0.3711233277090044
Cn1cc(C(=O)[C@@H]([O-])NC(=O)NNNc2nccc(-c3ccc4c(c3)OCO4)n2)c2ccccc21,0.8476195334780846
CN(C)c1ccc(CC(=O)Nc2cccc(N)c2)cn1,0.25558133407060096
CN(CC(=O)Nc1cccc(N)c1)CN(C)[C@@H](c1nc(N)nc(N(C)C)n1)c1nc([O-])c2ccccc2n1,0.8603680667002962
CN(C)c1ccc(-c2ccnc(-c3nc([O-])c4ccccc4n3)n2)cn1,0.6049602078532983
CN(C)c1ccc(-c2ccnc(NC(=O)CC(=O)CN[C@H]([O-])C(=O)c3cn(C)c4ccccc34)n2)cn1,0.8705069879308781
CN(C)c1nc(N)nc([C@@H](N(C)C)N(C)CC(=O)Nc2cccc(N)c2)n1,0.8199098987306362
Cn1cc(C(=O)[C@H](NCC(=O)NC(=O)NNc2nccc(-c3ccc4c(c3)OCO4)n2)C(=O)[O-])c2ccccc21,0.8489699465566771
O=C([O-])C(=O)NNc1nccc(-c2ccc3c(c2)OCO3)n1,0.7518553982579921
CN(C)c1ccc(CC(=O)Nc2cccc(N)c2)cn1,0.25558133407060096
C#Cc1cccc(NC(=O)CN(C)CN(C)NCC(=O)Nc2nccc(-c3ccc(N(C)C)nc3)n2)c1,0.8236830486031602
Cn1cc(C(=O)[C@@H]([O-])NCC(=O)Nc2cccc(N)c2)c2ccccc21,0.8375660669958473
Cn1cc(C(=O)[C@@H]([O-])NCC(=O)NNc2nccc(-c3ccc4c(c3)OCO4)n2)c2ccccc21,0.862959779031426
CN(C)c1ccc(-c2ccnc(NNCC(=O)CN[C@H]([O-])C(=O)c3cn(C)c4ccccc34)n2)cn1,0.8565146637599336
Cn1cc(C(=O)[C@@H]([O-])NCC(=O)Cc2nc([O-])c3ccccc3n2)c2ccccc21,0.8188725334154731
CN(CN[C@H]([O-])C(=O)N[C@H]([O-])C(=O)c1cn(C)c2ccccc12)CC(=O)Nc1cccc(N)c1,0.8483059101108069
CN(C)c1nc(N)nc(CN(C)[C@@H](c2nc(N)nc(N(C)C)n2)c2nc([O-])c3ccccc3n2)n1,0.7859081409937457
Cn1cc(C(=O)[C@@H]([O-])CC(=O)NNc2nccc(-c3ccc4c(c3)OCO4)n2)c2ccccc21,0.7948107471531812
Cn1cc(C(=O)[C@H](NCNC(=O)CNN[C@H]([O-])C(=O)c2cn(C)c3ccccc23)C(=O)[O-])c2ccccc21,0.8059749751806371
CN(C)c1ccc(-c2ccnc(NNNC(=O)CN[C@H]([O-])C(=O)c3cn(C)c4ccccc34)n2)cn1,0.8614471355673722
Cn1cc(C(=O)[C@@H]([O-])NCC(=O)CCC(=O)NNc2nccc(-c3ccc4c(c3)OCO4)n2)c2ccccc21,0.8505381506347023
Cn1cc(C(=O)[C@@H]([O-])NNCC(=O)NCC(=O)Nc2nccc(N)n2)c2ccccc21,0.815953155281683
CN(C)c1ccc(-c2ccnc(NC(=O)CCN[C@H](C(=O)[O-])C(=O)c3cn(C)c4ccccc34)n2)cn1,0.8681766653584931
Cn1cc(C(=O)C(=O)NNc2nccc(-c3ccc4c(c3)OCO4)n2)c2ccccc21,0.6052580266126054
CN(C)c1ccc(Nc2nccc(-c3ccc4c(c3)OCO4)n2)cn1,0.19241501053988133
CN(CC(=O)Nc1cccc(N)c1)CN(C)C(=O)NNc1nccc(-c2ccc3c(c2)OCO3)n1,0.7632196718517898
CN(CN[C@H]([O-])C(=O)c1cn(C)c2ccccc12)NNC(=O)CN[C@H](C(=O)[O-])C(=O)c1cn(C)c2ccccc12,0.8096329601160915
Cn1cc(C(=O)[C@@H]([O-])NCC(=O)CNNc2nccc([O-])n2)c2ccccc21,0.8048905331247117
CN(C)c1nc(N)nc([C@@H](c2nc([O-])c3ccccc3n2)N(C)CN)n1,0.7849464421364972
CN(CC(=O)Nc1cccc(N)c1)NCC(=O)NNNc1nccc(-c2ccc(N(C)C)nc2)n1,0.8408964152537145
Cc1nc(N)nc([C@@H](c2nc([O-])c3ccccc3n2)N(C)CC(=O)Nc2cccc(N)c2)n1,0.8393546813462591
CN(C)c1ccc(-c2ccnc(NC(=O)C(=O)NNc3nccc(-c4ccc5c(c4)OCO5)n3)n2)cn1,0.7408814752375829
CN(CN[C@H]([O-])CN(C)N(C)CC(=O)Nc1cccc(N)c1)CN(C)N(C)CC(=O)Nc1cccc(N)c1,0.7878204359912353
CN(CC(=O)CN[C@H]([O-])C(=O)c1cn(C)c2ccccc12)CC(=O)Nc1cccc(N)c1,0.8560538001743465
CN(CN[C@H]([O-])C(=O)c1cn(C)c2ccccc12)CN(C)N[C@H]([O-])C(=O)c1cn(C)c2ccccc12,0.829295065344885
COc1cccc(NC(=O)CN[C@H](N)C(=O)c2cn(C)c3ccccc23)c1OC,0.7821092655402895
Cn1cc(C(=O)[C@@H]([O-])NNCC(=O)NCC(=O)NNc2cccc(N)c2)c2ccccc21,0.800662703487575
O=C(CN[C@H]([O-])Nc1nccc(-c2ccc3c(c2)OCO3)n1)NNc1nccc(-c2ccc3c(c2)OCO3)n1,0.8046503668386135
CN(CN[C@H]([O-])C(=O)c1cn(C)c2ccccc12)CN(C)Nc1cccc(N)c1,0.824808074506031
CN(C)c1ccc(-c2ccnc(NC(=O)CC(=O)CN[C@H](C(=O)[O-])C(=O)c3cn(C)c4ccccc34)n2)cn1,0.8655340416554359
CN(C)c1ccc(-c2ccnc(NC(=O)NC(=O)CNN[C@H]([O-])C(=O)c3cn(C)c4ccccc34)n2)cn1,0.8589011081395328
CN(CC(=O)Nc1cccc(N)c1)CN(C)[C@@H](c1nc(N)nc(N(C)C)n1)c1nc([O-])c2ccccc2n1,0.8603680667002962
CN(CN)CN(C)[C@@H](c1nc(N)nc(N(C)C)n1)c1nc([O-])c2ccccc2n1,0.7916963878457502
Cn1cc(C(=O)CN[C@H](C(=O)[O-])C(=O)c2cn(C)c3ccccc23)c2ccccc21,0.7750209820775671
CN(C)c1ccc(-c2ccnc(NC(=O)NC(=O)CNNc3cn(C)c4ccccc34)n2)cn1,0.6854887781394128
CN(CN[C@H]([O-])N(C)CC(=O)Nc1cccc(N)c1)CN(C)N(C)CC(=O)Nc1cccc(N)c1,0.8087671074192101
CN(C)c1ccc(NC(=O)CNN[C@H]([O-])C(=O)c2cn(C)c3ccccc23)cn1,0.8416915900572448
COc1cccc(CC(=O)Nc2cccc(OC)c2)c1,0.016530683647116354
COc1cccc(NC(=O)CN[C@H]([O-])C(=O)c2cn(C)c3ccccc23)c1OC,0.8545479507444786
CN(CN[C@H]([O-])C(=O)c1cn(C)c2ccccc12)CC(=O)Nc1cccc(N)c1,0.858276225144532
CN(C)c1nc(N)nc([C@@H](c2nc([O-])c3ccccc3n2)N(C)[O-])n1,0.7701759630121805
COc1cccc(NC(=O)CNC(=O)CNN[C@H]([O-])C(=O)c2cn(C)c3ccccc23)c1,0.8332857102035374
CN(CC(=O)CN[C@H]([O-])C(=O)c1cn(C)c2ccccc12)Nc1cccc(N)c1,0.8135002126664493
Cn1cc(C(=O)C(=O)CCN[C@H](C(=O)[O-])C(=O)c2cn(C)c3ccccc23)c2ccccc21,0.79262816216032
COc1cccc(NC(=O)CCC(=O)CN[C@H]([O-])C(=O)c2cn(C)c3ccccc23)c1,0.8070448757859247
CN(CC(=O)Nc1cccc(N)c1)CN(C)Nc1nccc(-c2ccc3c(c2)OCO3)n1,0.7108002201004665
CN(CC(=O)Nc1cccc(N)c1)CN(C)C(=O)CC(=O)NNNc1nccc(-c2ccc3c(c2)OCO3)n1,0.8484021171903361
CN(CC(=O)Nc1cccc(N)c1)C[C@@H]([O-])NCC(=O)NNNc1nccc(-c2ccc(N(C)C)nc2)n1,0.85407736410085
CN(CC(=O)NNNc1nccc(-c2ccc3c(c2)OCO3)n1)CC(=O)Nc1cccc(N)c1,0.8474351949728082
CN(C)c1ccc(-c2ccnc(NC(=O)NC(=O)CNNCC(=O)Nc3cccc(N)c3)n2)cn1,0.8358108473572902
CN(C)c1ccc(-c2ccnc(NC(=O)CNc3nc([O-])c4ccccc4n3)n2)cn1,0.8090698260065895
CN(CC(=O)Nc1cccc(N)c1)CN([C@@H](c1nc(N)nc(N(C)C)n1)c1nc([O-])c2ccccc2n1)N(C)C,0.8531556278000157
CN(C)c1ccc(-c2ccnc(NNCC(=O)Nc3nccc(-c4ccc(N(C)C)nc4)n3)n2)cn1,0.6959579293882607
CN(C)c1ccc(-c2ccnc(NC(=O)c3nc(N)nc(N(C)C)n3)n2)cn1,0.7885712095343731
CN(CC(=O)CN[C@H]([O-])C(=O)c1cn(C)c2ccccc12)CC(=O)Nc1nccc(-c2ccc3c(c2)OCO3)n1,0.8860789377280788
Nc1cccc(NC(=O)Cc2ccc3c(c2)OCO3)c1,0.27635329571773043
CN(C)c1ccc(-c2ccnc(NNNC(=O)CNCC(=O)Nc3cccc(N)c3)n2)cn1,0.8379197440682548
CN(CCN(C)N(C)CC(=O)Nc1cccc(N)c1)CC(=O)Nc1cccc(N)c1,0.8198738129012193
CN(CC(=O)CN[C@H]([O-])C(=O)c1cn(C)c2ccccc12)CC(=O)Nc1nccc(-c2ccc(N(C)C)nc2)n1,0.8845045877949058
C[C@H](c1nc(N)nc(N(C)C)n1)N(C)CC(=O)Nc1cccc(N)c1,0.8157924871326564
Cn1cc(C(=O)[C@@H]([O-])NNc2cccc(N)c2)c2ccccc21,0.7664880871074131
Cn1cc(C(=O)C(=O)CCN[C@H](C(=O)[O-])C(=O)c2cn(C)c3ccccc23)c2ccccc21,0.79262816216032
CN(CC(=O)NC(=O)CNN[C@H]([O-])C(=O)c1cn(C)c2ccccc12)CC(=O)Nc1cccc(N)c1,0.8444977670893171
COc1cccc(NC(=O)CNC(=O)[C@H](c2nc(N)nc(N(C)C)n2)N(C)CC(=O)Nc2cccc(N)c2)c1,0.8478179571277438
COc1cccc(N(C)CC(=O)Nc2cccc(N)c2)c1,0.1805632231515809
COc1cccc(NC(=O)CNCC(=O)NNNc2nccc(-c3ccc(N(C)C)nc3)n2)c1,0.8438213165069262
CN(C)c1ccc(-c2ccnc(NC(=O)CNC(=O)CNN[C@H]([O-])C(=O)c3cn(C)c4ccccc34)n2)cn1,0.8593286181560928
CN(CC(=O)Nc1cccc(N)c1)CC(=O)c1cn(C)c2ccccc12,0.3990824864011964
CN(C)c1ccc(-c2ccnc(NC(=O)c3ccc4c(c3)OCO4)n2)cn1,0.5237643734928613
COc1cccc(NC(=O)CN(C)CN(C)CN[C@H]([O-])C(=O)c2cn(C)c3ccccc23)c1,0.8716345672639446
COc1cccc(NC(=O)CNCC(=O)NNNc2nccc(-c3ccc(N(C)C)nc3)n2)c1,0.8438213165069262
CN(C)c1ccc(C(=O)[C@@H]([O-])NCC(=O)CC(=O)Nc2nccc(-c3ccc(N(C)C)nc3)n2)cn1,0.8086627571031982
COc1cccc(NC(=O)CN(C)CN(C)CN[C@H]([O-])C(=O)c2cn(C)c3ccccc23)c1,0.8716345672639446
Cn1cc(C(=O)[C@@H]([O-])NNCC(=O)NCC(=O)NNc2nccc(-c3ccc4c(c3)OCO4)n2)c2ccccc21,0.8475973148300433
CCC(=O)CNNc1nccc(-c2ccc(N(C)C)nc2)n1,0.518899531660337
COc1cccc(NC(=O)CN(C)CC(=O)c2cn(C)c3ccccc23)c1,0.10373382762800357
COc1cccc(NNc2nccc(-c3ccc(N(C)C)nc3)n2)c1,0.2233136528616711
COc1cccc(NC(=O)CCN(C)N(C)CC(=O)Nc2cccc(N)c2)c1,0.7125573402001749
CN(C)c1ccc([C@H](c2nc(N)nc(N(C)C)n2)N(C)CC(=O)Nc2cccc(N)c2)cn1,0.8319341626139088
CN(CC(=O)CCN[C@H](C(=O)[O-])C(=O)c1cn(C)c2ccccc12)CN(C)N(C)CC(=O)Nc1cccc(N)c1,0.8450152147871949
CN(CN[C@H]([O-])C(=O)c1cn(C)c2ccccc12)CC(=O)CNNc1nccc(-c2ccc(N(C)C)nc2)n1,0.873507257158572
COc1cccc(Nc2nccc(-c3ccc(N(C)C)nc3)n2)c1,0.07952980842875096
Cn1cc(C(=O)[C@@H]([O-])NNCC(=O)NCC(=O)Nc2nccc(-c3ccc([O-])nc3)n2)c2ccccc21,0.8423037781944249
CN(C)CC(=O)NNc1nccc(-c2ccc3c(c2)OCO3)n1,0.6911473021993969
COc1cccc(NCC(=O)Nc2cccc(OC)c2)c1,0.0715934267939274
CN(C)c1ccc(-c2ccnc(Nc3nc(N)nc(N(C)C)n3)n2)cn1,0.7864480213613518
CN(CN[C@H]([O-])C(=O)c1cn(C)c2ccccc12)CN(C)CC(=O)Nc1cccc(O[O-])c1,0.8513629178795856
Cn1cc(C(=O)[C@@H]([O-])Nc2nccc(-c3ccc4c(c3)OCO4)n2)c2ccccc21,0.7021705210319863
Cn1cc(C(=O)[C@@H]([O-])NCC(=O)N[O-])c2ccccc21,0.7777264164917724
CN(CN[C@H]([O-])C(=O)c1cn(C)c2ccccc12)CC(=O)CCC(=O)Nc1cccc(N)c1,0.8555685896797175
CN(C)c1ccc(-c2ccnc(NNCC(=O)c3cn(C)c4ccccc34)n2)cn1,0.45559568726108884
CN(CC(=O)Nc1cccc(N)c1)[C@@H](CC(=O)Nc1cccc(N)c1)c1nc([O-])c2ccccc2n1,0.625770695128115
CN(CC(=O)Nc1cccc(N)c1)NNCC(=O)NC(=O)Nc1nccc(-c2ccc(N(C)C)nc2)n1,0.8387720283929812
CN(C)c1ccc(-c2ccnc(NNNC(=O)CNc3nc([O-])c4ccccc4n3)n2)cn1,0.8416356655633941
CN(CN[C@H]([O-])C(=O)c1cn(C)c2ccccc12)CC(=O)Nc1cccc(N)c1,0.858276225144532
CN(C)CN(C)CN[C@H]([O-])C(=O)c1cn(C)c2ccccc12,0.15167794860727685
CN(C)c1ccc(-c2ccnc(NC(=O)CNC(=O)CN[C@H]([O-])C(=O)c3cn(C)c4ccccc34)n2)cn1,0.8685033272567905
CN(CNc1nccc(-c2ccc(N(C)C)nc2)n1)CN[C@H]([O-])C(=O)c1cn(C)c2ccccc12,0.86185560690813
COc1cccc(NN(C)CN(C)CC(=O)Nc2cccc(N)c2)c1,0.49945017409413317
CN(C)c1ccc(-c2ccnc(NNNNC(=O)CN[C@H](C(=O)[O-])C(=O)c3cn(C)c4ccccc34)n2)cn1,0.8498032815295419
CN(CN[C@H]([O-])C(=O)c1cn(C)c2ccccc12)Cc1nc(N)nc(N(C)C)n1,0.8320647754812045
CN(C)c1ccc(-c2ccnc(NCC(=O)Nc3nccc(-c4ccc(N(C)C)nc4)n3)n2)cn1,0.6086273898015403
CN(C)c1ccc(-c2ccnc(NC(=O)CCN[C@H](C(=O)[O-])C(=O)c3cn(C)c4ccccc34)n2)cn1,0.8681766653584931
COc1cccc(C(=O)CCN[C@H](C(=O)[O-])C(=O)c2cn(C)c3ccccc23)c1,0.8067055313280533
CN(CN[C@H]([O-])C(=O)c1cn(C)c2ccccc12)CN(C)CC(=O)C(=O)c1cn(C)c2ccccc12,0.8210292826137874
CN(CN[C@H]([O-])C(=O)c1cn(C)c2ccccc12)CC(=O)c1nccc(-c2ccc(N(C)C)nc2)n1,0.8708923889511403
COc1cccc(NC(=O)CN([O-])CN(C)CN[C@H]([O-])C(=O)c2cn(C)c3ccccc23)c1,0.8617486044273618
CN(CC(=O)Nc1cccc(N)c1)CN(C)[C@@H]([O-])NCC(=O)NNc1nccc(-c2ccc3c(c2)OCO3)n1,0.8484021171903361
COc1cccc(NC(=O)CN(C)CC(=O)Nc2nccc(-c3ccc(N(C)C)nc3)n2)c1,0.7436641067457684
CN(C[C@H](C(=O)[O-])C(=O)c1cn(C)c2ccccc12)CN(C)N(C)CC(=O)Nc1cccc(N)c1,0.8656765515872682
CN(C)c1ccc(-c2ccnc(NNNCCC(=O)Nc3nccc(-c4ccc(N(C)C)nc4)n3)n2)cn1,0.7127289259672243
COc1cccc(NC(=O)CN(C)C[C@@H]([O-])NCN(C)CN(C)N(C)CC(=O)Nc2cccc(N)c2)c1,0.8163286638842095
CN([O-])c1ccc(-c2ccnc(NC(=O)CNC(=O)CNN[C@H]([O-])C(=O)c3cn(C)c4ccccc34)n2)cn1,0.8450152147871949
CN(CC(=O)Nc1cccc(N)c1)CN(C)c1ccc(N(C)C)nc1,0.42162544980255384
CN(CNN(C)C)CC(=O)c1nccc(-c2ccc(N(C)C)nc2)n1,0.42563512200058967
CN(CN[C@H]([O-])C(=O)c1cn(C)c2ccccc12)C(=O)NC(=O)CNN[C@H]([O-])C(=O)c1cn(C)c2ccccc12,0.8046730832782798
COc1cccc(NC(=O)CN([O-])CN(C)CN[C@H]([O-])C(=O)c2cn(C)c3ccccc23)c1,0.8617486044273618
COc1ccc(-c2ccnc(NC(=O)CCN[C@H](C(=O)[O-])C(=O)c3cn(C)c4ccccc34)n2)cn1,0.8614471355673722
CN(C)c1ccc(-c2ccnc(NC(=O)NC(=O)CNN[C@H](C(=O)[O-])C(=O)c3cn(C)c4ccccc34)n2)cn1,0.851748936078004
COc1cccc(NC(=O)CN(C)CN(C)N(C)CN(C)C[C@H](C(=O)[O-])C(=O)c2cn(C)c3ccccc23)c1,0.8492369042794812
CN(C)c1ccc(-c2ccnc(NC(=O)CC(=O)CN[C@H]([O-])C(=O)c3cn(C)c4ccccc34)n2)cn1,0.8705069879308781
CN(C)c1ccc(-c2ccnc(NNNC(=O)CN[O-])n2)cn1,0.7693685891221481
CN(CC(=O)Nc1nccc(-c2ccc(N(C)C)nc2)n1)C[C@H](C(=O)[O-])C(=O)c1cn(C)c2ccccc12,0.8792483549347864
CN(CC(=O)Nc1cccc(N)c1)CN([C@@H](c1nc(N)nc(N(C)C)n1)c1nc([O-])c2ccccc2n1)N(C)C,0.8531556278000157
CN(C)c1ccc(-c2ccnc(NNNC(=O)CN[C@H](C(=O)[O-])C(=O)c3cn(C)c4ccccc34)n2)cn1,0.85407736410085
CN(C)c1ccc(-c2ccnc(NNNC(=O)CN[C@H]([O-])C(=O)c3cn(C)c4ccccc34)n2)cn1,0.8614471355673722
COc1cccc(NNCC(=O)CN(C)CC(=O)Nc2nccc(-c3ccc4c(c3)OCO4)n2)c1,0.750918893367345
Cn1cc(C(=O)[C@H](NCC(=O)CC(=O)Nc2nccc([O-])n2)C(=O)[O-])c2ccccc21,0.8174063278327743
COC(=O)[C@@H]([O-])NCC(=O)NNNc1nccc(-c2ccc(N(C)C)nc2)n1,0.776459287854967
CN(CC(=O)Nc1cccc(N)c1)N(C)N[C@H]([O-])C(=O)c1cn(C)c2ccccc12,0.8495221224235612
CN(C[O-])CN(C)N(C)CC(=O)Nc1cccc(N)c1,0.6489808051595752
CN(CN[C@H]([O-])C(=O)c1cn(C)c2ccccc12)C(=O)Nc1nccc(-c2ccc(N(C)C)nc2)n1,0.828939148576003
CN(CC(=O)Nc1cccc(N)c1)CN(C)NCC(=O)NCC(=O)Nc1nccc(-c2ccc(N(C)C)nc2)n1,0.851748936078004
CN(CCC(=O)Nc1nccc(-c2ccc(N(C)C)nc2)n1)CNc1nccc(-c2ccc(N(C)C)nc2)n1,0.5524367091176924
Cc1ccnc(NC(=O)CC(=O)CN[C@H](C(=O)[O-])C(=O)c2cn(C)c3ccccc23)n1,0.8229365417659901
CN(CNc1nccc(-c2ccc(N(C)C)nc2)n1)C[C@H](C(=O)[O-])C(=O)c1cn(C)c2ccccc12,0.8469645077371202
CN(C)c1ccc(-c2ccnc(NNNC(=O)CN[C@H]([O-])c3ccc(N(C)C)nc3)n2)cn1,0.7966017304590496
CN(CCC(=O)Nc1nccc(-c2ccc(N(C)C)nc2)n1)CN[C@H]([O-])C(=O)c1cn(C)c2ccccc12,0.8676796495232437
CN(C)N(C)c1ccc(-c2ccnc(NC(=O)CNN[C@H]([O-])C(=O)c3cn(C)c4ccccc34)n2)cn1,0.8584611387015584
CON(C)c1nc(N)nc([C@@H](c2nc([O-])c3ccccc3n2)N(C)CN(C)CC(=O)Nc2cccc(N)c2)n1,0.8512160931922469
COc1cccc(NC(=O)CN([O-])CN(C)CN[C@H]([O-])NC(=O)CN[C@H]([O-])C(=O)c2cn(C)c3ccccc23)c1,0.8388412559018633
CN(CN[C@H]([O-])Nc1nccc(-c2ccc(N(C)C)nc2)n1)CN(C)N(C)CC(=O)Nc1cccc(N)c1,0.8748068893315557
CN(CN[C@H]([O-])[C@H]([O-])C(=O)c1cn(C)c2ccccc12)CN(C)N(C)CC(=O)Nc1cccc(N)c1,0.8560278138709038
CN(CN[C@H]([O-])CC(=O)c1nccc(-c2ccc(N(C)C)nc2)n1)CN(C)N(C)CC(=O)Nc1cccc(N)c1,0.8531556278000157
COc1cccc(NC(=O)CN(C)CCC(=O)Nc2nccc(-c3ccc(N(C)C)nc3)n2)c1,0.6542229566715055
CN(C)c1ccc(-c2ccnc(NC(=O)CNC(=O)CNN[C@H]([O-])C(=O)c3cn(C)c4ccccc34)n2)cn1,0.8593286181560928
CN(CC(=O)CN[C@H]([O-])C(=O)c1cn(C)c2ccccc12)CC(=O)Nc1nccc(-c2ccc(N(C)C)nc2)n1,0.8845045877949058
CN(C)c1ccc(-c2ccnc(NNNC(=O)CN[C@H]([O-])C(=O)c3cn(C)c4ccccc34)n2)cn1,0.8614471355673722
CN(CC(=O)CNc1cn(C)c2ccccc12)CC(=O)Nc1nccc(-c2ccc3c(c2)OCO3)n1,0.5671213904762894
Cn1cc(CC(=O)NNc2nccc(-c3ccc4c(c3)OCO4)n2)c2ccccc21,0.45650713135472093
CN(CN[C@H]([O-])C(=O)c1cn(C)c2ccccc12)CC(=O)CCNNc1nccc(-c2ccc(N(C)C)nc2)n1,0.869032489348047
COc1ccc(-c2ccnc(N[C@@H]([O-])NCN(C)CN(C)N(C)CC(=O)Nc3cccc(N)c3)n2)cn1,0.8730545922104158
CN(C)c1ccc(-c2ccnc(NC(=O)CCN(C)N(C)CC(=O)Nc3cccc(N)c3)n2)cn1,0.7646585403637226
Nc1cccc(NC(=O)CNc2nccc(-c3ccc4c(c3)OCO4)n2)c1,0.6449682855447897
COc1cccc(NC(=O)CN(C)C[C@@H]([O-])NCN(C)CN(C)N(C)CC(=O)Nc2cccc(N)c2)c1,0.8163286638842095
CN(CN[C@H]([O-])C(=O)c1cn(C)c2ccccc12)CN(C)CC(=O)[C@H](C(=O)[O-])C(=O)c1cn(C)c2ccccc12,0.8207696785793936
CN(CN[C@H]([O-])C(=O)c1cn(C)c2ccccc12)CN(C)CC(=O)[O-],0.7908709864931007
CN(CNN(C)N(C)CC(=O)Nc1cccc(N)c1)CC(=O)c1nccc(-c2ccc(N(C)C)nc2)n1,0.8661859935325681
CN(C[C@H](C(=O)[O-])C(=O)c1cn(C)c2ccccc12)C(=O)CCN[C@H](C(=O)[O-])C(=O)c1cn(C)c2ccccc12,0.7958836546391334
CN(C)c1ccc(-c2ccnc(NNC[C@H]([O-])C(=O)c3cn(C)c4ccccc34)n2)cn1,0.8172917754133774
CN(C)c1ccc(-c2ccnc(NC(=O)C(=O)CCN[C@H](C(=O)[O-])C(=O)c3cn(C)c4ccccc34)n2)cn1,0.8655340416554359
CONC(=O)CN(C)N(C)NCN(C)CC(=O)c1nccc(-c2ccc(N(C)C)nc2)n1,0.8034284189446517
CN(CN[C@H]([O-])C(=O)c1cn(C)c2ccccc12)CN(C)CC(=O)[O-],0.7908709864931007
COc1ccc(-c2ccnc(N[C@@H]([O-])NCN(C)CN(C)CC(=O)Nc3cccc(N)c3)n2)cn1,0.875963622278953
CN(CNc1cccc(N)c1)N(C)CC(=O)Nc1cccc(N)c1,0.7529996662877759
COc1cccc(NC(=O)CN(C)CCC(=O)CN(C)CN[C@H]([O-])C(=O)c2cn(C)c3ccccc23)c1,0.8545881717827977
CN(CN[C@@H](N)[O-])CN(C)N(C)CC(=O)Nc1cccc(N)c1,0.7738031738361301
CN(CN[C@H]([O-])C(=O)c1cn(C)c2ccccc12)CN([O-])C(=O)c1cn(C)c2ccccc12,0.7969553696354389
CN(CN(C)N(C)CC(=O)Nc1cccc(N)c1)C(=O)c1cn(C)c2ccccc12,0.5775192123062973
CN(CN(C)N(C)CC(=O)Nc1cccc(N)c1)N[C@H]([O-])C(=O)c1cn(C)c2ccccc12,0.8476692823377884
CN(CN[C@H]([O-])C(=O)c1cn(C)c2ccccc12)c1cccc(N)c1,0.6454025427233342
CN(C[C@H](C(=O)[O-])C(=O)c1cn(C)c2ccccc12)CN(C)N(C)CC(=O)Nc1cccc(N)c1,0.8656765515872682
CN(CCC(=O)Nc1nccc(-c2ccc(N(C)C)nc2)n1)CNc1nccc(-c2ccc(N(C)C)nc2)n1,0.5524367091176924
CN(C)c1ccc(-c2ccnc(C(=O)C(=O)CCN[C@H](C(=O)[O-])C(=O)c3cn(C)c4ccccc34)n2)cn1,0.8555261858712448
COCC(=O)CN(C)CC(=O)Nc1nccc(-c2ccc3c(c2)OCO3)n1,0.8195489578173274
COc1cccc(NC(=O)CCN[C@H](C(=O)[O-])C(=O)c2cn(C)c3ccccc23)c1,0.8412673015400101
CN(CN[C@H]([O-])C(=O)c1cn(C)c2ccccc12)N(C)C[C@H](C(=O)[O-])C(=O)c1cn(C)c2ccccc12,0.82143639079139
CN(CNc1cccc(N)c1)CN[C@H]([O-])C(=O)c1cn(C)c2ccccc12,0.8093612318752909
CN(CN[C@H]([O-])C(=O)c1cn(C)c2ccccc12)CC(=O)CN(C)CN(C)CC(=O)Nc1cccc(N)c1,0.8423037781944249
CNN(C)CN(C)NCN(C)CC(=O)CCNNc1nccc(-c2ccc(N(C)C)nc2)n1,0.7812434601827842
COc1cccc(NN(C)N2CC(=O)Nc3cccc(c3)C(=O)C2)c1,0.29827975254716343
CNC(C(=O)c1ccc(-c2ccnc(NC(=O)CN)n2)cn1)C(=O)c1cn(C)c2ccccc12,0.8250396933438524
CN(CC(=O)CNCN(C)CC1CN1)CC(=O)Nc1nccc(-c2ccc3c(c2)OCO3)n1,0.8061290567505587
CN(CCCNC(C(=O)[O-])C(=O)c1cn(C)c2ccccc12)CN(C)N(C)CC(=O)Nc1ccccc1,0.8451542547285166
CN(C)c1ccc(-c2ccnc(N(C)c3ccc(-c4ccnc(NC=O)n4)cn3)n2)cn1,0.5376036693662289
COc1cccc(ON(C)CNC(O)C(=O)c2cn(Nc3cccc(N)c3)c3ccccc23)c1,0.46982605958579177
CNCC(=O)CC(=O)C(NCC([NH-])=O)C(=O)c1cn(C)c2ccccc12,0.7737647268544778
CN(CC(C=O)[C@H]1CC(c2cn(C)c3ccccc23)CCO1)CN(C)N(C)CC(=O)Nc1cccc(N)c1,0.46872262781529966
COc1ccc(-c2ccnc(NCNC([O-])NCN(C)CN(C)N(C)CC(=O)Nc3cccc(N)c3)n2)cn1,0.8687941145811398
CNC(CC(=O)NNc1nccc(-c2ccc3c(c2)OCO3)n1)C(=O)c1cn(C)c2ccccc12,0.6129309358750946
Cn1cc(C(=O)C(NNCC(=O)NCNC(N)[O-])c2ccccc2)c2ccccc21,0.8020101814316687
Cn1cc(C(=O)C([O-])n2cc(C(=O)C[O-])c3ccccc32)c2ccccc21,0.7060267880470058
CN(CNCC(=O)Oc1ccc(-c2ccncn2)cn1)CN(C)CC(=O)CN(C)N(C)C,0.8020396005825877
CN(CCCCCO)c1ccc(-c2ccnc(N)n2)cn1,0.6164068461206504
CNN(C)c1ccc(-c2ccnc(NC(=O)CNNC([O-])C(=O)c3cn(C)c4ccccc34)n2)cn1,0.8515653101244484
CN(CC(=O)Nc1cccc(N)c1)CN(CNC([O-])Nc1nccc(-c2cccnc2)n1)CC(=O)NN,0.8521108435044985
CCCNCN(C)CNNC(=O)CNC([O-])C(=O)c1cn(C)c2ccccc12,0.794549394030562
CN(Cc1ccnc(NC(=O)CC(=O)CNC(C=O)C(=O)[O-])n1)CC(C=O)C(=O)[O-],0.7217637916358487
CN(CNC(O)C(=O)c1cn(C)c2ccccc12)CN(C)CC(N)=O,0.8096329601160915
CN(C)c1ccc(-c2ccnc(NC(=O)CNC(O)Nc3nccc(-c4ccc([O-])nc4)n3)n2)cn1,0.8200819980716642
CNN(C)Cc1cccc(N(C)CC(=O)Nc2cccc(N)c2)c1,0.30902600633892846
NCC(=O)CC(=O)Nc1nccc(-c2ccc(N)nc2)n1,0.7646136061328156
CN(OC(=O)C(CCO)C(=O)c1cn(C)c2ccccc12)c1ccc(-c2ccnc(NC(=O)C(=O)CO)n2)cn1,0.8418313154183527
CNc1ccc(-c2ccnc(C(C(=O)[O-])C(=O)c3cn(C)c4ccccc34)n2)cn1,0.7830665555893137
Cn1cc(C(=O)C2C(=O)N2C(=O)Nc2cccc(N)c2)c2ccccc21,0.656858056372711
CN(C)CC(C(=O)[O-])C(=O)c1cn(C)c2ccccc12,0.1801957480597078
Cn1cc(C(=O)C(NCCC(=O)C(N)=O)C(=O)c2ccc(F)cc2)c2ccccc21,0.750363214277331
CN(C)c1ccc(-c2ccnc(C(=O)CNc3cccc(O)c3)n2)cn1,0.5388049391492782
CCCC(C=O)NCN(C)CNC([O-])C(=O)c1cn(C)c2ccccc12,0.6880369180112695
CNCNN(C)N(C)N(C)CC(C(=O)[O-])C(=O)c1cn(C)c2ccccc12,0.7672865553867759
CNN(C)N(C)CC(=O)Nc1cccc(N2CCOCC2)c1,0.10276273808453451
Cn1cc(C(=O)C([O-])c2ccc(-c3ccnc(NC(=O)CC(=O)Cc4ccc(I)cc4)n3)cn2)c2ccccc21,0.25905856647339165
CCON(CC(C(=O)C=O)C(=O)c1cn(C)c2ccccc12)Nc1cccc(OC)c1,0.4307241768512734
Cn1cc(C(=O)C(O)c2ccnc(NC(=O)CC(=O)CN)n2)c2ccccc21,0.8295193507109858
CN(CNN[NH+](C)C)CC(=O)c1nccc(-c2ccc(N(C)C)nc2)n1,0.7104159342488349
CCCON(C)c1ccc(-c2ccnc(N(C)CN(C)CNC([O-])Nc3ncccn3)n2)cn1,0.8074157792118414
CN(CC(=O)Nc1cccc(N)c1)N(C)C(=O)CCN[C@H](C(=O)[O-])C(=O)c1cn(C)c2ccccc12,0.8358108473572902
Cn1cc(C(=O)C2Oc3ccnc(n3)NNC(=O)CNC2[O-])c2ccccc21,0.8207163420174862
Cn1cc(C(O)C([O-])c2cccc(N)c2)c2ccccc21,0.3125139648480758
COc1ccc(-c2ccnc(NC([O-])NCN(C)CN(C)C(N)C(=O)c3cn(C)c4ccccc34)n2)cn1,0.88281090633492
COc1ccc(-c2ccnc(NC([O-])NCN(C)C)n2)cn1,0.7971726252777535
COc1ccc(-c2ccnc(NC([O-])NCN(C)c3ccc(-c4ccnc(N)n4)cn3)n2)cn1,0.8060756654162425
CN(C)c1ccc(-c2ccnc(NC(=O)[C@H]3CC(=O)N(c4ccc(N(C)C)nc4)C3=O)n2)cn1,0.7763408795897013
CN(CNC(O)Nc1nccc([O-])n1)CN(C)C(N)C(=O)c1cn(C)c2ccccc12,0.8339045219590523
CN(N)c1ccc(-c2ccnc(NC(=O)CC(=O)Cc3ccccc3)n2)cn1,0.7262811112646455
CN(CC(=O)CNC(=O)CCNC(C(=O)[O-])C1CC1)CC(=O)Nc1nccc(-c2ccc3c(c2)OCO3)n1,0.784147513424941
Cn1cc(C(=O)C([O-])NNCC(=O)Nc2ncccn2)c2ccccc21,0.818340685991041
CC(=O)C(CN(C)O)C(=O)c1cn(C)c2ccccc12,0.12333053512937293
CN(C)c1ccc(-c2ccnc(NC([O-])NCC=O)n2)cn1,0.7936880926086216
CCC(NCN(C)CCC(=O)Nc1nccc(-c2ccc(N(C)C)nc2)n1)C(=O)c1cn(C)c2ccccc12,0.3899055254163449
CNCNC(Nc1cccc(N)c1)C(=O)c1cn(C)c2ccccc12,0.49031442210169757
c1cc(-c2ccc3c(c2)OCO3)nc(N2CCCC2)n1,0.01884511712935085
CN(CC(=O)CNC(=O)CNC([O-])C(=O)c1cn(C)c2ccccc12)CC(=O)Nc1ncccn1,0.8372481886031027
CN(CC(=O)Nc1nccc(-c2ccc3c(c2)OCO3)n1)C1CC1,0.37025819932348797
CN(CC=O)CN(C)CNC([O-])C(=O)c1cn(C)c2ccccc12,0.5048606366296461
CN(C)c1ccc(-c2ccnc(NC(=O)CNCC(=O)Nc3nccc(CC(F)F)n3)n2)cn1,0.7792649973394019
[NH-]C(=O)Cc1cccc(-c2nccc(-c3cccnc3)n2)n1,0.49959887071890935
CNCNC([O-])NCNc1nccc(-c2ccc(OC)nc2)n1,0.7679183120069741
CN(CC(=O)CNC(O)C(=O)c1c[nH]c2ccccc12)CC(=O)Nc1nccc(-c2ccc3c(c2)OCO3)n1,0.8116733385631499
CNCN(C)N(C)CC(=O)Nc1cccc(NCC(N)=O)c1,0.7561559858236034
CNc1nccc(-c2ccc(N(C)CC(=O)N(C)c3ccc(-c4ccnc(NC([O-])NCN)n4)cn3)nc2)n1,0.8096329601160915
CN(CNc1nccc(CC([NH-])=O)n1)CNC(O)C(=O)c1cn(C)c2ccccc12,0.8349512756130963
COCN(C)CC(C(=O)[O-])C(=O)c1cn(CN(C)C)c2ccccc12,0.4280769001484257
CN(CC(C(=O)[O-])C(=O)c1cn(C)c2ccccc12)c1ccc(-c2ccncn2)cn1,0.804482680731127
CN(CNCCN(C)N(C)CC(=O)Nc1cccc(N)c1)CN(C)N(C)CC(=O)Nc1cccc(N)c1,0.7903175209795228
CC(C)[N+](O)(c1cn(C)c2ccccc12)C(CN(C)C(=O)c1cn(C)c2ccccc12)C(=O)[O-],0.513739780974127
CN(CN[C@H]([O-])C(=O)c1cn(C)c2ccccc12)CC(=O)N(C)CN(C)N(C)CC(=O)Nc1cccc(N)c1,0.8492369042794812
CN(CC(C(=O)[O-])C(=O)c1cn(C)c2ccccc12)CN(C)CC(C(=O)O)C(=O)c1cn(C)c2ccccc12,0.785606643160409
CN(C)c1ccc(-c2ccnc(NC(=O)CNCC(=O)CNC([O-])C(=O)c3cn(C)c4ccccc34)n2)cn1,0.8687941145811398
CNCOCNCC(=O)Nc1nccc(-c2ccc(N(C)C)nc2)n1,0.7926416986492341
CN(CCNC(O)NCNc1nccc(-c2ccc([O-])nc2)n1)CN(C)CC(=O)Nc1cccc(N)c1,0.8569873802397555
CN(CC(=O)N(C)c1ccccn1)CN(C=O)CNC(O)C(=O)c1cn(C)c2ccccc12,0.8356287959756175
CN1CNC([O-])Nc2nccc(n2)-c2ccc(nc2)OON(C)C1,0.7830321446051661
Cn1cc(C(=O)C(NCC(=O)CC(N)=O)C(=O)[O-])c2ccccc21,0.7759890241464354
COc1ccc(-c2ccnc(NCNC([O-])NCN(C)CN(C)N(C)CC=O)n2)cn1,0.8104093391062946
CN(CNN(CC(=O)Nc1cccc(N)c1)N(C)C)CC(C(=O)[O-])C(=O)c1cn(C)c2ccccc12,0.8610346869874789
CN(CCn1cc(C(=O)C(NCC(=O)NCC(N)=O)C(=O)O)c2ccccc21)c1ccccn1,0.8207450208448914
CN(CNC(O)Nc1nccc(-c2ccc([O-])nc2)n1)C(=O)CN(C)N(C)CC(=O)Nc1cccc(N)c1,0.8555261858712448
CN(C)CN(C)N(C)CC(=O)Nc1ccc(-c2cccc(N(C)C)c2)cc1,0.0088060950576744
Nc1ccc(-c2ccnc(NC(=O)CCNC(C=O)C(=O)[O-])n2)cn1,0.7622506308736916
CN(CC(=O)CCNNc1nccc(-c2ccc(N(C)C)nc2)n1)Cc1ccc(-c2ccnc(N)n2)cn1,0.7211883654346039
CC(=O)CNCC(=O)Nc1nccc(-c2ccc(C(NCC(C)=O)C(=O)c3cn(C)c4ccccc34)nc2)n1,0.7029534083320736
CNCNNc1nccc(-c2ccc(N(C)C)nc2)n1,0.41143888488832864
CCOC(C=O)NCN(C)CC(=O)c1ccc(-c2ccnc(NC(=O)CNC(=O)CN)n2)cn1,0.7884807061327183
CNCC(=O)CCNNc1nccc(-c2ccc(N(C)C)nc2)n1,0.7485190330212979
CN(C)c1ccc(-c2ccnc(NC(=O)CNC(=O)CNN)n2)cn1,0.7815671575632679
CN(C)c1ccc(-c2ccnc(NC(=O)CNCC(=O)CN)n2)cn1,0.7941386679207172
COc1ccc(-c2ccnc(NC([O-])NC(=O)C3CCCO3)n2)cn1,0.8034284189446517
CN(C)CC(=O)c1nccc(-c2ccc(N(C)C)nc2)n1,0.1345194414154625
Cn1cc(C(=O)C(C=O)NCCC(=O)C(=O)c2cccc(N)c2)c2ccccc21,0.7228848380129477
Cc1ccc(-c2ccnc(NC(=O)CCN(C)CN)n2)cn1,0.7849301167343861
CNC(NC([O-])C(=O)c1cn(C)c2ccccc12)C(=O)c1cn(C)c2ccccc12,0.7101773352495662
CN(CCC(=O)Nc1nccc(-c2cccnc2)n1)CNC([O-])C(=O)c1cn(C)c2ccccc12,0.8612847154910631
CC(=O)CC(=O)Nc1nccc(-c2ccc(N(C)C)nc2)n1,0.6435424492195121
Cc1ccccc1C(=O)CN(C)CC(=O)Nc1nccc(-c2ccc3c(c2)OCO3)n1,0.5036970077719054
