CCOC(=O)[C@@H](N[C@H](C)NC(=O)N1CCC[C@@H](c2nnc3ccccn23)C1)[C@H](C)CC,0.5039526306789697
CC(C)[C@H](NC(=O)C1CCCCC1)C(=O)C(=O)c1ccn(-c2cccc(NC(=O)C3CCCC3)c2)n1,0.44876373392787533
CCC[C@@H](C[C@@H](NC(=O)c1cccc2c3c([nH]c12)CCCC3)C(=O)OC)NC(=O)[C@@H](C)CC1CCCC1,0.524749767832802
CCC[C@H](NC(=O)[C@@H](C)c1cnn(CC)c1C(=O)Nc1cnn(C)c1C)c1nnc2ccccn12,0.00708556922559621
CCOC(=O)NC(=O)CSn1c(=O)n(C)c2cc(NC(=O)N[C@@H](C)CC)c(N3CCC(C(=O)OCC)CC3)cc21,0.46342755709079375
CC(C)[C@H](NC(=O)C1CCCCC1)C(=O)[C@H]1CCCC[C@@H]1NC(=O)Cc1cn2ccsc2n1,0.4809815834125976
CCOC(=O)NC(=O)CSC(=O)N1[C@@H](C(=O)NC2CCN(C(=O)c3ccc(C)cc3)CC2)C[C@H]2CCCC[C@@H]21,0.20848344404521887
Cc1cc(COC(=O)[C@@H]2C[C@@H]3CCCC[C@@H]3N2C(=O)NC(=O)[C@@H](C)CC2CCCC2)on1,0.22113947040547283
COC(=O)[C@@H]1CCCCC[C@@H]1NC(=O)c1cc(C)nc2c1cnn2C(C)NC(=O)C1CCCCC1,0.47225160956190815
O=C(Cc1cn2ccsc2n1)N[C@H]1CCCC[C@@H]1C(=O)c1ccn(-c2cccc(NC(=O)C3CCCC3)c2)n1,0.007406451516045334
CCOC(=O)c1ccn(COC(=O)[C@H](C)NC(=O)c2nc(-c3ccc(C)cc3)n3c2CCCCC3)n1,0.17525521539111025
CCC[C@H](NC(=O)[C@@H](C)CC1CCCC1)SCC(=O)NC(=O)OCC,0.011381347641671168
C[C@@H]1C[C@@H]2CCCC[C@@H]2N1C(=O)Nc1nc(N2[C@@H](C(=O)NCCCNc3ccccc3)C[C@@H]3CCCC[C@H]32)cs1,0.4866642633922877
O=C(Nc1cccc(-n2ccc(C(=O)C3CCCCC3)n2)c1)C1CCCC1,0.40347329239296453
Cc1cc(COC(=O)[C@@H]2C[C@@H]3CCCC[C@@H]3N2C(=O)C(=O)C2CCCCC2)on1,0.2105563394788968
CCOC(=O)NC(=O)CSC(C)n1cc(NC(=O)[C@H]2C[C@@H]3CCCC[C@@H]3N2C(=O)c2ccccc2)cn1,0.5948496901286524
CCC[C@@H](C[C@@H](NC(=O)NC(=O)N1[C@H](C)C[C@@H]2CCCC[C@@H]21)C(=O)OC)NC(=O)[C@@H](C)CC1CCCC1,0.01146740380983354
CC(C)n1cc(NC(=O)[C@H]2C[C@@H]3CCCC[C@@H]3N2c2ccn(-c3cccc(NC(=O)C4CCCC4)c3)n2)cn1,0.17514564663054633
CCOC(=O)NC(=O)CSC(C)n1cc(NC[C@@H](NC(=O)c2cccc3c4c([nH]c23)CCCC4)C(=O)OC)cn1,0.17197844364396406
COC(=O)[C@H]1C[C@@H]2CCCC[C@@H]2N1N[C@H]1CCCC[C@@H]1C(=O)[C@@H](NC(=O)C1CCCCC1)C(C)C,0.01015968848557129
CCC[C@H](NC(=O)[C@@H](C)C(=O)Cc1cn2ccsc2n1)c1nnc2ccccn12,0.00707594862479042
CC(C)n1cc(NC(=O)[C@H]2C[C@@H]3CCCC[C@@H]3N2c2cccc3c4c([nH]c23)CCCC4)cn1,0.17563736413113748
C[C@@H](CC1CCCC1)C(=O)NC(=O)OCc1cc(=O)n2nc(C3CCCCC3)sc2n1,0.47050403377816724
CCOC(=O)[C@@H]1CCCCN1C(=O)CCC(=O)[C@@H]1C[C@H]2CCCC[C@@H]2N1C(=O)c1cnc(-c2cccs2)s1,0.5602397818244311
CCC(CC)C(=O)OCc1cc(=O)n2nc([C@@H](NC(=O)c3ccc4[nH]c5c(c4c3)CCCC5)C(=O)OC)sc2n1,0.008083926185858663
O=C(Cn1c(=O)[nH]c(=O)c2cc(C(=O)N3CCC[C@@H]4CCCC[C@H]43)cnc21)NCCCNc1ccccc1,0.1606877327602107
Cc1ccc(-c2nc(OC(=O)CN(C(=O)c3ccc4c(c3)[nH]c(=O)n4C)C3CCCC3)c3n2CCCCC3)cc1,0.007049692695193772
Cc1ccc(C(=O)N2CCC(NC(=O)[C@H]3C[C@H]4CCCC[C@@H]4N3C(=O)NC(=O)C3CCCCC3)CC2)cc1,0.18393972058572117
Cc1sc2nc(SCC(=O)NC(=O)C(=O)N3CC[C@@H]4CCCC[C@H]43)n(C3CCCC3)c(=O)c2c1C,0.48154341234307685
O=C(CN1CC[C@@H]2CCCC[C@H]21)NC(=O)C(=O)N1CC[C@@H]2CCCC[C@H]21,0.009314374706961497
O=C(Cc1cn2ccsc2n1)C(=O)[C@H]1C[C@@H]2CCCC[C@@H]2N1C(=O)c1cc2cccc([N+](=O)[O-])c2[n-]1,0.009190702205262245
Cc1ccc(-c2nc([C@H](NC(=O)[C@@H](C)CC3CCCC3)c3nnc4ccccn34)c3n2CCCCC3)cc1,0.006966063487666462
CCOC(=O)C1=C(C)N(CC(=O)NC2CCCC2)c2ncnn2[C@H]1OCC,0.1940580160577626
Cc1c(CCC(=O)N2[C@H](C)C[C@@H]3CCCC[C@@H]32)c(NC(=O)[C@@H](C)CC2CCCC2)nc2c(C#N)cnn12,0.524749767832802
CCC[C@@H](NC(=O)c1cccc2c3c([nH]c12)CCCC3)C(=O)Oc1nc(-c2ccc(C)cc2)n2c1CCCCC2,0.007686037975213056
CCC[C@@H](C[C@@H](NC(=O)CCC(=O)N1CCCC[C@H]1C(=O)OCC)C(=O)OC)NC(=O)[C@@H](C)CC1CCCC1,0.010613922937185633
CCOC(=O)c1ccc(CNC(=O)Nc2ccnn2C(=O)[C@H]2C[C@@H]3CCCC[C@@H]3N2C(=O)c2ccccc2)o1,0.20388051786654612
CCn1cc(C(=O)O[C@@H](C(=O)NC2CCCCC2)c2cnc(-c3cccs3)s2)c(=O)c2ccc(C)nc21,0.0077706674759927905
Cc1ccc(-c2nc(CNC(=O)[C@H]3C[C@@H]4CCCC[C@H]4N3C(=O)c3ccccc3)c3n2CCCCC3)cc1,0.17632509192070045
CCO[C@H](C)C(=O)Nc1nc2c(C#N)cnn2c(C)c1CCC(=O)N1[C@H](C)C[C@@H]2CCCC[C@@H]21,0.5727128425310541
CCONC(=O)CN1C(C)=C(C(=O)OCC)[C@H](c2ccc(C)cc2)n2ncnc21,0.4003814974639192
CC(C)[C@H](NC(=O)C1CCCCC1)C(=O)NC(=O)C(=O)N1CC[C@@H]2CCCC[C@H]21,0.009831516835867396
CCOC(=O)CN(C1CCCC1)n1cc(CC(=O)N2[C@@H](C(=O)OC)C[C@@H]3CCCC[C@@H]32)cn1,0.22183964990023575
CCC[C@@H](C[C@@H](NC(=O)NC(=O)[C@@H](C)CC1CCCC1)C(=O)OC)NC(=O)[C@@H](C)CC1CCCC1,0.010070696798982605
O=C([C@@H]1C[C@H]2CCCC[C@@H]2N1C(=O)c1cnc(-c2cccs2)s1)N1CC[C@@H]2CCCC[C@H]21,0.4809815834125976
CCC[C@H](NC(=O)[C@@H](C)[C@H](C)NC(=O)N1CCC[C@@H](c2nnc3ccccn23)C1)c1nnc2ccccn12,0.007694107308643016
Cc1[nH]c(C(=O)Nc2ccccc2C(=O)NC2CCCC2)c(C)c1C(=O)ONC(=O)[C@@H](C)CC1CCCC1,0.45022516889074815
CCOC(=O)CN(C1CCCC1)N1[C@H](C(=O)OCc2cc(C)no2)C[C@@H]2CCCC[C@@H]21,0.2088551248879617
CCOC(=O)NC(=O)CSC(C)n1cc(NNC(=O)[C@@H](C)CC2CCCC2)cn1,0.20494049171014753
CCOC(=O)CN(c1ccc2c(=O)c(C(=O)O[C@H](C)C(=O)NC3CCCCC3)cn(CC)c2n1)C1CCCC1,0.5154941956358633
CCOC(=O)NC(=O)CSNC(=O)CN1C(C)=C(C(=O)OCC)[C@H](c2ccc(C)cc2)n2ncnc21,0.40406101782088427
CCOC(=O)[C@@H]1CCCCN1C(=O)CCC(=O)NCCCNc1ccccc1,0.18317806215635793
COC(=O)[C@H]1C[C@@H]2CCCC[C@@H]2N1Nc1nc2c(C#N)cnn2c(C)c1CCC(=O)N1[C@H](C)C[C@@H]2CCCC[C@@H]21,0.5084322977157768
C[C@@H](CC1CCCC1)C(=O)NC(=O)[C@H]1C[C@@H]2CCCC[C@@H]2N1C(=O)c1ccccc1,0.21149339946882612
C[C@@H]1C[C@@H]2CCCC[C@@H]2N1CCCNC(=O)[C@H]1C[C@@H]2CCCC[C@H]2N1C(=O)c1ccccc1,0.19285065606821092
CCC[C@@H](C[C@@H](NC(=O)C(=O)N1[C@H](C)C[C@@H]2CCCC[C@@H]21)C(=O)OC)NC(=O)[C@@H](C)CC1CCCC1,0.011607540217258395
CCC[C@@H](C[C@@H](NC(=O)C(=O)OC)C(=O)OC)NC(=O)[C@@H](C)CC1CCCC1,0.010622496381989985
C[C@@H]1C[C@@H]2CCCC[C@@H]2N1C(=O)Nc1nc(C(=O)OCc2cc(=O)n3nc(C4CCCCC4)sc3n2)cs1,0.18012048694414579
C[C@@H]1C[C@@H]2CCCC[C@@H]2N1C(=O)Nc1nc(NC(=O)[C@H]2C[C@@H]3CCCC[C@@H]3N2C(=O)c2ccccc2)cs1,0.4982728791224399
C[C@H](NC(=O)N1CCC[C@@H](c2nnc3ccccn23)C1)NC(=O)N1[C@H](C)C[C@@H]2CCCC[C@@H]21,0.5075192189225524
CC(c1cnc(-c2cccs2)s1)[C@H](NC(=O)C1CCCCC1)C(=O)NNC(=O)Cc1nc2ccccc2n1C,0.007948052203263244
CCOC(=O)NC(=O)CSC(=O)CCc1c(NC(=O)[C@@H](C)OCC)nc2c(C#N)cnn2c1C,0.4240944648399855
Cc1noc(-c2ccc(C(=O)N3[C@@H](C(=O)OC(=O)NC4CCCCC4)C[C@H]4CCCC[C@H]43)cc2)n1,0.5235208439728776
C[C@@H](NC(=O)c1ccccc1)NC(=O)N1CCC[C@@H](c2nnc3ccccn23)C1,0.13334645885617644
CCOC(=O)c1ccc(CNC(=O)Nc2ccnn2NC(=O)C(=O)N2CC[C@@H]3CCCC[C@H]32)o1,0.5222329678670935
CCOC(=O)c1ccc(CNC(=O)[C@H]2C[C@@H]3CCCC[C@@H]3N2C(=O)c2ccccc2)o1,0.6062354060275328
COC(=O)[C@H]1C[C@@H]2CCCC[C@@H]2N1NN1[C@@H](C(=O)Nc2cnn(C(C)C)c2)C[C@@H]2CCCC[C@@H]21,0.19211877238025019
CCOC(=O)c1c(C)[nH]c(C(=O)Nc2ccccc2-c2nn3c(=O)cc(COC(=O)C(CC)CC)nc3s2)c1C,0.007308735588871944
C[C@@H]1C[C@@H]2CCCC[C@@H]2N1C(=O)Nc1nc([C@H](NC(=O)[C@@H](C)CC2CCCC2)c2nnc3ccccn23)cs1,0.1814370227371377
CCn1cc(C(=O)O[C@@H](C(=O)NC2CCCCC2)c2nc(C)no2)c(=O)c2ccc(C)nc21,0.16692257650993284
C[C@@H](CC1CCCC1)C(=O)c1nc(N2[C@@H](C(=O)NCCCNc3ccccc3)C[C@@H]3CCCC[C@H]32)cs1,0.5017452060042545
CCC[C@H](NC(=O)[C@@H](C)CC1CCCC1)C(=O)OCC,0.012720510415213875
C[C@@H](CC1CCCC1)C(=O)NC(=O)c1ccc(CNC(=O)[C@H]2C[C@@H]3CCCC[C@@H]3N2C(=O)c2ccccc2)o1,0.528885885347945
Cc1noc(C(=O)CSc2nc3sc(C)c(C)c3c(=O)n2C2CCCC2)n1,0.14598850307263178
CCO[C@H](C)C(=O)Nc1nc2c(C#N)cnn2c(C)c1CCc1csc(C(=O)[C@@H](C)CC2CCCC2)n1,0.17068883686434833
COC(=O)[C@H]1C[C@@H]2CCCC[C@@H]2N1Nc1csc(NC(=O)N2[C@H](C)C[C@@H]3CCCC[C@@H]32)n1,0.19236876438239991
CCn1cc(C(=O)O[C@H](C)C(=O)NC2CCCCC2)c(=O)c2ccc(CCCNc3ccccc3)nc21,0.1661909912073828
CCC(CC)C(=O)OCc1cc(=O)n2nc(N3[C@H](C)C[C@@H]4CCCC[C@@H]43)sc2n1,0.5647703225572138
COC(=O)[C@H]1C[C@@H]2CCCC[C@@H]2N1Nc1nc2c(C#N)cnn2c(C)c1CCC1CCCCC1,0.4832976746641416
CCOC(=O)[C@H](C)NC(=O)c1nc(-c2ccc(-c3nc(C)no3)cc2)n2c1CCCCC2,0.17178241207034267
C[C@@H](CC1CCCC1)C(=O)C(=O)[C@H]1C[C@@H]2CCCC[C@@H]2N1C(=O)c1ccccc1,0.2105563394788968
CCOC(=O)CN(c1ccc2c(=O)c(C(=O)OC(C)C)cn(CC)c2n1)C1CCCC1,0.515876954571596
C[C@@H]1C[C@@H]2CCCC[C@@H]2N1C(=O)Nc1nc(NC(=O)[C@H]2C[C@@H]3CCCC[C@@H]3N2c2cnc(-c3cccs3)s2)cs1,0.16974486256292012
CCC[C@@H](C[C@@H](NC(=O)c1cccc2c3c([nH]c12)CCCC3)C(=O)OC)c1nc(C)no1,0.16816365364623362
Cc1c(CCC(=O)N2[C@H](C)C[C@@H]3CCCC[C@@H]32)c(C(=O)[C@@H](C)CC2CCCC2)nc2c(C#N)cnn12,0.5215925838520059
CCOC(=O)c1ccc(CNC(=O)[C@H]2C[C@@H]3CCCC[C@@H]3N2C(=O)c2cnc(-c3cccs3)s2)o1,0.2123952943896613
COC(=O)CNC(=O)[C@H]1C[C@@H]2CCCC[C@@H]2N1C(=O)c1ccccc1,0.22237227887796113
C[C@@H](CC1CCCC1)C(=O)[C@@H]1C[C@@H]2CCCC[C@@H]2N1C(=O)Nc1nc(-c2cccnc2)cs1,0.5242224339966227
CCOC(=O)NC(=O)CSc1csc(C(=O)[C@@H](C)CC2CCCC2)n1,0.20335301240854944
Cc1sc2nc(SCC(=O)c3cccc4c5c([nH]c34)CCCC5)n(C3CCCC3)c(=O)c2c1C,0.006710330890355206
CCC(CC(=O)[C@@H](C)CC1CCCC1)C(=O)OCc1cc(=O)n2nc(N3[C@H](C)C[C@@H]4CCCC[C@@H]43)sc2n1,0.5450701324374344
COC(=O)Cc1cc(=O)n2nc(N3[C@H](C)C[C@@H]4CCCC[C@@H]43)sc2n1,0.5065936913756358
CCOC(=O)NC(=O)CSC(C)n1cc(NN2[C@H](C)C[C@@H]3CCCC[C@@H]32)cn1,0.22183964990023575
CCOOC(=O)[C@H]1C[C@H]2CCCC[C@H]2N1C(=O)c1ccc(-c2nc(C)no2)cc1,0.5623515948579823
CCO[C@H](C)C(=O)Nc1nc2c(C#N)cnn2c(C)c1CCc1csc(C(=O)[C@@H](C)CC2CCCC2)n1,0.17068883686434833
CCC(CC)C(=O)OC(=O)OCc1cc(=O)n2nc(N3[C@H](C)C[C@@H]4CCCC[C@@H]43)sc2n1,0.5749595745760689
C[C@@H]1C[C@@H]2CCCC[C@@H]2N1C(=O)N1[C@H](C)C[C@@H]2CCCC[C@@H]21,0.009413435591463178
CC(=O)OCc1cc(=O)n2nc(N3[C@H](C)C[C@@H]4CCCC[C@@H]43)sc2n1,0.5175491695067657
CCONc1nc2c(C#N)cnn2c(C)c1CCC(=O)N1[C@H](C)C[C@@H]2CCCC[C@@H]21,0.5477225575051662
CCC(CC(=O)[C@@H](C)CC1CCCC1)C(=O)OCN1[C@H](C)C[C@@H]2CCCC[C@@H]21,0.011044745816286039
CCC(CC)C(=O)OCOC(=O)OC(=O)C(CC)CC,0.008506155679833361
CCOc1cc(=O)n2nc(N3[C@H](C)C[C@@H]4CCCC[C@@H]43)sc2n1,0.5068340299791976
CCC(CC)C(=O)OC(=O)OCn1cc(CC(=O)N2[C@@H](C(=O)OC)C[C@@H]3CCCC[C@@H]32)cn1,0.23067020578439892
CCC(CC)c1c(CCC(=O)N2[C@H](C)C[C@@H]3CCCC[C@@H]32)c(C(=O)[C@@H](C)CC2CCCC2)nc2c(C#N)cnn12,0.5270462766947299
CC(=O)OCc1cnn2c(C)c(CCC(=O)N3[C@H](C)C[C@@H]4CCCC[C@@H]43)c(C)nc12,0.5599636792095523
CCC(CC(=O)[C@@H](C)CC1CCCC1)C(=O)OCc1cc(=O)n2nc(COC(C)=O)sc2n1,0.5133866880557659
O=C(NCc1cnc(-c2cccs2)s1)[C@H]1C[C@@H]2CCCC[C@@H]2N1C(=O)c1ccccc1,0.18606626199079324
Cc1nc2c(C#N)cnn2c(C)c1CCC(=O)N1[C@H](C)C[C@@H]2CCCC[C@@H]21,0.5169539431229293
CCC(CC)c1c(CCC(=O)N2[C@H](C)C[C@@H]3CCCC[C@@H]32)c(C(=O)[C@@H](C)CC2CCCC2)nc2c(C#N)cnn12,0.5270462766947299
C[C@@H](CC1CCCC1)C(=O)[C@@H]1C[C@@H]2CCCC[C@@H]2N1C(=O)Nc1cnc(-c2cccs2)s1,0.5303300858899106
CCC(CC)Cc1cc(=O)n2nc(N3[C@H](C)C[C@@H]4CCCC[C@@H]43)sc2n1,0.521468910445679
O=C(c1cnc(-c2cccs2)s1)[C@H]1C[C@@H]2CCCC[C@@H]2N1C(=O)c1cc2cccc([N+](=O)[O-])c2[n-]1,0.008756550239221082
CCOC(=O)NC(=O)CSC(C)n1cc(NNc2ccnn2NC(=O)C(=O)N2CC[C@@H]3CCCC[C@H]32)cn1,0.5277986629117476
CCC(CC)C(=O)OC(=O)OCNc1ccnn1NC(=O)C(=O)N1CC[C@@H]2CCCC[C@H]21,0.2079974000118849
CCC(CC)C(=O)OC(=O)OCCc1cc(=O)n2nc(N3[C@H](C)C[C@@H]4CCCC[C@@H]43)sc2n1,0.5679618342470648
CCOC(=O)COC(=O)C(CC)CC(=O)[C@@H](C)CC1CCCC1,0.011100953537132557
CCONc1nc2c(C#N)cnn2c(C)c1CCC1CCCC1,0.4254814716983816
Cc1nc2c(CON3[C@H](C)C[C@@H]4CCCC[C@@H]43)cnn2c(C)c1CCC(=O)N1[C@H](C)C[C@@H]2CCCC[C@@H]21,0.47871355387816905
C[C@@H](CC1CCCC1)C(=O)NC(=O)[C@H]1C[C@@H]2CCCC[C@@H]2N1C(=O)Cc1cnn(-c2ccccc2)c1,0.5443310539518174
N#CC(=O)[C@H]1C[C@@H]2CCCC[C@@H]2N1C(=O)c1ccccc1,0.20482660423721802
CC(C)n1cc(NC(=O)[C@H]2C[C@@H]3CCCC[C@@H]3N2C(=O)N2[C@H](C)C[C@@H]3CCCC[C@@H]32)cn1,0.20014805479453793
CCC(CC)C(=O)O[C@@H](CC1CCCC1)C(=O)[C@@H]1C[C@@H]2CCCC[C@@H]2N1C(=O)Nc1nc(-c2cccnc2)cs1,0.5732115042211108
COC(=O)[C@H]1C[C@@H]2CCCC[C@@H]2N1Cc1cnn(-c2ccccc2)c1,0.5021692075819447
CCC(CC)C(=O)OC(=O)Oc1ncc(NC(=O)N2[C@H](C(=O)[C@@H](C)CC3CCCC3)C[C@@H]3CCCC[C@@H]32)s1,0.22353959544903568
COC(=O)[C@H]1C[C@@H]2CCCC[C@@H]2N1C(=O)Cc1cccnc1,0.21450873245732519
CC(C)n1cc(NC(=O)[C@H]2C[C@@H]3CCCC[C@@H]3N2c2ccccc2)cn1,0.5191967039488062
CCC(CC(=O)[C@@H](C)CC1CCCC1)C(=O)OCc1cc(=O)n2nc(-c3nc(-c4cccnc4)cs3)sc2n1,0.008271440029664
Cc1noc(-c2ccc(C(=O)N3[C@@H](C(=O)c4ccccc4)C[C@H]4CCCC[C@H]43)cc2)n1,0.18322538887518305
N#Cc1ccc(CNC(=O)Nc2ccnn2NC(=O)C(=O)N2CC[C@@H]3CCCC[C@H]32)o1,0.47050403377816724
CCC(CC)c1c(CC(C)=O)c(C(=O)[C@@H](C)CC2CCCC2)nc2c(C#N)cnn12,0.4816637831516919
CCOC(=O)NC(=O)CSC(C)n1cc(NNc2cccs2)cn1,0.39791121287711073
O=C(c1nc(-c2cccnc2)cs1)[C@@H]1C[C@H]2CCCC[C@@H]2N1C(=O)c1cnc(-c2cccs2)s1,0.008618643191600845
CCC(CC(=O)[C@@H](C)CC1CCCC1)C(=O)OCN1[C@H](C)C[C@@H]2CCCC[C@@H]21,0.011044745816286039
CCOC(=O)[C@@H]1CCCCN1C(=O)CCC(=O)[C@@H]1C[C@H]2CCCC[C@@H]2N1C(=O)c1nc(C)no1,0.2200286836883263
C[C@@H](CC1CCCC1)C(=O)Nc1ccc(C(=O)N2[C@@H](C(=O)OC(=O)NC3CCCCC3)C[C@H]3CCCC[C@H]32)cc1,0.1925569001382521
CCO[C@H](C)C(=O)Nc1nc2c(C#N)cnn2c(C)c1CCN1[C@@H](C(=O)OC)C[C@@H]2CCCC[C@@H]21,0.5659615711335886
O=C(c1ccccc1)[C@H]1C[C@@H]2CCCC[C@@H]2N1C(=O)Cc1cnn(-c2ccccc2)c1,0.1825193153861047
C[C@@H]1C[C@@H]2CCCC[C@@H]2N1CNC(=O)[C@H]1C[C@@H]2CCCC[C@H]2N1C(=O)c1ccccc1,0.19034572007260714
C[C@@H]1C[C@@H]2CCCC[C@@H]2N1C(=O)C[C@H](C)C(=O)[C@@H]1C[C@@H]2CCCC[C@@H]2N1C(=O)Nc1nc(-c2cccnc2)cs1,0.5234239225902136
CCC[C@H](Cc1cnn(-c2ccccc2)c1)C[C@@H](NC(=O)c1cccc2c3c([nH]c12)CCCC3)C(=O)OC,0.00783529536599324
CC(=O)[C@H]1C[C@@H]2CCCC[C@@H]2N1C(=O)c1ccccc1,0.2123952943896613
CCC(CC)C(=O)OC(=O)OOCc1cnn2c(C)c(CCC(=O)N3[C@H](C)C[C@@H]4CCCC[C@@H]43)c(C)nc12,0.5664764093835327
CCON1[C@@H](C(=O)Nc2cnn(C(C)C)c2)C[C@@H]2CCCC[C@@H]21,0.2207276647028654
COC(=O)[C@H]1C[C@@H]2CCCC[C@@H]2N1OC(=O)[C@H]1C[C@H]2CCCC[C@H]2N1C(=O)c1ccc(-c2nc(C)no2)cc1,0.5034130089044646
CCC(CC)c1c(CCC(=O)N2[C@H](C)C[C@@H]3CCCC[C@@H]32)c(CC2CCCC2)nc2c(C#N)cnn12,0.5017953379128578
CCOC(=O)NC(=O)CSC(C)n1cc(NNc2cccc3c4c([nH]c23)CCCC4)cn1,0.15657988841453455
C[C@@H](CC1CCCC1)C(=O)Nc1cnc(-c2cccs2)s1,0.41005071993639275
CCONc1nc2c(C#N)cnn2c(C)c1CN1[C@H](C)C[C@@H]2CCCC[C@@H]21,0.5042194840896107
CCC[C@H](C#N)C[C@@H](NC(=O)c1cccc2c3c([nH]c12)CCCC3)C(=O)OC,0.4685212856658182
CC(=O)[C@H]1C[C@@H]2CCCC[C@@H]2N1C(=O)c1cc2cccc([N+](=O)[O-])c2[n-]1,0.5452497568062706
CCONc1nc2c(C#N)cnn2c(C)c1COC(=O)OC(=O)C(CC)CC,0.40663783728111363
CCC(CC(=O)[C@@H](C)CC1CCCC1)C(=O)OCOC(=O)OC(=O)C(CC)CC,0.009915909086206301
C[C@@H]1C[C@@H]2CCCC[C@@H]2N1C(=O)CNC(=O)[C@H]1C[C@@H]2CCCC[C@@H]2N1C(=O)c1ccccc1,0.1970205490355873
CC(=O)[C@H]1C[C@@H]2CCCC[C@@H]2N1[C@H]1C[C@@H]2CCCC[C@@H]2N1C(=O)c1cc2cccc([N+](=O)[O-])c2[n-]1,0.4890096469218258
CCC(CC)C(=O)Oc1ccc(C(=O)NC(=O)[C@@H](C)CC2CCCC2)o1,0.2054621023570976
O=C(c1cccs1)[C@@H]1CCCCN1C(=O)CCC(=O)[C@@H]1C[C@H]2CCCC[C@@H]2N1C(=O)c1cnc(-c2cccs2)s1,0.1796256260667021
Cc1noc(-c2ccc(C(=O)N3[C@@H](C(=O)CC4CCCC4)C[C@H]4CCCC[C@H]43)cc2)n1,0.5077524002897476
CCC(CC)c1c(CCC(=O)N2[C@H](C)C[C@@H]3CCCC[C@@H]32)c(-c2ccccc2)nc2c(C#N)cnn12,0.1846001884938172
CCOC(=O)NC(=O)CSC(C)n1cc(NNc2cc(=O)n3nc(N4[C@H](C)C[C@@H]5CCCC[C@@H]54)sc3n2)cn1,0.19837543410421643
N#CN1[C@@H](C(=O)NCCCNc2ccccc2)C[C@@H]2CCCC[C@H]21,0.19125141457637088
COC(=O)OCc1cnn2c(C)c(CCC(=O)N3[C@H](C)C[C@@H]4CCCC[C@@H]43)c(C)nc12,0.5529784118452927
CCCC(CC)C(=O)OC(=O)OCCc1cc(=O)n2nc(N3[C@H](C)C[C@@H]4CCCC[C@@H]43)sc2n1,0.588875363339635
Cc1cc(COC(=O)[C@@H]2C[C@@H]3CCCC[C@@H]3N2c2ccccc2)on1,0.512989176042577
CCC(CC)C(=O)OC(=O)OCC(=O)N1[C@@H](C(=O)NC(=O)[C@@H](C)CC2CCCC2)C[C@@H]2CCCC[C@@H]21,0.011607540217258395
Cc1noc(-c2ccc(C(=O)N3[C@@H](C(=O)c4cnc(-c5cccs5)s4)C[C@H]4CCCC[C@H]43)cc2)n1,0.008725443390501929
O=C(c1cc2cccc([N+](=O)[O-])c2[n-]1)[C@H]1C[C@@H]2CCCC[C@@H]2N1C(=O)c1cc2cccc([N+](=O)[O-])c2[n-]1,0.008634074973325318
CCOC(=O)N[C@H](C)C(=O)[C@@H]1C[C@@H]2CCCC[C@@H]2N1C(=O)Nc1cnc(-c2cccs2)s1,0.6297235299224025
N#CNC(=O)[C@H]1C[C@@H]2CCCC[C@@H]2N1C(=O)c1ccccc1,0.2060537019182898
CCONc1nc2c(C#N)cnn2c(OC)c1CCC(=O)N1[C@H](C)C[C@@H]2CCCC[C@@H]21,0.5410017808004594
CCONc1nc2c(C#N)cnn2c(C)c1Cc1ccc(C(=O)NC(=O)[C@@H](C)CC2CCCC2)o1,0.1702950904648076
CCOC(=O)NC(=O)CSC(C)n1cc(NC(=O)N2[C@H](C(=O)OCc3cc(C)no3)C[C@@H]3CCCC[C@@H]32)cn1,0.6007514091861106
CCOCCc1cc(=O)n2nc(N3[C@H](C)C[C@@H]4CCCC[C@@H]43)sc2n1,0.5152540399295447
CCOC(=O)NC(=O)CSC(C)n1cc(Nc2ccccc2)cn1,0.39791121287711073
CC(C)n1cc(NC(=O)[C@H]2C[C@@H]3CCCC[C@@H]3N2C(=O)N2[C@H](C)C[C@@H]3CCCC[C@@H]32)cn1,0.20014805479453793
CC(=O)[C@H]1C[C@@H]2CCCC[C@@H]2N1C(=O)C(=O)OCc1cc(C)no1,0.2308980282653956
CCC(CC)C(=O)ONC(=O)[C@H]1C[C@@H]2CCCC[C@@H]2N1C(=O)c1ccccc1,0.23701668722422245
CCC(=O)[C@@H]1C[C@H]2CCCC[C@@H]2N1C(=O)c1cnc(-c2cccs2)s1,0.5585038992742908
CC(=O)[C@H]1C[C@@H]2CCCC[C@@H]2N1C(=O)C(=O)[C@H]1C[C@@H]2CCCC[C@@H]2N1C(=O)c1cc2cccc([N+](=O)[O-])c2[n-]1,0.4896182465934662
CCC(CC)C(=O)OC(=O)OC(=O)c1ccc(CNC(=O)[C@H]2C[C@@H]3CCCC[C@@H]3N2C(=O)c2ccccc2)o1,0.5752237416355278
CCO[C@H](C)C(=O)Nc1nc2c(C#N)cnn2c(C)c1CCC(=O)N1[C@H](C)C[C@@H]2CCCC[C@@H]21,0.5727128425310541
CCC(CC)C(=O)NC(=O)CSC(C)n1cc(NC(=O)[C@H]2C[C@@H]3CCCC[C@@H]3N2C(=O)c2ccccc2)cn1,0.5837300238472753
CC(=O)[C@H]1C[C@@H]2CCCC[C@@H]2N1C(=O)C(=O)c1cc2cccc([N+](=O)[O-])c2[n-]1,0.5540916385036406
CCC(CC)C(=O)OC(=O)ON1[C@@H](C(=O)Nc2cnn(C(C)C)c2)C[C@@H]2CCCC[C@@H]21,0.23318615619989516
CCO[C@@H](C(=O)Nc1nc2c(C#N)cnn2c(C)c1CCN1[C@@H](C(=O)OC)C[C@@H]2CCCC[C@@H]21)c1cccnc1,0.19321974857060098
CCC(=O)OC(=O)c1ccc(CNC(=O)[C@H]2C[C@@H]3CCCC[C@@H]3N2C(=O)c2ccccc2)o1,0.565685424949238
CCC(=O)OC(=O)c1ccc(C(=O)OC(=O)OCCc2cc(=O)n3nc(N4[C@H](C)C[C@@H]5CCCC[C@@H]54)sc3n2)o1,0.18768125053214602
CCC(CC)C(=O)NC(=O)Cc1c(CCC(=O)N2[C@H](C)C[C@@H]3CCCC[C@@H]32)c(C)nc2c(COC(C)=O)cnn12,0.5646597025732799
CC(=O)OCc1cnn2c(C)c(CCC(=O)N3[C@H](C)C[C@@H]4CCCC[C@@H]43)c(C)nc12,0.5599636792095523
CCONc1nc2c(C#N)cnn2c(C)c1Cc1cccnc1,0.09754876781679166
CCOOC(=O)[C@H]1C[C@H]2CCCC[C@H]2N1C(=O)c1ccc(-c2nc(CC)no2)cc1,0.5748986646151399
CC(=O)OCC(=O)OCCc1cc(=O)n2nc(N3[C@H](C)C[C@@H]4CCCC[C@@H]43)sc2n1,0.5378254348272378
CCC(CC)C(=O)NCc1cc(=O)n2nc(N3[C@H](C)C[C@@H]4CCCC[C@@H]43)sc2n1,0.5446192885782924
CCC(=O)[C@@H]1C[C@H]2CCCC[C@@H]2N1C(=O)n1cc(NC(=O)[C@H]2C[C@@H]3CCCC[C@@H]3N2C(=O)c2ccccc2)cn1,0.5067117097095317
C[C@@H]1C[C@@H]2CCCC[C@@H]2N1C(=O)c1cnc(-c2cccs2)s1,0.5
CCOOC(=O)OCc1cnn2c(C)c(CCC(=O)N3[C@H](C)C[C@@H]4CCCC[C@@H]43)c(C)nc12,0.5585696017507576
CCC(=O)OC(=O)c1ccc(CNC(=O)[C@@H]2C[C@H]3CCCC[C@@H]3N2C(=O)c2cnc(-c3cccs3)s2)o1,0.19878116437419294
CCOOC(=O)c1cnn2c(C)c(CCC(=O)N3[C@H](C)C[C@@H]4CCCC[C@@H]43)c(C)nc12,0.5627314338711378
CCOOC(=O)N1[C@H](C(=O)CCC(=O)N2CCCC[C@H]2C(=O)OCC)C[C@H]2CCCC[C@@H]21,0.011407732652570637
CC(=O)[C@H]1C[C@@H]2CCCC[C@@H]2N1C(=O)C(=O)Cc1cc(C)no1,0.22604418657247285
CCC(CC)C(=O)NC(=O)OCc1cnn2c(C)c(CCC(=O)N3[C@H](C)C[C@@H]4CCCC[C@@H]43)c(C)nc12,0.5817744738827396
Cc1cc(COOC(=O)c2ccc(CNC(=O)[C@H]3C[C@@H]4CCCC[C@@H]4N3C(=O)c3ccccc3)o2)on1,0.19486346532058657
CCO[C@H](C)C(=O)Nc1nc2c(C#N)cnn2c(C)c1CCC(=O)Cc1cc(C)no1,0.13650318203796627
CONC(=O)[C@H]1C[C@@H]2CCCC[C@@H]2N1C(=O)c1ccccc1,0.21450873245732519
CCO[C@H](C)C(=O)Nc1nc2c(C#N)cnn2c(C)c1CCC(=O)NC(=O)C(CC)CC,0.4232073695151589
CC(=O)Cc1c(CCC(=O)N2[C@H](C)C[C@@H]3CCCC[C@@H]32)c(C)nc2c(COC(C)=O)cnn12,0.570265948512201
CCOOC(=O)OCc1cnn2c(C)c(CNC(=O)[C@H]3C[C@@H]4CCCC[C@@H]4N3C(=O)c3ccccc3)c(C)nc12,0.20856803866993984
CCOOC(=O)c1cnn2c(C)c(CCC(=O)N3[C@H](OCc4cc(C)no4)C[C@@H]4CCCC[C@@H]43)c(C)nc12,0.19097994330457588
CCC(CCOC(C)=O)C(=O)OCc1cc(=O)n2nc(N3[C@H](C)C[C@@H]4CCCC[C@@H]43)sc2n1,0.5679618342470648
CCOC(=O)Nc1nc2c(C#N)cnn2c(C)c1CCC(=O)N1[C@H](C)C[C@@H]2CCCC[C@@H]21,0.584522597225006
CCOC(=O)C(=O)c1ccc(CNC(=O)[C@H]2C[C@@H]3CCCC[C@@H]3N2C(=O)c2ccccc2)o1,0.5936825889256334
CCC(CC)C(=O)NC(=O)Cc1c(CCC(=O)N2[C@H](C)C[C@@H]3CCCC[C@@H]32)c(C)nc2c(COC(C)=O)cnn12,0.5646597025732799
CC(=O)OCCc1cnn2c(C)c(CCC(=O)N3[C@H](C)C[C@@H]4CCCC[C@@H]43)c(C)nc12,0.5529784118452927
CCOOC(=O)C(=O)c1ccc(CNC(=O)[C@H]2C[C@@H]3CCCC[C@@H]3N2C(=O)c2ccccc2)o1,0.5681853972686128
CCO[C@H](C)c1nc2c(COC(C)=O)cnn2c(CC(C)=O)c1CCC(=O)N1[C@H](C)C[C@@H]2CCCC[C@@H]21,0.5817744738827396
CCC(CC)C(=O)OC(=O)c1ccc(CNC(=O)[C@H]2C[C@@H]3CCCC[C@@H]3N2C(=O)c2ccccc2)o1,0.5929270612815711
CCOOC(=O)[C@H]1C[C@H]2CCCC[C@H]2N1C(=O)c1ccc(-c2nc(N3[C@H](C)C[C@@H]4CCCC[C@@H]43)no2)cc1,0.5068968775248517
CCc1noc(-c2ccc(C(=O)N3[C@@H](C(=O)OOCOC(=O)OC(=O)C(CC)CC)C[C@H]4CCCC[C@H]43)cc2)n1,0.5773502691896257
CCC(CC)C(=O)NC(=O)C(=O)OCc1cc(=O)n2nc(N3[C@H](C)C[C@@H]4CCCC[C@@H]43)sc2n1,0.5819876952473778
CCOOC(=O)C(=O)c1ccc(Cc2nn3c(=O)cc(COC(=O)C(CC)CCOC(C)=O)nc3s2)o1,0.1471517764685769
CCC(OCc1cc(C)no1)C(=O)OCc1cc(=O)n2nc(N3[C@H](C)C[C@@H]4CCCC[C@@H]43)sc2n1,0.18997212654254494
CCO[C@H](C)C(=O)Nc1nc2c(C#N)cnn2c(C)c1Cc1ccccc1,0.12401213432042038
CCC(=O)OC(=O)c1ccc(CNC(=O)OC(=O)C(CC)CC)o1,0.15720496031472853
CCCC(CC)C(=O)[C@@H]1C[C@@H]2CCCC[C@@H]2N1C(=O)Nc1cnn(C(C)SCC(=O)NC(=O)OCC)c1,0.24347297797592798
CCC(=O)OC(=O)c1ccc(-c2ccc(C(=O)OC(=O)C(CC)CC)o2)o1,0.4
CCO[C@H](C)c1nc2c(COC(C)=O)cnn2c(CC(C)=O)c1N1[C@H](C)C[C@@H]2CCCC[C@@H]21,0.5608173758294746
CCO[C@H](C)OC(=O)c1ccc(CNC(=O)[C@H]2C[C@@H]3CCCC[C@@H]3N2C(=O)c2ccccc2)o1,0.5956833971812706
CCOOC(=O)C(=O)c1ccc(CNCC(=O)NC(=O)C(CC)CC)o1,0.15325776234419894
CC(SCC(=O)NC(=O)c1cccnc1)n1cc(NC(=O)[C@H]2C[C@@H]3CCCC[C@@H]3N2C(=O)c2ccccc2)cn1,0.1894868840475248
CC(=O)Cc1c(CCC(=O)N2[C@H](C)C[C@@H]3CCCC[C@@H]32)c(-c2ccccc2)nc2c(COC(C)=O)cnn12,0.19734590253650083
CCC(=O)OC(=O)c1ccc(Cc2cc(=O)n3nc(N4[C@H](C)C[C@@H]5CCCC[C@@H]54)sc3n2)o1,0.1874171497371823
CCC(CC)C(=O)CCc1cc(=O)n2nc(N3[C@H](C)C[C@@H]4CCCC[C@@H]43)sc2n1,0.5345224838248487
CCOC(=O)NC(=O)CSC(C)n1cc(NC(=O)N2[C@H](OC(=O)OC(=O)C(CC)CC)C[C@@H]3CCCC[C@@H]32)cn1,0.22329435171590373
CCOC(=O)C(=O)c1ccc(CNC(=O)C(=O)NCc2ccc(C(=O)OC(=O)CC)o2)o1,0.39009474880274697
C[C@@H]1C[C@@H]2CCCC[C@@H]2N1C(=O)Cc1cc(=O)n2nc(N3[C@H](C)C[C@@H]4CCCC[C@@H]43)sc2n1,0.46966821831386213
CCC(CC)C(=O)Nn1cc(NC(=O)[C@H]2C[C@@H]3CCCC[C@@H]3N2C(=O)c2ccccc2)cn1,0.5843487097907776
CCC(CC)C(=O)Nc1ccc(C(=O)OC(=O)C(CC)CC)o1,0.16377792674881267
CCC(CC)C(=O)OC(=O)OCC(=O)OCc1cc(C)no1,0.16073809719735413
CCOC(=O)C(=O)OCc1cc(=O)n2nc(N3[C@H](C)C[C@@H]4CCCC[C@@H]43)sc2n1,0.5647703225572138
CCOC(=O)NC(=O)CSC(C)n1cc(NC(=O)N2[C@H](C(C)=O)C[C@@H]3CCCC[C@@H]32)cn1,0.2372549189530971
CCC(CC)C(=O)NC(=O)C(CC)C(=O)OCc1cc(=O)n2nc(N3[C@H](C)C[C@@H]4CCCC[C@@H]43)sc2n1,0.5817744738827396
CCOC(=O)c1ccc(CNC(=O)[C@H]2C[C@@H]3CCCC[C@@H]3N2C(=O)[C@@H](C)OCC)o1,0.2576166547759564
CCO[C@H](C)c1nc2c(COC(C)=O)cnn2c(CC(C)=O)c1CCC(=O)C(=O)C(CC)CC,0.41552601663866623
CCOCc1cnn2c(CC(C)=O)c(CCC(=O)N3[C@H](C)C[C@@H]4CCCC[C@@H]43)c(C)nc12,0.5558264921995841
Cc1cc(COC(=O)[C@H]2C[C@@H]3CCCC[C@@H]3N2C(=O)c2ccccc2)on1,0.5540916385036406
CCO[C@H](C)c1nc2c(COC(C)=O)cnn2c(CC(C)=O)c1OCc1cc(C)no1,0.13650318203796627
CCc1noc(-c2ccc(C(=O)N3[C@@H](C(=O)OOCOC(=O)OC(=O)C(CC)CC)C[C@H]4CCCC[C@H]43)cc2)n1,0.5773502691896257
CCO[C@H](C)C(=O)Nc1nc2c(C#N)cnn2c(C)c1CCOCc1cc(C)no1,0.12481250778338865
O=C(OC(=O)c1ccccc1)OC(=O)c1ccc(CNC(=O)[C@H]2C[C@@H]3CCCC[C@@H]3N2C(=O)c2ccccc2)o1,0.18332143406124926
Cc1c(CCC(=O)N2[C@H](C)C[C@@H]3CCCC[C@@H]32)c(NC(=O)[C@@H](C)OCc2ccccc2)nc2c(C#N)cnn12,0.19211877238025019
C[C@@H]1C[C@@H]2CCCC[C@@H]2N1c1nn2c(=O)cc(CCc3cccnc3)nc2s1,0.16258127969465277
CCO[C@H](C)c1nc2c(COC(C)=O)cnn2c(CC(C)=O)c1C(=O)OCc1cc(C)no1,0.1458320029350181
CCOC(=O)C(=O)OC(=O)OC(=O)c1ccc(CNC(=O)[C@H]2C[C@@H]3CCCC[C@@H]3N2C(=O)c2ccccc2)o1,0.5582062368861089
CC(=O)OCCC(=O)[C@H]1C[C@@H]2CCCC[C@@H]2N1C(=O)c1ccccc1,0.2263701763914454
CCOC(=O)C(=O)OCc1cc(=O)n2nc(COC(=O)OC(=O)C(CC)CC)sc2n1,0.42640143271122083
CCO[C@H](C)C(=O)Nc1nc2c(C#N)cnn2c(C)c1CCCc1cc(C)no1,0.12618160732783834
CCO[C@H](C)OC(=O)c1ccc(CNC(=O)[C@H]2C[C@@H]3CCCC[C@@H]3N2OCC)o1,0.2262917254528942
CCC(CC)C(=O)OCc1cnn2c(CC(C)=O)c(CCC(=O)N3[C@H](C)C[C@@H]4CCCC[C@@H]43)c(C)nc12,0.5817744738827396
CCOOC(=O)C(=O)c1ccc(CNC(CC)C(=O)NC(=O)C(CC)CC)o1,0.1584377234538627
CCOC(=O)NC(=O)CSC(C)n1cc(NC(=O)[C@H]2C[C@@H]3CCCC[C@@H]3N2C(=O)c2ccccc2)cn1,0.5948496901286524
C[C@@H]1C[C@@H]2CCCC[C@@H]2N1c1nn2c(=O)cc(CCOC(=O)c3ccccc3)nc2s1,0.1760477575970494
CCOC(=O)C(=O)c1ccc(CNC(=O)OCc2cc(C)no2)o1,0.41169348479630913
Cc1cc(CCCc2cc(=O)n3nc(N4[C@H](C)C[C@@H]5CCCC[C@@H]54)sc3n2)on1,0.16895942207442294
CC(Sc1cccnc1)n1cc(NC(=O)[C@H]2C[C@@H]3CCCC[C@@H]3N2C(=O)c2ccccc2)cn1,0.18731504286513206
CCOC(=O)c1ccc(CNC(=O)[C@H]2C[C@@H]3CCCC[C@@H]3N2C(=O)c2ccccc2)o1,0.6062354060275328
CCOC(=O)c1ccc(SC(C)n2cc(NC(=O)[C@H]3C[C@@H]4CCCC[C@@H]4N3C(=O)c3ccccc3)cn2)o1,0.2123952943896613
CCC(CC)C(=O)NC(=O)C(=O)Nn1cc(NC(=O)[C@H]2C[C@@H]3CCCC[C@@H]3N2C(=O)c2ccccc2)cn1,0.5557189302262114
CC(=O)OCCC(=O)OC(=O)OC(=O)c1ccc(CNC(=O)[C@H]2C[C@@H]3CCCC[C@@H]3N2C(=O)c2ccccc2)o1,0.5354561482635966
CCO[C@H](C)c1nc2c(COC(C)=O)cnn2c(CC(C)=O)c1CCC(=O)OCc1cc(C)no1,0.1428040191485136
CCC(CC)C(=O)Nn1cc(NC(=O)OCc2cc(C)no2)cn1,0.39957961102415934
CCC(CC)OC(=O)NC(=O)CSC(C)n1cc(NC(=O)[C@H]2C[C@@H]3CCCC[C@@H]3N2C(=O)c2ccccc2)cn1,0.5857181006513773
CCOC(=O)NC(=O)CSC(C)n1cc(NC(=O)c2ccc(-c3nc(CC)no3)cc2)cn1,0.15601563472923574
CCOC(=O)CCc1c(NC(=O)[C@@H](C)OCC)nc2c(C#N)cnn2c1C,0.4229205464598359
CCOC(=O)[C@H]1C[C@@H]2CCCC[C@@H]2N1C(=O)c1ccccc1,0.23145240608202627
O=C(NCc1ccccc1)[C@H]1C[C@@H]2CCCC[C@@H]2N1C(=O)c1ccccc1,0.5310850045437943
CCC(CC)C(=O)Nn1cc(NC(=O)c2ccccc2)cn1,0.3565370164061463
CC(=O)OCCc1ccc(CNC(=O)[C@H]2C[C@@H]3CCCC[C@@H]3N2C(=O)c2ccccc2)o1,0.5797116298389154
CCC(CC)C(=O)NC(=O)CSC(C)N1[C@H](C)C[C@@H]2CCCC[C@@H]21,0.011554238769951073
CCOC(=O)N[C@H](C)C(=O)[C@@H]1C[C@@H]2CCCC[C@@H]2N1C(=O)Nc1cnc(OC(C)=O)s1,0.24046845024812405
CCC(CCOC(C)=O)C(=O)OCc1cc(=O)n2nc(C(=O)OCc3cc(C)no3)sc2n1,0.14531394800130784
CCOc1nn2c(=O)cc(COC(=O)C(CC)CCOC(C)=O)nc2s1,0.42640143271122083
CCO[C@H](C)OC(=O)NC(=O)CSC(C)n1cc(NC(=O)[C@H]2C[C@@H]3CCCC[C@@H]3N2C(=O)c2ccccc2)cn1,0.5773502691896257
CCOC(=O)c1csc(NC(=O)N2[C@H](C(=O)[C@H](CC3CCCC3)OC(=O)C(CC)CC)C[C@@H]3CCCC[C@@H]32)n1,0.22727667777017754
C[C@@H]1C[C@@H]2CCCC[C@@H]2N1C(=O)C(=O)c1ccc(CNC(=O)[C@H]2C[C@@H]3CCCC[C@@H]3N2C(=O)c2ccccc2)o1,0.49831932297574694
CCOC(=O)NC(=O)CSC(C)n1cc(NC(=O)[C@H]2C[C@@H]3CCCC[C@@H]3N2C(=O)OC(C)=O)cn1,0.22927767120545126
CCOC(=O)NC(=O)CSC(C)n1cc(NC(=O)N2[C@H](C(=O)c3ccccc3)C[C@@H]3CCCC[C@@H]32)cn1,0.5948496901286524
CCOC(=O)NC(=O)C(C)SCC(=O)NC(=O)C(CC)CC,0.00897998077861293
CCC(=O)Nn1cc(NC(=O)[C@H]2C[C@@H]3CCCC[C@@H]3N2C(=O)c2ccccc2)cn1,0.565090905158132
CCC(CC)C(=O)[C@H]1C[C@@H]2CCCC[C@@H]2N1C(=O)c1ccccc1,0.22565067111832687
CCC(CC)C(=O)NC(=O)Nc1nc2c(C#N)cnn2c(C)c1CCC(=O)N1[C@H](C)C[C@@H]2CCCC[C@@H]21,0.5640760748177662
CCOC(=O)c1ccc(C(=O)CCc2c([C@@H](C)OCC)nc3c(COC(C)=O)cnn3c2CC(C)=O)o1,0.1476447486248711
CCOC(=O)C(=O)c1ccc(CNC(=O)C(=O)[C@H]2C[C@@H]3CCCC[C@@H]3N2C(=O)c2ccccc2)o1,0.5818785759635375
O=C(c1ccccc1)N1[C@@H](c2cccnc2)C[C@@H]2CCCC[C@@H]21,0.4796754064731913
CCC(CC)C(=O)OC(=O)OCSC(C)n1cc(NC(=O)[C@H]2C[C@@H]3CCCC[C@@H]3N2C(=O)c2ccccc2)cn1,0.6024640760767093
CCc1noc(-c2ccc(C(=O)C(C)SCC(=O)NC(=O)C(CC)CC)cc2)n1,0.40191847623425025
CCCC(CC)CCc1ccc(CNC(=O)[C@H]2C[C@@H]3CCCC[C@@H]3N2C(=O)c2ccccc2)o1,0.584183054589776
CCOC(=O)NC(=O)CSC(C)c1cnn(C(C)SCC(=O)NC(=O)OCC)c1,0.16845400837234217
CCC(CC)C(=O)OC(=O)c1ccc(-c2ccccc2)o1,0.36115755925730764
O=C(NCc1ccccc1)[C@H]1C[C@@H]2CCCC[C@@H]2N1C(=O)c1ccccc1,0.5310850045437943
CCCC(CC)CCc1ccc(CNCCC(=O)N2[C@H](C)C[C@@H]3CCCC[C@@H]32)o1,0.214234249002021
CCOC(=O)NC(=O)CC(CC)C(=O)Nn1cc(NC(=O)[C@H]2C[C@@H]3CCCC[C@@H]3N2C(=O)c2ccccc2)cn1,0.5857181006513773
CCCC(CC)n1cc(NC(=O)N2[C@H](C(=O)c3ccccc3)C[C@@H]3CCCC[C@@H]32)cn1,0.6062354060275328
CCC(CC)C(=O)c1ccc(CNC(=O)[C@H]2C[C@@H]3CCCC[C@@H]3N2C(=O)c2ccccc2)o1,0.5936825889256334
CCOC(=O)NC(=O)CSC(C)n1cc(C(=O)OCc2cc(C)no2)cn1,0.44353276257274366
CCC(CC)C(=O)NC(=O)c1ccc(C(=O)C(CC)CC)o1,0.1568643207805063
CCC(CC)C(=O)Nn1cc(NC(=O)CCC(=O)N2[C@H](C)C[C@@H]3CCCC[C@@H]32)cn1,0.22428020353692393
CCC(CC)C(=O)c1ccc(-n2cc(NC(=O)[C@H]3C[C@@H]4CCCC[C@@H]4N3C(=O)c3ccccc3)cn2)o1,0.20519334867455988
CCOC(=O)C(=O)c1ccc(CNC(=O)c2ccc(C(=O)OC(=O)C(CC)CC)o2)o1,0.42640143271122083
CCOC(=O)C(=O)c1ccc(CNC(=O)C(=O)[C@H]2C[C@@H]3CCCC[C@@H]3N2C(=O)c2ccccc2)o1,0.5818785759635375
CCC(CC)C(=O)NC(=O)c1cnn(C(C)SCOC(=O)OC(=O)C(CC)CC)c1,0.16322010840192083
CCOC(=O)NC(=O)CSC(C)n1cc(C(=O)NC(=O)C(CC)CC)cn1,0.1726836375550783
CCCC(CC)CCc1ccc(CNCNC(=O)C(=O)[C@H]2C[C@@H]3CCCC[C@@H]3N2C(=O)c2ccccc2)o1,0.5859040724295678
CCOC(=O)c1ccc(CNC(=O)c2ccc(C(=O)OC(=O)C(CC)CC)o2)o1,0.43471413360133104
CCCC(CC)n1cc([C@H]2C[C@@H]3CCCC[C@@H]3N2C(=O)c2ccccc2)cn1,0.5672205306887108
CCCC(CC)CCC(=O)[C@@H]1C[C@@H]2CCCC[C@@H]2N1C(=O)Nc1cnn(C(C)SCC(=O)NC(=O)OCC)c1,0.23765206506125236
CCOC(=O)CCc1ccc(CNC(=O)[C@H]2C[C@@H]3CCCC[C@@H]3N2C(=O)c2ccccc2)o1,0.6005461994758755
O=C(NCC(=O)c1ccccc1)C(=O)[C@H]1C[C@@H]2CCCC[C@@H]2N1C(=O)c1ccccc1,0.5388159060803247
CCO[C@H](C)c1nc2c(COC(C)=O)cnn2c(CC(C)=O)c1-c1ccc(C(=O)OC(=O)C(CC)CC)o1,0.1501861529550426
Cc1cc(COn2cc(NC(=O)[C@H]3C[C@@H]4CCCC[C@@H]4N3C(=O)c3ccccc3)cn2)on1,0.1894316642054525
CCOC(=O)C(=O)c1ccc(CNC(=O)[C@H]2C[C@@H]3CCCC[C@@H]3N2C(=O)C(=O)OCc2cc(C)no2)o1,0.588348405414552
CCOC(=O)c1ccc(CNC(=O)[C@H]2C[C@@H]3CCCC[C@@H]3N2C(=O)CC(=O)NC(=O)C(CC)CC)o1,0.2298124649968892
CCCC(CC)n1cc(NC(=O)N2[C@H](C(=O)C(=O)OCc3cc(C)no3)C[C@@H]3CCCC[C@@H]32)cn1,0.6363636363636364
CCCC(CC)CCc1ccc(C(=O)[C@H]2C[C@@H]3CCCC[C@@H]3N2C(=O)C(=O)OCc2cc(C)no2)o1,0.6196773353931867
CCO[C@H](C)OC(=O)c1ccc(CNC(=O)[C@H]2C[C@@H]3CCCC[C@@H]3N2Cc2cc(C)no2)o1,0.5750175312895447
CCOC(=O)C(C)SCOC(=O)OC(=O)C(CC)CC,0.00943399645088762
CCOC(=O)NC(=O)CSC(C)n1cc(CNC(=O)[C@H]2C[C@@H]3CCCC[C@@H]3N2C(=O)c2ccccc2)cn1,0.5967081414398551
CCOC(=O)NC(=O)CSC(C)n1cc(C(C)SCOC(=O)OC(=O)C(CC)CC)cn1,0.16701356729156625
CCCCC(CC)n1cc(NC(=O)N2[C@H](C(=O)c3ccccc3)C[C@@H]3CCCC[C@@H]32)cn1,0.5891582453098054
CCOC(=O)c1cnn(C(C)SCOC(=O)OC(=O)C(CC)CC)c1,0.17646272047704206
Cc1cc(COC(=O)C(=O)[C@@H]2C[C@@H]3CCCC[C@@H]3N2C(=O)Nc2cnn(C(=O)OCc3cc(C)no3)c2)on1,0.19837543410421643
CCCC(CC)CCc1ccc(CNN2[C@@H](C(=O)NCc3ccc(C(=O)C(=O)OCC)o3)C[C@@H]3CCCC[C@@H]32)o1,0.6002450479987809
CCCC(CC)C(=O)N1[C@@H](C(=O)NCc2ccc(C(=O)C(CC)CC)o2)C[C@@H]2CCCC[C@@H]21,0.2447097641876325
CCOCCC(CC)n1cc(NC(=O)N2[C@H](C(=O)c3ccccc3)C[C@@H]3CCCC[C@@H]32)cn1,0.5912643198561531
CCOC(=O)NC(=O)CSC(C)n1cc(Nc2ccc(C(=O)OC(=O)C(CC)CC)o2)cn1,0.447213595499958
CCON1[C@H](C(=O)c2ccccc2)C[C@@H]2CCCC[C@@H]21,0.2069061154622144
CCCC(CC)CCC(=O)Nn1cc(NC(=O)[C@H]2C[C@@H]3CCCC[C@@H]3N2C(=O)c2ccccc2)cn1,0.59947894041409
CCOC(=O)NC(=O)CSSC(C)n1cc(NC(=O)N2[C@H](C(=O)c3ccccc3)C[C@@H]3CCCC[C@@H]32)cn1,0.5881025944970276
CCOC(=O)C(=O)c1ccc(CNC(=O)[C@H]2C[C@@H]3CCCC[C@@H]3N2C(=O)c2ccc(C(=O)C(CC)CC)o2)o1,0.6030226891555273
CCOC(=O)NC(=O)CC(CC)C(=O)NC(=O)N1[C@H](C(=O)c2ccccc2)C[C@@H]2CCCC[C@@H]21,0.23119634625578211
CCOC(=O)NC(=O)CSC(C)C(=O)N1[C@@H](C(=O)NCc2ccc(C(=O)OCC)o2)C[C@@H]2CCCC[C@@H]21,0.23688526681643388
CCOC(=O)CCc1ccc(CNC(=O)[C@H]2C[C@@H]3CCCC[C@@H]3N2c2ccc(C(=O)C(CC)CC)o2)o1,0.5948496901286524
CCCCC(CC)n1cc(NC(=O)N2[C@H](C(=O)OCc3cc(C)no3)C[C@@H]3CCCC[C@@H]32)cn1,0.6048583789091339
CCCC(CC)CCC(=O)Nn1cc(C(C)SCC(=O)NC(=O)OCC)cn1,0.18160635270655104
Cc1cc(CNC(=O)[C@H]2C[C@@H]3CCCC[C@@H]3N2C(=O)c2ccccc2)on1,0.5437390678561211
CCNC(=O)[C@H]1C[C@@H]2CCCC[C@@H]2N1C(=O)c1ccccc1,0.21873684464411355
CCOC(=O)NC(=O)CSC(C)n1cc(Cc2cc(C)no2)cn1,0.4236592728681617
CCCC(CC)CCC(=O)Nn1cc(NC(=O)[C@H]2C[C@@H]3CCCC[C@@H]3N2C(=O)C(=O)C(CC)CC)cn1,0.22706012061974346
CCOC(=O)c1ccc(CNC(=O)c2cnn(C(C)SCOC(=O)OC(=O)C(CC)CC)c2)o1,0.4423258684646914
Cc1cc(COC(=O)C(=O)[C@@H]2C[C@@H]3CCCC[C@@H]3N2C(=O)Nc2cnn(C)c2)on1,0.5872202195147035
CCOC(=O)NC(=O)n1cc(NC(=O)N2[C@H](C(=O)C(=O)OCc3cc(C)no3)C[C@@H]3CCCC[C@@H]32)cn1,0.5795497067512154
CCO[C@H](C)OC(=O)c1ccc(CNC(=O)[C@H]2C[C@@H]3CCCC[C@@H]3N2C(=O)CC)o1,0.24268479618100264
CCCCC(CC)n1cc(NC(=O)N2[C@H](Nc3cnn(C(CC)CCCC)c3)C[C@@H]3CCCC[C@@H]32)cn1,0.5316095330711949
CCOC(=O)NC(=O)c1ccc(C(=O)OC(=O)C(CC)CC)o1,0.17262269397190091
CCCC(=O)N1[C@H](C(=O)c2ccccc2)C[C@@H]2CCCC[C@@H]21,0.22296861215266667
CCCNC(=O)[C@H]1C[C@@H]2CCCC[C@@H]2N1C(=O)c1ccccc1,0.22377232804246974
CCOC(=O)C(=O)[C@H]1C[C@@H]2CCCC[C@@H]2N1C(=O)c1ccccc1,0.2379492874435841
CCOC(=O)c1ccc(CNC(=O)[C@H]2C[C@@H]3CCCC[C@@H]3N2C(=O)NCc2ccc(C(=O)C(CC)CC)o2)o1,0.6007514091861106
CCC(CC)C(=O)CCc1ccc(CNC(=O)[C@H]2C[C@@H]3CCCC[C@@H]3N2c2ccc(C(=O)C(CC)CC)o2)o1,0.5582062368861089
CCCC(CC)CCC(=O)Nn1cc(NC(=O)[C@H]2C[C@@H]3CCCC[C@@H]3N2C(C)=O)cn1,0.23938280835938322
CCOC(=O)NC(=O)CSC(C)c1ccc(C(=O)C(CC)CC)o1,0.17458785653041778
Cc1cc(CONC(=O)N2[C@H](C(=O)c3ccccc3)C[C@@H]3CCCC[C@@H]32)on1,0.5469417694282447
CCOC(=O)NC(=O)CSC(C)n1cc(NC(=O)N2[C@H](C(=O)CC(=O)NC(=O)OCC)C[C@@H]3CCCC[C@@H]32)cn1,0.22329435171590373
CCC(CC)C(=O)OC(=O)OCSC(C)CNC(=O)[C@H]1C[C@@H]2CCCC[C@@H]2N1C(=O)c1ccccc1,0.23219400492589945
CCCN1[C@H](C(=O)c2ccccc2)C[C@@H]2CCCC[C@@H]21,0.2069061154622144
CCOC(=O)c1ccc(CNC(=O)[C@H]2C[C@@H]3CCCC[C@@H]3N2C(=O)c2ccc(C(=O)OCC)o2)o1,0.6090712125322325
CCOC(=O)C(=O)c1ccc(CNC(=O)[C@H]2C[C@@H]3CCCC[C@@H]3N2C)o1,0.2360641715666076
CCOCc1ccc(C(=O)N2[C@@H](C(=O)NCc3ccc(C(=O)C(=O)OCC)o3)C[C@@H]3CCCC[C@@H]32)o1,0.6018344659534288
CCCCC(CC)n1cc(NSCC(=O)NC(=O)OCC)cn1,0.16670952910146727
CCCc1ccc(C(=O)N2[C@@H](C(=O)NCc3ccc(C(=O)C(=O)OCC)o3)C[C@@H]3CCCC[C@@H]32)o1,0.6181535578949712
CCOCCCc1ccc(CNC(=O)[C@H]2C[C@@H]3CCCC[C@@H]3N2c2ccc(C(=O)C(CC)CC)o2)o1,0.5552212862379552
CCOC(=O)CCc1ccc(CNC(=O)[C@H]2C[C@@H]3CCCC[C@@H]3N2c2ccc(C(=O)C(=O)OCC)o2)o1,0.5773502691896257
CCOC(=O)NC(=O)CSC(C)n1cc(NC(=O)[C@H]2C[C@@H]3CCCC[C@@H]3N2C(=O)OCC)cn1,0.23807326457253117
CCOC(=O)NC(=O)CSC(C)C(=O)N1[C@@H](C(=O)NCc2ccc(C(=O)C(CC)CC)o2)C[C@@H]2CCCC[C@@H]21,0.23539938801196644
CCOC(=O)C(=O)c1ccc(CNC(=O)[C@H]2C[C@@H]3CCCC[C@@H]3N2C(=O)c2ccc(C(=O)OCC)o2)o1,0.5971508580642095
CCOC(=O)NC(=O)CSC(C)SCOC(=O)OC(=O)C(CC)CC,0.008824695626815702
CCOC(=O)C(=O)c1ccc(CNC(=O)C(=O)[C@H]2C[C@@H]3CCCC[C@@H]3N2C(=O)c2ccccc2)o1,0.5818785759635375
CCC(CC)C(=O)c1ccc(C(=O)[C@H]2C[C@@H]3CCCC[C@@H]3N2C(=O)c2ccc(C(=O)C(CC)CC)o2)o1,0.5817744738827396
CCCCC(CC)n1cc(NC(=O)N2[C@H](OCC)C[C@@H]3CCCC[C@@H]32)cn1,0.22388429819110411
CCCC(CC)CCC(=O)Nn1cc(SCC(=O)NC(=O)OCC)cn1,0.17748367208506194
CCOC(=O)NC(=O)CSc1ccc(C(=O)C(CC)CC)o1,0.1697686747062038
CCCCC(CC)n1cc(NC(=O)N2[C@H](c3ccc(C(=O)OCC)o3)C[C@@H]3CCCC[C@@H]32)cn1,0.6048583789091339
CCOC(=O)NC(=O)CSC(=O)N1[C@@H](C(=O)NCc2ccc(C(=O)C(CC)CC)o2)C[C@@H]2CCCC[C@@H]21,0.22706012061974346
CCCCC(COCC)n1cc(NC(=O)N2[C@H](c3ccc(C(=O)OCC)o3)C[C@@H]3CCCC[C@@H]32)cn1,0.5906244232186183
CCOC(=O)C(=O)C(=O)c1ccc(CNC(=O)[C@H]2C[C@@H]3CCCC[C@@H]3N2C(=O)c2ccc(C(=O)OCC)o2)o1,0.5859040724295678
CCOC(=O)NC(=O)CSC(C)n1cc(CNC(=O)[C@H]2C[C@@H]3CCCC[C@@H]3N2C(=O)C(=O)OCC)cn1,0.23032896263551436
CCOSC(C)n1cc(NC(=O)N2[C@H](C(=O)c3ccccc3)C[C@@H]3CCCC[C@@H]32)cn1,0.5773502691896257
CCCC(CC)CCC(=O)Nn1cc(C(CC)CC)cn1,0.14814270871857896
CCCC(CC)CCc1ccc(C(=O)[C@H]2C[C@@H]3CCCC[C@@H]3N2C(=O)C(=O)OCc2cc(C(CC)CC)no2)o1,0.6024640760767093
CCOC(=O)c1ccc(-c2cnn(C(C)SCOC(=O)OC(=O)C(CC)CC)c2)o1,0.45069390943299864
CCCC(CC)CCC(=O)Nn1cc(Nc2cnn(C(C)SCC(=O)NC(=O)OCC)c2)cn1,0.46008567910421677
CCOC(=O)NC(=O)CSC(C)n1cc(Nc2cnn(C(C)SCOC(=O)OC(=O)C(CC)CC)c2)cn1,0.42568539285636187
CCOCc1ccc(C(=O)N2[C@@H](C(=O)OCc3cc(C)no3)C[C@@H]3CCCC[C@@H]32)o1,0.5847053462046861
O=C(c1ccccc1)N1[C@@H](c2ccccc2)C[C@@H]2CCCC[C@@H]21,0.4796754064731913
CCCC(CC)CCc1ccc(C(=O)[C@H]2C[C@@H]3CCCC[C@@H]3N2C(=O)C(=O)CC(=O)NC(=O)OCC)o1,0.23688526681643388
CCOC(=O)c1ccc(C(=O)OCc2cc(C)no2)o1,0.36596252735569995
CCC(CC)c1cc(COC(=O)OCc2cc(C)no2)on1,0.34299717028501764
CCOC(=O)NC(=O)CSC(=O)c1ccc(CNC(=O)[C@H]2C[C@@H]3CCCC[C@@H]3N2C(=O)c2ccccc2)o1,0.5708992257184502
CCOC(=O)N[C@H](C)C(=O)[C@@H]1C[C@@H]2CCCC[C@@H]2N1C(=O)Nc1cnc(CC)s1,0.2537376689546586
Cc1cc(COOC(=O)c2ccc(CNC(=O)[C@H]3C[C@@H]4CCCC[C@@H]4N3C(=O)c3ccccc3)o2)on1,0.19486346532058657
CCOC(=O)c1ccc(C(=O)N2[C@@H](C(=O)Nc3ccc(C(=O)OC(=O)C(CC)CC)o3)C[C@@H]3CCCC[C@@H]32)o1,0.6115928396627266
CCOC(=O)C(=O)c1ccc(CNc2ccc(C(=O)OCC)o2)o1,0.4236592728681617
CCOC(=O)C(=O)c1ccc(CNC(=O)[C@H]2C[C@@H]3CCCC[C@@H]3N2C(=O)c2ccccc2)o1,0.5936825889256334
CCOC(=O)NC(=O)Cc1ccc(C(=O)C(=O)OCC)o1,0.16297585819638816
CCC(CC)C(=O)CNC(=O)[C@H]1C[C@@H]2CCCC[C@@H]2N1C(=O)c1ccccc1,0.23321036949690238
CCC(CC)C(=O)c1ccc(CNC(=O)N2[C@@H](C(=O)NCc3ccc(-c4ccccc4)o3)C[C@@H]3CCCC[C@@H]32)o1,0.20173057534541267
CCOC(=O)c1ccc(C(=O)N2[C@@H](C(=O)NC(CC)CC)C[C@@H]3CCCC[C@@H]32)o1,0.24992486554342322
CCCC(CC)CCc1ccc(C(=O)[C@H]2C[C@@H]3CCCC[C@@H]3N2C(=O)C(=O)OCc2cc(C(CC)CC)no2)o1,0.6024640760767093
CCC(CC)C(=O)OC(=O)OCSC(C)n1cc(C)cn1,0.16297585819638816
CCOC(=O)NC(=O)CSNC(=O)[C@H]1C[C@@H]2CCCC[C@@H]2N1C(=O)c1ccccc1,0.22693449951988207
CCOC(=O)c1ccc(C(=O)N2[C@@H](C(=O)NC(=O)c3ccccc3)C[C@@H]3CCCC[C@@H]32)o1,0.5916079783099615
CCCC(=O)c1ccc(CNC(=O)[C@H]2C[C@@H]3CCCC[C@@H]3N2C(=O)c2ccccc2)o1,0.5869734364739603
CCOCC(CC)n1cc(NC(=O)N2[C@H](c3ccc(C(=O)OCC)o3)C[C@@H]3CCCC[C@@H]32)cn1,0.5865151319446071
CCCC(CC)CCc1ccc(C(=O)[C@H]2C[C@@H]3CCCC[C@@H]3N2C(CC)CC)o1,0.21517182131080642
CCCc1ccc(C(=O)N2[C@@H](C(C)SCC(=O)NC(=O)OCC)C[C@@H]3CCCC[C@@H]32)o1,0.24301316079881558
CCC(=O)N1[C@H](C(=O)OCc2cc(C)no2)C[C@@H]2CCCC[C@@H]21,0.22907847249607619
CCC(CC)C(=O)OC(=O)OCSC(C)n1cc(Cc2cc(C)no2)cn1,0.40987803063838396
CCOC(=O)CCc1ccc(CNC(=O)[C@H]2C[C@@H]3CCCC[C@@H]3N2C(C)SCC(=O)NC(=O)OCC)o1,0.22292021961554706
CCOC(=O)c1ccc(C(=O)OCc2cc(C)no2)o1,0.36596252735569995
CCOC(=O)C(=O)c1ccc(CNC(=O)C(=O)OCc2cc(C(CC)CC)no2)o1,0.41901374569812083
CCOC(=O)C(=O)c1ccc(CNC(=O)N2[C@H](C(=O)OCc3cc(C)no3)C[C@@H]3CCCC[C@@H]32)o1,0.6
CCOC(=O)NC(=O)CSC(C)n1cc(NC(=O)N2[C@H](C(=O)OCc3cc(C)no3)C[C@@H]3CCCC[C@@H]32)cn1,0.6007514091861106
CCCC(CC)CCC(=O)Nn1cc(CC(=O)NC(=O)OCC)cn1,0.1798242172009488
CCCC(CC)CCc1ccc(C(=O)[C@H]2C[C@@H]3CCCC[C@@H]3N2C(C)=O)o1,0.23655006745959284
CCCC(CC)n1cc(NC(=O)N2[C@H](C(=O)NCc3ccc(C(=O)OCC)o3)C[C@@H]3CCCC[C@@H]32)cn1,0.6387487769068525
CCOC(=O)NC(=O)CSC(C)n1cc(NC(=O)[C@H]2C[C@@H]3CCCC[C@@H]3N2C(=O)c2ccccc2)cn1,0.5948496901286524
CCCC(CC)CCC(=O)Nn1cc(C(C)SCC(=O)NC(=O)OCC)cn1,0.18160635270655104
CCO[C@H]1C[C@@H]2CCCC[C@@H]2N1C(=O)c1ccccc1,0.2069061154622144
CCCCC(CC)n1cc(NC(=O)N2[C@H](c3ccc(C(=O)OCCC)o3)C[C@@H]3CCCC[C@@H]32)cn1,0.5796011559684815
CCC(CC)C(=O)NC(=O)N1[C@H](C(=O)c2ccccc2)C[C@@H]2CCCC[C@@H]21,0.2326673876903359
CCOCc1ccc(C(=O)N2[C@@H](C(=O)[C@H]3C[C@@H]4CCCC[C@@H]4N3C(=O)c3ccccc3)C[C@@H]3CCCC[C@@H]32)o1,0.5270462766947299
CCCC(CC)CCc1ccc(C(=O)[C@H]2C[C@@H]3CCCC[C@@H]3N2C(=O)C(=O)NCc2ccc(C(=O)OCC)o2)o1,0.6192403787032474
CCCN1[C@@H](C(=O)NCc2ccc(C(=O)O[C@@H](C)OCC)o2)C[C@@H]2CCCC[C@@H]21,0.2300082444999496
CCCCC(CC)n1cc(NC(=O)OCc2cc(C(CC)CC)no2)cn1,0.38527587518556106
CCOC(=O)N[C@H](C)C(=O)[C@@H]1C[C@@H]2CCCC[C@@H]2N1C(=O)Nc1cnc(C(=O)OCc2cc(C)no2)s1,0.6147786234942719
CCCC(CC)CCc1ccc(C(=O)[C@H]2C[C@@H]3CCCC[C@@H]3N2C(=O)C(=O)c2ccccc2)o1,0.6048583789091339
Cc1cc(COC(=O)[C@@H]2C[C@@H]3CCCC[C@@H]3N2C(=O)NCc2ccc(OCc3cc(C)no3)o2)on1,0.19700097129926078
CCCC(CC)n1cc(NC(=O)N2[C@H](C(=O)NCc3ccc(C(=O)OCC)o3)C[C@@H]3CCCC[C@@H]32)cn1,0.6387487769068525
CCOCc1ccc(C(=O)N2[C@@H](C(=O)C(=O)OCC)C[C@@H]3CCCC[C@@H]32)o1,0.2443496318892009
CCOC(=O)c1ccc(CNC(=O)C(=O)OCc2cc(C(CC)CC)no2)o1,0.4272466296411038
CCCCC(CC)n1cc(NC(=O)[C@H]2C[C@@H]3CCCC[C@@H]3N2C(=O)c2ccc(C(=O)OCC)o2)cn1,0.6375767130633383
CCCC(CC)CCc1ccc(C(=O)[C@H]2C[C@@H]3CCCC[C@@H]3N2C(=O)c2cc(C)no2)o1,0.6011194039582536
CCOC(=O)c1ccc(C(=O)N2[C@@H](C(=O)C(=O)C(=O)OCc3cc(C(CC)CC)no3)C[C@@H]3CCCC[C@@H]32)o1,0.5944606451621641
CCCC(CC)CCc1ccc(C(=O)[C@H]2C[C@@H]3CCCC[C@@H]3N2C(=O)C(=O)OCc2cc(C(C)CC)no2)o1,0.6178020632152155
CCC(CC)C(=O)c1ccc(C(=O)N2[C@@H](C(=O)Cc3cc(C)no3)C[C@@H]3CCCC[C@@H]32)o1,0.6036611463901059
CCOC(=O)c1ccc(CNC(=O)[C@@H]2C[C@@H]3CCCC[C@@H]3N2C(=O)OCC)o1,0.24466270009176735
CCC(C)c1cc(COC(=O)C(=O)N2[C@@H](OCc3cc(C)no3)C[C@@H]3CCCC[C@@H]32)on1,0.5725983343138682
CCCC(CC)n1cc(NC(=O)N2[C@H](C(=O)NCc3ccc(C(=O)OCC)o3)C[C@@H]3CCCC[C@@H]32)cn1,0.6387487769068525
CCCCC(CC)n1cc(NC(=O)C(CC)CC)cn1,0.14528364585354828
CCOC(=O)c1ccc(CC(=O)c2ccc(CNC(=O)[C@H]3C[C@@H]4CCCC[C@@H]4N3C(=O)c3ccccc3)o2)o1,0.2069781287304064
Cc1cc(C(=O)CCc2ccc(CNC(=O)[C@H]3C[C@@H]4CCCC[C@@H]4N3C(=O)c3ccccc3)o2)on1,0.19700097129926078
CCC(C)c1cc(COC(=O)C(=O)N2[C@@H](C(=O)c3ccccc3)C[C@@H]3CCCC[C@@H]32)on1,0.6011194039582536
CCC(CC)C(=O)OC(=O)OCSC(C)n1cc(C(=O)C(=O)OCc2cc(C(CC)CC)no2)cn1,0.4054424270396916
CCOC(=O)N[C@H](C)C(=O)OC(=O)C(=O)N1[C@@H](C(=O)c2ccccc2)C[C@@H]2CCCC[C@@H]21,0.2372549189530971
Cc1cc(C(=O)N2[C@@H](OC(=O)C(=O)N3[C@@H](C(=O)c4ccccc4)C[C@@H]4CCCC[C@@H]43)C[C@@H]3CCCC[C@@H]32)on1,0.4948716593053935
CCOC(=O)c1ccc(COC(=O)c2ccc(CNC(=O)[C@H]3C[C@@H]4CCCC[C@@H]4N3C(=O)c3ccccc3)o2)o1,0.204780068600076
CCOC(=O)N[C@H](C)C(=O)[C@@H]1C[C@@H]2CCCC[C@@H]2N1C(=O)Nc1cnc(C(=O)OCc2cc(C)no2)s1,0.6147786234942719
CCCC(CC)NC(=O)[C@@H]1C[C@@H]2CCCC[C@@H]2N1C(=O)Nc1cnn(C(CC)CCC)c1,0.229130435403061
CCOC(=O)c1ccc(CNC(=O)[C@H]2C[C@@H]3CCCC[C@@H]3N2C(=O)c2ccc(C(=O)C(CC)CC)o2)o1,0.6147786234942719
CCCC(CC)CCc1ccc(C(=O)[C@H]2C[C@@H]3CCCC[C@@H]3N2NCc2ccc(C(=O)OCC)o2)o1,0.59947894041409
CCC(CC)C(=O)C(=O)c1ccc(CNC(=O)[C@H]2C[C@@H]3CCCC[C@@H]3N2C(=O)c2ccccc2)o1,0.5818785759635375
CCCCC(CC)n1cc(NC(=O)[C@H]2C[C@@H]3CCCC[C@@H]3N2C(=O)c2ccc(Cc3cc(C)no3)o2)cn1,0.2061006978595825
CCCCC(CC)n1cc(NC(=O)N2[C@H](c3ccc(C(=O)OCC(=O)C(CC)CC)o3)C[C@@H]3CCCC[C@@H]32)cn1,0.5857181006513773
CCCC(CC)CCc1ccc(C(=O)[C@H]2C[C@@H]3CCCC[C@@H]3N2c2ccc(C(=O)C(=O)OCC)o2)o1,0.6196773353931867
CCC(CC)C(=O)CC(CC)n1cc(NC(=O)N2[C@H](C(=O)C(=O)OCc3cc(C)no3)C[C@@H]3CCCC[C@@H]32)cn1,0.5878675320972554
CCCC(CC)n1cc(NC(=O)C(C)SCOC(=O)OC(=O)C(CC)CC)cn1,0.17624005449500665
CCC(CC)C(=O)c1ccc(C(=O)N2[C@@H](C(=O)Cc3cc(Cc4cc(C)no4)no3)C[C@@H]3CCCC[C@@H]32)o1,0.2068570332374787
CCCC(CC)CCc1ccc(C(=O)[C@H]2C[C@@H]3CCCC[C@@H]3N2c2ccc(C(=O)C(=O)OCC)o2)o1,0.6196773353931867
CCOC(=O)NC(=O)CSC(C)n1cc(NC(=O)N2[C@H](C(=O)C(CC)CC)C[C@@H]3CCCC[C@@H]32)cn1,0.23648186137404043
CCOC(=O)CC(CC)n1cc(NC(=O)N2[C@H](C(=O)C(=O)OCc3cc(C)no3)C[C@@H]3CCCC[C@@H]32)cn1,0.6076436202502
CCOC(=O)c1ccc(CNC(=O)C(C)SCOC(=O)OC(=O)C(CC)CC)o1,0.16845400837234217
CCCC(CC)CCc1ccc(C(=O)C(CC)CC(=O)OCC)o1,0.16524069404595915
CCCCC(CC)n1cc(NC(=O)[C@H]2C[C@@H]3CCCC[C@@H]3N2C(=O)Nc2cnn(C(CC)CCCC)c2)cn1,0.5646597025732799
CCCC(CC)CCc1ccc(C(=O)[C@H]2C[C@@H]3CCCC[C@@H]3N2C(=O)C(=O)OCC(CC)CCC)o1,0.23219400492589945
Cc1cc(COC(=O)c2ncc(NC(=O)c3ccccc3)s2)on1,0.10742540644749186
CCCCC(CC)n1cc(NC(=O)[C@H]2C[C@@H]3CCCC[C@@H]3N2C(=O)CC(CC)CCC)cn1,0.22622380057504615
CCCC(CC)CCc1ccc(C(=O)[C@H]2C[C@@H]3CCCC[C@@H]3N2C(=O)C(=O)CC(CC)CCC)o1,0.2283360751482448
CCCCC(CC)n1cc(NC(=O)N2[C@H](c3ccc(C(=O)OCC(=O)OCC)o3)C[C@@H]3CCCC[C@@H]32)cn1,0.605319926766382
CCC(CC)C(=O)OC(=O)OCSC(C)n1cc(C(=O)OCc2cc(C(CC)CC)no2)cn1,0.41256849850351734
CCOC(=O)CC(CC)C(=O)c1ccc(CNC(=O)[C@H]2C[C@@H]3CCCC[C@@H]3N2C(=O)c2ccccc2)o1,0.6036067306378532
CCCC(CC)n1cc(NC(=O)N2[C@H](C(=O)NCc3ccc(C(=O)OCC)o3)C[C@@H]3CCCC[C@@H]32)cn1,0.6387487769068525
CCCCC(CC)n1cc(NCc2cc(C(C)CC)no2)cn1,0.3520893951097652
CCOC(=O)N[C@H](C)C(=O)[C@@H]1C[C@@H]2CCCC[C@@H]2N1C(=O)Nc1cnc(Cc2ccc(C(=O)OCC)o2)s1,0.625
CCOC(=O)COC(=O)C(=O)Nc1cnc(C(=O)OCc2cc(C)no2)s1,0.3984095364447978
CCCC(CC)CCNC(=O)[C@H]1C[C@@H]2CCCC[C@@H]2N1C(=O)c1ccc(C(=O)C(CC)CC)o1,0.2346308603713973
CCCC(CC)n1cc(NC(=O)N2[C@H](Cc3cc(C(C)CC)no3)C[C@@H]3CCCC[C@@H]32)cn1,0.5750175312895447
CCOC(=O)CC(CC)C(=O)c1ccc(C(=O)[C@@H](C)NC(=O)OCC)o1,0.1749215318277693
CCCCC(CCC)n1cc(NC(=O)N2[C@H](C(=O)NCc3ccc(C(=O)OCC)o3)C[C@@H]3CCCC[C@@H]32)cn1,0.6239494988372349
CCCC(CC)CCNC(=O)[C@@H]1C[C@@H]2CCCC[C@@H]2N1C(=O)Nc1cnn(C(CC)CCC)c1,0.22342504786506076
CCOC(=O)CC(CC)n1cc(NC(=O)N2[C@H](C(=O)Cc3cc(C)no3)C[C@@H]3CCCC[C@@H]32)cn1,0.62725004818718
CCCCC(COCC)n1cc(NC(=O)N2[C@H](c3ccc(C(=O)OCC)o3)C[C@@H]3CCCC[C@@H]32)cn1,0.5906244232186183
CCC(CCC(=O)c1ccccc1)n1cc(NC(=O)N2[C@H](C(=O)c3ccccc3)C[C@@H]3CCCC[C@@H]32)cn1,0.20221937471553858
CCCC(CC)CCNC(=O)[C@H]1C[C@@H]2CCCC[C@@H]2N1C(=O)c1ccc(C(=O)C(CC)CC)o1,0.2346308603713973
CCCc1ccc(C(=O)N2[C@@H](C(=O)NCCC(CC)CCC)C[C@@H]3CCCC[C@@H]32)o1,0.23058064250950866
CCCC(CC)C[C@H]1C[C@@H]2CCCC[C@@H]2N1C(=O)c1ccccc1,0.22048942646323016
CCOC(=O)c1ccc(CNC(=O)[C@H]2C[C@@H]3CCCC[C@@H]3N2C(=O)c2ccc(C)o2)o1,0.6185537128270866
CCOc1ccc(CNC(=O)[C@H]2C[C@@H]3CCCC[C@@H]3N2C(=O)c2ccccc2)o1,0.5699002761767402
CCOC(=O)c1ccc(CNC(=O)C(=O)N2[C@H](C(=O)OCc3cc(C)no3)C[C@@H]3CCCC[C@@H]32)o1,0.6
CCOC(=O)CC(CC)n1cc(NC(=O)N2[C@H](c3ccc(C(=O)OCC)o3)C[C@@H]3CCCC[C@@H]32)cn1,0.6018344659534288
CCCC(CC)CCc1ccc([C@H]2C[C@@H]3CCCC[C@@H]3N2C(=O)c2ccc(C(=O)C(CC)CC)o2)o1,0.5662249438367236
CCCC(CC)CCc1ccc(C(=O)[C@@H](C)NC(=O)OCC)o1,0.18050129178136123
CCCC(CC)c1ncc(NC(=O)N2[C@H](C(=O)[C@@H](C)NC(=O)OCC)C[C@@H]3CCCC[C@@H]32)s1,0.2589340409578514
CCCC(CC)CCc1ccc(C(=O)[C@H]2C[C@@H]3CCCC[C@@H]3N2C(=O)C(=O)NCc2ccc(C(C)=O)o2)o1,0.5989813235437299
CCOC(=O)N[C@H](C)C(=O)[C@H]1C[C@@H]2CCCC[C@@H]2N1C(=O)c1ccccc1,0.24826971577526433
CCOC(=O)COC(=O)c1ccc([C@@H]2C[C@@H]3CCCC[C@@H]3N2C(=O)OCC)o1,0.23321036949690238
CCOC(=O)c1ccc(CNC(=O)[C@@H]2C[C@@H]3CCCC[C@@H]3N2c2ccccc2)o1,0.5699002761767402
CCOC(=O)CC(CC)CCC(CC)n1cc(NC(=O)N2[C@H](C(=O)c3ccccc3)C[C@@H]3CCCC[C@@H]32)cn1,0.6154574548966636
Cc1cc(CC(=O)[C@H]2C[C@@H]3CCCC[C@@H]3N2C(=O)c2ccccc2)on1,0.540402996133523
CCCCC(CCC)OC(=O)c1ccc(CNC(=O)[C@H]2C[C@@H]3CCCC[C@@H]3N2C(=O)c2ccccc2)o1,0.6012806844880862
O=C(C(=O)c1ccccc1)C(=O)c1ccc(CNC(=O)[C@H]2C[C@@H]3CCCC[C@@H]3N2C(=O)c2ccccc2)o1,0.18393972058572117
CCOC(=O)C(=O)N1[C@H](C(=O)Cc2cc(C)no2)C[C@@H]2CCCC[C@@H]21,0.24368382784000797
CCOC(=O)COC(=O)N1[C@H](C(=O)[C@@H](C)NC(=O)OCC)C[C@@H]2CCCC[C@@H]21,0.0130825992062387
CCOC(=O)CC(CC)C(=O)[C@H]1C[C@@H]2CCCC[C@@H]2N1C(=O)C(=O)OCc1cc(C(C)CC)no1,0.2360641715666076
CCOC(=O)COC(=O)NC(=O)[C@H]1C[C@@H]2CCCC[C@@H]2N1C(=O)c1ccc(C(=O)OCC)o1,0.23067020578439892
CCC(CC)C(=O)c1ccc(C(=O)N2[C@@H](C(=O)C(=O)c3ccccc3)C[C@@H]3CCCC[C@@H]32)o1,0.5773502691896257
CCCCC(CC)n1cc(NC(=O)NCc2ccc(C(=O)OCC)o2)cn1,0.4306783846070545
Cc1ccc(CNC(=O)[C@H]2C[C@@H]3CCCC[C@@H]3N2C(=O)c2ccccc2)o1,0.5437390678561211
CCOC(=O)C(=O)c1ccc(N2[C@@H](C(=O)c3ccc(CC(=O)C(=O)c4ccccc4)o3)C[C@@H]3CCCC[C@@H]32)o1,0.19525013443331846
CCOC(=O)CC(CC)Cc1ccc(C(=O)OCC)o1,0.15502096275176022
CCCCC(CC)n1cc(NC(=O)C(=O)[C@@H](C)NC(=O)OCC)cn1,0.18888965547164804
CC(=O)N1[C@H](C(=O)OCc2cc(C)no2)C[C@@H]2CCCC[C@@H]21,0.22411498789495365
CCOC(=O)COC(=O)c1ccc([C@@H]2C[C@@H]3CCCC[C@@H]3N2C(=O)c2ccc(C)o2)o1,0.5894553648230237
CCCC(CC)n1cc([C@@H]2C[C@@H]3CCCC[C@@H]3N2C(=O)Nc2cnc(C(=O)OCc3cc(C)no3)s2)cn1,0.20924852347519962
CCOC(=O)CC(CC)C(=O)N1[C@H](C(=O)OCc2cc(C)no2)C[C@@H]2CCCC[C@@H]21,0.25012127018319896
CCCC(CC)n1cc(NC(=O)NCc2ccc(C(=O)OCC)o2)cn1,0.447213595499958
CCOC(=O)N[C@H](C)C(=O)[C@H]1C[C@@H]2CCCC[C@@H]2N1C(=O)C(=O)OCc1cc(C(C)CC)no1,0.2460583913917063
CCCC(CC)C(=O)[C@H]1C[C@@H]2CCCC[C@@H]2N1C(=O)C(=O)OCc1cc(C(C)CC)no1,0.2480242686408408
CCOC(=O)c1ccc([C@@H]2C[C@@H]3CCCC[C@@H]3N2C(=O)Nc2cnn(C(CC)Cc3cc(C)no3)c2)o1,0.20839502492081916
CCCC(CC)n1cc(CC(=O)[C@@H]2C[C@@H]3CCCC[C@@H]3N2C(=O)Nc2cnn(C(CC)CC(=O)OCC)c2)cn1,0.6276459144608478
CCCC(CC)n1cc(NC(=O)N2[C@H](c3ccc(C)o3)C[C@@H]3CCCC[C@@H]32)cn1,0.5823490660957641
CCOC(=O)N[C@H](C)C(=O)[C@@H]1C[C@@H]2CCCC[C@@H]2N1Cc1ccc(C(=O)OCC)o1,0.2463963374256976
Cc1cc(COC(=O)C(=O)C(=O)N2[C@H](C(=O)OCc3cc(C)no3)C[C@@H]3CCCC[C@@H]32)on1,0.5679618342470648
CCOCNC(=O)[C@H]1C[C@@H]2CCCC[C@@H]2N1C(=O)c1ccc(C(=O)C(CC)CC)o1,0.23898529817136607
CCOC(=O)c1ccc(CNC(=O)C(=O)N2[C@H](C(=O)Cc3cc(C)no3)C[C@@H]3CCCC[C@@H]32)o1,0.607332247634187
CCCC(CC)n1cc(C(=O)[C@H]2C[C@@H]3CCCC[C@@H]3N2C(=O)C(=O)OCc2cc(C(C)CC)no2)cn1,0.6324555320336759
CCOC(=O)CC(CC)n1cc(NC(=O)N2[C@H](C(=O)CCc3ccc(C(=O)OCC)o3)C[C@@H]3CCCC[C@@H]32)cn1,0.5940885257860046
CCCC(CC)CCc1ccc(C(=O)[C@H]2C[C@@H]3CCCC[C@@H]3N2C(=O)C(=O)Oc2ccc(C(=O)OCC)o2)o1,0.6178020632152155
CCOC(=O)CC(CC)CCC(OCC)n1cc(NC(=O)N2[C@H](C(=O)c3ccccc3)C[C@@H]3CCCC[C@@H]32)cn1,0.6085806194501846
Cc1cc(COC(=O)C(=O)[C@H]2C[C@@H]3CCCC[C@@H]3N2C(=O)c2ccccc2)on1,0.572351471472339
CCCCC(CC)n1cc(NC(=O)[C@H]2C[C@@H]3CCCC[C@@H]3N2C(=O)CC(CC)CC(=O)OCC)cn1,0.23883497267801776
CCCN1[C@H](C(=O)[C@@H](C)NC(=O)OCC)C[C@@H]2CCCC[C@@H]21,0.013395278968559396
CCCc1ccc(C(=O)N2[C@@H](C(=O)NCCC(CC)CC(=O)OCC)C[C@@H]3CCCC[C@@H]32)o1,0.24363411166529084
CCOC(=O)c1ccc(CNC(=O)[C@@H]2C[C@@H]3CCCC[C@@H]3N2OCC)o1,0.23098340376406665
CCCc1ccc(C(=O)N2[C@@H](C(=O)NCc3cnn(C(CC)CC(=O)OCC)c3)C[C@@H]3CCCC[C@@H]32)o1,0.6211495565912796
CCOC(=O)CC(CC)[C@H]1C[C@@H]2CCCC[C@@H]2N1C(=O)C(=O)OCc1cc(C(C)CC)no1,0.23416687080018747
Cc1ccc(-c2ccc(CNC(=O)[C@H]3C[C@@H]4CCCC[C@@H]4N3C(=O)c3ccccc3)o2)o1,0.18813660401308313
CCOC(=O)N[C@H](C)C(=O)[C@@H]1C[C@@H]2CCCC[C@@H]2N1C(=O)Nc1cnc(Cc2cc(C(C)CC)no2)s1,0.6413192049055175
CCCn1cc(NC(=O)N2[C@H](C(=O)C(=O)OCc3cc(C)no3)C[C@@H]3CCCC[C@@H]32)cn1,0.6106401198187058
CCOC(=O)N[C@H](C)C(=O)[C@@H]1C[C@@H]2CCCC[C@@H]2N1C(=O)C(C)CC,0.014160028188056645
CCCc1ccc(-c2cnn(C(CC)CC(=O)OCC)c2)o1,0.39562828403747224
CCCC(CC)C[C@@H]1C[C@@H]2CCCC[C@@H]2N1C(=O)Nc1cnc(C(=O)OCc2cc(C)no2)s1,0.5956833971812706
CCCC(=O)N1[C@H](C(=O)Cc2cc(C)no2)C[C@@H]2CCCC[C@@H]21,0.22907847249607619
CCOC(=O)c1ccc(C(=O)N2[C@@H](C(=O)Nc3ccc(C(=O)OC(=O)C(CC)CC)o3)C[C@@H]3CCCC[C@@H]32)o1,0.6115928396627266
CCCC(CC)n1cc(NC(=O)N2[C@H](C(=O)NCC(C)CC)C[C@@H]3CCCC[C@@H]32)cn1,0.2357628770321272
CCOC(=O)CC(CC)n1cc(N2[C@H](C(=O)[C@@H](C)NC(=O)OCC)C[C@@H]3CCCC[C@@H]32)cn1,0.24118546548164277
CCOC(=O)c1ccc(CNC(=O)[C@@H]2C[C@@H]3CCCC[C@@H]3N2C(=O)Nc2cnn(-c3ccc(C)o3)c2)o1,0.2115953092706583
CCCC(CC)CCc1ccc(C(=O)[C@H]2C[C@@H]3CCCC[C@@H]3N2C(=O)C(=O)NC(=O)OCC)o1,0.24498623643801512
CCCC(CC)c1cnn(C(CC)CC(=O)OCC)c1,0.16452068759679597
CCC(C)c1cc(Cc2ncc(NC(=O)N3[C@H](C(=O)c4ccccc4)C[C@@H]4CCCC[C@@H]43)s2)on1,0.1992103970742124
CCOC(=O)c1ccc(Cc2ncc(NC(=O)N3[C@H](c4ccc(C)o4)C[C@@H]4CCCC[C@@H]43)s2)o1,0.2014958683719937
CCCCC(CC)n1cc(NC(=O)[C@H]2C[C@@H]3CCCC[C@@H]3N2C(=O)c2cc(C)no2)cn1,0.6011194039582536
CCCc1ccc(C(=O)[C@@H]2C[C@@H]3CCCC[C@@H]3N2C(=O)Nc2cnn(C(CC)CCC)c2)o1,0.6030226891555273
CCCc1ccc(C(=O)N2[C@@H](C(=O)c3ccc(C(=O)OCC)o3)C[C@@H]3CCCC[C@@H]32)o1,0.6380279351389712
CCOC(=O)C(=O)c1ccc(CNC(=O)[C@H]2C[C@@H]3CCCC[C@@H]3N2C(=O)c2ccc(C)o2)o1,0.6055300708194984
CCCC(CC)n1cc(NC(=O)N2[C@H](C(=O)NC(=O)[C@@H](C)NC(=O)OCC)C[C@@H]3CCCC[C@@H]32)cn1,0.24992486554342322
CCOC(=O)CC(CC)CCC(OCC)n1cc(NC(=O)N2[C@H](C(=O)c3ccccc3)C[C@@H]3CCCC[C@@H]32)cn1,0.6085806194501846
CCCc1ccc(C(=O)N2[C@@H](NCc3ccc(C(=O)OCC)o3)C[C@@H]3CCCC[C@@H]32)o1,0.5966005392134929
CCC(C)c1cc(COC(=O)C(=O)N2[C@@H](C(C)CC)C[C@@H]3CCCC[C@@H]32)on1,0.23048266900072648
CCCC(CC)n1cc(NC(=O)C(=O)[C@@H]2C[C@@H]3CCCC[C@@H]3N2C(=O)Nc2cnn(CCC)c2)cn1,0.6107502542086028
CCCc1ccc(CNC(=O)[C@H]2C[C@@H]3CCCC[C@@H]3N2C(=O)c2ccc(C(=O)C(CC)CC)o2)o1,0.6
CCCc1ccc(C(=O)N2[C@@H](C(=O)NCc3ccc(C)o3)C[C@@H]3CCCC[C@@H]32)o1,0.5823490660957641
CCCC(CC)n1cc(C(=O)[C@H]2C[C@@H]3CCCC[C@@H]3N2C(=O)C(=O)OCc2cc(C)no2)cn1,0.6351073488299558
CCCC(CC)C(=O)Nc1cnn(C(CC)CCC)c1,0.1501861529550426
CCOC(=O)c1ccc(CNC(=O)[C@H]2C[C@@H]3CCCC[C@@H]3N2C(=O)C(=O)OCc2cc(C(C)CC)no2)o1,0.6163156344279367
CCCc1ccc(C(=O)N2[C@@H](C(=O)c3ccc(C(=O)OCCc4cc(C(C)CC)no4)o3)C[C@@H]3CCCC[C@@H]32)o1,0.2146915264678772
CCOC(=O)[C@H](C)C(=O)[C@@H]1C[C@@H]2CCCC[C@@H]2N1C(=O)Nc1cnc(Cc2cc(C(C)CC)no2)s1,0.6582805886043833
CCCC(CC)CCc1ccc(C(=O)[C@H]2C[C@@H]3CCCC[C@@H]3N2C(=O)C(=O)OC(=O)OCC)o1,0.24152468571325125
CCCC(CC)CC(=O)N1[C@@H](C(=O)NCc2cnn(C(CC)CC(=O)OCC)c2)C[C@@H]2CCCC[C@@H]21,0.24216789506978864
CCCC(CC)CCc1ccc(C(=O)[C@H]2C[C@@H]3CCCC[C@@H]3N2C(=O)C(=O)OC(CC)CCC)o1,0.23170395751599415
CCOC(=O)COC(=O)c1ncc(NC(=O)N2[C@H](C(=O)[C@@H](C)NC(=O)OCC)C[C@@H]3CCCC[C@@H]32)s1,0.23648186137404043
CCCC(CCc1ccc(C(=O)[C@H]2C[C@@H]3CCCC[C@@H]3N2c2ccc(C(=O)C(=O)OCC)o2)o1)CC(=O)OCC,0.5940885257860046
CCCC(CCc1ccc(C(=O)[C@H]2C[C@@H]3CCCC[C@@H]3N2c2ccc(C(=O)C(=O)OCC)o2)o1)CC(=O)OCC,0.5940885257860046
CCOC(=O)N[C@H](C)C(=O)C(=O)[C@H]1C[C@@H]2CCCC[C@@H]2N1C(=O)C(=O)Oc1ccc(C(=O)OCC)o1,0.23410509892728149
CCCCOC(=O)CC(CC)n1cc(CNC(=O)[C@H]2C[C@@H]3CCCC[C@@H]3N2C(=O)c2ccc(CCC)o2)cn1,0.5900408021045224
CCOC(=O)C(=O)c1ccc(-c2ccc(C(=O)OCC)o2)o1,0.41005071993639275
CCCCOC(=O)c1ccc(CNC(=O)[C@H]2C[C@@H]3CCCC[C@@H]3N2C(=O)C(=O)OCc2cc(C(C)CC)no2)o1,0.5940885257860046
CCCC(CC)n1cc(CC(=O)[C@@H]2C[C@@H]3CCCC[C@@H]3N2C(=O)Nc2cnn(C(CC)CC(=O)OCC)c2)cn1,0.6276459144608478
CCOC(=O)[C@H](C)C(=O)[C@@H]1C[C@@H]2CCCC[C@@H]2N1C(=O)Nc1cnc(Cc2cc(C(C)CC)no2)s1,0.6582805886043833
CCCC(CC)CN1[C@@H](C(=O)c2ccc(C(=O)OCC)o2)C[C@@H]2CCCC[C@@H]21,0.24083362654088408
CCCCC(CC)n1cc(NC(=O)[C@H]2C[C@@H]3CCCC[C@@H]3N2C(=O)c2ccc(C)o2)cn1,0.6011194039582536
CCOC(=O)Nc1ccc(CNC(=O)[C@H]2C[C@@H]3CCCC[C@@H]3N2C(=O)C(=O)OCc2cc(C(C)CC)no2)o1,0.6092717958449425
CCCOC(=O)C(=O)N1[C@@H](C(=O)c2ccc(CCC(CC)CCC)o2)C[C@@H]2CCCC[C@@H]21,0.23976562293459838
CCCCC(CCC)NC(=O)N1[C@H](C(=O)[C@@H](C)C(=O)OCC)C[C@@H]2CCCC[C@@H]21,0.013863337641749454
CCOC(=O)N[C@H](C)C(=O)[C@@H]1C[C@@H]2CCCC[C@@H]2N1C(=O)Nc1cnc(C(=O)OCC)s1,0.24442299914258492
CCCC(CC)CCc1ccc(C(=O)[C@H]2C[C@@H]3CCCC[C@@H]3N2C(=O)C(=O)OC(C)CC)o1,0.24118546548164277
CCOC(=O)CC(CC)n1cc(CNC(=O)[C@H]2C[C@@H]3CCCC[C@@H]3N2OCC)cn1,0.22693449951988207
CCOC(=O)[C@H](C)C(=O)[C@@H]1C[C@@H]2CCCC[C@@H]2N1C(=O)Nc1cnc(Cc2cc(C(C)CC)no2)s1,0.6582805886043833
CCCc1ccc(C(=O)C(=O)N2[C@H](C(=O)Cc3cc(C)no3)C[C@@H]3CCCC[C@@H]32)o1,0.5970944139166224
CCCc1ccc(C(=O)C(=O)[C@H]2C[C@@H]3CCCC[C@@H]3N2C(=O)C(=O)OCc2cc(C(C)CC)no2)o1,0.6131883886702356
CCCN1[C@@H](C(=O)NCc2cnn(C(CC)CC(=O)OCC)c2)C[C@@H]2CCCC[C@@H]21,0.23058064250950866
CCC[C@@H]1C[C@@H]2CCCC[C@@H]2N1C(=O)Nc1cnc(Cc2ccc(C(=O)OCC)o2)s1,0.5966005392134929
CCOCOC(=O)N[C@H](C)C(=O)[C@@H]1C[C@@H]2CCCC[C@@H]2N1C(=O)Nc1cnc(Cc2ccc(C(=O)OCC)o2)s1,0.6108472217815262
CCOC(CC)n1cc(C(=O)[C@H]2C[C@@H]3CCCC[C@@H]3N2C(=O)C(=O)OCc2cc(C(C)CC)no2)cn1,0.6147786234942719
CCCC(CC)CCc1ccc(-c2cc(C(C)CC)no2)o1,0.34299717028501764
CCCC(CC)C(=O)N1[C@@H](C(=O)NCc2cnn(C(CC)CC(=O)OCC)c2)C[C@@H]2CCCC[C@@H]21,0.2520887575710464
CCCc1ccc(C(=O)N2[C@@H](NC(=O)N3[C@H](C(=O)[C@@H](C)C(=O)OCC)C[C@@H]4CCCC[C@@H]43)C[C@@H]3CCCC[C@@H]32)o1,0.2308980282653956
CCOCC(=O)[C@@H]1C[C@@H]2CCCC[C@@H]2N1C(=O)Nc1cnn(C(CC)CC(=O)OCC)c1,0.23976562293459838
CCOC(=O)CC(CC)n1cc(CNC(=O)[C@H]2C[C@@H]3CCCC[C@@H]3N2NC(=O)OCC)cn1,0.22969071004000038
CCCCC(=O)[C@@H]1C[C@@H]2CCCC[C@@H]2N1C(=O)Nc1cnn(C(CC)CC(=O)OCC)c1,0.2433293784482631
CCCc1ccc(OC(=O)c2ncc(NC(=O)N3[C@H](C(=O)[C@@H](C)NC(=O)OCC)C[C@@H]4CCCC[C@@H]43)s2)o1,0.6336993002596786
CCC(C)c1cc(COC(=O)C(=O)N2[C@@H](c3cc(C)no3)C[C@@H]3CCCC[C@@H]32)on1,0.5773502691896257
CCCC(CC)n1cc(NC(=O)NC(=O)OCC)cn1,0.1784477404050653
CCC(C)c1cc(Cc2ncc(NC(=O)C(=O)N3[C@H](C(=O)Cc4cc(C)no4)C[C@@H]4CCCC[C@@H]43)s2)on1,0.21002208812251258
CCOC(=O)N[C@H](C)C(=O)[C@@H]1C[C@@H]2CCCC[C@@H]2N1C(=O)C(=O)Nc1cnc(Cc2cc(C(C)CC)no2)s1,0.6287677132370127
CCOC(=O)C(=O)c1ccc(N2[C@@H](C(=O)c3ccc(CCCc4cc(C(C)CC)no4)o3)C[C@@H]3CCCC[C@@H]32)o1,0.21162990345208307
CCOC(=O)c1ccc(CNC(=O)[C@@H]2C[C@@H]3CCCC[C@@H]3N2C)o1,0.2297406373767579
CCCCC(CCC)c1ncc(NC(=O)N2[C@H](C(=O)[C@@H](C)NC(=O)OCC)C[C@@H]3CCCC[C@@H]32)s1,0.2520887575710464
CCCc1ccc(C(=O)N2[C@@H](C(C)CC)C[C@@H]3CCCC[C@@H]32)o1,0.22489965169127152
CCCCC(CCC)[C@H](C)C(=O)[C@@H]1C[C@@H]2CCCC[C@@H]2N1C(=O)Nc1cnc(Cc2cc(C(C)CC)no2)s1,0.5837300238472753
CCCC(CC)n1cc(NC(=O)N2[C@H](C(=O)NOCC)C[C@@H]3CCCC[C@@H]32)cn1,0.24120846509696053
CCCc1ccc(C(=O)N2[C@@H](C(=O)NCNCc3ccc(C(=O)OCC)o3)C[C@@H]3CCCC[C@@H]32)o1,0.6156559575481392
CCOC(=O)[C@H](C)C(=O)[C@@H]1C[C@@H]2CCCC[C@@H]2N1C(=O)Nc1ccc(C)o1,0.25746197649435876
CCCCC(CC)n1cc(NC(=O)[C@H]2C[C@@H]3CCCC[C@@H]3N2C(=O)c2ccc(CCC)o2)cn1,0.5865151319446071
CCCOC(=O)c1ccc(CNC(=O)[C@H]2C[C@@H]3CCCC[C@@H]3N2C(=O)C(=O)OCc2cc(C(C)CC)no2)o1,0.6007514091861106
CCCC(CC)n1cc(-c2ccc(C(=O)OCC)o2)cn1,0.42640143271122083
CCOC(=O)[C@H](C)C(=O)[C@@H]1C[C@@H]2CCCC[C@@H]2N1C(=O)Nc1cnc(CC)s1,0.26144053463417716
CCCC(CC)CCc1ccc(C(=O)NCNCc2ccc(C(=O)OCC)o2)o1,0.42062224967668665
CCOC(=O)C(=O)c1ccc(C(=O)NCNCc2ccc(C(=O)OCC)o2)o1,0.4050462936504913
CCOC(=O)CC(CC)n1cc(CNC(=O)[C@H]2C[C@@H]3CCCC[C@@H]3N2c2ccc(C)o2)cn1,0.5936825889256334
CCOC(=O)[C@H](C)C(=O)[C@@H]1C[C@@H]2CCCC[C@@H]2N1C(=O)Nc1cnc(-c2cc(C(C)CC)no2)s1,0.6574217746854059
CCCc1ccc(NCc2ccc(C(=O)OCC)o2)o1,0.37796447300922725
CCCC(CC)n1cc(CC(=O)[C@@H]2C[C@@H]3CCCC[C@@H]3N2C(=O)c2ccc(C)o2)cn1,0.608842882172744
CCCC(CC)CCc1ccc(C(=O)[C@H]2C[C@@H]3CCCC[C@@H]3N2c2ccc(C(=O)C(=O)OCC)o2)o1,0.6196773353931867
CCCC(CC)C[C@H]1C[C@@H]2CCCC[C@@H]2N1C(=O)C(=O)OCc1cc(C(C)CC)no1,0.23215206615468667
CCCC(CC)CCc1ccc(Cc2cc(C(C)CC)no2)o1,0.3387537429470791
CCOC(=O)c1ccc(CNc2cnc(Cc3cc(C(C)CC)no3)s2)o1,0.13688948653957853
CCOC(=O)c1ccc(Cc2ncc(NC(=O)N3[C@H](Cc4cc(C(C)CC)no4)C[C@@H]4CCCC[C@@H]43)s2)o1,0.20924852347519962
CCCC(CC)CCc1ccc(C(=O)[C@H]2C[C@@H]3CCCC[C@@H]3N2C(=O)C(=O)OCC)o1,0.250310254925071
CCCC(CC)CCc1ccc(C(=O)C(=O)OCC)o1,0.1691999338290207
CCCC(CC)n1cc(NC(=O)N2[C@H](C(=O)Cc3cc(C(C)CC)no3)C[C@@H]3CCCC[C@@H]32)cn1,0.6090712125322325
CCCc1ccc(C(=O)c2ncc(NC(=O)N3[C@H](C(=O)[C@@H](C)C(=O)OCC)C[C@@H]4CCCC[C@@H]43)s2)o1,0.6582805886043833
CCCc1ccc(C(=O)N2[C@@H](C(=O)c3ccc(C(=O)OCNC(=O)OCC)o3)C[C@@H]3CCCC[C@@H]32)o1,0.6107502542086028
CCOC(=O)[C@H]1C[C@@H]2CCCC[C@@H]2N1C(=O)C(=O)OCc1cc(C)no1,0.24003748014219226
CCCc1ccc(C(=O)N2[C@@H](C(=O)NCCC(CC)CCC)C[C@@H]3CCCC[C@@H]32)o1,0.23058064250950866
CCC(C)c1cc(C(=O)N2[C@H](C(=O)Cc3cc(C)no3)C[C@@H]3CCCC[C@@H]32)on1,0.5848976518656018
CCOCc1ccc(OC(=O)c2ncc(NC(=O)N3[C@H](C(=O)[C@@H](C)NC(=O)OCC)C[C@@H]4CCCC[C@@H]43)s2)o1,0.6178020632152155
CCCc1ccc([C@H]2C[C@@H]3CCCC[C@@H]3N2C(=O)C(=O)OCc2cc(C(C)CC)no2)o1,0.5916079783099615
CCCC(CC)CCc1ccc(C(=O)[C@H]2C[C@@H]3CCCC[C@@H]3N2C(=O)C(=O)Oc2cc(C(C)CC)no2)o1,0.6163156344279367
CCCC(CC)C(=O)Nc1cnc(Cc2cc(C(C)CC)no2)s1,0.38729833462074165
CCCCc1ccc(C(=O)[C@H]2C[C@@H]3CCCC[C@@H]3N2c2ccc(C(=O)C(=O)OCC)o2)o1,0.6106401198187058
CCCc1ccc(C(=O)N2[C@@H](C(CC)CCC)C[C@@H]3CCCC[C@@H]32)o1,0.22237227887796113
CCOC(=O)[C@H](C)C(=O)[C@@H]1C[C@@H]2CCCC[C@@H]2N1C(=O)Nc1cc(C(C)CC)no1,0.25886420035214186
CCCNC(=O)N1[C@H](C(=O)[C@@H](C)C(=O)OCC)C[C@@H]2CCCC[C@@H]21,0.014325648184054405
CCOC(=O)N[C@H](C)C(=O)[C@@H]1C[C@@H]2CCCC[C@@H]2N1C(=O)Nc1cnc(C(=O)Oc2ccc(C)o2)s1,0.6131883886702356
CCCc1ccc(C(=O)c2cnn(C(CC)CCC)c2)o1,0.3746343246326776
CCCC(CC)CCc1ccc(C(=O)[C@H]2C[C@@H]3CCCC[C@@H]3N2C(=O)C(=O)OC(=O)C(=O)OCC)o1,0.23648186137404043
CCCC(CC)C(=O)N1[C@H](C(=O)Cc2cc(C)no2)C[C@@H]2CCCC[C@@H]21,0.2480242686408408
CCOC(=O)NC(=O)Nc1cnc(Cc2cc(C(C)CC)no2)s1,0.4236592728681617
CCOC(=O)CC(CC)n1cc(CNC(=O)[C@H]2C[C@@H]3CCCC[C@@H]3N2C(=O)OCC)cn1,0.23976562293459838
CCCC(CC(=O)C(=O)OCC)n1cc(C(=O)[C@H]2C[C@@H]3CCCC[C@@H]3N2C(=O)C(=O)OCc2cc(C)no2)cn1,0.6131393394849658
CCOC(=O)C(=O)c1ccc(-c2cnc(-c3cc(C(C)CC)no3)s2)o1,0.14342581027125184
CCC(C)c1cc(CC(=O)[C@H]2C[C@@H]3CCCC[C@@H]3N2C(=O)C(=O)OCc2cc(C)no2)on1,0.6149400462680908
CCCC(CC)n1cc(C(=O)[C@H]2C[C@@H]3CCCC[C@@H]3N2C(=O)C(=O)OCc2cc(C)no2)cn1,0.6351073488299558
CCCC(CC)CCc1ccc(C(=O)[C@H]2C[C@@H]3CCCC[C@@H]3N2C(=O)C(=O)NCc2ccc(C(C)=O)o2)o1,0.5989813235437299
CCOC(=O)Nc1cnc(-c2cc(C(C)CC)no2)s1,0.3931226965534482
CCOC(=O)CC(CC)n1cc(CNC(=O)[C@H]2C[C@@H]3CCCC[C@@H]3N2C(=O)C(C)CC)cn1,0.2517941875175087
CCC(C)CC(CC)n1cc(NC(=O)N2[C@H](C(=O)C(=O)OCc3cc(C)no3)C[C@@H]3CCCC[C@@H]32)cn1,0.6147786234942719
CCOC(=O)c1ccc(C(=O)[C@H]2C[C@@H]3CCCC[C@@H]3N2C(=O)C(C)CC)o1,0.2614674858774459
CCCc1ccc(OC(=O)c2ncc(NC(=O)N3[C@H](C(=O)C(=O)OCC)C[C@@H]4CCCC[C@@H]43)s2)o1,0.6181535578949712
CCCC(CC)C(=O)[C@@H]1C[C@@H]2CCCC[C@@H]2N1C(=O)Nc1cnn(C(CC)CCC)c1,0.23215206615468667
CCCC(CC)C(CC)c1cc(-c2ncc(NC(=O)N3[C@H](C(=O)[C@@H](C)C(=O)OCC)C[C@@H]4CCCC[C@@H]43)s2)on1,0.6555055301063447
CCCc1ccc(COC(=O)C(=O)N2[C@@H](C(=O)c3cnn(C(CC)CCC)c3)C[C@@H]3CCCC[C@@H]32)o1,0.6196773353931867
CCOC(=O)[C@H](C)C(=O)[C@@H]1C[C@@H]2CCCC[C@@H]2N1c1cnc(-c2cc(C(C)CC)no2)s1,0.6228410989030497
CCOC(=O)c1ccc(Cc2ncc(NC(=O)N3[C@H](OCC)C[C@@H]4CCCC[C@@H]43)s2)o1,0.5869734364739603
CCOC(=O)N[C@H](C)C(=O)[C@@H]1C[C@@H]2CCCC[C@@H]2N1C(=O)Nc1cnc(C(=O)Oc2ccc(CC(C)CC)o2)s1,0.621581560508061
CCCC(CC)n1cc(CC(=O)[C@@H]2C[C@@H]3CCCC[C@@H]3N2C(=O)c2cc(C)no2)cn1,0.608842882172744
CCCC(CC)n1cc(C(=O)c2cc(C(C)CC)no2)cn1,0.39735970711951313
CCCC(CC)n1cc(-n2cc(NC(=O)N3[C@H](C(=O)C(=O)OCc4cc(C)no4)C[C@@H]4CCCC[C@@H]43)cn2)cn1,0.2208178128237171
CCCc1ccc(COC(=O)C(=O)N2[C@@H](c3ccc(CCC)o3)C[C@@H]3CCCC[C@@H]32)o1,0.5677270907634908
CCCc1ccc(OC(=O)c2ncc(NC(=O)N3[C@H](C(C)CC)C[C@@H]4CCCC[C@@H]43)s2)o1,0.5916079783099615
CCCC(CC)n1cc(C(=O)c2cnc(C(=O)Oc3ccc(CC(C)CC)o3)s2)cn1,0.1479610499025861
CCOCCC(CC)n1cc(NC(=O)N2[C@H](C(=O)NCc3ccc(C(=O)OCC)o3)C[C@@H]3CCCC[C@@H]32)cn1,0.606976978666884
CCCC(CC)n1cc(C(=O)c2cnc(Cc3cc(C(C)CC)no3)s2)cn1,0.13584848674330968
CCC(C)c1cc(Cc2ncc(NC(=O)N3[C@H](C(=O)[C@@H](C)C(C)CC)C[C@@H]4CCCC[C@@H]43)s2)on1,0.584183054589776
CCCC(CC)n1cc(NC(=O)N2[C@H](C(=O)NNCc3ccc(C(=O)OCC)o3)C[C@@H]3CCCC[C@@H]32)cn1,0.6312190586476298
CCCC(CC)CC(=O)N1[C@@H](C(=O)c2ccc(C(=O)OCC)o2)C[C@@H]2CCCC[C@@H]21,0.253860932342524
CCOC(=O)CC(CC)n1cc(Nc2cc(C)no2)cn1,0.4008918628686366
CCCC(CC)CC(=O)N1[C@@H](C(=O)c2ccc(C(=O)OCC)o2)C[C@@H]2CCCC[C@@H]21,0.253860932342524
CCCc1ccc(COC(=O)C(=O)N2[C@@H](c3cnc(Cc4cc(C(C)CC)no4)s3)C[C@@H]3CCCC[C@@H]32)o1,0.20295073108004713
CCCCC(CC)n1cc(NC(=O)[C@H]2C[C@@H]3CCCC[C@@H]3N2C(=O)CCC)cn1,0.2300082444999496
CCOC(=O)Nc1cnc(C(=O)Oc2ccc(CC(C)CC)o2)s1,0.4236592728681617
CCOC(=O)N[C@H](C)C(=O)[C@@H]1C[C@@H]2CCCC[C@@H]2N1C(=O)OCC,0.013667175660560813
CCCC(CC)n1cc(NC(=O)N2[C@H](C(=O)NNCc3ccc(C(=O)OCC)o3)C[C@@H]3CCCC[C@@H]32)cn1,0.6312190586476298
Cc1cc(CC(=O)[C@@H]2C[C@@H]3CCCC[C@@H]3N2C(=O)c2cc(C)no2)on1,0.5534494613840601
CCCC(CC)C(CC)c1cc(-c2ncc(C(=O)Nc3cnc(Cc4cc(C(C)CC)no4)s3)s2)on1,0.006182011113433496
CCC(C)C(=O)Nc1cnc(Cc2cc(C(C)CC)no2)s1,0.35805743701971643
CCCC(CC)n1cc(N2[C@@H](C(=O)NCc3cnn(C(CC)CC(=O)OCC)c3)C[C@@H]3CCCC[C@@H]32)cn1,0.5967081414398551
CCCC(CC)n1cc(NC(=O)N2[C@H](C(=O)c3cc(C)no3)C[C@@H]3CCCC[C@@H]32)cn1,0.6185537128270866
CCOC(=O)[C@H](C)C(=O)[C@@H]1C[C@@H]2CCCC[C@@H]2N1C(=O)Nc1cnc(-c2cc(C(CC)c3cc(C)no3)no2)s1,0.227805804468143
CCCCC(CCC)c1ncc(NC(=O)N2[C@H](C(=O)[C@@H](C)C(=O)OCC)C[C@@H]3CCCC[C@@H]32)s1,0.2589556394932318
CCCc1ccc(C(=O)N2[C@@H](C(=O)c3ccc(C(=O)OCC(=O)[C@@H](C)NC(=O)OCC)o3)C[C@@H]3CCCC[C@@H]32)o1,0.621581560508061
CCCCC(CC)n1cc(NC(=O)[C@H]2C[C@@H]3CCCC[C@@H]3N2C(=O)c2cc(C)no2)cn1,0.6011194039582536
CCC(C)c1cc(Cc2ncc(NC(=O)N3[C@H](C(=O)Cc4cc(C)no4)C[C@@H]4CCCC[C@@H]43)s2)on1,0.20425449650770838
CCOC(=O)[C@H](C)C(=O)[C@@H]1C[C@@H]2CCCC[C@@H]2N1C(=O)Nc1cnc(Cc2cc(C(C)CC(C)CC)no2)s1,0.6373774391990981
CCCC(CC)CCc1ccc(C(=O)[C@H]2C[C@@H]3CCCC[C@@H]3N2C(=O)C(=O)OCc2cc(OCC)no2)o1,0.6139406135149205
CCCC(CC)C(CC)c1cc(-c2ncc(C(=O)[C@@H](C)NC(=O)OCC)s2)on1,0.45607017003965516
CCOC(=O)CC(CC)n1cc(Nc2cc(C)no2)cn1,0.4008918628686366
CCCC(CC)n1cc(NC(=O)N2[C@H](C(=O)Nc3cnc(-c4cc(C(C)CC)no4)s3)C[C@@H]3CCCC[C@@H]32)cn1,0.21162990345208307
CCCCC(CCC)n1cc(NC(=O)N2[C@H](C(=O)NCc3ccc(C(=O)OCC)o3)C[C@@H]3CCCC[C@@H]32)cn1,0.6239494988372349
CCCC(CC)n1cc(N2[C@@H](C(=O)c3ccc(C(=O)OCC)o3)C[C@@H]3CCCC[C@@H]32)cn1,0.6201736729460423
CCCC(CC)n1cc(NC(=O)Nc2cnn(C(CC)CC(=O)OCC)c2)cn1,0.4436782547080569
CCCCCC(CC)n1cc(NC(=O)N2[C@H](C(=O)NCc3ccc(C(=O)OCC)o3)C[C@@H]3CCCC[C@@H]32)cn1,0.6154574548966636
CCOC(=O)N[C@H](C)C(=O)CNC(=O)N1[C@H](C(=O)[C@@H](C)NC(=O)OCC)C[C@@H]2CCCC[C@@H]21,0.012471273909934752
CCCC(CC)n1cc(NC(=O)N2[C@H](C(=O)C(=O)OCc3cc(C)no3)C[C@@H]3CCCC[C@@H]32)cn1,0.6363636363636364
CCCCC(CCC)n1cc(NC(=O)C(=O)N2[C@@H](C(=O)c3ccc(C(=O)OCC)o3)C[C@@H]3CCCC[C@@H]32)cn1,0.6263447072560702
CCCCC(CCC)n1cc(NC(=O)N2[C@H](C(=O)c3cnn(C(CC)CCC)c3)C[C@@H]3CCCC[C@@H]32)cn1,0.5795005569646918
CCCC(CC)n1cc(NC(=O)NCc2ccc(C(=O)OCC)o2)cn1,0.447213595499958
CCOC(=O)CC(CC)n1cc(NC(=O)N2[C@H](C(=O)CNC(=O)OCC)C[C@@H]3CCCC[C@@H]32)cn1,0.23170395751599415
CCOC(=O)N[C@H](C)C(=O)[C@@H]1C[C@@H]2CCCC[C@@H]2N1C(=O)c1cc(C)no1,0.25347600273165133
CCOC(=O)N[C@@H]1C[C@@H]2CCCC[C@@H]2N1C(=O)Nc1cnc(C(=O)Oc2ccc(CC(C)CC)o2)s1,0.6107502542086028
CCCC(CC)n1cc(CC(=O)[C@@H]2C[C@@H]3CCCC[C@@H]3N2C(=O)Nc2cnn(C(CC)CC(=O)CC)c2)cn1,0.6007514091861106
CCCc1ccc(C(=O)N2[C@@H](C(=O)c3ccc(C(=O)OC(=O)[C@@H](C)NC(=O)OCC)o3)C[C@@H]3CCCC[C@@H]32)o1,0.6373774391990981
CCCCOC(=O)[C@H](C)C(=O)[C@@H]1C[C@@H]2CCCC[C@@H]2N1C(=O)Nc1cnc(C(=O)c2ccc(CCC)o2)s1,0.6163156344279367
CCOC(=O)Nn1cc(NC(=O)N2[C@H](C(=O)NCc3ccc(C(=O)OCC)o3)C[C@@H]3CCCC[C@@H]32)cn1,0.5948496901286524
CCOC(=O)c1ccc(CNNC(=O)[C@@H]2C[C@@H]3CCCC[C@@H]3N2C(=O)Nc2cnn(C(=O)OCC)c2)o1,0.5948496901286524
CCOOC(=O)N[C@H](C)C(=O)[C@@H]1C[C@@H]2CCCC[C@@H]2N1C(=O)C(=O)Nc1cnc(Cc2cc(C(C)CC)no2)s1,0.6047078979069521
CCOC(=O)CC(CC)n1cc(Nc2ccc(C(=O)OC(=O)[C@@H](C)NC(=O)OCC)o2)cn1,0.4571162039138375
CCCc1ccc(C(=O)c2ncc(NC(=O)N3[C@H](C(=O)[C@@H](C)C(=O)OCCC(C)CC)C[C@@H]4CCCC[C@@H]43)s2)o1,0.621581560508061
CCOC(=O)c1ncc(NC(=O)N2[C@H](C(=O)[C@@H](C)C(=O)OCC)C[C@@H]3CCCC[C@@H]32)s1,0.25147720882649544
CCC(C)c1cc(Cc2ncc(C(=O)N3[C@H](C(=O)Cc4cc(C)no4)C[C@@H]4CCCC[C@@H]43)s2)on1,0.2032824404777729
CCC(C)c1cc(-c2ncc(NC(=O)N3[C@H](C(=O)[C@@H](C)C(=O)Cc4cc(C)no4)C[C@@H]4CCCC[C@@H]43)s2)on1,0.20848344404521887
CCCC(C)n1cc(NC(=O)N2[C@H](C(=O)NNCc3ccc(C(=O)OCC)o3)C[C@@H]3CCCC[C@@H]32)cn1,0.6475761258027333
CCCc1ccc(C(=O)N2[C@@H](C(=O)C(=O)Nc3cnn(C(CC)CCC)c3)C[C@@H]3CCCC[C@@H]32)o1,0.6181535578949712
CCCC(CC)n1cc(CC(=O)[C@@H]2C[C@@H]3CCCC[C@@H]3N2C(=O)c2cc(C(C)CC)no2)cn1,0.607332247634187
CCCc1ccc(OC(=O)c2ncc(NC(=O)N3[C@H](C(=O)[C@@H](C)NC(=O)OCC)C[C@@H]4CCCC[C@@H]43)s2)o1,0.6336993002596786
Cc1cc(CC(=O)[C@@H]2C[C@@H]3CCCC[C@@H]3N2C(=O)c2cc(C)no2)on1,0.5534494613840601
CCOC(=O)NC(=O)N1[C@H](C(=O)[C@@H](C)NC(=O)OCC)C[C@@H]2CCCC[C@@H]21,0.013085324463888564
CCCc1ccc(C(=O)c2ncc(NC(=O)N3[C@H](C(=O)[C@@H](C)NC(=O)OCC)C[C@@H]4CCCC[C@@H]43)s2)o1,0.6413192049055175
CCOC(=O)[C@H](C)C(=O)[C@@H]1C[C@@H]2CCCC[C@@H]2N1C(=O)Nc1cnc(Cc2cc(C(C)CC(C)CC)no2)s1,0.6373774391990981
CCOC(=O)N[C@H](C)C(=O)[C@@H]1C[C@@H]2CCCC[C@@H]2N1C(=O)Nc1cnc(C(=O)CC(C)CC)s1,0.2460583913917063
CCCC(CC)n1cc(CC(=O)[C@@H]2C[C@@H]3CCCC[C@@H]3N2C(=O)OC(=O)[C@@H](C)NC(=O)OCC)cn1,0.2533132274275729
CCCc1ncc(NC(=O)N2[C@H](C(=O)[C@@H](C)NC(=O)OCC)C[C@@H]3CCCC[C@@H]32)s1,0.2576166547759564
CCOC(=O)N[C@H](C)C(=O)c1ncc(NC(=O)N2[C@H](C(=O)[C@@H](C)NC(=O)OCC)C[C@@H]3CCCC[C@@H]32)s1,0.23455136490566592
CCC(C)c1cc(-c2ncc(C(=O)[C@H]3C[C@@H]4CCCC[C@@H]4N3C(=O)C(=O)OCc3cc(C)no3)s2)on1,0.2123952943896613
CCCC(CC)n1cc(NC(=O)c2cnc(-c3cc(C(C)CC)no3)s2)cn1,0.14010275349947507
CCCC(=O)[C@H](C)C(=O)[C@@H]1C[C@@H]2CCCC[C@@H]2N1C(=O)Nc1cnc(-c2cc(C(C)CC)no2)s1,0.6206818038571328
CCCC(CC)n1cc(C(=O)[C@H]2C[C@@H]3CCCC[C@@H]3N2C(=O)C(=O)OCC(C)CC)cn1,0.2480242686408408
CCCC(CC)C(CC)c1cc(-c2ncc(NC(=O)N3[C@H](C(=O)[C@@H](C)C(=O)OCC)C[C@@H]4CCCC[C@@H]43)s2)on1,0.6555055301063447
CCOC(=O)N[C@H](C)C(=O)[C@@H]1C[C@@H]2CCCC[C@@H]2N1C(=O)CC,0.013906269752810011
CCNc1cnc(Cc2cc(C(C)CC(C)CC)no2)s1,0.31889640207164033
CCOC(=O)c1ccc(CNNC(=O)[C@@H]2C[C@@H]3CCCC[C@@H]3N2C(=O)Nc2cnn(C(CC)CC)c2)o1,0.6123724356957945
CCCC(C)n1cc(NC(=O)N2[C@H](C(=O)NNCc3ccc(C(=O)OCC)o3)C[C@@H]3CCCC[C@@H]32)cn1,0.6475761258027333
CCOC(=O)c1ccc(CNNC(=O)[C@@H]2C[C@@H]3CCCC[C@@H]3N2C(=O)Cc2ccc(C(=O)OCC)o2)o1,0.5948496901286524
CCCNNC(=O)[C@@H]1C[C@@H]2CCCC[C@@H]2N1C(=O)Nc1cnn(C(C)CCC)c1,0.2374651581781812
CCC(C)c1cc(-n2cc(NC(=O)N3[C@H](C(=O)C(=O)OCc4cc(C)no4)C[C@@H]4CCCC[C@@H]43)cn2)on1,0.2131863410547104
CCOC(=O)N[C@H](C)C(=O)NC(=O)N1[C@H](C(=O)[C@@H](C)C(=O)OCC)C[C@@H]2CCCC[C@@H]21,0.013013830078420646
CCCc1ccc(C(=O)N2[C@@H](C(=O)c3ccc(C(=O)Cc4ccc(C(=O)OCC)o4)o3)C[C@@H]3CCCC[C@@H]32)o1,0.21395132467463426
CCOC(=O)[C@H](C)C(=O)[C@@H]1C[C@@H]2CCCC[C@@H]2N1C(=O)Nc1cnc(Cc2cc(C(C)CC)no2)s1,0.6582805886043833
CCC(C)c1cc(-c2ncc(NC(=O)N3[C@H](C(=O)[C@@H](C)C(C)=O)C[C@@H]4CCCC[C@@H]43)s2)on1,0.5986094998689324
CCOC(=O)c1ccc(CNNNc2cnc(Cc3cc(C(C)CC)no3)s2)o1,0.13383580530379893
CCCc1ccc(OC(=O)c2ncc(OC(=O)[C@@H](C)NC(=O)OCC)s2)o1,0.47633051162246687
CCOC(=O)[C@H](C)C(=O)[C@@H]1C[C@@H]2CCCC[C@@H]2N1C(=O)NNc1cnc(Cc2cc(C(C)CC)no2)s1,0.650203220264462
CCC(C)c1cc(Cc2ncc(NC(=O)N3[C@H](C(=O)c4cc(C)no4)C[C@@H]4CCCC[C@@H]43)s2)on1,0.2032824404777729
CCCC(CC)n1cc(NC(=O)c2cc(C)no2)cn1,0.3931226965534482
CCCc1ccc(-n2cc(NC(=O)N3[C@H](C(=O)C(=O)OCc4cc(C)no4)C[C@@H]4CCCC[C@@H]43)cn2)o1,0.2115953092706583
CCCc1ccc(C(=O)N2[C@@H](C(=O)N3[C@H](C(=O)[C@@H](C)C(=O)OCC)C[C@@H]4CCCC[C@@H]43)C[C@@H]3CCCC[C@@H]32)o1,0.2304193408860537
CCCC(C)n1cc(NNC(=O)[C@@H]2C[C@@H]3CCCC[C@@H]3N2C(=O)Nc2cnn(C(CC)CCC)c2)cn1,0.5948496901286524
CCCc1ccc(C(=O)N2[C@H](C(=O)[C@@H](C)NC(=O)OCC)C[C@@H]3CCCC[C@@H]32)o1,0.2614146481511557
CCOC(=O)c1ccc(CN2[C@@H](C(=O)c3ccc(C(=O)OCC)o3)C[C@@H]3CCCC[C@@H]32)o1,0.6011194039582536
CCCC(CC)C(CC)c1cc(-c2ncc(NC(=O)N3[C@H](C(=O)Cc4cc(C)no4)C[C@@H]4CCCC[C@@H]43)s2)on1,0.20856803866993984
CCCc1ccc(OC(=O)c2ncc(NNCc3ccc(C(=O)OCC)o3)s2)o1,0.1380115502814124
CCCc1ccc(C(=O)N2[C@@H](C(=O)c3ccc(C(=O)C(C)CC)o3)C[C@@H]3CCCC[C@@H]32)o1,0.6228410989030497
CCOC(=O)N[C@H](C)C(=O)OC(=O)c1ccc([C@@H](C)NC(=O)OCC)o1,0.1749215318277693
CCC(C)CC(CC)n1cc(NC(=O)N2[C@H](C(=O)C(=O)OCc3cc(C)no3)C[C@@H]3CCCC[C@@H]32)cn1,0.6147786234942719
CCCC(CC)n1cc(NC(=O)N2[C@H](C(=O)C(=O)Oc3ccc(C(=O)OCC)o3)C[C@@H]3CCCC[C@@H]32)cn1,0.6336993002596786
CCOC(=O)c1ccc(C(=O)[C@H]2C[C@@H]3CCCC[C@@H]3N2C(=O)c2cnc(-c3cc(C(C)CC)no3)s2)o1,0.22205450675437474
CCCC(CC)n1cc(C(=O)[C@H]2C[C@@H]3CCCC[C@@H]3N2C(=O)C(=O)OCCc2ccc(C(=O)OCC)o2)cn1,0.6178020632152155
CCOC(=O)N[C@H](C)C(=O)C(=O)N1[C@H](C(=O)[C@@H](C)NC(=O)OCC)C[C@@H]2CCCC[C@@H]21,0.012638991594466926
CCOC(=O)[C@H](C)C(=O)[C@@H]1C[C@@H]2CCCC[C@@H]2N1C(=O)Nc1cnc(Cc2cc(OCC)no2)s1,0.6546536707079771
CCOC(=O)c1ccc(CNNC(=O)[C@@H]2C[C@@H]3CCCC[C@@H]3N2C(C)=O)o1,0.2404436123148607
CCOC(=O)[C@H](C)C(=O)[C@@H]1C[C@@H]2CCCC[C@@H]2N1c1cnc(-c2cc(C(C)CC)no2)s1,0.6228410989030497
CCCC(C)n1cc(NC(=O)N2[C@H](C(=O)NNCCc3cc(C)no3)C[C@@H]3CCCC[C@@H]32)cn1,0.5956833971812706
CCCC(CC)n1cc(NC(=O)Cc2ccc(C(=O)OCC)o2)cn1,0.4529108136578383
CCOC(=O)[C@H](C)C(=O)[C@@H]1C[C@@H]2CCCC[C@@H]2N1C(=O)Nc1cnc([C@@H](C)C(=O)OCC)s1,0.24936133638093724
CCOC(=O)c1cc(Cc2ncc(NNC(=O)N3[C@H](C(=O)[C@@H](C)C(=O)OCC)C[C@@H]4CCCC[C@@H]43)s2)on1,0.6336993002596786
CCCC(CC)n1cc(N2[C@H](C(=O)C(=O)Oc3ccc(C(=O)OCC)o3)C[C@@H]3CCCC[C@@H]32)cn1,0.62725004818718
CCOC(=O)N[C@H](C)C(=O)[C@@H]1C[C@@H]2CCCC[C@@H]2N1C(=O)Nc1cnc(C(=O)Oc2ccc(C(=O)OCC)o2)s1,0.6047078979069521
CCOC(=O)N[C@H](C)C(=O)N1[C@H](C(=O)[C@@H](C)C(=O)OCC)C[C@@H]2CCCC[C@@H]21,0.014161508046783372
CCOC(=O)c1ccc(OC(=O)C(=O)[C@@H]2C[C@@H]3CCCC[C@@H]3N2C(=O)[C@@H](C)C(=O)OCC)o1,0.24936133638093724
CCOC(=O)[C@H](C)C(=O)[C@@H]1C[C@@H]2CCCC[C@@H]2N1C(=O)Nc1cnc(Cc2cc(C(C)CC)no2)s1,0.6582805886043833
CCCc1ccc(C(=O)N2[C@@H](C(=O)c3ccc(C(=O)[C@@H](C)NC(=O)OCC)o3)C[C@@H]3CCCC[C@@H]32)o1,0.6492207662311682
CCCc1ccc(C(=O)N2[C@@H](C(=O)c3ccc(C(=O)Cc4ccc(C(=O)OCC)o4)o3)C[C@@H]3CCCC[C@@H]32)o1,0.21395132467463426
CCOC(=O)N[C@H](C)C(=O)OC(=O)c1ccc(-c2ccc(C(=O)OCC)o2)o1,0.45083481733371616
CCOC(=O)c1ccc(CNC(=O)[C@@H]2C[C@@H]3CCCC[C@@H]3N2CC)o1,0.2343887481818795
CCCC(C)n1cc(NC(=O)N2[C@H](C(=O)NNCC(C)CC)C[C@@H]3CCCC[C@@H]32)cn1,0.2357628770321272
CCCC(C)n1cc(NC(=O)N2[C@H](C(=O)NNCc3cnn(C(CC)CCC)c3)C[C@@H]3CCCC[C@@H]32)cn1,0.5881025944970276
CCCC(CCC)n1cc(C(=O)[C@H]2C[C@@H]3CCCC[C@@H]3N2C(=O)C(=O)OCc2cc(C)no2)cn1,0.62725004818718
CCOC(=O)[C@H](C)C(=O)[C@@H]1C[C@@H]2CCCC[C@@H]2N1C(=O)Nc1cnc(Cc2cc(C(C)CC(C)CC)no2)s1,0.6373774391990981
CCCc1ccc(C(=O)N2[C@@H](C(=O)c3ccc(C(=O)[C@@H](C)C(=O)[C@@H](C)C(=O)OCC)o3)C[C@@H]3CCCC[C@@H]32)o1,0.6398818788633085
CCCc1ccc(OC(=O)c2ncc(-c3ccc(C(=O)OC(=O)[C@@H](C)NC(=O)OCC)o3)s2)o1,0.16213620367568626
CCOC(=O)N[C@H](C)C(=O)ONc1cnc(Cc2cc(C(C)CC(C)CC)no2)s1,0.4296689244236597
CCCc1ccc(OC(=O)c2ncc(-c3ccc(C(=O)OCC)o3)s2)o1,0.1384968545724019
CCCC(C)n1cc(NC(=O)N2[C@H](C(=O)NNCc3ccc(C(=O)OCC)o3)C[C@@H]3CCCC[C@@H]32)cn1,0.6475761258027333
CCCc1ccc(C(=O)N2[C@@H](C(=O)c3ccc(C(=O)[C@@H](C)CCC)o3)C[C@@H]3CCCC[C@@H]32)o1,0.633805492015809
CCOC(=O)c1ccc(CNNC(=O)[C@@H]2C[C@@H]3CCCC[C@@H]3N2C(=O)CC(C)CC)o1,0.246655218982533
CCOC(=O)c1ccc(CNC(=O)[C@@H]2C[C@@H]3CCCC[C@@H]3N2c2ccc(C(=O)OCC)o2)o1,0.6030226891555273
CCCC(C)n1cc(NC(=O)N2[C@H](C(=O)NNOC(=O)[C@@H](C)NC(=O)OCC)C[C@@H]3CCCC[C@@H]32)cn1,0.25009982171853806
CCCCc1ncc(NC(=O)N2[C@H](C(=O)[C@@H](C)C(=O)OCC)C[C@@H]3CCCC[C@@H]32)s1,0.2613897645522082
CCOC(=O)N[C@H](C)C(=O)[C@@H]1C[C@@H]2CCCC[C@@H]2N1C(=O)c1cnc(Cc2cc(C(C)CC)no2)s1,0.6492207662311682
CCOC(=O)[C@H](C)C(=O)[C@@H]1C[C@@H]2CCCC[C@@H]2N1C(=O)NNc1cnc(Cc2cc(C(CC)CC)no2)s1,0.642416074439621
CCOC(=O)c1ccc(CNNC(=O)[C@@H]2C[C@@H]3CCCC[C@@H]3N2C(=O)OCC)o1,0.24120846509696053
CCOC(=O)[C@H](C)C(=O)[C@H](C)C(=O)[C@@H]1C[C@@H]2CCCC[C@@H]2N1C(=O)c1cnc(Cc2cc(C(C)CC)no2)s1,0.6312190586476298
CCCC(CC)n1cc(NC(=O)N2[C@H](C(=O)NCC(=O)[C@@H](C)C(=O)OCC)C[C@@H]3CCCC[C@@H]32)cn1,0.2533132274275729
CCOC(=O)N[C@H](C)[C@@H]1C[C@@H]2CCCC[C@@H]2N1C(=O)Nc1cnc(Cc2cc(C(C)CC(C)CC)no2)s1,0.5816750507471109
CCCC(CC)n1cc(NC(=O)N2[C@H](C(=O)NNCc3ccc(C(=O)OCC)o3)C[C@@H]3CCCC[C@@H]32)cn1,0.6312190586476298
CCCC(CC)C(CC)c1cc(-c2ncc(NC(=O)N3[C@H](C(=O)[C@@H](C)C(C)CCC)C[C@@H]4CCCC[C@@H]43)s2)on1,0.5794535558245062
CCCc1cc(Cc2ncc(NC(=O)N3[C@H](C(=O)[C@@H](C)C(=O)OCC)C[C@@H]4CCCC[C@@H]43)s2)on1,0.6638357975446149
CCOC(=O)c1ccc(CNC(=O)[C@@H]2C[C@@H]3CCCC[C@@H]3N2C(=O)Nc2cnn(C(C)CC(C)CC)c2)o1,0.625
CCCc1cc(CNNC(=O)[C@@H]2C[C@@H]3CCCC[C@@H]3N2C(=O)Nc2cnn(C(C)CCC)c2)on1,0.5976143046671968
CCCC(C)n1cc(NNNC(=O)[C@@H]2C[C@@H]3CCCC[C@@H]3N2C(=O)Nc2cnn(C(C)CCC)c2)cn1,0.5948496901286524
CCCC(CC)C(CC)c1cc(-c2ncc(Nc3cnn(C(C)CCC)c3)s2)on1,0.1243659499732774
CCCC(CC)n1cc(NC(=O)N2[C@H](C(=O)NC(=O)[C@@H](C)C(=O)OCC)C[C@@H]3CCCC[C@@H]32)cn1,0.2566537659136202
CCCC(CC)n1cc(NC(=O)C(=O)[C@@H]2C[C@@H]3CCCC[C@@H]3N2C(=O)Nc2cnn(C(CC)CCC)c2)cn1,0.6007514091861106
CCOC(=O)c1ccc(-c2cnc(-c3cc(C(C)CC)no3)s2)o1,0.1326822885290854
CCCC(C)n1cc(NC(=O)N2[C@H](C(=O)NNOCC)C[C@@H]3CCCC[C@@H]32)cn1,0.24496357665565724
CCOC(=O)c1ccc(CNC(=O)[C@@H]2C[C@@H]3CCCC[C@@H]3N2C)o1,0.2297406373767579
CCCCC(CC)n1cc(NC(=O)[C@H]2C[C@@H]3CCCC[C@@H]3N2C(=O)c2ccc(C(C)CCC)o2)cn1,0.6018344659534288
CCCC(CC)n1cc(NC(=O)N2[C@H](C(=O)NCOC(=O)[C@@H](C)NC(=O)OCC)C[C@@H]3CCCC[C@@H]32)cn1,0.2470056841785341
CCCc1cc(Cc2ncc(Nc3cnn(C(C)CCC)c3)s2)on1,0.12593491773249604
CCCc1cc(Cc2ncc(C(=O)[C@@H]3C[C@@H]4CCCC[C@@H]4N3C(=O)Nc3cnn(C(C)CCC)c3)s2)on1,0.2123952943896613
CCC[C@@H](C(=O)OCC)C(=O)[C@@H]1C[C@@H]2CCCC[C@@H]2N1C(=O)Nc1cnc(Cc2cc(C(C)CC)no2)s1,0.6686960980480711
CCCc1cc(Cc2ncc(C(=O)N3[C@H](C(=O)NNCc4ccc(C(=O)OCC)o4)C[C@@H]4CCCC[C@@H]43)s2)on1,0.2139178607931948
CCCc1ccc(C(=O)N2[C@@H](C(=O)c3ccc(C(=O)[C@@H](C)[C@@H](C)C(=O)OCC)o3)C[C@@H]3CCCC[C@@H]32)o1,0.652862549237373
CCCC(CC)C(CC)c1cc(-c2ncc(C(=O)[C@@H](C)C(=O)OCC)s2)on1,0.4616435357484827
CCCc1ccc(C(=O)N2[C@@H](C(=O)c3ccc(C(=O)[C@@H](C)NC(=O)CC)o3)C[C@@H]3CCCC[C@@H]32)o1,0.6206818038571328
CCOC(=O)NC(=O)[C@H](C)C(=O)[C@@H]1C[C@@H]2CCCC[C@@H]2N1C(=O)Nc1cnc(-c2cc(C(C)CC)no2)s1,0.6187184335382291
CCCC(CC)[C@@H]1C[C@@H]2CCCC[C@@H]2N1C(=O)Nc1cnc(Cc2cc(C(C)CC(C)CC)no2)s1,0.5573204290227127
CCOC(=O)c1ccc(CNC(=O)[C@@H]2C[C@@H]3CCCC[C@@H]3N2C(=O)Nc2cnn(C(=O)OCC)c2)o1,0.6018344659534288
CCCC(CC)n1cc(NC(=O)N2[C@H](C(=O)NNCc3ccc(C(=O)OCC)o3)C[C@@H]3CCCC[C@@H]32)cn1,0.6312190586476298
CCOC(=O)c1ccc(CCc2ncc(NC(=O)N3[C@H](C(=O)[C@@H](C)C(=O)OCC)C[C@@H]4CCCC[C@@H]43)s2)o1,0.6336993002596786
CCCC(CC)C(CC)c1cc(-c2ncc(OC(=O)[C@@H](C)NC(=O)OCC)s2)on1,0.461083967620704
CCOC(=O)[C@H](C)C(=O)[C@@H]1C[C@@H]2CCCC[C@@H]2N1C(=O)Nc1cnc(Cc2cc(C(C)CC)no2)s1,0.6582805886043833
CCOC(=O)[C@H](C)[C@H](C)C(=O)c1ccc(C(=O)[C@H]2C[C@@H]3CCCC[C@@H]3N2C)o1,0.24704970978875423
CCOC(=O)c1ccc(Cc2ncc(NC(=O)N3[C@H](C(=O)[C@@H](C)C(=O)OCC)C[C@@H]4CCCC[C@@H]43)s2)o1,0.6413192049055175
CCOC(=O)NCc1ncc(NC(=O)N2[C@H](C(=O)[C@@H](C)C(=O)OCC)C[C@@H]3CCCC[C@@H]32)s1,0.24824562010715545
CCCC(C)C(=O)N1[C@H](C(=O)[C@@H](C)NC(=O)OCC)C[C@@H]2CCCC[C@@H]21,0.014779742249436399
CCOC(=O)c1ccc(Cc2ncc(NC(=O)[C@@H](C)C(=O)OCC)s2)o1,0.4714045207910317
CCOC(=O)[C@H](C)C(=O)[C@H](C)Nc1cnc(Cc2cc(C(C)CC)no2)s1,0.45643546458763845
CCCC(CC)C(CC)c1cc(-c2ncc(-c3cnc(-c4cc(C(C)CC)no4)s3)s2)on1,0.005576961117151493
CCCC(CC)n1cc(NC(=O)N2[C@H](C(=O)NOCC)C[C@@H]3CCCC[C@@H]32)cn1,0.24120846509696053
CCOC(=O)Nn1cc(NC(=O)N2[C@H](C(=O)NNCc3ccc(C(=O)OCC)o3)C[C@@H]3CCCC[C@@H]32)cn1,0.5881025944970276
CCOC(=O)N[C@H](C)C(=O)OC(=O)c1ccc(CC)o1,0.18393972058572117
CCCC(CC)n1cc(NC(=O)N2[C@H](C(=O)NCC(=O)OCC)C[C@@H]3CCCC[C@@H]32)cn1,0.2504922325971814
CCCC(CC)C(CC)c1cc(-c2ncc(C(=O)Nc3cnc(Cc4cc(C(C)CC)no4)s3)s2)on1,0.006182011113433496
CCOC(=O)c1ccc(CC(=O)[C@@H]2C[C@@H]3CCCC[C@@H]3N2C(=O)c2cnc(Cc3cc(C(C)CC)no3)s2)o1,0.22017790627834347
CCCC(C)n1cc(NC(=O)[C@@H](C)C(=O)OCC)cn1,0.19765084101743283
CCOC(=O)N[C@H](C)n1cc(NC(=O)N2[C@H](C(=O)NCc3ccc(C(=O)OCC)o3)C[C@@H]3CCCC[C@@H]32)cn1,0.6092717958449425
CCOC(=O)c1ccc(C[C@@H]2C[C@@H]3CCCC[C@@H]3N2C(=O)Nc2cnc(Cc3cc(OCC)no3)s2)o1,0.2012505902915788
CCOC(=O)[C@H](C)C(=O)[C@@H]1C[C@@H]2CCCC[C@@H]2N1C(=O)NNc1cnc(Cc2cc(C(CC)OCC)no2)s1,0.6349021776571556
CCCC(C)C(=O)[C@H](C)C(=O)[C@@H]1C[C@@H]2CCCC[C@@H]2N1C(=O)Nc1cnc(Cc2cc(C(C)CC)no2)s1,0.6187184335382291
CCCC(CC)C(CC)c1cc(-c2ncc(NC(=O)N3[C@H](C(=O)[C@@H](C)OCC)C[C@@H]4CCCC[C@@H]43)s2)on1,0.6076436202502
CCCC(C)Nc1cnc(Cc2cc(C(C)CC)no2)s1,0.36115755925730764
CCCC(CC)C(CC)c1cc(-c2ncc([C@@H](C)C(=O)[C@@H](C)C(=O)OCC)s2)on1,0.45246481570263436
CCCC(C)[C@@H]1C[C@@H]2CCCC[C@@H]2N1C(=O)Nc1cnc(Cc2cc(OCC)no2)s1,0.5966005392134929
CCCC(CC)C(CC)c1cc(-c2ncc(C(=O)N3[C@H](C(=O)[C@@H](C)NC(=O)OCC)C[C@@H]4CCCC[C@@H]43)s2)on1,0.6469966392206306
CCOC(=O)c1ccc(C[C@@H]2C[C@@H]3CCCC[C@@H]3N2C(=O)Nc2cnc(Cc3cc(OCC)no3)s2)o1,0.2012505902915788
CCOC(=O)[C@H](C)C(=O)[C@H](C)C(=O)[C@@H]1C[C@@H]2CCCC[C@@H]2N1C(=O)Nc1cnc(Cc2cc(C(C)CC)no2)s1,0.6324555320336759
CCCc1ccc(C(=O)N2[C@H](C(=O)[C@@H](CCC)C(=O)OCC)C[C@@H]3CCCC[C@@H]32)o1,0.2613897645522082
CCOC(=O)N[C@H](C)c1ncc(NC(=O)N2[C@H](C(=O)[C@@H](C)C(=O)OCC)C[C@@H]3CCCC[C@@H]32)s1,0.2460583913917063
CCCC(C)n1cc(NC(=O)N2[C@H](C(=O)NNC(=O)Nc3cnn(C(CC)CCC)c3)C[C@@H]3CCCC[C@@H]32)cn1,0.6024640760767093
CCCc1cc(CC(=O)N2[C@@H](C(=O)c3ccc(C(=O)OCC)o3)C[C@@H]3CCCC[C@@H]32)on1,0.6297235299224025
CCCc1ccc(C(=O)c2cnc(Cc3cc(C(C)CC)no3)s2)o1,0.12166468922413154
CCCC(C)n1cc(NCc2ncc(NC(=O)N3[C@H](C(=O)[C@@H](C)C(=O)OCC)C[C@@H]4CCCC[C@@H]43)s2)cn1,0.6686960980480711
CCCc1cc(Cc2ncc(-c3ncc(NC(=O)N4[C@H](C(=O)[C@@H](C)C(=O)OCC)C[C@@H]5CCCC[C@@H]54)s3)s2)on1,0.23002835275233752
CCOC(=O)N[C@H](C)C(=O)[C@@H]1C[C@@H]2CCCC[C@@H]2N1C(=O)Nc1cnc(Cc2cc(C(C)CC)no2)s1,0.6413192049055175
CCCc1ccc(C(=O)[C@@H]2C[C@@H]3CCCC[C@@H]3N2C(=O)c2cnc(Cc3cc(C(C)CC)no3)s2)o1,0.2075119911821405
CCCC(CC)C(CC)c1cc(-c2ncc(C(=O)[C@@H](C)NC(=O)OCC)s2)on1,0.45607017003965516
CCCC(=O)[C@H](C)C(=O)[C@@H]1C[C@@H]2CCCC[C@@H]2N1C(=O)Nc1cnc(-c2cc(C(C)CC)no2)s1,0.6206818038571328
CCCc1cc(CC(=O)N2[C@H](C(=O)NNCc3ccc(C(=O)OCC)o3)C[C@@H]3CCCC[C@@H]32)on1,0.6156559575481392
CCOC(=O)c1ccc(Cc2cnc(Cc3cc(C(C)CC)no3)s2)o1,0.13406795778582825
CCCc1ccc(C(=O)N2[C@@H](C(=O)c3ccc(C(=O)[C@@H](C)NC(=O)[C@@H](C)C(=O)OCC)o3)C[C@@H]3CCCC[C@@H]32)o1,0.649519052838329
CCOC(=O)C(=O)N1[C@H](C(=O)NNCc2ccc(C(=O)OCC)o2)C[C@@H]2CCCC[C@@H]21,0.2357628770321272
CCOC(=O)CC(C)c1cc(Cc2ncc(NC(=O)N3[C@H](C(=O)[C@@H](C)C(=O)OCC)C[C@@H]4CCCC[C@@H]43)s2)on1,0.6300369551744534
CCCC(C)n1cc(NC(=O)N2[C@H](C(=O)NNC[C@@H](C)C(=O)[C@@H](C)C(=O)OCC)C[C@@H]3CCCC[C@@H]32)cn1,0.2480242686408408
CCCc1cc(CN2[C@@H](C(=O)c3ccc(C(=O)[C@@H](C)[C@@H](C)C(=O)OCC)o3)C[C@@H]3CCCC[C@@H]32)on1,0.6401843996644798
CCCC(C)C(=O)[C@H](C)C(=O)[C@@H]1C[C@@H]2CCCC[C@@H]2N1C(=O)Nc1cnc(-c2cc(C(C)CC)no2)s1,0.6260990336999411
CCOC(=O)[C@H](C)C(=O)c1cnc(Cc2cc(C(C)CC)no2)s1,0.44917077594709154
CCOC(=O)N[C@H](C)C(=O)[C@@H]1C[C@@H]2CCCC[C@@H]2N1C(=O)C(=O)[C@@H](C)C(=O)OCC,0.013207595031242669
CCCc1cnc(-c2cc(C(CC)C(CC)CCC)no2)s1,0.32914029430219166
CCCc1ccc(C(=O)N2[C@@H](C(=O)c3ccc(C(=O)[C@@H](C)[C@@H](C)C(=O)OCC)o3)C[C@@H]3CCCC[C@@H]32)o1,0.652862549237373
CCCC(C)n1cc(NC(=O)N2[C@H](C(=O)NNCc3ccc(C(=O)OCC)o3)C[C@@H]3CCCC[C@@H]32)cn1,0.6475761258027333
CCCC(C)n1cc(NC(=O)N2[C@H](C(=O)Nc3cnc(Cc4cc(OCC)no4)s3)C[C@@H]3CCCC[C@@H]32)cn1,0.21626437919077324
CCCC(C)n1cc(NC(=O)N2[C@H](C(=O)c3cnc(Cc4cc(C(C)CC)no4)s3)C[C@@H]3CCCC[C@@H]32)cn1,0.21395132467463426
CCOC(=O)c1ccc(CN2[C@H](C(=O)[C@@H](C)C(=O)OCC)C[C@@H]3CCCC[C@@H]32)o1,0.24992486554342322
CCC[C@@H](C(=O)OCC)C(=O)[C@@H]1C[C@@H]2CCCC[C@@H]2N1c1ccc(C(=O)[C@@H](C)NC(=O)[C@@H](C)C(=O)OCC)o1,0.24276806425556854
CCOC(=O)[C@H](C)C(=O)[C@@H]1C[C@@H]2CCCC[C@@H]2N1C(=O)Nc1cnc(CC)s1,0.26144053463417716
CCCC(C)C(=O)N1[C@H](C(=O)NNCc2ccc(C(=O)OCC)o2)C[C@@H]2CCCC[C@@H]21,0.265085350819336
CCCC(C)n1cc(NC(=O)N2[C@H](C(=O)NNCc3cc(OCC)no3)C[C@@H]3CCCC[C@@H]32)cn1,0.6156559575481392
CCOC(=O)N[C@H](C)C(=O)[C@@H]1C[C@@H]2CCCC[C@@H]2N1c1cnc(Cc2cc(OCC)no2)s1,0.6123724356957945
CCCc1ccc(C(=O)c2ncc(NC(=O)N3[C@H](C(=O)C(=O)[C@@H](C)C(=O)OCC)C[C@@H]4CCCC[C@@H]43)s2)o1,0.644980619863884
CCCC(CC)C(CC)c1cc(-c2ncc(C(=O)C(=O)Nc3cnc(Cc4ccc(C(=O)OCC)o4)s3)s2)on1,0.007595460827407826
CCOC(=O)N[C@H](C)C(=O)c1cnc(Cc2cc(C(C)CC)no2)s1,0.4433747811741175
CCOC(=O)c1ccc(Cc2cnc(-c3cc(C(C)CC)no3)s2)o1,0.13566723451216703
CCOC(=O)NC(=O)c1ncc(NC(=O)N2[C@H](C(=O)[C@@H](C)NC(=O)OCC)C[C@@H]3CCCC[C@@H]32)s1,0.2360641715666076
CCCc1ccc(N2[C@@H](C(=O)c3ccc(C(=O)[C@@H](C)[C@@H](C)C(=O)OCC)o3)C[C@@H]3CCCC[C@@H]32)o1,0.6482037235521644
CCCC(=O)[C@@H]1C[C@@H]2CCCC[C@@H]2N1C(=O)Nc1cnc(Cc2cc(C(C)CC)no2)s1,0.6011194039582536
CCC(=O)[C@H](C)C(=O)[C@@H]1C[C@@H]2CCCC[C@@H]2N1C(=O)Nc1cnc(Cc2cc(C(C)CC)no2)s1,0.6115420998078532
CCCc1ccc([C@H](C)C(=O)[C@@H]2C[C@@H]3CCCC[C@@H]3N2C(=O)Nc2cnc(Cc3cc(C(C)CC)no3)s2)o1,0.20772669583469103
CCOC(=O)[C@H](C)C(=O)C(=O)N1[C@H](C(=O)[C@@H](C)C(=O)OCC)C[C@@H]2CCCC[C@@H]21,0.013016357771962677
CCCC(C)NNC(=O)[C@@H]1C[C@@H]2CCCC[C@@H]2N1C(=O)Nc1cnn(C(C)CCC)c1,0.2357628770321272
CCOC(=O)[C@H](C)C(=O)[C@@H]1C[C@@H]2CCCC[C@@H]2N1C(=O)c1cnc(Cc2cc(C(C)CC)no2)s1,0.6574217746854059
CCCC(C)c1cnc(Cc2cc(C(C)CC)no2)s1,0.3519855186079883
CCCc1ccc(-c2cc(Cc3ncc(NC(=O)N4[C@H](C(=O)[C@@H](C)C(=O)OCC)C[C@@H]5CCCC[C@@H]54)s3)on2)o1,0.23002835275233752
CCCC(CC)C(CC)c1cc(-c2ncc(-c3ccc(C(=O)[C@@H](C)NC(=O)[C@@H](C)C(=O)OCC)o3)s2)on1,0.1700992363569186
CCOC(=O)c1ccc(CC(=O)Nc2cnc(Cc3cc(C(C)CC)no3)s2)o1,0.1467331361424146
CCCC(CC)C(CC)c1cc(-c2ncc(C(=O)N3[C@H](c4ccc(C(=O)OCC)o4)C[C@@H]4CCCC[C@@H]43)s2)on1,0.21162990345208307
CCCc1cc(Cc2ncc(-c3cnc(-c4cc(C(C)CC)no4)s3)s2)on1,0.005115744648782177
CCCC(C)n1cc(NCc2ncc(NC(=O)C(=O)Nc3cnc(Cc4cc(C(C)CC)no4)s3)s2)cn1,0.006856201718085467
CCCc1ccc(C(=O)N2[C@@H](C(C)=O)C[C@@H]3CCCC[C@@H]32)o1,0.2283866759411426
CCCC(C)n1cc(NCc2ncc([C@@H](C)C(=O)OCC)s2)cn1,0.4703604341917986
CCCc1cc(Cc2ncc(-c3ccc(C(=O)[C@@H](C)NC(=O)[C@@H](C)C(=O)OCC)o3)s2)on1,0.17114023258113106
CCC[C@@H](C(=O)OCC)C(=O)[C@@H]1C[C@@H]2CCCC[C@@H]2N1C(=O)[C@@H](C)NC(=O)OCC,0.01451055926831341
CCCc1ccc(C(=O)N2[C@@H](C(=O)c3ccc(C(=O)[C@@H](C)NC(=O)OCC)o3)C[C@@H]3CCCC[C@@H]32)o1,0.6492207662311682
CCCc1ccc(C(=O)c2cnc(-c3cc(C(CC)C(CC)CCC)no3)s2)o1,0.12572024707255378
CCOc1cc(CC(=O)Nc2cnc(Cc3cc(C(C)CC)no3)s2)on1,0.12807918158683348
CCCC(CC)C(CC)c1cc(-c2ncc(C(=O)N3[C@H](C(=O)[C@@H](C)NC(=O)OCC)C[C@@H]4CCCC[C@@H]43)s2)on1,0.6469966392206306
CCCC(C)n1cc(NCc2ncc(NC(=O)C(=O)c3ccc(C(=O)[C@@H](C)[C@@H](C)C(=O)OCC)o3)s2)cn1,0.1700992363569186
CCCC(CC)C(CC)c1cc(-c2ncc(C)s2)on1,0.3376908167529852
CCC(=O)[C@@H]1C[C@@H]2CCCC[C@@H]2N1C(=O)Nc1cnc(Cc2cc(C(C)CC)no2)s1,0.599144689515278
CCCc1cc(Cc2ncc(-c3cc(C(C)CC)no3)s2)on1,0.10869675728588313
CCCc1ccc(C(=O)NC(=O)N2[C@H](C(=O)[C@@H](C)C(=O)OCC)C[C@@H]3CCCC[C@@H]32)o1,0.25888836955067757
CCCC(C)n1cc(NC(=O)N2[C@H](C(=O)Nc3cnc(-c4cc(C(C)CC)no4)s3)C[C@@H]3CCCC[C@@H]32)cn1,0.21395132467463426
CCCC(C)n1cc(NCc2ncc(-c3cnc(Cc4cc(C(C)CC)no4)s3)s2)cn1,0.00604259373873752
CCCC(C)C(=O)c1cnc(-c2cc(C(CC)C(CC)CCC)no2)s1,0.36731544334622657
CCOC(=O)N[C@H](C)C(=O)c1ccc(C(=O)OCC)o1,0.1793289691737999
CCCc1ccc(C(=O)N2[C@@H](C(=O)c3ccc(C(=O)[C@@H](C)CC)o3)C[C@@H]3CCCC[C@@H]32)o1,0.6228410989030497
CCCC(CC)C(CC)c1cc(-c2ncc(C(=O)c3cnc(Cc4cc(OCC)no4)s3)s2)on1,0.006282212310798047
CCOC(=O)c1ccc(CNC(=O)[C@@H](C)C(=O)OCC)o1,0.18573429694139162
CCCC(C)[C@@H](NC(=O)OCC)C(=O)[C@@H]1C[C@@H]2CCCC[C@@H]2N1C(=O)c1cnc(Cc2cc(C(C)CC)no2)s1,0.6385078759829887
CCOC(=O)[C@H](C)C(=O)[C@@H]1C[C@@H]2CCCC[C@@H]2N1C(=O)Nc1cnc(-c2cc(C(CC)CC)no2)s1,0.6582805886043833
CCCc1ccc(N2[C@@H](C(C)CCC)C[C@@H]3CCCC[C@@H]32)o1,0.21450873245732519
CCOC(=O)c1ccc(CNc2cnc(Cc3cc(C(C)CC)no3)s2)o1,0.13688948653957853
CCCC(CC)C(CC)c1cc(-c2ncc(C(=O)c3ccc(C(=O)[C@@H](C)NC(=O)OCC)o3)s2)on1,0.1662494988632025
CCCc1cc(Cc2ccc(C(=O)[C@@H](C)NC(=O)[C@@H](C)C(=O)OCC)o2)on1,0.4936572484949418
CCCc1cc(Cc2ncc(Cc3cc(C(C)CC)no3)s2)on1,0.10742540644749186
CCCc1ccc(C(=O)N2[C@@H](c3ccc(C(=O)OCC)o3)C[C@@H]3CCCC[C@@H]32)o1,0.6023552593005889
CCOC(=O)[C@H](C)C(=O)[C@@H]1C[C@@H]2CCCC[C@@H]2N1C(=O)Nc1cnc(CNc2cnn(C(C)CC(C)CC)c2)s1,0.6300369551744534
CCCc1cc(CNc2cnn(C(C)CCC)c2)on1,0.36433962566794525
CCOC(=O)[C@H](C)C(=O)[C@@H]1C[C@@H]2CCCC[C@@H]2N1C(=O)Nc1cnc(Cc2cc(C(C)CC)no2)s1,0.6582805886043833
CCCc1cc(Cc2ncc(NC(=O)N3[C@H](C(=O)[C@@H](C)C(=O)OCC)C[C@@H]4CCCC[C@@H]43)s2)on1,0.6638357975446149
CCCc1ccc(C(=O)N2[C@H]3CCCC[C@H]3C[C@@H]2N2[C@H](C(=O)[C@@H](CCC)C(=O)OCC)C[C@@H]3CCCC[C@@H]32)o1,0.2326673876903359
CCOC(=O)[C@H](C)C(=O)c1ncc(NC(=O)N2[C@H](C(=O)[C@@H](C)C(=O)OCC)C[C@@H]3CCCC[C@@H]32)s1,0.24392797560973298
CCOC(=O)N[C@H](C)c1ncc(C(=O)N2[C@H](C(=O)[C@@H](C)C(=O)OCC)C[C@@H]3CCCC[C@@H]32)s1,0.24936133638093724
CCOC(=O)N[C@H](C)N1[C@H](C(=O)[C@@H](C)C(=O)OCC)C[C@@H]2CCCC[C@@H]21,0.013294702950020373
CCCc1ccc(C(=O)C(=O)[C@@H]2C[C@@H]3CCCC[C@@H]3N2C(=O)c2cnc(Cc3cc(C(C)CC)no3)s2)o1,0.2131863410547104
CCOC(=O)c1ccc(CCc2cc(C(C)CC)no2)o1,0.38786915045683407
CCOC(=O)[C@H](C)C(=O)[C@@H]1C[C@@H]2CCCC[C@@H]2N1C(=O)[C@@H](C)C(=O)OCC,0.013769869695213488
CCCC(C)n1cc(Nc2cc(C(C)CC)no2)cn1,0.37966319830099965
CCCC(CC)C(CC)c1cc(-c2ncc(C(=O)N3[C@H](CCC)C[C@@H]4CCCC[C@@H]43)s2)on1,0.5563486402641868
CCOC(=O)N[C@H](C)C(=O)[C@@H]1C[C@@H]2CCCC[C@@H]2N1c1cnc(Cc2cc(OCC)no2)s1,0.6123724356957945
CCCc1cc(CCc2ccc(C(=O)OCC)o2)on1,0.36433962566794525
CCCC(C)n1cc(NC(=O)N2[C@H](C(=O)NNc3ccc(C(=O)OCC)o3)C[C@@H]3CCCC[C@@H]32)cn1,0.655554777357089
CCOC(=O)[C@H](C)C(=O)c1ccc(C(=O)[C@@H](C)[C@@H](C)C(=O)OCC)o1,0.1738066988916165
CCOC(=O)[C@@H]1C[C@@H]2CCCC[C@@H]2N1C(=O)Nc1cnc(Cc2cc(C(C)CC)no2)s1,0.6297235299224025
CCOC(=O)[C@H](C)C(=O)[C@@H]1C[C@@H]2CCCC[C@@H]2N1C(=O)Nc1cnc(Cc2cc(C(CC)OCC)no2)s1,0.642416074439621
CCCCNNC(=O)[C@@H]1C[C@@H]2CCCC[C@@H]2N1C(=O)Nc1cnn(C(C)CCC)c1,0.23423418914879685
CCOC(=O)[C@H](C)C(=O)[C@@H]1C[C@@H]2CCCC[C@@H]2N1C(=O)Nc1cnc(Cc2cc(C(C)CC)no2)s1,0.6582805886043833
CCCC(C)n1cc(NC(=O)N2[C@H](C(=O)NNCc3ccc(C(=O)OCC)o3)C[C@@H]3CCCC[C@@H]32)cn1,0.6475761258027333
CCCC(C)c1cc(Cc2ncc(NC(=O)N3[C@H](C(=O)[C@@H](C)C(=O)OCC)C[C@@H]4CCCC[C@@H]43)s2)on1,0.67700320038633
CCCc1cc(-n2cc(NC(=O)N3[C@H](C(=O)NNCc4ccc(C(=O)OCC)o4)C[C@@H]4CCCC[C@@H]43)cn2)on1,0.2139178607931948
CCCc1ccc(C(=O)c2ncc(NC(=O)N3[C@H](C(=O)[C@@H](C)Cc4cc(OCC)no4)C[C@@H]4CCCC[C@@H]43)s2)o1,0.21775385546977552
CCOC(=O)c1ccc(NNc2ccc(C(=O)OCC)o2)o1,0.38282074674438826
CCOC(=O)[C@H](C)C(=O)[C@@H]1C[C@@H]2CCCC[C@@H]2N1C(=O)Nc1cnc(Cc2cc(CC)no2)s1,0.6630649835527384
CCCC(C)n1cc(NCc2ncc(NC(=O)C(=O)c3cnc(Cc4cc(C(C)CC)no4)s3)s2)cn1,0.006922660800407722
CCOC(=O)N[C@H](C)Cc1ncc(NC(=O)N2[C@H](C(=O)[C@@H](C)C(=O)OCC)C[C@@H]3CCCC[C@@H]32)s1,0.2463078170932465
CCCC(C)n1cc(NC(=O)N2[C@H](C(=O)NNc3ccc(C(=O)OCC)o3)C[C@@H]3CCCC[C@@H]32)cn1,0.655554777357089
CCCc1cc(Cc2ncc([C@@H]3C[C@@H]4CCCC[C@@H]4N3C(=O)Nc3cnn(C(C)CCC)c3)s2)on1,0.2002482039400568
CCOC(=O)[C@H](C)C(=O)[C@@H]1C[C@@H]2CCCC[C@@H]2N1C(=O)Nc1cnc(Cc2cc(OCC)no2)s1,0.6546536707079771
CCOC(=O)c1ccc(NNC(=O)[C@@H]2C[C@@H]3CCCC[C@@H]3N2C(=O)Nc2cnn(C(C)c3cc(CC)no3)c2)o1,0.21775385546977552
CCCC(CC)C(CC)c1cc(-c2ncc(-c3cnc(Cc4cc(C(C)CC)no4)s3)s2)on1,0.0055223729081430185
CCOC(=O)[C@H](C)C(=O)[C@@H]1C[C@@H]2CCCC[C@@H]2N1c1cnc(Cc2cc(OCC)no2)s1,0.6201736729460423
CCOC(=O)[C@H](C)C(=O)[C@@H]1C[C@@H]2CCCC[C@@H]2N1C(=O)C(=O)c1cnc(Cc2cc(C(C)CC)no2)s1,0.6439209162167846
CCOC(=O)c1ccc(CN[C@@H]2C[C@@H]3CCCC[C@@H]3N2C(=O)Nc2cnc(Cc3cc(OCC)no3)s2)o1,0.1990826571463134
CCCc1ccc(C(=O)N2[C@@H](C(=O)c3ccc(C(=O)[C@@H](C)OCC)o3)C[C@@H]3CCCC[C@@H]32)o1,0.633805492015809
CCOC(=O)N[C@H](C)C(=O)c1cnc(Cc2cc(C(C)CC)no2)s1,0.4433747811741175
CCCC(C)n1cc(NC(=O)N2[C@H](C(=O)Nc3cc(CC)no3)C[C@@H]3CCCC[C@@H]32)cn1,0.6201736729460423
CCOC(=O)[C@H](C)C(=O)[C@@H]1C[C@@H]2CCCC[C@@H]2N1C(=O)[C@@H](C)C(=O)OCC,0.013769869695213488
CCCC(C)n1cc(Nc2ccc(C(=O)OCC)o2)cn1,0.45133546692422
CCCc1ccc(C(=O)N2[C@@H](C(=O)[C@H]3C[C@@H]4CCCC[C@@H]4N3C(=O)c3ccc(CCC)o3)C[C@@H]3CCCC[C@@H]32)o1,0.5400617248673216
CCOC(=O)[C@H](C)C(=O)[C@@H]1C[C@@H]2CCCC[C@@H]2N1C(C)CC,0.013248878081335983
CCCc1cc([C@H](C)C(=O)c2ccc(C(=O)[C@H]3C[C@@H]4CCCC[C@@H]4N3C(=O)c3ccc(CCC)o3)o2)on1,0.2131863410547104
CCOC(=O)c1ccc(Cc2cc(C(C)CC)no2)o1,0.3931226965534482
CCOC(=O)c1ccc(CN2[C@H](C(=O)NNc3ccc(C(=O)OCC)o3)C[C@@H]3CCCC[C@@H]32)o1,0.5956833971812706
CCOC(=O)c1ccc(NNC(=O)NNc2ccc(C(=O)OCC)o2)o1,0.40160966445124946
CCOC(=O)[C@H](C)C(=O)[C@H](C)C(=O)[C@@H]1C[C@@H]2CCCC[C@@H]2N1C(=O)Nc1cnc(Cc2cc(C(C)CC)no2)s1,0.6324555320336759
CCCc1ccc(C(=O)N2[C@@H](C(=O)c3ccc(C(=O)[C@@H](C)[C@@H](C)C(=O)OCC)o3)C[C@@H]3CCCC[C@@H]32)o1,0.652862549237373
CCCc1cc([C@@H]2C[C@@H]3CCCC[C@@H]3N2C(=O)Nc2cnc(Cc3cc(C(C)CCC)no3)s2)on1,0.2002482039400568
CCOC(=O)[C@H](C)C(=O)[C@@H]1C[C@@H]2CCCC[C@@H]2N1C(=O)Nc1cnc(-c2cc(C(CC)CC)no2)s1,0.6582805886043833
CCCC(CC)C(CC)c1cc(-c2ncc(Cc3cc(OCC)no3)s2)on1,0.12217481594460043
CCCC(CC)C(CC)c1cc(-c2ncc(N3[C@H](C(=O)[C@@H](C)NC(=O)OCC)C[C@@H]4CCCC[C@@H]43)s2)on1,0.6163156344279367
CCOC(=O)N[C@H](C)NNc1ccc(C(=O)OCC)o1,0.15979661792806404
CCCC(C)n1cc(NC(=O)N2[C@@H](C(=O)c3ccc(C(=O)[C@@H](C)[C@@H](C)C(=O)OCC)o3)C[C@@H]3CCCC[C@@H]32)cn1,0.6580812002646271
CCCc1ccc(C(=O)N2[C@@H](C(=O)c3ccc(C(=O)[C@@H](C)[C@@H](C)C(=O)OCC)o3)C[C@@H]3CCCC[C@@H]32)o1,0.652862549237373
CCCC(C)n1cc(OC(=O)C(=O)C2CC3CCCCC3N2C(N)=O)cn1,0.24555630407659695
CCOC(=O)C(C)C(=O)C1CC2CCCCC2N1C(=O)Nc1cnc(CCC(C)n2cccn2)s1,0.6638357975446149
CCCC(C)n1cc(NC(=O)ONc2cnc(CNc3cnn(C(C)C)c3)s2)cn1,0.13700046303655677
CCOC(=O)C(C)C(C)C(=O)c1ccc(C(=O)C2CC3CCCCC3N2C=O)o1,0.24349485237316687
CCOC(=O)NC(C)Cc1ccc(N2C(C(=O)c3ccc(C(=O)C(C)CC)o3)CC3CCCCC32)o1,0.6221710168382552
CCCC(C(=O)OCCC=O)C(=O)C1CC2CCCCC2N1C(=O)Nc1cncs1,0.24156899810436133
CCOC(=O)C(C)C(=O)C1CC2CCCCC2N1C(=O)c1cnc(Cc2cc(C(CC)c3cc(C)no3)no2)s1,0.227805804468143
CCCC(CC)C(CC)c1cc(-c2ncc(NC(=O)N3C(C(=O)C(C)OC)CC4CCCCC43)s2)on1,0.6059599821770412
CCCC(C(=O)OC)C(=O)c1cnc(Cc2cc(C(C)CC)no2)s1,0.4317877695883728
CCOC(=O)CC(=O)C1CC2CCCCC2N1C(N)=O,0.012951112459987979
CCOC(=O)C(C)C(=O)NC(C)C(=O)c1ccc(C(=O)C2CC3CCCCC3N2)o1,0.2252792294325639
CCC(O)n1cc(NCc2ncc(NNc3ccc(C(=O)OCc4ccccc4)o3)s2)cn1,0.005540390485893352
CCOc1ccc(C(=O)C2CC3CCCCC3N2C(=O)c2ccc(CC)o2)o1,0.5900968443520823
CCCC(CC)Cc1cc(-c2ncc(-c3cc(C(CC)CC)no3)s2)on1,0.11415904052634658
CCCc1ccc(C(C)C(=O)C2CC3CCCCC3N2C=O)o1,0.21656030448361052
CCCC(C)n1cc(NCc2ncc(C3CC3)s2)cn1,0.40451991747794525
Cc1cc(-c2ccc(C(C)c3cc(Cc4ncc(C5CC6CCCCC6N5)s4)on3)cc2)no1,0.007037854411954034
CCOC(=O)Cc1ccc(C(=O)N2C(C(=O)c3ccc(C(=O)C(C)NC(=O)OCC)o3)CC3CCCCC32)o1,0.6201736729460423
CCOC(=O)NC(C(=O)C1CC2CCCCC2N1C(=O)c1cnc(N2CCCC2)s1)C1CC2CCCCC2N1,0.2031562508603854
CCC1COCCC1C(=O)C1CC2CCCCC2N1C(=O)Nc1cnc(CCC(C)n2cccn2)s1,0.5531456853792962
CCCc1cc(CN2C(C(=O)c3ccc(C(=O)CC(C)C(=O)OCC)o3)CC3CCCCC32)on1,0.6363636363636364
CCC(C)c1cc(Cc2ncc(NC(=O)N3C(C(=O)C(OC)C(C)=O)CC4CCCCC43)s2)on1,0.6024144966768742
CCCc1ccc(C(=O)N2C(C(=O)c3ccco3)CC3CCCCC32)o1,0.5720775535473553
CCOC(=O)C(C)N1C(C(=O)C(C)C(=O)c2ccccc2)CC2CCCCC21,0.24584751428564205
Nc1ccc(C(=O)OCc2ccc3cc2-c2ccc(o2)C(=O)OC3)o1,0.08955371927644165
CCOC(=O)c1ccc(NNC(=O)C2CC3CCCCC3N2C(=O)OCC)o1,0.24083362654088408
CCOc1cc(Cc2ncc(-c3ccc4ccccc4c3)s2)on1,0.0038470536543215076
CCOC(=O)NC(C)C(=O)c1ccc(C(=O)C(=O)C2CC3CCCCC3N2C(N)=O)o1,0.2378965212188653
CCOCC(Cc1cc(-c2ncc(NC(=O)N3C(C(=O)C(C)C(=O)O)CC4CCCCC43)s2)on1)c1ccon1,0.21775385546977552
CCOc1cc(Cc2ncc(NC(=O)N3CCC4CCCCC43)s2)on1,0.485071250072666
CCOC(=O)C(Cc1cc(OCC)no1)C(=O)C1CC2CCCCC2N1C(=O)Nc1cnc(C2CC2)s1,0.6211495565912796
CCOC(=O)C(C(C)C=O)C(C)NC(=O)OC1CC2CCCCC2N1C(=O)c1ccc(C2CCC(O)CC2)o1,0.22183964990023575
CCOC(=O)CC(=O)C1CC2CCCCC2N1C(=O)Nc1cnc(C)s1,0.2440236148902593
CC(C(=O)C(=O)c1cnc(Cc2cc(C(C)C(N)=O)no2)s1)C(=O)C1CC2CCCCC2N1C=O,0.5406548735632486
CCCc1ccc(C(=O)N2C(C=O)CC3CCCCC32)o1,0.20915242770734174
CCOC(=O)C(C)C(=O)Nc1cnc(CNc2cnn(C(C)CC)c2)s1,0.46028730894916164
CCC(C)c1cc(Cc2ncc(NC(=O)N3C(C(=O)C(C)C=O)CC4CCCCC43)s2)on1,0.5867386940384681
CCCc1ccc(C(=O)N2C(c3ccccc3OC)CC3CCCCC32)o1,0.5333692516640697
CCCC(CC)c1cc(-c2ncc(NC(=O)N3C(C(=O)C(C)C(N)OCOCOC)CC4CCCCC43)s2)on1,0.5857181006513773
CCOC(=O)NC(C)C(C(=O)OCC)C(=O)C1CC2CCCCC2N1C(=O)Nc1cncs1,0.24824562010715545
CC(OC(=O)C(C)C(=O)C1CC2CCCCC2N1C(=O)Nc1cnc(N2CCCC2)s1)C(=O)c1ccco1,0.5536870443361426
CCOC(=O)C(C)C(C)C(=O)c1ccc(-c2cnc(CNc3cn[nH]c3)s2)o1,0.15251475930641206
CCCc1cc(CN2C(C(=O)C(C)C(=O)OCCC(F)(F)F)CC3CCCCC32)on1,0.21870990495010853
CCOC(=O)NC(C=O)CCCOC1CC2CCCCC2N1C=O,0.011234485390222525
CCC(C)c1cc(C(=O)C2CC3CCCCC3N2C(=O)Nc2cnn(C(C)CCc3cccs3)c2)on1,0.20839502492081916
CCOC(=O)C(C)C(OC(=O)C(C)C(=O)C1CC2CCCCC2N1CC)C(=O)c1ccc(C(=O)CC)o1,0.23219400492589945
CCC(C(=O)O)c1cc(COC(=O)C(C)C(C)C=O)on1,0.1637428076475729
CC(C(=O)OC(=O)C1CC2CCCCC2N1C(N)=O)C(=O)C1CC2CCCCC2N1C(C=O)CO,0.01057453904279066
CCCC1CC2CCCCC2N1C(=O)Oc1cnc(CNc2cnn(C(C)C)c2)s1,0.565090905158132
CCC1c2cc(on2)-c2ncc(s2)NC(=O)N2C(CC3CCCCC32)C(=O)c2ccc(o2)C2(CC2)C1CC,0.16121893332565104
CCCc1ccc(C(=O)c2ncc(NC(=O)N3CCC4CCCCC43)s2)o1,0.5020964452534338
CCOC(=O)c1ccc(NNC(=O)C2CC3CCCCC3N2)o1,0.19894518493025637
CCOC(=O)c1ccc(NNc2ccc(C(=O)C(C)NC(=O)C(C)C(=O)OC)o2)o1,0.43133109281375365
CCCc1ccc(C(=O)N2C(C(=O)c3ccc(C(=O)CC4Cc5ccc4c(Cl)c5)o3)CC3CCCCC32)o1,0.19663983264305668
CCC(C)c1cc(Cc2ncc(NC(=O)N3C(c4ccccc4C)CC4CCCCC43)s2)on1,0.18801268044885433
CCOC(=O)C(C)C(=O)C1CC2CCCCC2N1OC1CCCCCC1,0.011499986515043506
CCOCC(CC)C(CC)c1cc(-c2ncc(C3CC4CCCCC4N3CC)s2)on1,0.5097475058154178
CCCC(C)n1cc(NC(=O)N2C(C(=O)c3ccc(C=O)o3)CC3CCCCC32)cn1,0.608842882172744
CC(C=O)C(C)C(=O)c1ccc(C(=O)C2CC3CCCCC3N2C)o1,0.21644128259801462
CCOC(=O)C(C)C(=O)C1CC2CCCCC2N1C=O,0.012951112459987979
CCC(C)c1cc(Cc2ncc(NC(=O)C=O)s2)on1,0.3230291412348993
CCCc1ccc(C(=O)N2C(C(=O)C(CCC)C(=O)OCc3ccc(F)cc3)CC3CCCCC32)o1,0.6196773353931867
CCCCC(=O)n1cc(NCc2ncc(NC=O)s2)cn1,0.31755367441497795
CCOC(=O)C(C)C(=O)C1CC2CCCCC2N1C(=O)Nc1cnc(C(F)F)s1,0.25113516252774903
CC(C(=O)ON(C=O)C(C)C)C1Cc2ccc(o2)C1=O,0.13584848674330968
O=C1CC1c1cc(Cc2ncc(C(=O)C3CC4CCCCC4N3C(=O)Nc3cnn(CC4CCCC4)c3)s2)on1,0.17652968501824584
CCCC(C)n1cc(NCc2ncc(NC(=O)C(=O)C(C)C=O)s2)cn1,0.42640143271122083
CCOC(=O)C(C)C(=O)C1CC2CCCCC2N1C(=O)Nc1cnc(Cc2cc(C(C)C)no2)s1,0.6482037235521644
CCCc1cc(Cc2ncc(N3C(C(=O)C(C)C(=O)OCC)CC4CCCCC43)s2)on1,0.6297235299224025
CCCC(CC)C(CC)c1cc(-c2ncc(NC(=O)N3C(C=O)CC4CCCCC43)s2)on1,0.5750175312895447
CCCCn1cc(NC(=O)N2C(C(=O)Cc3cc(OCC)no3)CC3CCCCC32)cn1,0.5891582453098054
CCOC(=O)C(C=O)C(=O)NC(C)C(=O)c1ccc(C(=O)C2CC3CCCCC3N2C(=O)c2ccco2)o1,0.6187184335382291
CCOC(=O)C(C)c1ncc(C(=O)N2C(C(=O)OC3CCN(C=O)CC3)CC3CCCCC32)s1,0.2268254330938583
CCOC(=O)C(C)C(C)C(=O)c1ccc(C(=O)C2CC3CCCCC3N2C=O)o1,0.24349485237316687
CCC1CCN1C1CC2CCCCC2N1C(=O)Nc1cnc(-c2ccno2)s1,0.49386479832479485
CCCc1ccc(N2C(C(=O)CC(=O)OCC)CC3CCCCC32)o1,0.2343887481818795
CCCc1ccc(C(=O)N2C(C(=O)c3ccc(C=O)o3)CC3CCCCC32)o1,0.5697029081098076
CCC(C)c1cc(CN2C(C(N)=O)CC3CCCCC32)on1,0.21133064961827516
Cc1ccc(C(=O)N2C(C(=O)c3ccc(C(=O)C(C)NC(=O)C(C)C(=O)C4CC4)o3)CC3CCCCC32)o1,0.5598507263734643
CCc1cc(Cc2ncc(NC(=O)N3C(CC#N)CC4CCCCC43)s2)on1,0.5163977794943222
CC1CCOc2cc(on2)CC(C(=O)O)C(=O)C2CC3CCCCC3N2C(=O)Nc2cnc(s2)Cc2cc1no2,0.161325807008801
CCOc1cc(Cc2ncc(C(OC)C(=O)CCc3cnc(CCC(C)n4cccn4)s3)s2)on1,0.0060656966061896
CCCN1CC[C@H](c2cc(Cc3ncc(C(=O)N4C(C(=O)C(C)C(=O)OCC)CC5CCCCC54)s3)on2)C1,0.6239494988372349
CCC1CCN(C)C(N2C(C(=O)C(C)C(=O)O)CC3CCCCC32)C1,0.011179278739710868
CCOc1ncc(C2CC3CCCCC3N2C(=O)Nc2cnc(CCc3cc(C)on3)s2)s1,0.1894316642054525
