Cc1cc(C)c(NC(=O)CSc2nnc(CCCCCC(=O)NNC(=O)c3ccc(Cl)cc3Cl)o2)c(C)c1,0.5226958906026641
COc1ccc(N[C@@H]2CCCc3sc(NC(=O)c4ccc(Cl)cc4)nc32)cc1S(=O)(=O)[N-]c1ccccc1Cl,0.6384388674757545
Cc1sc2nc(C3CCCCC3)nc(SCC(=O)Nc3ccc(Cl)cc3Cl)c2c1C,0.387899319961976
COc1cc(/C=C2\SC(=S)N(c3ccc([N+](=O)[O-])cc3)C2=O)ccc1-c1ccc(Cl)cc1Cl,0.47022098268295315
CCOc1cc(/C=C2\SC(=O)N(Cl)C2=O)ccc1OCc1ccccc1Cl,0.2896453481723042
COc1cc(/C=C2\SC(=S)N(c3ccc([N+](=O)[O-])cc3)C2=O)ccc1OCCl,0.2746117176913711
C[C@@H](C(=O)NCc1ccccc1F)C1CCN(C(=O)[C@@H]2CCCc3sc(NC(=O)c4ccc(Cl)cc4)nc32)CC1,0.6600465760817065
O=C(Nc1ccccc1)c1cccc2c1N[C@@H](c1cc(Cl)ccc1Cl)[C@@H]1CC=C[C@H]21,0.22696949431225927
CCc1nnc(N2C(=O)c3oc4ccc(F)cc4c(=O)c3[C@@H]2c2cccc(Cl)c2)s1,0.29330530299731306
CCOc1cc(/C=C2\SC(=O)N(Cl)C2=O)ccc1OCc1ccccc1Cl,0.2896453481723042
N#CC1=C(SCC(=O)Nc2ccc(Cl)cc2Cl)N=C2CCCC(=O)[C@@H]2[C@@H]1c1ccc(Cl)cc1,0.5757683522252443
CCCCCOc1cccc(NC(=O)c2cc(NC(=O)Nc3c(C)cccc3C)ccc2N2CCCC2)c1,0.6627450325710343
Cc1ccc(NC(=O)c2c(C)nc3sc(NC(=O)Nc4c(C)cccc4C)c(N)c3c2-c2ccc(C)o2)c(C)c1,0.5169249870280149
CCCCCOc1cccc(NC(=O)c2cc(NC(C)=O)ccc2N2CCCC2)c1,0.369202108168875
COc1cc(/C=C2\SC(=S)N(c3ccc([N+](=O)[O-])cc3)C2=O)ccc1-c1ccc(Cl)cc1Cl,0.47022098268295315
CCCCCOc1cccc(NC(=O)c2cc(NC(=O)Nc3c(C)cccc3C)ccc2N2CCCC2)c1,0.6627450325710343
Cc1cccc(C)c1NC(=O)N1CCC([C@@H](C)C(=O)NCc2ccccc2F)CC1,0.29132974714956533
CCCCCOc1cccc(NC(=O)c2cc(Cl)ccc2N2CCCC2)c1,0.24119023608706613
CCCCCOc1cccc(NC(=O)c2cc(N)ccc2N2CCCC2)c1,0.2894007059251844
O=C(CSc1ccc(Cl)cc1)Nc1ccc(Cl)cc1Cl,0.10458036032090663
C[C@@H](C(=O)NCc1ccccc1F)C1CCN(c2ccc(Cl)cc2Cl)CC1,0.15971228189262343
CCOC(=O)c1ccccc1-c1csc(NC(=O)c2c(-c3c(F)cccc3Cl)noc2-c2c(C)cccc2C)n1,0.6097388072784334
COc1ccc(N[C@@H]2CCCc3sc(NC(=O)c4ccc(Cl)cc4Cl)nc32)cc1S(=O)(=O)[N-]c1ccccc1Cl,0.6340521473241069
Cc1sc2nc(C3CCCCC3)nc(SCC(=O)Nc3ccc([N-]c4ccccc4Cl)cc3)c2c1C,0.526612403005784
COc1ccc(NC(=O)c2ccc(Cl)cc2Cl)cc1S(=O)(=O)[N-]c1ccccc1Cl,0.49642424114232586
COc1ccc(-n2nc(C)c3c2N=C(O)C[C@@H]3c2nnc(SCC(=O)Nc3c(C)cc(C)cc3C)o2)cc1,0.4444918114359034
COc1ccc(N[C@@H]2CCCc3sc(NC(=O)[N-]c4ccccc4Cl)nc32)cc1S(=O)(=O)[N-]c1ccccc1Cl,0.6269360036367558
Cc1onc(-c2c(F)cccc2Cl)c1C(=O)Nc1nc(-c2ccc(Cl)cc2Cl)cs1,0.4523551638813565
CCCCCOc1cccc(NC(=O)c2cc(NC(=O)NNc3c(C)cccc3C)ccc2N2CCCC2)c1,0.6837567565708746
N#CC1=C(SCC(=O)Nc2ccc(Cl)cc2Cl)N=C2CCCC(=O)[C@@H]2[C@@H]1c1ccc(Cl)cc1,0.5757683522252443
N#CC1=C(NCc2ccccc2F)N=C2CCCC(=O)[C@@H]2[C@@H]1c1ccc(Cl)cc1,0.3154201856053069
CCCCCc1onc(-c2c(F)cccc2Cl)c1C(=O)Nc1nc(-c2ccccc2C(=O)OCC)cs1,0.7053699079583381
CCCCCOc1cccc(NC(=O)c2cc(NC(=O)Nc3c(C)cccc3C)ccc2CCCCC)c1,0.6291472378639623
Cc1cccc(C)c1[C@@H]1C(C#N)=C(SCC(=O)Nc2ccc(Cl)cc2Cl)N=C2CCCC(=O)[C@@H]21,0.5986785217053605
Cc1cccc(C)c1NNC(=O)CSC1=C(C#N)[C@@H](c2c(C)cccc2C)[C@H]2C(=O)CCCC2=N1,0.4702353254668605
CCCCCc1cc(C)ccc1NC(=O)c1c(C)nc2sc(C(=O)N3CCCC3)c(N)c2c1-c1ccc(C)o1,0.6459968009235791
CCCCCc1cc(C)ccc1NC(=O)c1cc(NC(=O)NNc2c(C)cccc2C)ccc1N1CCCC1,0.6590738579394585
CCCCCOc1cccc(NC(=O)c2cc(NNCc3ccccc3F)ccc2N2CCCC2)c1,0.5670236887874283
N#CC1=C(c2ccc(Cl)cc2Cl)N=C2CCCC(=O)[C@@H]2[C@@H]1c1ccc(Cl)cc1,0.3361360353101039
CCCCCOc1cccc([C@@H]2C(C#N)=C(SCC(=O)Nc3ccc(Cl)cc3Cl)N=C3CCCC(=O)[C@@H]32)c1,0.6399959741337293
CCCCC(=O)c1cc(NNCc2ccccc2F)ccc1N1CCCC1,0.19726822311010633
CCOC(=O)c1ccccc1-c1csc(N[N-]c2ccccc2Cl)n1,0.3518789926319449
COc1ccc(N[C@@H]2CCCc3sc(NC(=O)Cl)nc32)cc1S(=O)(=O)[N-]c1ccccc1Cl,0.6107977257177348
CCCCCc1cc(C)ccc1NC(=O)[C@H]1CC(O)=Nc2c1c(C)nn2-c1ccc(OC)cc1,0.574969938600067
N#C[C@@H]1CCCc2sc(NC(=O)c3ccc(Cl)cc3)nc21,0.14990861619015602
CCCCCOc1cccc(NC(=O)c2cc(NC(=O)Nc3c(C)cccc3C)ccc2CCCCC)c1,0.6291472378639623
CCOC(=O)c1ccccc1-c1csc(Nc2csc(NC(=O)c3c(-c4c(F)cccc4Cl)noc3C)n2)n1,0.6100281446971628
C[C@@H](C(=O)NCc1ccccc1F)C1CCN(NCc2ccccc2F)CC1,0.07709706739514328
CCCCCOc1cccc(NC(=O)NC(=O)CSc2nc(C3CCCCC3)nc3sc(C)c(C)c23)c1,0.6615121102733332
CCCCCc1cc(C)ccc1C1=C(C#N)[C@@H](c2c(C)cccc2C)[C@H]2C(=O)CCCC2=N1,0.38562961075964214
CCCCCc1onc(-c2c(F)cccc2Cl)c1C(=O)NNc1ccc(Cl)cc1Cl,0.5615401720900735
COc1ccc(N[C@@H]2CCCc3sc(NC(=O)Cl)nc32)cc1S(=O)(=O)[N-]c1ccccc1Cl,0.6107977257177348
CCCCCc1ccc(OC)c(S(=O)(=O)[N-]c2ccccc2Cl)c1,0.3202806282794575
CCCCCc1ccc(NC(=O)Nc2c(C)cccc2C)cc1C(=O)NNNCc1ccccc1F,0.6033303807017276
CCCCCOc1cccc(NC(=O)NC(=O)CSc2nc(Cl)nc3sc(C)c(C)c23)c1,0.5475491708198291
Cc1cccc(C)c1NC(=O)Nc1ccc(Cl)cc1Cl,0.16398259431525553
Cc1cccc(C)c1[C@@H]1C(C#N)=C(SCC(=O)NC(=O)Nc2ccc(Cl)cc2Cl)N=C2CCCC(=O)[C@@H]21,0.598720503507204
Cc1cccc(C)c1[C@@H]1C(C#N)=C(c2ccc(Cl)cc2)N=C2CCCC(=O)[C@@H]21,0.3009760924921626
COc1ccc(N[C@@H]2CCCc3sc(Cl)nc32)cc1S(=O)(=O)[N-]c1ccccc1Cl,0.5715152728693479
Cc1onc(-c2c(F)cccc2Cl)c1C(=O)NC(=O)[C@@H]1CCCc2sc(NC(=O)c3ccc(Cl)cc3)nc21,0.6436533832784852
COc1ccc(Nc2ccc(OC)c(S(=O)(=O)[N-]c3ccccc3Cl)c2)cc1S(=O)(=O)[N-]c1ccccc1Cl,0.5316670455679262
Cc1cccc(C)c1Nc1noc(C)c1C(=O)NC(=O)[C@@H]1CCCc2sc(NC(=O)c3ccc(Cl)cc3)nc21,0.5693837491106922
CCCCCS(=O)(=O)c1cc(N[C@@H]2CCCc3sc(NC(=O)c4ccc(Cl)cc4Cl)nc32)ccc1OC,0.6695089742029927
CCCCCc1onc(-c2c(F)cccc2Cl)c1C(=O)Cl,0.1995846962303671
CCCCCS(=O)(=O)c1cc(-c2c(F)cccc2Cl)ccc1OC,0.21053310702611844
CCOC(=O)c1ccccc1-c1csc(NN2CCC([C@@H](C)C(=O)NCc3ccccc3F)CC2)n1,0.5051857801142307
CCOC(=O)c1ccccc1-c1csc(C2CCCCC2)n1,0.16204204959145055
CCOC(=O)c1ccccc1-c1csc(NC(=O)C2CCCCC2)n1,0.24837668264758883
CCCCc1nc(-c2ccccc2C(=O)OCC)cs1,0.10118414811304162
CCCCCc1onc(-c2c(F)cccc2Cl)c1C(=O)C(=O)Cl,0.2548552779881841
Cc1cccc(C)c1NN1CCC([C@@H](C)C(=O)NCc2ccccc2F)CC1,0.16119156071590124
CCCCCc1cc(C)ccc1-c1c(C)cccc1C,0.03570241400974722
CCCCCc1onc(-c2c(F)cccc2Cl)c1C(=O)C1CCCCC1,0.3179172321676837
CC(=O)Nc1nc2c(s1)CCC[C@H]2C(=O)NC(=O)c1c(-c2c(F)cccc2Cl)noc1C,0.260446879370495
CCCCCc1ccc(NC(=O)Nc2c(C)cccc2C)cc1C(=O)NCCCC,0.5181734290415075
CCCCCc1cc(C)ccc1NC(=O)NC(=O)c1c(-c2c(F)cccc2Cl)noc1C,0.6546972003110001
Cc1ccc(NC(=O)NC(=O)c2c(-c3c(F)cccc3Cl)noc2C)c(CCC(=O)[N-]c2ccccc2Cl)c1,0.6644261268237103
CCCCS(=O)(=O)c1cc(N[C@@H]2CCCc3sc(NC(=O)c4ccc(Cl)cc4Cl)nc32)ccc1OC,0.658934882740927
CCCCCOc1cccc(NC(=O)c2nc(Nc3nc(-c4ccccc4C(=O)OCC)cs3)cs2)c1,0.614873318296944
CCOCCCc1cc(C)ccc1NC(=O)NC(=O)c1c(-c2c(F)cccc2Cl)noc1C,0.5725806382781838
CCCCCS(=O)(=O)c1cc(NCc2ccccc2F)ccc1OC,0.20073216088124765
CCCCCOS(=O)(=O)c1cc(N[C@@H]2CCCc3sc(NC(=O)c4ccc(Cl)cc4Cl)nc32)ccc1OC,0.6767784169992456
CCCCCS(=O)(=O)c1cc(N2CCC([C@@H](C)C(=O)NCc3ccccc3F)CC2)ccc1OC,0.4320570795332242
CCc1ccc(OC)c(S(=O)(=O)[N-]c2ccccc2Cl)c1,0.15834258493316344
CCCCCc1cc(C)ccc1NC(=O)c1c(C)nc2sc(C(=O)N3CCCC3)c(N)c2c1-c1ccc(C)o1,0.6459968009235791
CONC(=O)Nc1ccc(C)cc1CCC(=O)[N-]c1ccccc1Cl,0.26736826093341276
CCCCCc1ccc(NC(=O)Nc2c(C)cccc2C)cc1C(=O)Nc1cccc(OCCCC)c1,0.6262440543354256
CCOC(=O)c1ccccc1-c1csc(C(=O)[C@@H]2CCCc3sc(NC(=O)c4ccc(Cl)cc4)nc32)n1,0.640604715951016
CCOC(=O)c1ccccc1-c1csc(N2CCCC2)n1,0.06778172880941725
CCCCCc1ccc(NC(=O)Nc2c(C)cccc2C)cc1C(=O)Nc1ccccc1Cl,0.5470613357364155
CCCCCc1ccc(NC(=O)Nc2c(C)cccc2C)cc1C(=O)NCc1ccccc1F,0.6163482971374967
CCCCCc1cc(C)ccc1C(=O)CSc1nc(C2CCCCC2)nc2sc(C)c(C)c12,0.2790955432642186
CCCCCOc1cccc([C@@H]2C(CCCC)=C(SCC(=O)Nc3ccc(Cl)cc3Cl)N=C3CCCC(=O)[C@@H]32)c1,0.5232167001895732
CCCCCOc1cccc(NC(=O)c2cc(NC(=O)Nc3c(C)cccc3C)ccc2CCCCC)c1,0.6291472378639623
CCOC(=O)c1ccccc1-c1csc(C(=O)[C@@H]2CCCc3sc(NC(=O)Cl)nc32)n1,0.48631121511373937
CCCCCOc1cccc(NC(=O)c2cc(NC(=O)Nc3c(C)cccc3C)ccc2CCCCC)c1,0.6291472378639623
CCCCCOc1cccc(NC(=O)Nc2ccc(Cl)cc2Cl)c1,0.31745585525237413
Cc1ccc(NC(=O)NC(=O)c2c(-c3c(F)cccc3Cl)noc2C)c(CCc2ccc(Cl)cc2)c1,0.6321823188980285
COC(=O)Nc1nc2c(s1)CCC[C@H]2C(=O)N1CCC([C@@H](C)C(=O)NCc2ccccc2F)CC1,0.2709621370662746
Cc1onc(CCc2ccc(Cl)cc2)c1C(=O)NC(=O)[C@@H]1CCCc2sc(NC(=O)c3ccc(Cl)cc3)nc21,0.566694111435767
CCCCCc1onc(-c2c(F)cccc2Cl)c1C(=O)N1CCCC1,0.22855133090551474
COc1noc(C)c1C(=O)NC(=O)[C@@H]1CCCc2sc(NC(=O)c3ccc(Cl)cc3)nc21,0.1680658748607026
CCOC(=O)c1ccccc1-c1csc(NC(=O)c2c(-c3c(F)cccc3Cl)noc2C)n1,0.5526535973348968
CCCCCCSC1=C(C#N)[C@@H](c2cccc(OCCCCC)c2)[C@H]2C(=O)CCCC2=N1,0.47786023423876145
CCCCCOc1cccc(NC(=O)c2c(-c3c(F)cccc3Cl)noc2C)c1,0.49045045483711747
CCCCCc1cc(C)ccc1NC(=O)Nc1nc(-c2ccccc2C(=O)OCC)cs1,0.5909448855616617
CCOC(=O)c1ccccc1-c1csc(Nc2ccc(C)cc2CCc2ccc(Cl)cc2)n1,0.33633447960693824
Cc1onc(-c2c(F)cccc2Cl)c1C(=O)NC(=O)NCc1ccccc1F,0.2072678087517879
Cc1ccc(NC(=O)NNC(=O)[N-]c2ccccc2Cl)c(CCC(=O)[N-]c2ccccc2Cl)c1,0.5946512947412149
C[C@@H](C(=O)Cl)C1CCN(C(=O)[C@@H]2CCCc3sc(NC(=O)c4ccc(Cl)cc4)nc32)CC1,0.39927394653855386
CCCCCS(=O)(=O)c1cc(Nc2c(C)cccc2C)ccc1OC,0.2670664376069286
CCCCCOc1cccc(NC(=O)c2cc(CCC)ccc2N2CCCC2)c1,0.2664470348461809
CCCCCOc1cccc(NC(=O)c2cc(NNC(=O)Nc3c(C)cccc3C)ccc2N2CCCC2)c1,0.6878745450860794
CCCCCc1cc(C)ccc1NC(=O)C(=O)c1c(-c2c(F)cccc2Cl)noc1C,0.5706311467850705
CCCCCOc1cccc(NC(=O)c2cc(NC(=O)Nc3c(C)cccc3C)ccc2CCOC)c1,0.6603668007205774
Cc1ccc(NNC(=O)Nc2ccc(C)cc2CCC(=O)[N-]c2ccccc2Cl)c(CCc2ccc(Cl)cc2)c1,0.5925137153001838
COC(=O)Nc1nc2c(s1)CCC[C@H]2C(=O)N1CCC([C@@H](C)C(=O)NCc2ccccc2F)CC1,0.2709621370662746
Cc1ccc(NC(=O)NC(=O)c2c(-c3c(F)cccc3Cl)noc2C)c(C)c1,0.3691612539892812
Cc1onc(-c2c(F)cccc2Cl)c1C(=O)NC(=O)[C@@H]1CCCc2sc(NC(=O)[N-]c3ccccc3Cl)nc21,0.689598825521538
COc1ccc(N[C@@H]2CCCc3sc(NC(=O)c4ccc(Cl)cc4Cl)nc32)cc1S(=O)(=O)c1c(C)cccc1C,0.6526247860080884
CCOC(=O)c1ccccc1-c1csc(N2CCCC2)n1,0.06778172880941725
CCOC(=O)c1ccccc1-c1csc(NC(=O)c2ccc(Cl)cc2)n1,0.2640489531862234
Cc1cccc(C)c1NNC(=O)Nc1ccc(N2CCCC2)c(C(=O)NC(=O)Nc2ccc(Cl)cc2Cl)c1,0.6013695407908227
CNC(=O)Nc1ccc(C)cc1CCC(=O)[N-]c1ccccc1Cl,0.2525019290042855
CCCCCc1cc(C)ccc1NC(=O)[C@@H]1CCCc2sc(NC(=O)c3ccc(Cl)cc3)nc21,0.5626261239644391
CONC(=O)Nc1ccc(C)cc1CCC(=O)[N-]c1ccccc1Cl,0.26736826093341276
CCCCCOc1cccc(NC(=O)c2cc(NNC(C)=O)ccc2N2CCCC2)c1,0.32196623071670477
CCCCCOc1cccc(NC(=O)c2cc(NNC(=O)Nc3c(C)cccc3C)ccc2N2CCCC2)c1,0.6878745450860794
Cc1cccc(C)c1NC(=O)NC(=O)CSc1nc(C2CCCCC2)nc2sc(C)c(C)c12,0.6055883014217189
Cc1cccc(C)c1N[C@@H]1CCCc2sc(NC(=O)c3ccc(Cl)cc3Cl)nc21,0.38661544362760064
CCCCCOc1cccc(NC(=O)c2cc(NC(=O)[N-]c3ccccc3Cl)ccc2N2CCCC2)c1,0.6561086198444563
Cc1cccc(C)c1C(=O)[C@H](C)C1CCN(C(=O)[C@@H]2CCCc3sc(NC(=O)c4ccc(Cl)cc4)nc32)CC1,0.6533267050606286
CCOC(=O)c1ccccc1-c1csc(NC(=O)[C@@H]2CCCc3sc(NC(=O)[N-]c4ccccc4Cl)nc32)n1,0.6232058987260218
COCCc1cc(C)ccc1NC(=O)NC(=O)c1c(-c2c(F)cccc2Cl)noc1C,0.3900319507592475
CCCCC(=O)Nc1nc2c(s1)CCC[C@H]2C(=O)c1nc(-c2ccccc2C(=O)OCC)cs1,0.5597750705908356
COCCc1cc(C)ccc1NC(=O)NC(=O)c1c(-c2c(F)cccc2Cl)noc1C,0.3900319507592475
CCCCc1cc(NC(=O)NNc2c(C)cccc2C)ccc1N1CCCC1,0.3112152780586641
CCCCCOc1cccc(NC(=O)c2ccc(C)cc2CCCCC)c1,0.2530133551950209
N#CC(=O)[C@@H]1CCCc2sc(NC(=O)c3ccc(Cl)cc3)nc21,0.13257461208522384
Cc1ccc(-c2c(NC(=O)Nc3c(C)cccc3C)c(C)nc3sc(C(=O)N4CCCC4)c(N)c23)o1,0.5869950891959073
Cc1cccc(C)c1C(=O)[C@H](C)N[C@@H]1CCCc2sc(NC(=O)c3ccc(Cl)cc3Cl)nc21,0.5411825694615625
Cc1ccc(NC(=O)NC(=O)Nc2c(C)cccc2C)c(CCC(=O)[N-]c2ccccc2Cl)c1,0.6215144329583673
Cc1ccc(-c2c(NC(=O)c3ccc(Cl)cc3)c(C)nc3sc(C(=O)N4CCCC4)c(N)c23)o1,0.5425326965441075
CCCCCOc1cccc(NC(=O)c2cc(-c3c(-c4c(F)cccc4Cl)noc3C)ccc2N2CCCC2)c1,0.5996637591073388
CCCCCc1cc(C)ccc1NC(=O)c1nc(-c2ccccc2C(=O)OCC)cs1,0.4929246286186371
CCCNC(=O)c1cc(NC(=O)NNc2c(C)cccc2C)ccc1N1CCCC1,0.2394706148284065
Cc1cccc(C)c1NNC(=O)Nc1ccc(N2CCCC2)c(Nc2c(C)cccc2C)c1,0.5253337491952801
Cc1onc(NC(=O)c2ccc(Cl)cc2)c1C(=O)NC(=O)[C@@H]1CCCc2sc(NC(=O)c3ccc(Cl)cc3)nc21,0.48041467722878917
CCOC(=O)c1ccccc1-c1csc(C(=O)[C@@H]2CCCc3sc([C@@H](C)C(=O)c4c(C)cccc4C)nc32)n1,0.6356282060935431
CCCCCc1cc(C)ccc1NC(=O)NC(=O)Nc1c(C)cccc1C,0.44699411749690526
Cc1ccc(NC(=O)NC(=O)NCc2ccccc2F)c(CCC(=O)[N-]c2ccccc2Cl)c1,0.6077080241717052
CCCC(=O)[C@@H]1CCCc2sc(NC(=O)[N-]c3ccccc3Cl)nc21,0.46586828707443173
COc1ccc(N[C@@H]2CCCc3sc(NC(=O)c4ccc(Cl)cc4Cl)nc32)cc1S(=O)(=O)CCCCl,0.6488979798687949
CCCCCc1cc(C)ccc1NC(=O)c1c(-c2c(F)cccc2Cl)noc1C,0.43898936872273275
Cc1ccc(NC(=O)NC(=O)c2c(-c3c(F)cccc3Cl)noc2C)c(CCCCl)c1,0.5701715872261806
COCCc1ccc(NC(=O)Nc2c(C)cccc2C)cc1C(=O)NC(=O)c1ccc(Cl)cc1Cl,0.5460187317864497
CCCCCOc1cccc(NC(=O)N[C@@H](C)C(=O)c2c(C)cccc2C)c1,0.3574398461085148
CCCCCOc1cccc(NC(=O)c2cc(NNC(=O)Nc3c(C)cccc3C)ccc2N2CCCC2)c1,0.6878745450860794
Cc1onc(-c2c(F)cccc2Cl)c1C(=O)NNCc1ccccc1F,0.14526515347455352
CCCCCOc1cccc(NC(=O)c2cc(NC(C)=O)ccc2N2CCCC2)c1,0.369202108168875
Cc1ccc(NC(=O)NC(=O)c2c(F)cccc2Cl)c(CCC(=O)[N-]c2ccccc2Cl)c1,0.6603946715590369
Cc1ccc(NC(=O)c2c(C)nc3sc(C(=O)N4CCCC4)c(N)c3c2-c2ccc(C)o2)c(CCCCCCl)c1,0.6521788819585075
CCCCCc1onc(-c2c(F)cccc2Cl)c1C(=O)NN1CCCC1,0.24256936899932835
Cc1sc2nc(C3CCCCC3)nc(SCC(=O)[C@@H]3CCCc4sc(NC(=O)c5ccc(Cl)cc5)nc43)c2c1C,0.6173468079064204
CCCCCOC(=O)CSc1nc(C2CCCCC2)nc2sc(C)c(C)c12,0.3292057404969309
COc1ccc(NNC(=O)c2c(-c3c(F)cccc3Cl)noc2C)cc1S(=O)(=O)c1c(C)cccc1C,0.49586919898770154
Cc1onc(-c2c(F)cccc2Cl)c1C(=O)NC1CCCCC1,0.20606033071838384
CCCCCc1cc(C)ccc1C(=O)[C@@H]1CCCc2sc(NC(=O)c3ccc(Cl)cc3)nc21,0.4462004523008092
CCOC(=O)c1ccccc1-c1csc(NNCc2ccccc2F)n1,0.19396976856875725
COc1ccc(N[C@@H]2CCCc3sc(NC(=O)c4ccc(CCl)cc4Cl)nc32)cc1S(=O)(=O)CCCCl,0.6513539400897405
CCCCCOc1cccc(NC(=O)c2nc(-c3ccccc3C(=O)OCC)cs2)c1,0.4853797855373719
O=C([N-]c1ccccc1Cl)Nc1ccc(N2CCCC2)c(S(=O)(=O)CCCCl)c1,0.4793266245873047
Cc1cccc(C)c1NNC(=O)Nc1ccc(N2CCCC2)c(C(=O)Nc2cccc(OCCCl)c2)c1,0.584284284996338
Cc1ccc(NC(=O)c2cc(NC(=O)NNc3c(C)cccc3C)ccc2N2CCCC2)c(C)c1,0.563245175347119
CCCCCO[C@@H]1CCCc2sc(NC(=O)c3ccc(Cl)cc3Cl)nc21,0.3406520487709485
CCCCCc1onc(-c2c(F)cccc2Cl)c1C(=O)Cl,0.1995846962303671
COc1ccc(Nc2ccccc2Cl)cc1S(=O)(=O)c1c(C)cccc1C,0.26918901411186696
COc1cc(NNC(=O)Nc2c(C)cccc2C)ccc1N1CCCC1,0.1764345801566984
Cc1cccc(C)c1NC(=O)NC(=O)CSc1nc(C2CCCCC2)nc2sc(C)c(C)c12,0.6055883014217189
COCCc1ccc(NC(=O)Nc2c(C)cccc2C)cc1C(=O)NOC,0.12860835540778046
CCOC(=O)c1ccccc1-c1csc(NN2CCCC2)n1,0.08267330527835931
CCCCCc1cc(C)ccc1NC(=O)NNc1c(C)cccc1C,0.29631306536206875
CCCCc1cc(C)ccc1NC(=O)c1cc(NC(=O)NNc2c(C)cccc2C)ccc1N1CCCC1,0.6557342024066087
COCCc1ccc(NC(=O)Nc2c(C)cccc2C)cc1C(=O)C1CCCCC1,0.4735861576213871
CONc1nc2c(s1)CCC[C@H]2C(=O)NC(=O)c1c(-c2c(F)cccc2Cl)noc1C,0.26718522400159883
CCCCCc1onc(-c2c(F)cccc2Cl)c1C(=O)Nc1c(C)cccc1C,0.46116977115208907
CCCc1c(C(=O)Nc2ccc(C)cc2CCCCCCl)c(C)nc2sc(C(=O)N3CCCC3)c(N)c12,0.6443365967234668
COc1ccc(N[C@@H]2CCCc3sc(NC(=O)c4ccc(Cl)cc4Cl)nc32)cc1S(=O)(=O)CCN,0.3840813680678681
CCCCc1cc(C)ccc1NC(=O)c1cc(S(=O)(=O)CCCCl)ccc1N1CCCC1,0.41869763437502544
COc1ccc(N[C@@H]2CCCc3sc(NC(=O)c4ccc(CCl)cc4Cl)nc32)cc1S(=O)(=O)Cc1ccc(C)o1,0.6443509491844646
CCCCCC(=O)CSc1nc(C2CCCCC2)nc2sc(C)c(C)c12,0.26190275594167917
CCCCCONC(=O)Nc1cccc(OCCCCC)c1,0.2119109791581482
CCCNc1nc2c(s1)CCC[C@H]2C(=O)NC(=O)c1c(-c2c(F)cccc2Cl)noc1C,0.44110501582429024
CCCCCOCCc1cc(C)ccc1NC(=O)NC(=O)c1c(-c2c(F)cccc2Cl)noc1C,0.7098613638668722
Cc1cccc(C)c1[C@@H]1CCCc2sc(NC(=O)c3ccc(Cl)cc3)nc21,0.24813569467547866
Cc1ccc(NC(=O)NC(=O)c2c(-c3c(F)cccc3Cl)noc2C)c(CCCCl)c1,0.5701715872261806
Cc1ccc(NC(=O)c2cc(NC(=O)NNc3c(C)cccc3C)ccc2N2CCCC2)c(N)c1,0.4387041702693313
CCCCCOc1cccc(NC(=O)c2cc(NC(=O)Nc3c(C)cccc3C)ccc2OCCCCC)c1,0.6649988742395063
Cc1cccc(C)c1C(=O)[C@H](C)C(=O)c1c(-c2c(F)cccc2Cl)noc1C,0.34326069383117164
Cc1cccc(C)c1NNC(=O)Nc1ccc(N2CCCC2)c(NC(=O)NNc2c(C)cccc2C)c1,0.5452278316543149
Cc1onc(-c2c(F)cccc2Cl)c1C(=O)c1ccc(Cl)cc1Cl,0.2176944635949689
CCCCCOc1cccc(NC(=O)c2cc(NC(=O)[N-]c3ccccc3CCCC)ccc2N2CCCC2)c1,0.6607277005216438
COC(=O)N1CCC([C@@H](C)C(=O)c2c(C)cccc2C)CC1,0.07711291649091162
CCCCCOc1cccc(NC(=O)[C@@H](C)C(=O)c2c(C)cccc2C)c1,0.2866209217825054
CCCCCc1cc(C)ccc1NC(=O)NN1CCCC1,0.09315411661635546
CCCCCc1cc(C)ccc1NC(=O)NC(=O)N1CCC([C@@H](C)C(=O)c2c(C)cccc2C)CC1,0.6623337605832221
CCCCCOc1cccc(N[C@@H]2CCCc3sc(NC(=O)c4ccc(Cl)cc4Cl)nc32)c1,0.4835177251434033
CCCCCOc1cccc(C(=O)c2cc(NC(=O)Nc3c(C)cccc3C)ccc2CCOC)c1,0.6068492096855919
CCCCCOc1ccc(NC(=O)Nc2c(C)cccc2C)cc1C(=O)Nc1cccc(C2CCCCC2)c1,0.6324059042037169
O=C(Nc1nc2c(s1)CCC[C@H]2C(=O)c1ccc(Cl)cc1Cl)c1ccc(Cl)cc1Cl,0.41287849915723296
CCCCCOc1cccc(NC(=O)c2cc(NC(=O)[N-]c3ccccc3Cl)ccc2N2CCCC2)c1,0.6561086198444563
Cc1cccc(C)c1C(=O)[C@H](C)C1CCN(C(=O)NC(=O)NC(=O)c2c(-c3c(F)cccc3Cl)noc2C)CC1,0.6366490547624855
CCCCCOc1cccc(N[C@@H]2CCCc3sc(NC(=O)c4ccc(Cl)cc4Cl)nc32)c1,0.4835177251434033
CCOC(=O)c1ccccc1-c1csc(C(=O)NC(=O)N2CCC([C@@H](C)C(=O)c3c(C)cccc3C)CC2)n1,0.5614464382473455
CCCCCc1onc(-c2c(F)cccc2Cl)c1C(=O)NC(=O)Nc1c(C)cccc1C,0.6841467282188299
Cc1cccc(C)c1NNC(=O)Nc1c(C)cccc1C,0.11870636965203608
CCCCCOCCc1cc(C)ccc1NC(=O)NC(=O)c1c(-c2c(F)cccc2Cl)noc1C,0.7098613638668722
Cc1cccc(C)c1NC(=O)NC(=O)[C@@H]1CCCc2sc(NC(=O)[N-]c3ccccc3Cl)nc21,0.6241538739408202
CCCCCOc1cccc(NC(=O)c2cc(NC(=O)Nc3c(C)cccc3C)ccc2ON2CCCC2)c1,0.6826084228793694
CCCCCc1onc(-c2c(F)cccc2Cl)c1C(=O)NCc1ccccc1F,0.34371575331877513
Cc1cccc(C)c1NC(=O)NNc1ccc(N2CCCC2)c(C(=O)Nc2cccc(OCl)c2)c1,0.5678209191801753
Cc1ccc(NC(=O)c2cc(NC(=O)NNc3c(C)cccc3C)ccc2N2CCCC2)c(F)c1,0.5977268259861105
CCCCCOc1cccc(NC(=O)c2cc(NNC(=O)NCc3ccccc3F)ccc2N2CCCC2)c1,0.6841862284212592
CCCCCc1onc(-c2c(F)cccc2Cl)c1C(=O)NNC(=O)NCc1ccccc1F,0.4098003586241796
CCc1ccccc1[N-]C(=O)CCc1cc(C)ccc1NC(=O)NC(=O)c1c(F)cccc1Cl,0.6822737155773335
CCCCCOc1ccc(NC(=O)Nc2c(C)cccc2C)cc1C(=O)Nc1cccc(OCCC)c1,0.661396047590327
CCCCCOCCc1cc(C)ccc1C(=O)[C@@H]1CCCc2sc(NC(=O)[N-]c3ccccc3Cl)nc21,0.6579679493848691
CCCCCOCCc1cc(C)ccc1NC(=O)C(=O)[N-]c1ccccc1CCCC,0.5361166540683326
CCCCCOCCc1cc(C)ccc1NC(=O)Nc1c(C)cccc1C,0.34085193863246166
Cc1ccc(C(=O)[C@@H]2CCCc3sc(NC(=O)[N-]c4ccccc4Cl)nc32)c(CCl)c1,0.5643569369711667
CCCCCC(=O)[C@@H]1CCCc2sc(NC(=O)c3ccc(Cl)cc3)nc21,0.3554983578660008
CCCCCOc1cccc(NC(=O)NC(=O)Nc2c(C)cccc2C)c1,0.4132963007981682
Cc1onc(-c2c(F)cccc2Cl)c1NC(=O)NCc1ccccc1F,0.2572740227156629
CCCCCc1cc(C)ccc1NCc1ccccc1F,0.06546732585763874
Cc1cccc(C)c1NC(=O)NC(=O)CSc1nc(C2CCCCC2)nc2sc(C)c(C)c12,0.6055883014217189
CCCCCc1cc(C)ccc1[C@@H]1CCCc2sc(NC(=O)[N-]c3ccccc3Cl)nc21,0.4175962928461957
CCCCCOCCc1cc(C)ccc1NC(=O)C(=O)c1c(-c2c(F)cccc2Cl)noc1CCCCC,0.7130779643489605
CCCCCc1cc(C)ccc1NNc1nc(-c2ccccc2C(=O)OCC)cs1,0.4609829437440406
CCCCCc1cc(C)ccc1NC(=O)[N-]c1ccccc1Cl,0.28588541232922804
CCCCCCc1ccccc1[N-]C(=O)CCc1cc(C)ccc1NC(=O)NC(=O)c1c(F)cccc1Cl,0.7213235340852369
COc1ccc(N[C@@H]2CCCc3sc(NC(=O)c4ccc(Cl)cc4Cl)nc32)cc1S(=O)(=O)OCCCCCl,0.6762976386526948
CCCCCOc1cccc(NC(=O)C(=O)CCc2cc(C)ccc2NC(=O)NC(=O)c2c(F)cccc2Cl)c1,0.6954455366884182
COc1ccc(N[C@@H]2CCCc3sc(-c4c(C)cccc4C)nc32)cc1S(=O)(=O)OCCCCCl,0.6166132363631768
Cc1cccc(C)c1NNC(=O)Nc1ccc(N2CCCC2)c(C2CCCCC2)c1,0.38547969186841136
CCCCCOc1cccc(NC(=O)NC(=O)c2c(-c3c(F)cccc3Cl)noc2CCCCC)c1,0.7352739607384527
Cc1cccc(C)c1NC(=O)Nc1ccc(ON2CCCC2)c(C(=O)Nc2cccc(OCCCF)c2)c1,0.7266153594296515
Cc1onc(-c2c(F)cccc2Cl)c1C(=O)Nc1ccccc1Cl,0.2657574492510036
CCCCCc1onc(-c2c(F)cccc2Cl)c1-c1c(C)cccc1C,0.16482491102480892
CCCc1cc(NC(=O)NNc2c(C)cccc2C)ccc1N1CCCC1,0.2597385514828057
CCCCCOc1ccc(NC(=O)Nc2c(C)cccc2C)cc1C(=O)Nc1cccc(OCCC)c1,0.661396047590327
CCCCCOc1cccc(NC(=O)Nc2cc(NC(=O)NNc3c(C)cccc3C)ccc2N2CCCC2)c1,0.6739004846937036
Cc1ccc(NC(=O)NC(=O)c2c(-c3c(F)cccc3Cl)noc2C)c(CCOCF)c1,0.4047336464502146
Cc1ccc(NC(=O)NNC(=O)NCc2ccccc2F)c(CCC(=O)[N-]c2ccccc2Cl)c1,0.5126643212705093
Cc1ccc(NC(=O)NNC(=O)c2ccc(Cl)cc2Cl)c(CCC(=O)[N-]c2ccccc2Cl)c1,0.5859535623593017
CCCCCOc1cccc(NC(=O)NC(=O)CSc2nc(CCF)nc3sc(C)c(C)c23)c1,0.6046980290246979
CCCCCc1onc(-c2c(F)cccc2Cl)c1C(=O)Nc1ccccc1Cl,0.44312518214004537
CCCCCOCCc1cc(C)ccc1NC(=O)Nc1ccc(C)cc1CCCCC,0.38646195311079623
Cc1cccc(C)c1NC(=O)Nc1ccc(ON2CCCC2)c(C(=O)Nc2cccc(OCCCF)c2)c1,0.7266153594296515
CCCCCOCCc1cc(C)ccc1NC(=O)N1CCCC1,0.1258957222029392
CCCCCOCCc1cc(C)ccc1NC(=O)NC(=O)c1c(-c2c(Cl)cccc2CCC)noc1C,0.6560201500828056
CCCCCOc1ccc(NC(=O)Nc2c(C)cccc2C)cc1C(=O)Nc1cccc(OCCCCCF)c1,0.7610614438723537
CCCCCOCCc1cc(C)ccc1-c1c(-c2c(F)cccc2Cl)noc1CCCCC,0.24777829862943604
CCCCCCNC(=O)Nc1ccc(C)cc1CCC(=O)[N-]c1ccccc1Cl,0.5610336511727005
CCCCCOCCc1cc(C)ccc1NC(=O)C(=O)c1c(F)cccc1Cl,0.3384234335744534
CCCCCONNc1ccc(N2CCCC2)c(C(=O)Nc2cccc(OCCCCC)c2)c1,0.5696585779098051
CCc1ccccc1[N-]C(=O)CCc1cc(C)ccc1C(=O)c1c(F)cccc1Cl,0.35816370318932245
CCCCCOc1cccc(NC(=O)c2cc(NNC(=O)NCc3ccccc3F)ccc2CCF)c1,0.5640561197982981
Cc1ccc(NC(=O)NC(=O)c2c(F)cccc2Cl)c(CCC(=O)c2c(-c3c(F)cccc3Cl)noc2C)c1,0.5897328182748499
CCCCCCNc1cccc(OCCCCCF)c1,0.09169431506422945
CCc1ccccc1[N-]C(=O)CCc1cc(C)ccc1C(=O)Nc1cccc(OCCCF)c1,0.6170997464884317
CCCCCc1onc(-c2c(F)cccc2Cl)c1C(=O)NC(=O)NOCCCF,0.30658950102245924
CCCCCOc1ccc(NC(=O)Nc2c(C)cccc2C)cc1C(=O)Nc1cccc(OCCCCCF)c1,0.7610614438723537
CCCCCOc1cccc(NC(=O)c2cc(NC(=O)Nc3c(C)cccc3C)ccc2OF)c1,0.7217966885276398
Cc1cccc(C)c1NNC(=O)Nc1ccc(N2CCCC2)c(C(=O)Nc2cccc(OF)c2)c1,0.5844330091868924
CCCCCOc1ccc(NC(=O)Nc2c(C)cccc2C)cc1C(=O)NNC(=O)c1ccc(Cl)cc1Cl,0.6261498468240112
Cc1cccc(C)c1NNC(=O)Nc1ccc(N2CCCC2)c(OF)c1,0.22984336362406046
CCCCCCNNC(=O)Nc1ccc(N2CCCC2)c(NC(=O)Nc2cccc(OCCCCC)c2)c1,0.6761662079189451
Cc1onc(-c2c(F)cccc2Cl)c1C(=O)NC(=O)[C@@H]1CCCc2sc(NC(=O)[N-]CCCF)nc21,0.45926555420602094
Cc1cccc(C)c1NC(=O)NNc1ccc(N2CCCC2)c(C(=O)Nc2cccc(OOF)c2)c1,0.5769821986908693
CCCCCc1onc(-c2c(F)cccc2Cl)c1C(=O)NC(=O)c1c(-c2c(F)cccc2Cl)noc1C,0.5933338525861833
COc1ccc(N[C@@H]2CCCc3sc(NC(=O)NCc4ccccc4F)nc32)cc1S(=O)(=O)OCCCCCl,0.6432438945355801
CCCCCOc1cccc(NC(=O)NC(=O)c2ccc(Cl)cc2Cl)c1,0.3793167485974585
CCCCCc1onc(-c2c(F)cccc2Cl)c1CCCCC,0.16107743153307066
CCc1cccc(NC(=O)c2cc(NC(=O)Nc3c(C)cccc3C)ccc2OF)c1,0.5607299784407094
Cc1cccc(C)c1NC(=O)C(=O)Nc1cccc(OCCCF)c1,0.140599466198544
CCCCCc1onc(-c2c(F)cccc2Cl)c1C(=O)NC(=O)NNC(=O)NCc1ccccc1F,0.34381337601894973
CCCCCOCCc1cc(C)ccc1NC(=O)NC(=O)c1c(-c2c(Cl)cccc2CCC)noc1C,0.6560201500828056
CCCCCc1onc(-c2c(F)cccc2Cl)c1NC(=O)NCc1ccccc1F,0.4768250725092241
Cc1ccc(NC(=O)NC(=O)c2c(-c3c(F)cccc3Cl)noc2C)c(CCOCOCCCF)c1,0.49977297059087405
Cc1cccc(C)c1NC(=O)Nc1ccc(ON2CCCC2)c(CCCF)c1,0.3186570580233216
CCCCCOc1cccc(NC(=O)Nc2cc(NCCCF)ccc2N2CCCC2)c1,0.5577941329279379
CCCCCCc1ccccc1[N-]c1cccc(OCCCCCF)c1,0.16199662355360883
CCCCCCNNC(=O)Nc1ccc(N2CCCC2)c(NC(=O)Nc2cccc(OCCCCCF)c2)c1,0.7692627739148148
CCCCCOCCc1cc(C)ccc1NC(=O)C(=O)NC(=O)NC(=O)c1c(-c2c(F)cccc2Cl)noc1C,0.45523550022126347
CCOC(=O)c1ccccc1-c1csc(NC(=O)NCc2ccccc2F)n1,0.280365242958077
CCCCCCOc1cccc(NC(=O)c2cc(NC(=O)Nc3c(C)cccc3C)ccc2OCCCCC)c1,0.6728291667774021
CCCCCOc1ccc(NC(=O)Nc2c(C)cccc2C)cc1OCCCF,0.49882578769777847
Cc1cccc(C)c1NNC(=O)Nc1ccc(N2CCCC2)c(NC(=O)Nc2cccc(OCOF)c2)c1,0.651282493131171
Cc1cccc(C)c1NC(=O)Nc1ccc(ON2CCCC2)c(NC(=O)NC(=O)c2c(F)cccc2Cl)c1,0.6474794879152364
CCCCCCOc1cccc(NC(=O)c2cc(NC(=O)NCCC)ccc2OCCCCC)c1,0.6751134746840626
CCCCCc1onc(-c2c(F)cccc2Cl)c1C(=O)NNC(=O)c1c(-c2c(F)cccc2Cl)noc1C,0.5815561576984645
CCCC(=O)[C@@H]1CCCc2sc(NC(=O)[N-]c3ccccc3Cl)nc21,0.46586828707443173
CCCNC(=O)CCc1cc(C)ccc1NC(=O)NC(=O)c1c(F)cccc1Cl,0.27207898697131483
Cc1cccc(C)c1NC(=O)NNc1ccc(N2CCCC2)c(NC(=O)NCc2ccccc2F)c1,0.5628124179607675
CCCCCOCc1ccccc1[N-]C(=O)CCc1cc(C)ccc1NC(=O)NC(=O)c1c(F)cccc1Cl,0.7447066152653722
CCCCCOCCc1cc(C)ccc1NC(=O)NC(=O)c1c(-c2c(F)cccc2Cl)noc1OF,0.6115826623191453
COc1ccc(N[C@@H]2CCCc3sc(C(=O)Nc4c(C)cccc4C)nc32)cc1S(=O)(=O)OCCCCCl,0.6445972127777457
CCCCCCNNC(=O)Nc1ccc(N2CCCC2)c(NC(=O)Nc2cccc(C)c2)c1,0.508112959875529
CCCCCc1onc(-c2c(F)cccc2Cl)c1C(=O)OF,0.19839260207934037
O=C(Nc1cccc(OCCCCCF)c1)c1c(F)cccc1Cl,0.1661895311796212
CCCCCOCCc1cc(C)ccc1NC(=O)NC(=O)c1c(-c2c(Cl)cccc2OCCCF)noc1C,0.749584925511651
O=C(CCCF)Nc1ccc(N2CCCC2)c(NC(=O)Nc2cccc(OCCCCCF)c2)c1,0.6003606132901481
Cc1cccc(C)c1NC(=O)NNc1ccc(N2CCCC2)c(C(=O)Nc2cccc(OF)c2)c1,0.5896040589679801
CCCCCOc1ccc(NC(=O)Nc2c(C)cccc2C)cc1C(=O)NC(=O)c1ccc(Cl)cc1Cl,0.6355391853735513
CCCCCOc1cccc(NC(=O)NC(=O)c2c(-c3c(F)cccc3Cl)noc2CCCCCCF)c1,0.6535586087908085
CCCCCc1onc(-c2c(F)cccc2Cl)c1C(=O)NCCCF,0.23137220567056255
CCCCCOc1cccc(Nc2cc(NC(=O)NNc3c(C)cccc3C)ccc2N2CCCC2)c1,0.6286690118745378
CCCCCOCCc1cc(C)ccc1NC(=O)C(=O)NC(=O)NC(=O)c1c(-c2c(F)cccc2Cl)noc1C,0.45523550022126347
Cc1cccc(NC(=O)c2cc(NC(=O)Nc3c(C)cccc3C)ccc2OF)c1,0.5001432125258755
CCCCCOCc1ccccc1[N-]C(=O)CCc1cc(F)ccc1NC(=O)NC(=O)c1c(F)cccc1Cl,0.6465539210363884
O=C([N-]c1ccccc1Cl)Nc1nc2c(s1)CCC[C@H]2C(=O)C(=O)[N-]c1ccccc1Cl,0.6351270245883335
CCCCCOc1cccc(NC(=O)c2cc(NNC(=O)CCCC)ccc2N2CCCC2)c1,0.5494506880729291
CCCCCOCCc1cc(C)ccc1NC(=O)C(=O)c1ccccc1COCCCCC,0.505624491020392
CCCCCOc1ccc(NC(=O)Nc2c(C)cccc2C)cc1C(=O)F,0.4672970351504633
CCCCCOCCc1cc(C)ccc1NC(=O)C(=O)c1c(-c2c(F)cccc2Cl)noc1CCCCF,0.6292890948392861
CCC(=O)Nc1ccc(ON2CCCC2)c(C(=O)Nc2cccc(OCCCF)c2)c1,0.31751687271470014
CCOC(=O)c1ccccc1-c1csc(C(=O)Nc2c(C)cccc2C)n1,0.27643462126295165
CCCCCc1onc(-c2c(F)cccc2Cl)c1C(=O)C(=O)Nc1cccc(OCCCF)c1,0.5920309301528527
Cc1ccc(NC(=O)NC(=O)c2c(F)cccc2Cl)c(CCC(=O)[N-]c2ccccc2Cl)c1,0.6603946715590369
Cc1cc(NC(=O)Nc2c(C)cccc2C)ccc1ON1CCCC1,0.20101819302091686
CCCCCONC(=O)NC(=O)c1c(F)cccc1Cl,0.07901114881274236
CCCCCOc1ccc(NC(=O)Nc2c(C)cccc2C)cc1C(=O)NCCCC,0.5614836533419817
CCCCCCNNC(=O)Nc1ccc(N2CCCC2)c(NC(=O)c2c(F)cccc2Cl)c1,0.5706461663756158
CCCCCCNNC(=O)Nc1ccc(N2CCCC2)c(NNc2cccc(OCCCCCF)c2)c1,0.7548436968709064
Cc1cccc(C)c1NC(=O)Nc1ccc(OF)c(C(=O)NC(=O)NC(=O)c2c(F)cccc2Cl)c1,0.3783047225527795
CCc1ccccc1[N-]C(=O)CCc1cc(C)ccc1NC(=O)c1c(-c2c(F)cccc2Cl)noc1C,0.689268908451494
CCCCCOCCc1cc(C)ccc1NC(=O)c1cccc(OCCCCCF)c1,0.3948748234971045
CCCCCOc1cccc(Nc2cc(NNC(=O)Nc3c(C)cccc3C)ccc2N2CCCC2)c1,0.6325802252270779
Cc1cccc(C)c1NC(=O)Nc1ccc(ON2CCCC2)c(C(=O)Nc2cccc(OCCCCF)c2)c1,0.765837183219316
Cc1cccc(C)c1NC(=O)NNc1ccc(N2CCCC2)c(OCCCF)c1,0.32044559450431165
CCCCCc1onc(-c2c(F)cccc2Cl)c1C(=O)NNC(=O)NCc1ccccc1F,0.4098003586241796
CCCCCOCCc1cc(C)ccc1C(=O)Nc1c(C)cccc1C,0.2127562882379742
CCCCCOCc1ccccc1C(=O)c1c(F)cccc1Cl,0.12804848352222184
CCCCCOCc1ccccc1-c1c(-c2c(F)cccc2Cl)noc1CCCCC,0.24563370406757443
Cc1onc(-c2c(F)cccc2Cl)c1C(=O)NC(=O)[C@@H]1CCCc2sc(NC(=O)[N-]c3ccccc3Cl)nc21,0.689598825521538
CCOC(=O)c1ccccc1-c1csc(NC(=O)c2c(-c3c(F)cccc3Cl)noc2C)n1,0.5526535973348968
FCCCCCOc1cccc(Nc2cccc(OCCCCCF)c2)c1,0.18327601941491584
Cc1cccc(C)c1NC(=O)NC(=O)c1c(-c2c(F)cccc2Cl)noc1CCCC(=O)[N-]c1ccccc1Cl,0.7134394752581299
CCCCCOCCc1cc(C)ccc1NC(=O)NC(=O)c1c(-c2c(Cl)cccc2CCC)noc1C,0.6560201500828056
CCCCCC[N-]C(=O)CCc1cc(C)ccc1NC(=O)NC(=O)c1c(F)cccc1Cl,0.6877921250134253
CCCCCOc1ccc(NC(=O)Nc2c(C)cccc2C)cc1C(=O)NCCC,0.5001152215015783
O=C([N-]c1ccccc1Cl)NC(=O)Nc1cccc(OCCCF)c1,0.4014207238089838
CCc1nc2c(s1)CCC[C@H]2C(=O)NC(=O)c1c(-c2c(F)cccc2Cl)noc1C,0.3723867660679388
CCCCCc1onc(-c2c(F)cccc2Cl)c1C(=O)Nc1cccc(OCCCF)c1,0.49099906610918703
CC(=O)Nc1ccc(N2CCCC2)c(NC(=O)Nc2cccc(OCCCCCF)c2)c1,0.5537621533854771
Cc1cccc(C)c1NC(=O)Nc1ccc(ON2CCCC2)c(NC(=O)[N-]c2ccccc2Cl)c1,0.6589405949140216
CCCC(=O)CCc1cc(C)ccc1NC(=O)NC(=O)c1c(F)cccc1Cl,0.4051920302005649
CCCCCOc1cccc(NC(=O)c2cc(NC(=O)Nc3c(C)cccc3C)ccc2OCCCCC)c1,0.6649988742395063
Cc1onc(-c2c(F)cccc2Cl)c1C(=O)NC(=O)[C@@H]1CCCc2sc(NC(=O)[N-]c3ccccc3Cl)nc21,0.689598825521538
CCCc1cccc(NC(=O)c2cc(NC(=O)Nc3c(C)cccc3C)ccc2OF)c1,0.6268919578502351
CCCCCCNNc1cccc(OCCCCC)c1,0.1068473764622468
O=C(NC(=O)c1c(F)cccc1Cl)c1cccc(OCCCCCF)c1,0.1929688496846461
CCCCCCNNC(=O)Nc1ccc(F)c(NNc2cccc(OCCCCCF)c2)c1,0.5788610312783646
CCCCCOc1cccc(N[N-]C(=O)CCc2cc(C)ccc2NC(=O)NC(=O)c2c(F)cccc2Cl)c1,0.7255723303819996
CCc1ccccc1[N-]C(=O)CCc1cc(C)ccc1NC(=O)c1c(-c2c(F)cccc2CC)noc1C,0.6992903321839875
Cc1cccc(C)c1NC(=O)Nc1ccc(ON2CCCC2)c(C(=O)[N-]c2ccccc2Cl)c1,0.6410002269770269
Cc1onc(-c2c(F)cccc2Cl)c1C(=O)NCCCF,0.08156588379932159
CCc1ccccc1[N-]C(=O)CNc1cccc(OCCCCCF)c1,0.32318557908065093
CCCCCOc1ccc(NC(=O)Nc2c(C)cccc2C)cc1C(=O)CCCCF,0.615904493383464
CCCCCCc1cccc(Cl)c1-c1noc(C)c1C(=O)NC(=O)Nc1ccc(C)cc1CCOCCCCC,0.661932469405893
Cc1onc(-c2c(F)cccc2Cl)c1C(=O)NC(=O)[C@@H]1CCCc2sc(Nc3ccccc3Cl)nc21,0.6999576984442892
CCOC(=O)c1ccccc1-c1csc(C(=O)Nc2cccc(OCCCF)c2)n1,0.38765251115012417
CCCCCCNNC(=O)NC(=O)c1c(-c2c(F)cccc2Cl)noc1C,0.21561962502018764
CCCC(=O)NC(=O)[C@@H]1CCCc2sc(Nc3ccccc3Cl)nc21,0.23123226117004192
CCCCCCOc1cccc(NC(=O)c2cc(NC(=O)Nc3c(C)cccc3C)ccc2ON2CCCC2)c1,0.6900561574688097
CC(=O)CCc1cc(C)ccc1NC(=O)NC(=O)c1c(F)cccc1Cl,0.24169566345988053
Cc1cccc(C)c1NC(=O)Nc1ccc(OF)c(C(=O)Nc2cccc(CCCCF)c2)c1,0.596570404747269
CCCCCOc1cccc(N[N-]C(=O)CCc2cc(C)ccc2NC(=O)NC(=O)F)c1,0.5789666442547841
CCCCCOc1cccc(NC(=O)NC(=O)c2c(-c3c(F)cccc3Cl)noc2CCF)c1,0.5807035793278468
CCCCCOCCc1cc(C)ccc1NC(=O)NC(=O)c1c(-c2c(F)cccc2Cl)noc1OCCCF,0.6576124223036252
Cc1cccc(C)c1NC(=O)Nc1ccc(ON2CCCC2)c(C(=O)NCCCCF)c1,0.4089997031779246
Cc1ccc(NC(=O)NC(=O)c2c(F)cccc2Cl)c(CCC(=O)[N-]Nc2cccc(OCF)c2)c1,0.5350378703843935
CCCCCCc1onc(-c2c(F)cccc2Cl)c1C(=O)NC(=O)Nc1cccc(OCCCCC)c1,0.7399974464545617
CCCCCCNNC(=O)Nc1ccc(N2CCCC2)c(NNc2cccc(OCCC)c2)c1,0.5620500257581393
Cc1cccc(C)c1NC(=O)Nc1ccc(ON2CCCC2)c(C(=O)NCCCCF)c1,0.4089997031779246
CCCCCCc1onc(-c2c(F)cccc2Cl)c1C(=O)C(=O)Nc1ccc(C)cc1CCOCCCCC,0.712640865442488
CCCCC(=O)Nc1ccc(ON2CCCC2)c(C(=O)Nc2cccc(OCCCCF)c2)c1,0.5702650140613585
Cc1cccc(C)c1NC(=O)Nc1ccc(OF)c(C(=O)Nc2cccc(CCCCF)c2)c1,0.596570404747269
CCCCCOCCc1cc(C)ccc1NC(=O)C(=O)C(=O)NC(=O)Nc1c(C)cccc1C,0.25425139867804397
FCCCCCONc1cccc(OCCCCCF)c1,0.09535302531081385
CCCCCCOc1cccc(OCCCCCF)c1,0.07841500088915175
CCCCCCOc1cccc(-c2c(-c3c(F)cccc3Cl)noc2CCCCCC)c1,0.24767747911890453
CCCCCc1onc(-c2c(F)cccc2Cl)c1C(=O)NC(=O)Nc1c(F)cccc1CC,0.5918044051806854
Cc1cccc(C)c1NC(=O)Nc1ccc(OF)c(C(=O)Nc2cccc(CCCF)c2)c1,0.5571147801385615
CCCCCCNNC(=O)Nc1ccc(N2CCCC2)c(NNc2cccc(OCF)c2)c1,0.5300381731714403
CCCCCCc1onc(-c2c(F)cccc2Cl)c1C(=O)c1c(F)cccc1Cl,0.2719406577260401
CCCCCOCc1ccccc1Nc1c(C)cccc1C,0.10899177327168379
CCCCCc1onc(-c2c(F)cccc2Cl)c1-c1cccc(OCCCCCF)c1,0.2158299276579501
CCCCCCc1ccccc1[N-]Cc1cc(C)ccc1NC(=O)c1c(-c2c(F)cccc2CC)noc1C,0.5974178754242466
CCCCCCc1ccccc1[N-]c1c(-c2c(F)cccc2Cl)noc1CCCCCC,0.29438586571803016
CCCCCCOc1cccc(NC(=O)NC(=O)[C@@H]2CCCc3sc(Nc4ccccc4Cl)nc32)c1,0.675078107313383
CCCCCCNCOCCc1cc(C)ccc1NC(=O)NC(=O)c1c(-c2c(F)cccc2Cl)noc1C,0.7051166278353322
Cc1ccc(NC(=O)NC(=O)c2c(-c3c(F)cccc3Cl)noc2C)c(CCOCOCCCCCF)c1,0.6143780232015091
O=C(NCCCF)Nc1ccc(N2CCCC2)c(NNc2cccc(OCCCCCF)c2)c1,0.5182780776759147
CCCCCCNCOCCc1cc(C)ccc1NC(=O)NC(=O)C(=O)Nc1cccc(OCCCF)c1,0.4015425821275506
CCCC(=O)Nc1ccc(ON2CCCC2)c(C(=O)Nc2cccc(OCCCF)c2)c1,0.39639698250604233
CCc1ccccc1[N-]C(=O)Cc1c(-c2c(F)cccc2Cl)noc1CCCC(=O)[N-]c1ccccc1Cl,0.7191738933961612
CCCc1noc(CCCC(=O)[N-]c2ccccc2Cl)c1CC(=O)[N-]c1ccccc1CC,0.6877096563100097
Cc1ccc(NC(=O)NC(=O)c2c(-c3c(F)cccc3Cl)noc2C)c(CCOCCCCF)c1,0.5750032296508922
CCCCCOc1cccc(NC(=O)C(=O)CCc2cc(C)ccc2NC(=O)NC(=O)[N-]c2ccccc2Cl)c1,0.6348761284611545
CCCC(=O)c1cc(NC(=O)Nc2c(C)cccc2C)ccc1OF,0.3868973972571794
CCCCCCc1nc(-c2ccccc2C(=O)OCC)cs1,0.1659945049681925
CCCCCCCc1onc(-c2c(F)cccc2Cl)c1C(=O)NC(=O)Nc1cccc(OCCCCC)c1,0.7420616155863093
Cc1cccc(C)c1NC(=O)Nc1ccc(ON2CCCC2)c(C(=O)Nc2cccc(OCF)c2)c1,0.6597358089148431
CCCCCOCCc1cc(C)ccc1NC(=O)OCCCCCF,0.30379173839811796
CCCCCCNNc1cc(C)ccc1NC(=O)C(=O)c1c(-c2c(F)cccc2Cl)noc1CCCCCC,0.7452219756228169
CCCCCCc1ccccc1[N-]C(=O)CCc1cc(CCF)ccc1NC(=O)NC(=O)c1c(F)cccc1Cl,0.6276331357005903
CCCCCOc1ccc(NC(=O)Nc2c(C)cccc2C)cc1C(=O)NCCC,0.5001152215015783
Cc1onc(-c2c(Cl)cccc2OCCCF)c1C(=O)NOCCCCCF,0.32661906651037
CCCCCCCc1onc(-c2c(F)cccc2Cl)c1C(=O)NC(=O)Nc1cccc(OCCCCC)c1,0.7420616155863093
CCCCCOc1cccc(NNC(=O)c2c(-c3c(Cl)cccc3OCCCF)noc2C)c1,0.6737570217229987
Cc1cccc(C)c1NC(=O)Nc1ccc(OF)c(C(=O)CCF)c1,0.2715873599776612
CCCCCCNc1cc(C)ccc1NC(=O)C(=O)c1c(-c2c(F)cccc2Cl)noc1CCCCCC,0.7231688128683745
CCCCCCNC(=O)NC(=O)Nc1cccc(OCCCCC)c1,0.3195275889982481
CCCCCCc1onc(-c2c(F)cccc2Cl)c1C(=O)C(=O)Nc1ccc(C)cc1CCOCCCCC,0.712640865442488
CCCCCCNNC(=O)Nc1ccc(N2CCCC2)c(NNc2cccc(OCF)c2)c1,0.5300381731714403
CCCCCOCCc1cc(C)ccc1NC(=O)CCCF,0.1300801894993904
CCCCCCNNC(=O)Nc1ccc(Cl)c(NNc2cccc(OCCCCCF)c2)c1,0.7226309830337606
Cc1onc(-c2c(F)cccc2Cl)c1C(=O)NC(=O)NC(=O)Nc1cccc(OCCCF)c1,0.32834935246104896
CCCCCCNCOCCc1cc(C)ccc1NC(=O)NC(=O)c1c(-c2c(F)cccc2Cl)noc1C,0.7051166278353322
CCCCCCNc1c(-c2c(F)cccc2Cl)noc1CCCC(=O)[N-]c1ccccc1Cl,0.6185395676464241
Cc1cccc(C)c1NC(=O)Nc1ccc(OF)c(C(=O)c2c(F)cccc2Cl)c1,0.4152818591446335
CCCCCOc1ccc(NC(=O)Nc2c(C)cccc2C)cc1C(=O)NCCCCF,0.6348966241153409
Cc1cccc(C)c1NC(=O)NC(=O)c1c(-c2c(F)cccc2Cl)noc1CCCC(=O)[N-]OCCCCCF,0.6469118649929146
Cc1cccc(C)c1NC(=O)Nc1ccc(ON2CCCC2)c(C(=O)Nc2cccc(OCCOF)c2)c1,0.6548365484441747
Cc1cccc(C)c1NC(=O)NC(=O)c1c(-c2c(F)cccc2Cl)noc1CCCC(=O)[N-]OCCCCCF,0.6469118649929146
O=C(NF)Nc1ccc(N2CCCC2)c(NNc2cccc(OCCCCCF)c2)c1,0.43296257591786996
CCCCCCNC(=O)c1cc(NC(=O)Nc2c(C)cccc2C)ccc1OCCCCC,0.643573191683758
CCCCCCNNC(=O)Nc1ccc(N2CCCC2)c(NC(=O)Nc2cccc(CCCCC)c2)c1,0.6723706535839484
CCCCCNC(=O)Nc1ccc(N2CCCC2)c(NNc2cccc(OCCCCCF)c2)c1,0.7036038139445907
CCCCCOc1ccc(NC(=O)Nc2c(C)cccc2C)cc1C(=O)Nc1cccc(OCCCCCF)c1,0.7610614438723537
CCCCCCNNC(=O)Nc1ccc(Cl)c(NNc2cccc(OCCCc3c(F)cccc3Cl)c2)c1,0.7167633720905686
Cc1ccc(NC(=O)NC(=O)c2c(F)cccc2Cl)c(CCC(=O)[N-]NOF)c1,0.18260910840927713
CCCCCCNNC(=O)Nc1ccc(Cl)c(NNc2cccc(OCC)c2)c1,0.4566687226007707
CCCCCOc1ccc(NC(=O)Nc2c(C)cccc2C)cc1C(=O)Nc1cccc(OCCCCCF)c1,0.7610614438723537
CCCCCOc1ccc(NC(=O)Nc2c(C)cccc2C)cc1C(=O)NCCC(=O)[N-]c1ccccc1Cl,0.646108253668066
Cc1cccc(C)c1NC(=O)NC(=O)CCC(=O)[N-]c1ccccc1Cl,0.3212560793862784
CCCCCOc1cccc(NC(=O)NC(=O)CCCF)c1,0.14877827222227133
CCCCCOCc1ccccc1[N-]C(=O)CCc1cc(C)ccc1NC(=O)NOF,0.6408866864580082
CCCCCc1onc(-c2c(F)cccc2Cl)c1CCC(=O)[N-]c1ccccc1Cl,0.47515668820268153
CCCCCCc1onc(-c2c(F)cccc2Cl)c1C(=O)C(=O)Nc1ccc(C)cc1CCCCF,0.5533191669153071
CCCCCCNNC(=O)Nc1ccc(N2CCCC2)c(NC(=O)Nc2cccc(-c3c(F)cccc3Cl)c2)c1,0.740482407575626
CCCCCOc1cccc(C(=O)Nc2cccc(OCCCF)c2)c1,0.2602402553210298
CCCCCOc1ccc(NC(=O)Nc2c(C)cccc2C)cc1C(=O)NNc1c(C)cccc1C,0.6456833367291315
CCCCCCCCc1onc(-c2c(F)cccc2Cl)c1C(=O)C(=O)Nc1ccc(C)cc1NCCCCCC,0.7243765364475494
Cc1cccc(C)c1NC(=O)Nc1ccc(ON2CCCC2)c(C(=O)Nc2cccc(OCCCF)c2)c1,0.7266153594296515
Cc1cccc(C)c1NC(=O)Nc1ccc(OOF)c(C(=O)Nc2cccc(OCCCF)c2)c1,0.5782290453278081
Cc1cccc(C)c1NC(=O)Nc1ccc(ON2CCCC2)c(C(=O)Nc2cccc(OCCCF)c2)c1,0.7266153594296515
Cc1ccc(NC(=O)NC(=O)c2c(F)cccc2Cl)c(CCC(=O)[N-]NCCc2c(F)cccc2Cl)c1,0.5761412188014821
CCCCCc1onc(-c2c(F)cccc2Cl)c1C(=O)NC(=O)NCF,0.2278373599259328
CCCCCCc1onc(-c2c(F)cccc2Cl)c1NC(=O)c1c(-c2c(Cl)cccc2OCCCF)noc1C,0.6200736143383231
CCCCCOCc1ccccc1NC(=O)c1c(-c2c(Cl)cccc2OCCCF)noc1C,0.6610022045911333
Cc1ccc(NC(=O)NC(=O)c2c(-c3c(Cl)cccc3OCCCF)noc2C)c(CCN2CCCC2)c1,0.6658674628949922
Cc1onc(-c2c(Cl)cccc2OCCCF)c1C(=O)NC(=O)Nc1cccc(OCCCF)c1,0.5101726648995383
CCCCCCC(=O)Nc1cccc(OCCCF)c1,0.11675274511231573
CCCCCCCCc1onc(-c2c(F)cccc2Cl)c1C(=O)C(=O)Nc1ccc(C)cc1NCCCCCC,0.7243765364475494
CCCCCCCCc1onc(-c2c(F)cccc2Cl)c1CCCCCCC,0.16832467191411282
O=C(NOCCCF)Nc1ccc(N2CCCC2)c(NNc2cccc(OCCCCCF)c2)c1,0.5466622359859489
CCCCCNC(=O)Nc1ccc(C)cc1CCC(=O)[N-]c1ccccc1COCCCCC,0.6585118168590076
CCCCCCNN[N-]c1ccccc1CCCCCC,0.17329199379777463
CCCCCCCCc1onc(-c2c(F)cccc2Cl)c1NCCCCCC,0.27498214439867374
CCCCCOc1ccc(NC(=O)Nc2c(C)cccc2C)cc1C(=O)c1c(F)cccc1Cl,0.5858276188296424
Cc1ccc(NC(=O)NC(=O)c2c(F)cccc2Cl)c(CCC(=O)OF)c1,0.20690058024489286
CCCCCCc1onc(-c2c(Cl)cccc2OF)c1C(=O)NC(=O)Nc1cccc(OCCCCC)c1,0.7446896029267789
CCCCCCNNc1cc(C)ccc1C(=O)CCc1cc(C)ccc1NC(=O)NC(=O)c1c(F)cccc1Cl,0.7296259498363132
CCCCCCCCOc1cccc(NNc2cc(NC(=O)NNCCCCCC)ccc2N2CCCC2)c1,0.6942827319962193
CCCCCCNNNC(=O)c1c(-c2c(Cl)cccc2OCCCF)noc1C,0.3087892838453128
CCCCCOc1ccc(NC(=O)Nc2c(C)cccc2C)cc1CCCF,0.40856878368038974
CCCCCCNc1ccc(ON2CCCC2)c(C(=O)Nc2cccc(OCCCF)c2)c1,0.5168578548445383
CCCCCOc1ccc(NC(=O)Nc2c(C)cccc2C)cc1C(C)=O,0.4350388442007837
CCCCCCNNC(=O)Nc1ccc(N2CCCC2)c(NNc2cccc(OCCCCF)c2)c1,0.6990907591526754
CCCCCCNNc1cc(C)ccc1-c1cccc(OCCCCC)c1,0.218307019304295
CCCCCCc1onc(-c2c(F)cccc2Cl)c1C,0.1252457600118685
CCCCCCCc1onc(-c2c(F)cccc2Cl)c1C(=O)NNNCCCCCC,0.5933424587813627
CCCCCCNc1cc(C)ccc1-c1cc(NC(=O)Nc2c(C)cccc2C)ccc1ON1CCCC1,0.5331700635793937
O=C(NNCCCF)Nc1ccc(Cl)c(NNc2cccc(OCCCCCF)c2)c1,0.44565128701525597
Cc1cccc(C)c1NC(=O)Nc1ccc(ON2CCCC2)c(Nc2c(C)cccc2C)c1,0.520568939392149
CCCCCOCc1ccccc1[N-]C(=O)CCc1cc(C)ccc1NC(=O)NF,0.6231084379755635
CCCCCc1onc(-c2c(F)cccc2Cl)c1C(=O)NC(=O)NCCCCF,0.3816342395385134
Cc1cccc(C)c1NC(=O)Nc1ccc(ON2CCCC2)c(CCCF)c1,0.3186570580233216
CCCCCCc1onc(-c2c(F)cccc2Cl)c1C(=O)C(=O)NN1CCCC1,0.313485009517828
CCCCCOc1ccc(NC(=O)Nc2c(C)cccc2C)cc1C(=O)NCCCF,0.5566470599102843
CCCCCCCNc1cc(C)ccc1NC(=O)C(=O)c1c(-c2c(F)cccc2Cl)noc1CCCCCC,0.7279811088555614
CCCCCCNc1cc(C)ccc1NC(=O)C(=O)c1cccc(OCCCCCF)c1,0.598519327427132
CCCCCc1onc(-c2c(F)cccc2Cl)c1C(=O)NC(=O)NCCCC,0.44428505642465166
CCCCCCc1cc(NC(=O)Nc2c(C)cccc2C)ccc1ON1CCCC1,0.4056626344377984
CCCCCc1onc(-c2c(F)cccc2Cl)c1C(=O)NC(=O)NCCF,0.23974769046619096
CCCNC(=O)Nc1ccc(N2CCCC2)c(NNc2cccc(OCCCCCF)c2)c1,0.598946866986997
CCCCCOc1cccc(N[N-]C(=O)CCc2cc(C)ccc2NC(=O)NC(=O)CCC)c1,0.5689871900173729
CCCCCCc1onc(-c2c(F)cccc2Cl)c1-c1cccc(OCCCCCF)c1,0.21810456696203467
CCCCCCNNc1cc(C)ccc1C(=O)CCc1cc(C)ccc1NC(=O)NN1CCCC1,0.5640882599601066
Cc1cccc(C)c1NC(=O)Nc1ccc(OCCCF)c(C(=O)Nc2cccc(OCCCCCF)c2)c1,0.6693963373956624
O=C(CCCF)Nc1ccc(ON2CCCC2)c(C(=O)Nc2cccc(OCCCF)c2)c1,0.3413455229839929
CCCCCOc1cccc(N[N-]C(=O)CCc2cc(C)ccc2NC(=O)NC(=O)CCCC)c1,0.6288563845268142
CCCCCCNNC(=O)NC(=O)c1c(-c2c(F)cccc2Cl)noc1CCCCC,0.5168595627802991
CCCCCCc1onc(-c2c(F)cccc2Cl)c1C(=O)C(=O)Nc1ccc(C)cc1NN1CCCC1,0.7359657890199993
CCCCCOCc1ccccc1C(=O)Nc1cccc(OCCCF)c1,0.28451112648323473
CCCCCCNc1cc(C)ccc1-c1cccc(OCCCCC)c1,0.13216784922144809
CCCCCOc1ccc(NC(=O)Nc2c(C)cccc2C)cc1OCCCF,0.49882578769777847
CCCCCOc1ccc(NC(=O)Nc2c(C)cccc2C)cc1CCCCF,0.42614419317768404
CCCCCCNNNC(=O)c1c(-c2c(Cl)cccc2OCCCF)noc1C,0.3087892838453128
CCCCCCc1onc(-c2c(F)cccc2Cl)c1C(=O)C(=O)NCCC,0.37196967141932197
CCCCCCNc1ccccc1COCCCCC,0.08878380014179334
CCCCCCc1onc(-c2c(F)cccc2Cl)c1C(=O)C(=O)NCF,0.24439670160428548
CCC(=O)Nc1ccc(ON2CCCC2)c(C(=O)Nc2cccc(OCCCF)c2)c1,0.31751687271470014
CCCCCCNNC(=O)Nc1ccc(F)c(NNc2cccc(OCCCCCF)c2)c1,0.5788610312783646
CCCOc1ccc(NC(=O)Nc2c(C)cccc2C)cc1C(=O)Nc1cccc(OCCCF)c1,0.731733270282547
CCCCCCCNc1cc(C)ccc1NC(=O)C(=O)c1c(-c2c(F)cccc2Cl)noc1CCCCCC,0.7279811088555614
CCCCCOc1ccc(NC(=O)CCCCC)cc1C(=O)Nc1cccc(OCCCCCF)c1,0.7002325210637786
Cc1cccc(C)c1NC(=O)Nc1ccc(N2CCCC2)c(NC(=O)Nc2cccc(OCCCCCF)c2)c1,0.7838519053151409
CCCCCCNNC(=O)Nc1ccc(N2CCCC2)c(NNc2cccc(OCCF)c2)c1,0.537845680182139
Cc1cccc(C)c1NC(=O)Nc1ccc(OF)c(C(=O)Nc2cccc(OCCCF)c2)c1,0.5801573841315073
CCCCCOc1ccc(NC(=O)Nc2c(C)cccc2C)cc1C(=O)Nc1cccc(OCCCCCF)c1,0.7610614438723537
CCCCCCNNc1cc(NC(=O)Nc2c(C)cccc2C)ccc1N1CCCC1,0.49607848967662843
Cc1cccc(C)c1NC(=O)Nc1ccc(ON2CCCC2)c(C(=O)Nc2cccc(OCF)c2)c1,0.6597358089148431
CCCCCOc1ccc(NC(=O)Nc2c(C)cccc2C)cc1C(=O)Nc1c(F)cccc1Cl,0.6799463491816599
CCCCCOc1ccc(NC(=O)Nc2c(C)cccc2C)cc1C(=O)Nc1cccc(CCCCF)c1,0.7121410426615586
CCCCCCNNc1cc(C)ccc1C(=O)CCc1cc(C)ccc1NC(=O)NN1CCCC1,0.5640882599601066
CCCCCCNNc1cccc(OCCCCCF)c1,0.12014769986838515
Cc1cccc(C)c1NC(=O)Nc1ccc(N2CCCC2)c(Nc2c(F)cccc2Cl)c1,0.48090799685888336
CCCCCCCNC(=O)Nc1ccc(N2CCCC2)c(NNc2cccc(OCCCCCF)c2)c1,0.7238260307926339
CCCCCOc1ccc(NC(=O)Nc2c(C)cccc2C)cc1Nc1cccc(OCCCF)c1,0.6561302049133794
CCCCCOc1cccc(NC(=O)NC(=O)c2c(-c3c(F)cccc3Cl)noc2CC)c1,0.6541945989856665
CCCCCCC(=O)Nc1ccc(N2CCCC2)c(NC(=O)Nc2cccc(-c3c(F)cccc3Cl)c2)c1,0.6509018425148089
Cc1ccc(NC(=O)NC(=O)c2c(F)cccc2Cl)c(CCC(=O)[N-]Nc2cccc(OCN3CCCC3)c2)c1,0.663291058643295
CCCCCCOc1cccc(NC(=O)c2cc(NC(=O)Nc3c(C)cccc3C)ccc2ON2CCCC2)c1,0.6900561574688097
Cc1cccc(C)c1NC(=O)Nc1c(C)cccc1C,0.11666210475159704
CCNC(=O)Nc1ccc(N2CCCC2)c(NNc2cccc(OCCCCCF)c2)c1,0.522833627502559
CCCCCCc1onc(CCCCC)c1C(=O)C(=O)Nc1ccc(C)cc1NN1CCCC1,0.6058671595789065
CCCCCc1onc(-c2c(F)cccc2Cl)c1C(=O)NC(=O)NN1CCCC1,0.29578976125221745
CCCCCOCc1ccccc1C(=O)c1cc(NC(=O)Nc2c(C)cccc2C)ccc1OCCCCC,0.6245253849995434
Cc1cccc(C)c1NC(=O)Nc1ccc(ON2CCCC2)c(C(=O)Nc2cccc(OCN3CCCC3)c2)c1,0.6196533463594814
CCCCCCN[N-]C(=O)CCc1cc(C)ccc1NC(=O)NC(=O)c1c(F)cccc1Cl,0.5921208154820534
CCCCCC(=O)Nc1ccc(N2CCCC2)c(NC(=O)Nc2cccc(-c3c(F)cccc3Cl)c2)c1,0.6435991528258607
CCCCCOc1ccc(NC(=O)Nc2c(C)cccc2C)cc1-c1cccc(OCCCCCF)c1,0.5312917353841633
CCCCCOc1cccc(NC(=O)NC(=O)c2c(-c3c(F)cccc3Cl)noc2OCCCF)c1,0.6076807729591451
CCCCCCC(=O)NC(=O)Nc1cccc(OCCCCC)c1,0.3126843063420075
CCCCCCc1onc(-c2c(F)cccc2Cl)c1C(=O)C(=O)Nc1ccc(C)cc1NCCCF,0.6277469937794672
CCCCCCCc1cccc(OCCCCCF)c1,0.0609264988443636
Cc1ccc(NC(=O)NC(=O)c2c(-c3c(Cl)cccc3OCCCF)noc2C)c(CCOCF)c1,0.5339834041792935
CCCCCOc1cccc(NC(=O)NC(=O)c2c(-c3c(F)cccc3Cl)noc2CCCCCCCF)c1,0.6545042814300759
CCCCCOCc1ccccc1-c1c(C)cccc1C,0.058872323394483395
Cc1cccc(C)c1Nc1cccc(OCCCCCF)c1,0.11507048821816535
CCCCCOCc1ccccc1-c1cccc(OCCCCC)c1,0.1113784453513148
CCCCCCc1onc(-c2c(Cl)cccc2CC)c1C(=O)NC(=O)Nc1cccc(OCCCCC)c1,0.6630866716428948
CCCCCOc1cccc(NC(=O)NC(=O)c2c(-c3c(F)cccc3Cl)noc2CN2CCCC2)c1,0.7066176230226257
CCCCCCc1onc(-c2c(F)cccc2Cl)c1C(=O)C(=O)NCCF,0.25202006980642766
CCCCCOc1ccc(NC(=O)Nc2c(C)cccc2C)cc1C(=O)CCCC,0.543942580466986
Cc1cccc(C)c1NC(=O)Nc1ccc(ON2CCCC2)c(C(=O)Nc2cccc(OCCCF)c2)c1,0.7266153594296515
CCCCCOc1cccc(NC(=O)NC(=O)c2c(-c3c(F)cccc3Cl)noc2CCF)c1,0.5807035793278468
CCCCCOc1cccc(NC(=O)NC(=O)c2c(-c3c(F)cccc3Cl)noc2CC)c1,0.6541945989856665
CCCCCCc1onc(-c2c(F)cccc2Cl)c1C(=O)C(=O)Nc1ccc(C)cc1NCCCF,0.6277469937794672
Cc1cccc(C)c1NC(=O)Nc1ccc(N2CCCC2)c(NNC(=O)NC(=O)c2c(F)cccc2Cl)c1,0.6012623431037868
CNC(=O)c1c(-c2c(Cl)cccc2OCCCF)noc1C,0.10543775131013955
CCCCCCNNc1cc(C)ccc1CCCCC,0.09424201245448637
O=C(CF)Nc1ccc(ON2CCCC2)c(C(=O)Nc2cccc(OCCCF)c2)c1,0.2028132512099816
CCCCCCc1onc(-c2c(F)cccc2Cl)c1C(=O)C(=O)Nc1ccc(C)cc1NCCCCC,0.7158803029793565
Cc1onc(-c2c(Cl)cccc2OCCCF)c1C(=O)NOCCCF,0.19483487755177803
CCCCCCNc1cc(NC(=O)Nc2c(C)cccc2C)ccc1ON1CCCC1,0.5103752466192588
CCCCCCc1onc(-c2c(F)cccc2Cl)c1CCCF,0.131851872394425
CCCCCOc1cccc(NC(=O)NC(=O)c2c(-c3c(F)cccc3Cl)noc2CC)c1,0.6541945989856665
CCCCCCc1onc(-c2c(F)cccc2Cl)c1C(=O)C(=O)NNc1cccc(OCCCF)c1,0.6155582714661424
CCCCCOc1cccc(NC(=O)NC(=O)c2c(-c3c(F)cccc3Cl)noc2CCCCF)c1,0.6487284300585662
O=C(CF)Nc1ccc(ON2CCCC2)c(C(=O)Nc2cccc(OCCCF)c2)c1,0.2028132512099816
CCCCCOCc1ccccc1C(=O)Nc1cccc(OCCCF)c1,0.28451112648323473
Cc1ccc(NC(=O)NC(=O)c2c(F)cccc2Cl)c(CCC(=O)[N-]Nc2c(F)cccc2Cl)c1,0.5722891895379059
Cc1onc(-c2c(Cl)cccc2OCCCF)c1C(=O)NOCCCF,0.19483487755177803
CCCCCCc1onc(-c2c(F)cccc2Cl)c1C(=O)C(=O)Nc1ccc(C)cc1NCCCOCCCF,0.6608425061015586
CN[N-]C(=O)CCc1cc(C)ccc1NC(=O)NC(=O)c1c(F)cccc1Cl,0.17787046138964183
Cc1ccc(NC(=O)NC(=O)c2c(F)cccc2Cl)c(CCC(=O)[N-]NCF)c1,0.20290861026672447
Cc1ccc(NC(=O)NC(=O)c2c(-c3c(Cl)cccc3OCCCF)noc2C)c(CCF)c1,0.5344319096477819
CCCCCCCNC(=O)Nc1ccc(C)cc1CCC(=O)c1ccc(C)cc1NNCCCCCC,0.6596059857735888
CCCCC(=O)Nc1ccc(N2CCCC2)c(NC(=O)Nc2cccc(-c3c(F)cccc3Cl)c2)c1,0.6388662162560236
CCCCCCc1onc(-c2c(F)cccc2Cl)c1C(=O)C(=O)NC,0.22893084841915562
CCCCCOc1cccc(NC(=O)NC(=O)c2c(-c3c(Cl)cccc3OF)noc2CCCCC)c1,0.7402194600161653
FCCCCCOc1cccc(-c2c(F)cccc2Cl)c1,0.05415384007336605
CCCCCCNNC(=O)Nc1ccc(N2CCCC2)c(NC(=O)Nc2cccc(C)c2)c1,0.508112959875529
CCCCC(=O)Nc1ccc(N2CCCC2)c(NC(=O)Nc2cccc(-c3c(F)cccc3Cl)c2)c1,0.6388662162560236
CCCCCCc1onc(-c2c(F)cccc2Cl)c1CF,0.11586049958255312
Cc1onc(-c2c(Cl)cccc2OCCCF)c1C(=O)NCF,0.11981658941042443
CCCCCCc1cc(C)ccc1NC(=O)NC(=O)c1c(-c2c(Cl)cccc2OCCCF)noc1C,0.737176357809537
CCCCCCc1onc(-c2c(Cl)cccc2CF)c1C(=O)NC(=O)Nc1cccc(OCCCCC)c1,0.7353024879247074
CCCCCOc1cccc(NC(=O)OCCCCCF)c1,0.22980236168645785
O=C(Nc1ccc(ON2CCCC2)c(C(=O)Nc2cccc(OCCCCF)c2)c1)OCCCCCF,0.6263315772809769
CCCCCOCCc1cc(C)ccc1NC(=O)NC(=O)c1c(-c2c(Cl)cccc2OCCCF)noc1C,0.749584925511651
CCCCCCCc1c(-c2c(F)cccc2Cl)noc1CCCCCC,0.17000061741671071
CCCCCCNNC(=O)Nc1ccc(N2CCCC2)c(NC(=O)Nc2cccc(CCCCC)c2)c1,0.6723706535839484
CCCCCCNc1cccc(OCCCCCF)c1,0.09169431506422945
Cc1ccc(NC(=O)NC(=O)c2c(F)cccc2Cl)c(CCC(=O)[N-]c2c(Cl)cccc2OCCCF)c1,0.6280437184957738
CCCCCc1onc(-c2c(F)cccc2Cl)c1C(=O)C(=O)Nc1ccc(C)cc1NN1CCCC1,0.7065143370634157
CCCCCCNC(=O)c1c(-c2c(Cl)cccc2OCCCF)noc1C,0.4080045436500185
Cc1cccc(C)c1NC(=O)Nc1ccc(N2CCCC2)c(Nc2c(C)cccc2C)c1,0.4377628657266987
CCCCCOc1ccc(NC(=O)Nc2c(C)cccc2C)cc1C(=O)C(=O)c1c(F)cccc1Cl,0.7023425625193405
CCCCCCc1onc(-c2c(F)cccc2Cl)c1CCCCCC,0.1695127091838072
CCCCCOc1ccc(NC(=O)Nc2c(C)cccc2C)cc1CCCCF,0.42614419317768404
Cc1cccc(C)c1NC(=O)Nc1ccc(ON2CCCC2)c(C(=O)Nc2cccc(OCCCCCF)c2)c1,0.780619457269783
CCCCCOc1cccc(NC(=O)NC(=O)c2c(-c3c(F)cccc3Cl)noc2CCC)c1,0.706556030178827
CCCCCCNc1ccc(ON2CCCC2)c(C(=O)Nc2cccc(OCCCF)c2)c1,0.5168578548445383
Cc1cccc(C)c1-c1ccc(ON2CCCC2)c(C(=O)Nc2cccc(OCCCF)c2)c1,0.4057237865080929
O=C(Nc1cccc(OCCCF)c1)c1cc(F)ccc1ON1CCCC1,0.14309690444259424
CCCCCOc1ccc(NC(=O)Nc2c(C)cccc2C)cc1C(=O)NC,0.3528252396629526
CCCCCCc1onc(-c2c(F)cccc2Cl)c1C(=O)C(=O)NCCCCC,0.5090780744651723
CCCCCCNNc1cc(C)ccc1C(=O)CCc1cc(C)ccc1NC(=O)NN1CCCC1,0.5640882599601066
CCCCCCNNC(=O)Nc1ccc(-c2c(C)cccc2C)c(NNc2cccc(OCCCCCF)c2)c1,0.7364646041893487
CCCCCCCc1noc(C)c1C(=O)NC(=O)Nc1ccc(C)cc1CCCCCC,0.6541194760715665
Cc1ccc(NC(=O)C(=O)c2c(-c3c(F)cccc3Cl)noc2CCCCCCCCF)c(NN2CCCC2)c1,0.6534279927385693
CCCOc1ccc(NC(=O)NC(=O)c2c(F)cccc2Cl)cc1C(=O)Nc1cccc(OCCCF)c1,0.5819078969919639
CCCCCOc1cccc(NC(=O)NC(=O)c2c(-c3c(F)cccc3Cl)noc2CCC)c1,0.706556030178827
CCCCCCNNc1cc(C)ccc1C(=O)CCc1cc(C)ccc1NC(=O)NF,0.5693903949608177
CCCCCCOc1cccc(NC(=O)c2cc(NC(=O)Nc3c(C)cccc3C)ccc2OCCCCC)c1,0.6728291667774021
CCCOc1ccc(NC(=O)Nc2c(C)cccc2C)cc1C(=O)OCCCCCF,0.6348693174511667
Cc1cccc(C)c1NC(=O)NC(=O)c1c(F)cccc1Cl,0.1463827576963056
CCCCCOc1ccc(NC(=O)Nc2c(C)cccc2C)cc1Nc1c(C)cccc1C,0.4871541410345754
CCCCCOc1ccc(NC(=O)Nc2c(C)cccc2C)cc1C(=O)NC,0.3528252396629526
C[N-]C(=O)CCc1cc(C)ccc1NC(=O)NC(=O)c1c(F)cccc1Cl,0.25671622016489476
CCCCCOc1cccc(NC(=O)NC(=O)NC(=O)NC(=O)c2c(F)cccc2Cl)c1,0.30051342186142366
CCCCCOc1cccc(NC(=O)c2cccc(OCCCCCF)c2)c1,0.34672234385729067
CCCCCCc1onc(C)c1C(=O)C(=O)Nc1ccc(C)cc1NN1CCCC1,0.34448535592111523
CCOCCc1cc(C)ccc1NC(=O)NC(=O)c1c(-c2c(Cl)cccc2OCCCF)noc1C,0.6215378653949301
CCCCCCNNc1cc(C)ccc1C(=O)CCc1cc(C)ccc1NC(=O)NC,0.4606312455234594
CCCCCCNc1onc(-c2c(F)cccc2Cl)c1C(=O)NC(=O)Nc1cccc(OCCCCC)c1,0.7306036097401785
CCCCCOc1cccc(NC(=O)NC(=O)CCCC)c1,0.18633631898236658
CCCCCCCCCc1onc(-c2c(F)cccc2Cl)c1C(=O)NC(=O)Nc1cccc(OCCCCC)c1,0.7474857266049585
Cc1cccc(C)c1NC(=O)Nc1c(Cl)cccc1OCCCF,0.2928765890442635
Cc1cccc(C)c1NNc1cccc(OCCCCCF)c1,0.16326266516064925
CCCCCCCc1cc(NC(=O)Nc2c(C)cccc2C)ccc1OCCCCC,0.386245912268287
CCCCCCNNc1cc(C)ccc1C(=O)CCc1cc(C)ccc1CC,0.25922720203142663
Cc1cccc(C)c1NNC(=O)c1c(-c2c(Cl)cccc2OCCCF)noc1C,0.46829619397789457
O=C(CCCCF)Nc1ccc(N2CCCC2)c(NC(=O)Nc2cccc(OCCCCCF)c2)c1,0.643241137957226
CCCCCCCNC(=O)Nc1ccc(C)cc1CCC(=O)[N-]c1ccccc1COCCCCC,0.6673185792876766
CCCCCCNNC(=O)Nc1ccc(N2CCCC2)c(NNc2cccc(OCOCCCCC)c2)c1,0.6772090592605777
CCCCCOc1ccc(NC(=O)Nc2c(C)cccc2C)cc1Nc1c(C)cccc1C,0.4871541410345754
CCCCCCc1onc(CCCCF)c1C(=O)C(=O)Nc1ccc(C)cc1NN1CCCC1,0.6022084447262115
Cc1cccc(C)c1NC(=O)NNc1cccc(OCCCCCF)c1,0.33001824466401986
CCCCCOc1ccc(NC(=O)Nc2c(C)cccc2C)cc1C(=O)Nc1cccc(OCCCCCF)c1,0.7610614438723537
CCCCCOC(=O)c1cc(NC(=O)Nc2c(C)cccc2C)ccc1OCCC,0.5586936895872364
CCCCCCNNc1cc(C)ccc1-c1cccc(OCCCCCF)c1,0.24791591897072135
CCCCCCNC(=O)Nc1ccc(N2CCCC2)c(NC(=O)Nc2cccc(OCCCCCF)c2)c1,0.7825385987827503
CCCCCCNNC(=O)Nc1ccc(OCCCCC)c(NNc2cccc(OCCCCCF)c2)c1,0.7706580765271319
CCCCCCCc1onc(-c2c(Cl)cccc2OF)c1C(=O)NC(=O)Nc1cccc(OCCCCC)c1,0.7466127924316022
CCCCCOc1ccc(NC(=O)Nc2c(C)cccc2C)cc1C(=O)CCCC,0.543942580466986
Cc1ccc(NC(=O)C(=O)c2c(-c3c(F)cccc3Cl)noc2CN2CCCC2)c(NN2CCCC2)c1,0.5253410361037398
CCCCCCc1onc(-c2c(Cl)cccc2CF)c1C(=O)NC(=O)Nc1cccc(OCCCCC)c1,0.7353024879247074
CCCCCCC(=O)Nc1cccc(OCCCCCF)c1,0.18850102324514553
CCCCCOC(=O)Nc1ccc(ON2CCCC2)c(C(=O)Nc2cccc(OCCCCF)c2)c1,0.715243638621283
CCCCCOc1cccc(NC(=O)NC(=O)c2c(-c3c(F)cccc3Cl)noc2CCCCCF)c1,0.6517078949264812
CCCCCCNNNC(=O)Nc1ccc(N2CCCC2)c(NC(=O)Nc2cccc(OCCCCCF)c2)c1,0.7094033039458282
CCCCCC(=O)Nc1cccc(OCCCCCF)c1,0.1508922631985563
O=C(Nc1cccc(OCCCCF)c1)c1cc(NC(=O)N2CCCC2)ccc1ON1CCCC1,0.4789877789388956
CCCCCCc1onc(-c2c(F)cccc2Cl)c1NC(=O)c1c(-c2c(Cl)cccc2OCCCF)noc1C,0.6200736143383231
CCCCCOc1cccc(NC(=O)NC(=O)c2c(-c3c(F)cccc3Cl)noc2-c2c(C)cccc2C)c1,0.6691270417947454
CCCCCOc1ccc(NC(=O)OCCCCCF)cc1C(=O)Nc1cccc(OCCCCCF)c1,0.6675014206619929
CCCCCCc1onc(-c2c(Cl)cccc2CF)c1C(=O)NC(=O)Nc1cccc(OCCCCC)c1,0.7353024879247074
CCCCCCCc1onc(-c2c(Cl)cccc2OF)c1C(=O)NC(C)=O,0.4385208360349649
CCCCCOC(=O)c1cc(NC(=O)Nc2c(C)cccc2C)ccc1OCCCCC,0.6218905269771057
C[N-]C(=O)CCc1cc(C)ccc1NC(=O)NC(=O)c1c(F)cccc1Cl,0.25671622016489476
CCCCCCCc1cc(C)ccc1NC(=O)NC(=O)c1c(-c2c(Cl)cccc2OCCCF)noc1C,0.7451750278193056
CCCCCCCOc1cccc(Cl)c1-c1noc(C)c1C(=O)NC(=O)Nc1ccc(C)cc1CCCCCC,0.6678277703955745
O=C(Nc1ccc(ON2CCCC2)c(C(=O)Nc2cccc(OCCCCF)c2)c1)OCCCCCF,0.6263315772809769
CCCCCCNNC(=O)Nc1ccc(N2CCCC2)c(NC(=O)Nc2cccc(OCCCCCF)c2)c1,0.7692627739148148
CCCCCCNNC(=O)Nc1ccc(C)c(NNc2cccc(OCCCCCF)c2)c1,0.6989073224163892
CCCCCCCc1onc(-c2c(Cl)cccc2OF)c1OCCCCCF,0.3042580362428655
CCCCCCCc1cc(C)ccc1NC(=O)NC(=O)C(=O)Nc1cccc(OCCCCCF)c1,0.729979878066027
CCCCCCNNc1cc(C)ccc1-c1cccc(OCCCCCF)c1,0.24791591897072135
CCCCCCNNNNC(=O)Nc1ccc(OCCCCC)c(NNc2cccc(OCCCCCF)c2)c1,0.7253833783772239
CCCCCCc1onc(-c2c(F)cccc2Cl)c1OCCCCCF,0.21554058783937927
CCCCCOc1ccc(NC(=O)Nc2c(C)cccc2C)cc1C(=O)NNC(=O)Nc1c(C)cccc1C,0.613413213690694
CCCCC(=O)Nc1ccc(N2CCCC2)c(NC(=O)Nc2cccc(OCCCCCF)c2)c1,0.7329348371144173
FCCCCCOc1cccc(NNc2c(Cl)cccc2OCCCF)c1,0.2581159619165421
CCCCCCc1onc(-c2c(F)cccc2Cl)c1N1CCCC1,0.16413743349496882
Cc1onc(-c2c(Cl)cccc2OCCCF)c1C(=O)NC(=O)NNNc1cccc(OCCCCCF)c1,0.48583346206216965
CCCCCOc1cccc(NC(=O)NC(=O)CF)c1,0.06847603607775718
CCCCCOc1ccc(NC(=O)Nc2c(C)cccc2C)cc1C(=O)NN1CCCC1,0.4552877423567547
CCCCCCCc1onc(-c2c(Cl)cccc2OF)c1C(=O)NC(=O)CCCC,0.6594552507234605
CCCCCc1onc(-c2c(Cl)cccc2OF)c1OCCCCCF,0.2929179965519463
CCCCCCNNC(=O)Nc1ccc(OCCCCC)c(NNc2cccc(OCCCCCF)c2)c1,0.7706580765271319
CCCOc1cccc(NC(=O)Nc2cc(NC(=O)Nc3c(C)cccc3C)ccc2N2CCCC2)c1,0.6758218054816354
CCCCCCCc1cc(C)ccc1NC(=O)C(=O)Nc1cccc(OCCCCCF)c1,0.6200739729828755
CCCCCC(=O)Nc1ccc(ON2CCCC2)c(C(=O)Nc2cccc(OCCCCF)c2)c1,0.6447119956045317
CCCCNc1cc(NC(=O)Nc2c(C)cccc2C)ccc1N1CCCC1,0.3621847519834895
CCCCCCCc1cc(C)ccc1NC(=O)NC(=O)Nc1cccc(OCCCCC)c1,0.6331718899975617
CCCCCc1onc(-c2c(Cl)cccc2OF)c1CC,0.18093700239832183
CCCCCCc1onc(-c2c(F)cccc2Cl)c1C,0.1252457600118685
Cc1ccc(NC(=O)NC(=O)c2c(F)cccc2Cl)c(CCC(=O)[N-]CF)c1,0.28479524826270647
CCCCCCNNC(=O)Nc1ccc(OCCCCC)c(N2CCCC2)c1,0.33430603542233067
CCCCCCc1cc(C)ccc1NC(=O)NC(=O)c1c(CF)noc1C,0.4039230435656847
CCCCCCNNc1noc(C)c1C(=O)NC(=O)Nc1ccc(C)cc1CCCCCC,0.5638952149505604
CCCCCCCc1cc(C)ccc1NC(=O)c1ccccc1COCCCCC,0.26986721875420905
O=C(CF)Nc1ccc(N2CCCC2)c(NC(=O)Nc2cccc(OCCCCCF)c2)c1,0.47104628644174984
CCCCCOc1cccc(NNC(=O)c2cc(NC(=O)Nc3c(C)cccc3C)ccc2OCCCCC)c1,0.6592960423540488
CCCCCCc1onc(-c2c(F)cccc2Cl)c1-c1c(-c2c(Cl)cccc2OCCCF)noc1C,0.433650301176332
CCCCCCCc1cc(C)ccc1NNc1cccc(OCCCCCF)c1,0.2471810715005369
CCCCCCNNc1cc(C)ccc1-c1c(C)cccc1C,0.12370948159322484
Cc1cccc(C)c1NC(=O)NNC(=O)NC(=O)c1c(-c2c(Cl)cccc2OCCCF)noc1C,0.3913858471111528
O=C(Nc1cccc(OCCCCCF)c1)N1CCCC1,0.09177758280498327
CCCCCCc1cc(C)ccc1NC(=O)NC(=O)c1c(Nc2cccc(OCCCCCF)c2)noc1C,0.7528987003129384
CCCCCCCNc1cc(NC(=O)Nc2c(C)cccc2C)ccc1N1CCCC1,0.4474222761474584
CCCCCCc1onc(-c2c(F)cccc2Cl)c1C(=O)C(=O)Nc1ccccc1COCCCCC,0.7126905562607269
Cc1onc(Nc2cccc(OCCCCCF)c2)c1-c1cccc(OCCCCCF)c1,0.428780407239884
CCCCCOCc1ccccc1[N-]C(=O)CCc1cc(C)ccc1NC(=O)NCCF,0.6422727506769406
CCCCCCNNc1cccc(OCCCCCF)c1,0.12014769986838515
CCCCCCNNC(=O)Nc1ccc(NCCCCCC)c(NNc2cccc(OCCCCCF)c2)c1,0.7665508830926019
Cc1onc(-c2c(Cl)cccc2OCCCF)c1C(=O)NC(=O)NCCCF,0.18629413342986625
Cc1cccc(C)c1NC(=O)Nc1ccc(N2CCCC2)c(NC(=O)Nc2cccc(OCCCCF)c2)c1,0.7752494258595167
CCCCCCCCCc1onc(-c2c(F)cccc2Cl)c1C(=O)NC(=O)NC(=O)Nc1c(C)cccc1C,0.737796994916326
Cc1onc(-c2c(Cl)cccc2OCCCF)c1C(=O)NC(=O)NCCCF,0.18629413342986625
CCCCCCc1cc(C)ccc1NC(=O)NC(=O)c1c(Nc2cccc(OCCCCCF)c2)noc1C,0.7528987003129384
CCCCCCNNc1ccccc1COCCCCC,0.11855280577708847
Cc1cccc(C)c1NC(=O)Nc1ccc(OCCCCF)c(C(=O)Nc2cccc(OCCCCCF)c2)c1,0.6716343668939121
O=C(F)Nc1ccc(N2CCCC2)c(NC(=O)Nc2cccc(OCCCCCF)c2)c1,0.5741849248576867
CCCCCCc1cc(C)ccc1NC(=O)NNc1cccc(OCCCCCF)c1,0.5654789136190428
CCCCCCNNC(=O)Nc1ccc(N2CCCC2)c(NC(=O)Nc2cccc(CCCCCC)c2)c1,0.6770540148926232
CCCCCOc1ccc(NC(=O)Nc2c(C)cccc2C)cc1NNc1cccc(OCCCCCF)c1,0.7417308047871687
CCCCCOc1ccc(NC(=O)NNCCCCF)cc1NNc1cccc(OCCCCCF)c1,0.6634911581098051
O=C(F)Nc1ccc(N2CCCC2)c(NC(=O)Nc2cccc(OCCCCCF)c2)c1,0.5741849248576867
CCCCCCNNc1cc(C)ccc1OCCCCC,0.13113051274821252
Cc1cccc(C)c1NC(=O)Nc1ccc(ON2CCCC2)c(C(=O)Nc2cccc(OCCCF)c2)c1,0.7266153594296515
CCCCCCCc1cc(C)ccc1-c1cc(NC(=O)NNCCCCCC)ccc1OCCCCC,0.5022355376959504
Cc1cccc(C)c1NC(=O)Nc1cccc(OCCCCCF)c1,0.3152293829391874
CCCCCOc1ccc(NCF)cc1C(=O)Nc1cccc(OCCCCCF)c1,0.44746418732587917
CCCCCCNNC(=O)Nc1ccc(N2CCCC2)c(NC(=O)Nc2cccc(OCCCF)c2)c1,0.6595450685692091
CCCCOc1cccc(NC(=O)Nc2cc(NC(=O)Nc3c(C)cccc3C)ccc2N2CCCC2)c1,0.679964455326977
CCCCCCc1onc(-c2c(F)cccc2Cl)c1C(=O)C(=O)NC,0.22893084841915562
CCCCCOc1ccc(NC(=O)Nc2c(C)cccc2F)cc1C(=O)Nc1cccc(OCCCCCF)c1,0.6595135466676865
CCCCCCc1cc(C)ccc1NC(=O)NC(=O)NC(=O)Nc1c(C)cccc1C,0.5534279983564637
CCCCCOc1ccc(NC(=O)Nc2c(C)cccc2C)cc1C(=O)Nc1cccc(CCCF)c1,0.7091058879094946
O=C(Nc1cccc(OCCCCCF)c1)c1cc(CCCCF)ccc1ON1CCCC1,0.35407842900834147
CCCCCOc1ccc(NC(=O)NNCCN2CCCC2)cc1NNc1cccc(OCCCCCF)c1,0.6806860114648453
CCCCCOc1ccc(NC(=O)Nc2c(C)cccc2C)cc1OCCCCC,0.47637683025466454
CCCCCOc1ccc(CCCCF)cc1C(=O)Nc1cccc(OCCCCCF)c1,0.34852849802665015
CCCCCCNc1ccc(NC(=O)NNCC)cc1NNc1cccc(OCCCCCF)c1,0.7168776910625337
CCCCCCNNC(=O)Nc1ccc(OCCCCC)c(C(=O)Nc2c(C)cccc2C)c1,0.661415267579545
CCCCCOc1ccc(NC(=O)CCCF)cc1NNc1cccc(OCCCCCF)c1,0.5748670396465737
CCCCCCc1cc(F)ccc1NC(=O)NC(=O)c1c(Nc2cccc(OCCCCCF)c2)noc1C,0.6526032843968941
CCCCCCc1onc(-c2c(F)cccc2Cl)c1C(=O)NC(=O)Nc1cccc(OCCCCC)c1,0.7399974464545617
CCCCCCNNNc1ccc(OCCCCC)c(C(=O)Nc2cccc(OCCCCCF)c2)c1,0.7520171932838386
CCCCCCNc1cccc(OCCCCCF)c1,0.09169431506422945
CCCCCCNNC(=O)Nc1ccc(OCCCCC)c(F)c1,0.2684261361748254
CCCCCCNNC(=O)Nc1ccc(OCCCCC)c(CCCF)c1,0.3988093107876521
CCCCCCCc1cc(C)ccc1NC(=O)NC(=O)C(=O)Nc1ccc(C)cc1CCCCCCC,0.6660593960349473
Cc1ccc(NC(=O)NC(=O)c2c(Nc3cccc(OCCCCCF)c3)noc2C)c(CCCCCCF)c1,0.6698051254561075
Cc1onc(Nc2cccc(OCCCCCF)c2)c1-c1cccc(OCCCCCF)c1,0.428780407239884
CCCCCOc1ccc(NC(=O)Nc2c(C)cccc2C)cc1C(=O)Nc1c(C)cccc1C,0.6141579743136528
CCCCCCc1onc(-c2c(F)cccc2Cl)c1C(=O)C(=O)NF,0.234782784799341
Cc1cccc(C)c1Nc1c(-c2c(Cl)cccc2OCCCF)noc1C,0.34554649604380366
CCCCCOc1cccc(NC(=O)Nc2cc(NC(=O)Nc3c(C)cccc3C)ccc2N2CCCC2)c1,0.6841552170515094
CCCCCCCc1cc(C)ccc1NC(=O)Nc1c(C)cccc1C,0.29094212481888154
CCNC(=O)Nc1ccc(N2CCCC2)c(NC(=O)Nc2cccc(OCCCCCF)c2)c1,0.6096009050214602
CCCOc1cccc(NC(=O)Nc2cc(NC(=O)Nc3c(C)cccc3C)ccc2N2CCCC2)c1,0.6758218054816354
CCCCCCCCCc1onc(-c2c(F)cccc2Cl)c1C(=O)NC(=O)c1ccccc1COCCCCC,0.7136865628482805
CCCCCCc1onc(-c2c(F)cccc2Cl)c1C(=O)C(=O)Nc1ccc(C)cc1NNOCCCCC,0.7438301789874407
CCCCCCNc1c(-c2c(Cl)cccc2OCCCF)noc1C,0.3338472178838081
CCCCCCNNC(=O)Nc1ccc(N2CCCC2)c(NC(=O)Nc2cccc(-c3c(C)cccc3C)c2)c1,0.6748951744628038
CCCCCOc1ccc(NC(=O)NCCCF)cc1NNc1cccc(OCCCCCF)c1,0.6432108658767641
Cc1ccc(NC(=O)NC(=O)c2c(-c3c(Cl)cccc3OCCCF)noc2C)c(CCCCF)c1,0.629511804693143
CCCCCOCCc1cc(C)ccc1NC(=O)NC(=O)c1c(-c2c(Cl)cccc2OCCCF)noc1C,0.749584925511651
CCNc1cc(NC(=O)Nc2c(C)cccc2C)ccc1N1CCCC1,0.2612012239409685
CCCCCOc1ccc(OCCCCC)c(C(=O)Nc2cccc(OCCCCCF)c2)c1,0.5004836742517595
CCCCCCCc1onc(-c2c(Cl)cccc2OF)c1C(=O)NC(=O)Nc1cccc(OCCCCF)c1,0.6588834767509243
CCCCCCNNC(=O)Nc1ccc(OCCCCC)c(NCCCCCC)c1,0.5866053854104135
CCCCCOc1ccc(-c2c(Cl)cccc2OCCCF)cc1C(=O)Nc1cccc(OCCCCCF)c1,0.4203782455082033
CCCCCOc1ccc(NC)cc1C(=O)Nc1cccc(OCCCCCF)c1,0.485737333048699
Cc1cccc(C)c1-c1c(-c2c(Cl)cccc2OCCCF)noc1C,0.22745586823292
CCCCCCNNC(=O)Nc1ccc(OCCCCC)c(-c2ccc(C)cc2NNCCCCCC)c1,0.6762677238777851
FCCCCCOc1cccc(Nc2c(Cl)cccc2OCCCF)c1,0.1812760285836524
Cc1cccc(C)c1NC(=O)Nc1ccc(N2CCCC2)c(NC(=O)Nc2cccc(OCCCCCF)c2)c1,0.7838519053151409
CCCCCCNNC(=O)Nc1ccc(OCCCCC)c(F)c1,0.2684261361748254
CCCCCONc1cc(NC(=O)Nc2c(C)cccc2C)ccc1N1CCCC1,0.4861984822722939
Cc1cccc(C)c1NC(=O)Nc1ccc(OCF)c(C(=O)Nc2cccc(OCCCCF)c2)c1,0.6388896801046271
CCCCCCCc1cc(C)ccc1NC(=O)NC(=O)c1c(Cl)cccc1OCCCF,0.6112101877481787
Cc1cccc(C)c1NC(=O)Nc1ccc(N2CCCC2)c(NC(=O)c2cccc(OCCCCCF)c2)c1,0.7609905579246918
CCCCCCCCCc1onc(-c2c(F)cccc2Cl)c1C(=O)NC(=O)OCCCCCF,0.6165634563200617
Cc1onc(-c2c(Cl)cccc2OCCCF)c1CCF,0.09499278775703363
CCCCCCNNC(=O)Nc1ccc(N2CCCC2)c(NNc2cccc(OCF)c2)c1,0.5300381731714403
CCCCCCc1onc(-c2c(F)cccc2Cl)c1C(=O)C(=O)NNc1c(C)cccc1C,0.6546975947968559
Cc1onc(-c2c(Cl)cccc2OCCCF)c1C(=O)Nc1c(Cl)cccc1OCCCF,0.5512170932454499
CCCCCOCCc1cc(C)ccc1NC(=O)NC(=O)c1c(-c2cccc(OCCCCCF)c2)noc1C,0.7700132254725479
CCCCCCC(=O)Nc1ccc(N2CCCC2)c(NC(=O)Nc2cccc(OCCCCCF)c2)c1,0.7525969339811419
CCCCCCNNNc1ccc(OCCCCC)c(C(=O)Nc2cccc(OCCCCF)c2)c1,0.7365159022849134
Cc1cccc(C)c1-c1c(Cl)cccc1OCCCF,0.0538932339475516
CCCCCCNNC(=O)Nc1ccc(NCCCCCC)c(NNC(=O)Nc2c(C)cccc2C)c1,0.6666440471449783
CCCCCOCCc1cc(C)ccc1NC(=O)NC(=O)c1c(-c2cccc(OCCCCCF)c2)noc1C,0.7700132254725479
CCCCCCNC(=O)Nc1ccc(N2CCCC2)c(NC(=O)Nc2cccc(OCCCCCCCF)c2)c1,0.7856114043873579
CCCCCCNC(=O)NNc1cc(NC(=O)Nc2c(C)cccc2C)ccc1N1CCCC1,0.567779583409658
Cc1onc(-c2cccc(OCCCCCF)c2)c1C(=O)Nc1cccc(OCCCCCF)c1,0.5820692784979427
O=C(NCF)Nc1ccc(N2CCCC2)c(NC(=O)Nc2cccc(OCCCCCF)c2)c1,0.5159923105422017
Cc1cccc(C)c1NC(=O)c1c(Cl)cccc1OCCCF,0.17043070813103345
CCCCCCNNC(=O)Nc1ccc(NCCCCCC)c(NNc2cccc(OCCCCCF)c2)c1,0.7665508830926019
CCCCCNC(=O)Nc1ccc(OCCCCC)c(NNc2cccc(OCCCCCF)c2)c1,0.7425523649957351
CCCCCCNNC(=O)Nc1ccc(OCCCCC)c(Nc2cccc(OCCCCF)c2)c1,0.7501453150356692
Cc1cccc(C)c1NC(=O)Nc1ccc(OCF)c(C(=O)Nc2cccc(OCCCCF)c2)c1,0.6388896801046271
CCCCCCNNC(=O)Nc1ccc(OCCCCCF)c(Nc2cccc(OCCCCF)c2)c1,0.6658932842470489
CCCCCCNNC(=O)Nc1ccc(NCCCCCC)c(NNc2cccc(OCCCCF)c2)c1,0.7643254915201616
CCCCCOc1ccc(NC(=O)NNCCCC)cc1NNc1cccc(OCCCCCF)c1,0.7529678226198919
Cc1cccc(C)c1NC(=O)Nc1ccc(N2CCCC2)c(NC(=O)c2cccc(OCCCCCF)c2)c1,0.7609905579246918
Cc1onc(-c2cccc(OCCCCCF)c2)c1C(=O)Nc1cccc(OCCCCCF)c1,0.5820692784979427
CCCCCCC(=O)Nc1ccc(OCCCCC)c(NNc2cccc(OCCCCCF)c2)c1,0.6593842315251504
CCCCCCNC(=O)Nc1ccc(N2CCCC2)c(NC(=O)Nc2cccc(OCCCC)c2)c1,0.6828527432706752
CCCCCCCOc1cccc(NNc2cc(NC(=O)NNCCCC)ccc2OCCCCC)c1,0.6843540942871106
Cc1onc(Nc2cccc(OCCCCCF)c2)c1CCCCCF,0.2956180471283319
CC(=O)Nc1ccc(N2CCCC2)c(NC(=O)Nc2cccc(OCCCCCF)c2)c1,0.5537621533854771
CCCCCOc1ccc(NC(=O)OCCCCCF)cc1NNc1cccc(OCCCCCF)c1,0.6453416040691903
O=C(CF)Nc1ccc(N2CCCC2)c(NC(=O)c2cccc(OCCCCCF)c2)c1,0.35259808979236057
Cc1onc(-c2cccc(OCCCCCF)c2)c1C(=O)F,0.14977410230547164
CCCCCCNc1cccc(C(=O)Nc2cc(NC(=O)Nc3c(C)cccc3C)ccc2N2CCCC2)c1,0.6742172217413424
CCCCCCC(=O)Nc1ccc(OCCCCC)c(C(=O)Nc2cccc(OCCCCCF)c2)c1,0.7033220497118001
CCCOc1cccc(NC(=O)c2cc(NC(=O)Nc3c(C)cccc3C)ccc2ON2CCCC2)c1,0.647405163582486
Cc1onc(Nc2cccc(OCCCCCF)c2)c1C(=O)NCCCCCF,0.40273057669559487
CCCCCOc1ccc(NC(=O)Nc2c(C)cccc2C)cc1C(=O)Nc1cccc(CCCF)c1,0.7091058879094946
CCCCCOCCc1cc(C)ccc1NC(=O)NNc1cccc(OCCCCCF)c1,0.6452414314235496
CCCCCCCOc1cccc(NNc2cc(NC(=O)NNCCCC)ccc2OCCCCC)c1,0.6843540942871106
O=C(Nc1cccc(OCCCCCF)c1)Nc1cc(NC(=O)OCCCCCF)ccc1N1CCCC1,0.6960565470933263
CCCCCCNNC(=O)Nc1ccc(OCCCCC)c(NNc2cccc(OCCCCCF)c2)c1,0.7706580765271319
CCCCCOc1ccc(NC(C)=O)cc1C(=O)Nc1cccc(OCCCCCF)c1,0.6225698174502328
CCCCCOc1ccc(NC(=O)CCCF)cc1C(=O)Nc1cccc(OCCCCCF)c1,0.6103312714309209
CCCCCOc1ccc(NC(C)=O)cc1NNc1cccc(OCCCCCF)c1,0.6035958300228526
CCCNC(=O)Nc1ccc(N2CCCC2)c(NC(=O)Nc2cccc(OCCCCCF)c2)c1,0.6860938495190511
O=C(CCCF)Nc1ccc(N2CCCC2)c(NC(=O)Nc2cccc(OCCCCCF)c2)c1,0.6003606132901481
CCCOc1ccc(NC(=O)Nc2c(C)cccc2C)cc1C(=O)Nc1cccc(OCCCCCF)c1,0.7550082555868775
Cc1cccc(C)c1NC(=O)Nc1ccc(N2CCCC2)c(NC(=O)Nc2c(C)cccc2C)c1,0.6460064360375782
Cc1cccc(C)c1NC(=O)Nc1ccc(ON2CCCC2)c(C(=O)Nc2cccc(CCF)c2)c1,0.6695115853829644
O=C(CCCCF)Nc1ccc(ON2CCCC2)c(C(=O)Nc2cccc(OCCCCF)c2)c1,0.49609063524695746
O=C(CCCCCF)Nc1ccc(N2CCCC2)c(NC(=O)Nc2cccc(OCCCCCF)c2)c1,0.6623971058176081
Cc1cccc(C)c1C(=O)Nc1cccc(OCCCCCF)c1,0.18227816424181723
CCCCCCCCOc1cccc(NC(=O)Nc2cc(NC(=O)NCCCCCC)ccc2N2CCCC2)c1,0.6957334223318448
CCCCCCNNC(=O)Nc1ccc(OCCCCC)c(C(=O)Nc2cccc(OCCCCCF)c2)c1,0.7730551756939454
Cc1cccc(C)c1NC(=O)Nc1cccc(OCCCCCF)c1,0.3152293829391874
CCCCCCNNC(=O)Nc1ccc(CCCC)c(NNc2cccc(OCCCCCF)c2)c1,0.7613462732075633
CCCCCCNNC(=O)Nc1ccc(NCCCCCC)c(NC)c1,0.3658288759566187
CCCCCCc1ccc(CCCC)c(NNc2cccc(OCCCCCF)c2)c1,0.24203897670272187
Cc1cccc(C)c1NC(=O)Nc1ccc(OCF)c(C(=O)Nc2cccc(OCCCCF)c2)c1,0.6388896801046271
CCCCCCNNC(=O)Nc1ccc(NCCCCCC)c(NNc2cccc(OCCCCCF)c2)c1,0.7665508830926019
Cc1cccc(C)c1NC(=O)Nc1ccc(N2CCCC2)c(NC(=O)c2cccc(OCF)c2)c1,0.6704994723103137
CCCCCCNNC(=O)Nc1ccc(-c2c(C)cccc2C)c(NNc2cccc(OCCCCCF)c2)c1,0.7364646041893487
CCCCCOCCc1cc(C)ccc1NC(=O)NCC,0.11143127444589057
CCCCCCNNC(=O)Nc1ccc(NCCCCCC)c(NNNc2cccc(OCCCCCF)c2)c1,0.760360894733645
Cc1cccc(C)c1NC(=O)Nc1ccc(N2CCCC2)c(NCF)c1,0.278747152566092
Cc1cccc(C)c1NC(=O)c1ccc(N2CCCC2)c(NC(=O)c2cccc(OCCCCCF)c2)c1,0.6756501365484283
CCCCOc1cccc(NC(=O)c2cc(NC(=O)Nc3c(C)cccc3C)ccc2OCCC)c1,0.653138945890645
CCc1ccc(ON2CCCC2)c(C(=O)Nc2cccc(OCCCCCF)c2)c1,0.3297622863069252
CCCCCCNNC(=O)Nc1ccc(N2CCCC2)c(NC(=O)c2cccc(OCCCCCF)c2)c1,0.7407573296988387
CCCCCCNC(=O)NC(=O)c1cc(NC(=O)Nc2c(C)cccc2C)ccc1OCCCCC,0.6646279832124051
CCCCCNNC(=O)Nc1ccc(OCCCCC)c(NNc2cccc(OCCCCCF)c2)c1,0.7678778358174815
CCCc1cccc(NC(=O)c2cc(NC(=O)Nc3c(C)cccc3C)ccc2ON2CCCC2)c1,0.6413219012234717
CCCCc1ccc(NC(=O)NNCCc2c(C)cccc2C)cc1NNc1cccc(OCCCCCF)c1,0.7485209671489859
CCCCCCNNC(=O)c1ccc(ON2CCCC2)c(C(=O)Nc2cccc(OCCCCCF)c2)c1,0.6362599778998791
CCCCCCNNC(=O)Nc1ccc(OCCCCF)c(C(=O)Nc2cccc(OCCCCCF)c2)c1,0.678553417294612
CCCCCCNNC(=O)Nc1ccc(NCCCCCC)c(NNc2cccc(OC)c2)c1,0.6444898407813565
CCCCCOc1ccc(CCCCC)cc1C(=O)Nc1cccc(OCCCCCF)c1,0.3956971802409942
FCCCCCOc1cccc(NNc2cccc(OCCCCF)c2)c1,0.23679428540920336
CCCOc1ccc(NC(=O)Nc2c(C)cccc2C)cc1C(=O)NOCCCCCF,0.5936767217982685
CCCCCOc1ccc(NC(=O)Nc2c(C)cccc2C)cc1C(=O)Nc1cccc(CC)c1,0.623527683675
CCCCCCNNC(=O)Nc1ccc(CCCC)c(CCCF)c1,0.28704923066146465
CCCCCCNC(=O)Nc1ccc(N2CCCC2)c(NC(=O)Nc2cccc(OCCCC)c2)c1,0.6828527432706752
CCCCCNNC(=O)Nc1ccc(OCCCCC)c(C(=O)Nc2cccc(OCCCCCF)c2)c1,0.769507627932731
CCCCCOc1ccc(CC)cc1C(=O)Nc1cccc(OCCCCCF)c1,0.3953716109512547
CCCCCOc1ccc(NC(=O)Nc2c(C)cccc2C)cc1NNc1cccc(OCCCCCF)c1,0.7417308047871687
CCCCCCNC(=O)Nc1ccc(N2CCCC2)c(NC(=O)c2cccc(OCCCCCF)c2)c1,0.753791221427594
CCCCCCNNC(=O)Nc1ccc(NCCCCCC)c(NNC(=O)NCCCCCC)c1,0.6054742061626227
CCCCCNNC(=O)Nc1ccc(OCCCCC)c(NNc2cccc(OCCCCCF)c2)c1,0.7678778358174815
CCCCCCNNC(=O)Nc1ccc(NCCCCCC)c(NNc2cccc(OCCCC)c2)c1,0.6752041500390701
COc1cccc(C(=O)Nc2cc(NC(=O)Nc3c(C)cccc3C)ccc2N2CCCC2)c1,0.553285316447491
CCC(=O)c1c(-c2cccc(OCCCCCF)c2)noc1C,0.23453860733970716
CCCCCOc1ccc(NC(=O)Nc2c(C)cccc2C)cc1C(=O)Nc1c(C)cccc1C,0.6141579743136528
CCCCCCNNC(=O)Nc1ccc(NCCCCCC)c(NNc2cccc(OC)c2)c1,0.6444898407813565
CCCCCCNNC(=O)Nc1ccc(OCCCCC)c(C(=O)Nc2cccc(OCCCCCF)c2)c1,0.7730551756939454
Cc1cccc(C)c1NNc1cccc(OCCCCCF)c1,0.16326266516064925
CCCCCCNNC(=O)NNNc1cc(NC(=O)NNCCCCCC)ccc1NCCCCCC,0.41391508822111706
Cc1cccc(C)c1NC(=O)Nc1ccc(N2CCCC2)c(NC(=O)OCCCCCF)c1,0.703465226890383
CCCCCCNNC(=O)Nc1ccc(OCCCCC)c(C(=O)Nc2cccc(OCCCC)c2)c1,0.678887238555731
CCCCCCC(=O)Nc1cc(NC(=O)Nc2c(C)cccc2C)ccc1N1CCCC1,0.5810057212796698
CCCCCNNC(=O)Nc1ccc(OCCCC)c(NNc2cccc(OCCCCCF)c2)c1,0.7569317409930639
CCCCCC(=O)Nc1ccc(ON2CCCC2)c(C(=O)Nc2cccc(OCCCCF)c2)c1,0.6447119956045317
CCCCCOc1ccc(NC(=O)CCCC)cc1C(=O)Nc1cccc(OCCCCCF)c1,0.7013990141491774
CCCCCCNNC(=O)Nc1ccc(NCCCCCC)c(NCCCCCC)c1,0.6132264247052722
CCCCCNNC(=O)Nc1ccc(OCCCCC)c(NNc2cccc(OCCCCCF)c2)c1,0.7678778358174815
CCCCCOc1cccc(NC(=O)Nc2cc(NC(=O)Nc3c(C)cccc3C)ccc2N2CCCC2)c1,0.6841552170515094
CCCCCCNNC(=O)Nc1ccc(OCCCC)c(NNc2cccc(OCCCCCF)c2)c1,0.7736641207707865
CCCCCOc1ccc(NC(=O)CCF)cc1NNc1cccc(OCCCCCF)c1,0.5574724838377924
CCCCCNNC(=O)NC(=O)c1cc(NC(=O)Nc2c(C)cccc2C)ccc1OCCCCC,0.5342041852224579
CCCCCCCCOc1ccc(NC(=O)NNCCCCC)cc1NNc1cccc(OCCCCCF)c1,0.7773781131143174
CCCCCCNNC(=O)Nc1ccc(OCCCCC)c(Nc2cccc(OCCCCF)c2)c1,0.7501453150356692
Cc1cccc(C)c1Nc1cccc(OCCCCCF)c1,0.11507048821816535
CCCCCNNC(=O)Nc1ccc(OCCCCC)c(C(=O)c2c(C)cccc2C)c1,0.5641130536877768
CCCCCCNNc1ccc(CCCC)c(NNc2cccc(OCCCCCF)c2)c1,0.5021041791226561
CCCCc1ccc(CCCC)c(NNc2cccc(OCCCCCF)c2)c1,0.24222401964531148
CCCCCCNNC(=O)Nc1ccc(CCCC)c(NNc2cccc(OCCCCCF)c2)c1,0.7613462732075633
CCCCCCNNC(=O)Nc1ccc(NCCCCCC)c(NNc2cccc(OCCCCCF)c2)c1,0.7665508830926019
O=C(Nc1cccc(OCCCCCCCF)c1)Nc1cc(F)ccc1N1CCCC1,0.39620536995258665
O=C(Nc1ccc(ON2CCCC2)c(C(=O)Nc2cccc(OCCCCF)c2)c1)OCCCCCF,0.6263315772809769
CCCCCCCCNNC(=O)Nc1ccc(CCCC)c(NNc2cccc(OCCCCCF)c2)c1,0.7623673187447878
Cc1cccc(C)c1NC(=O)Nc1ccc(N2CCCC2)c(NC(=O)Nc2cccc(OCCCCCF)c2)c1,0.7838519053151409
CCCCCCCCOc1ccc(NC(=O)NNCCCCC)cc1NNc1cccc(OCCCF)c1,0.7778126628381485
Cc1onc(-c2cccc(OCCCCCF)c2)c1C(=O)OCCCCCF,0.37578141149910255
O=C(NCCCF)Nc1ccc(N2CCCC2)c(NC(=O)Nc2cccc(OCCCCCF)c2)c1,0.5976790244764862
CCCCCCNNC(=O)Nc1ccc(NCCCCCC)c(NNc2c(C)cccc2C)c1,0.6828852984307736
CCCCCCCCNNC(=O)Nc1ccc(CCCC)c(NNc2cccc(OCCCCCF)c2)c1,0.7623673187447878
CCCCCCCc1cccc(NNc2cc(NC(=O)NNCCCCC)ccc2OCCCCC)c1,0.6675942131645062
Cc1cccc(C)c1NC(=O)Nc1ccc(N2CCCC2)c(NC(=O)Nc2c(C)cccc2C)c1,0.6460064360375782
CCCCCCCCNNC(=O)Nc1ccc(OCCCCC)c(NNc2cccc(OCCCCCF)c2)c1,0.7704261950275824
CCCCCNc1ccc(N2CCCC2)c(NC(=O)Nc2cccc(OCCCCCF)c2)c1,0.6012916175489863
Cc1cccc(C)c1NC(=O)Nc1ccc(ON2CCCC2)c(C(=O)Nc2cccc(OCCCCCF)c2)c1,0.780619457269783
CCCCCCCCNNC(=O)Nc1ccc(CCCC)c(C)c1,0.2808203570531286
CCCCCCNNC(=O)Nc1ccc(OCCCC)c(NF)c1,0.27989091764983914
O=C(CCCF)Nc1ccc(ON2CCCC2)c(C(=O)Nc2cccc(OCCCCF)c2)c1,0.4187542723302547
CCCCCCNNC(=O)Nc1ccc(OCCCCC)c(NNc2cccc(OCCCCCF)c2)c1,0.7706580765271319
Cc1cccc(C)c1NC(=O)Nc1ccc(N2CCCC2)c(Nc2c(C)cccc2C)c1,0.4377628657266987
CCCCCCCCNNc1cc(NC(=O)NNCCCCC)ccc1OCCCCCCCC,0.6821623472570749
CCCCCOc1ccc(NC(=O)NNCCCC)cc1C(=O)Nc1cccc(OCCCCCF)c1,0.74264796376088
CCCCCCCc1cccc(NC(=O)Nc2cc(NC(=O)NNCCCCCC)ccc2N2CCCC2)c1,0.6814595105365597
CCCCCCNNC(=O)Oc1ccc(NC(=O)NNCCCCC)cc1NNc1cccc(OCCCF)c1,0.6402187132322437
CCCCCOCCc1cc(C)ccc1NC(=O)NC,0.08056687066778428
CCCCCNNC(=O)Nc1ccc(OCCCCC)c(NNc2cccc(CCC)c2)c1,0.6421551495065484
CCCCCCNNC(=O)Nc1ccc(OCCCCC)c(C(=O)Nc2cccc(OCCCCCF)c2)c1,0.7730551756939454
CCCCCCNNC(=O)Nc1ccc(OCCC)c(C(=O)Nc2cccc(OCCCCCF)c2)c1,0.7515304720824401
CCCCCCCCOc1ccc(NC(=O)NNCCCCC)cc1NNc1cccc(OCCCF)c1,0.7778126628381485
CCCCCCNNC(=O)Nc1ccc(OCCCCC)c(C(=O)Nc2cccc(OCCCCCF)c2)c1,0.7730551756939454
CCCCCOCCc1cc(C)ccc1NC(=O)NOCCCCCF,0.32709416100583993
CCCCCCNNC(=O)Nc1ccc(NCCCCCC)c(NNc2cccc(OCCCCF)c2)c1,0.7643254915201616
CCCCCCNNC(=O)Nc1ccc(OCCCCC)c(C(=O)Nc2cccc(CCF)c2)c1,0.7159853068317188
CCCCCCNNC(=O)Nc1ccc(NCCCCCC)c(NNCCF)c1,0.4008400219091851
CCCCCCNNC(=O)Nc1ccc(OCCCCC)c(C(=O)Nc2cccc(OCCCF)c2)c1,0.7406279960841328
CCCCCCNNC(=O)Nc1ccc(OCCCCC)c(C(=O)Nc2cccc(OCCCF)c2)c1,0.7406279960841328
CCCCCCNNC(=O)Nc1ccc(OCCCCC)c(Nc2cccc(OCCCCCF)c2)c1,0.7534372525582353
CCCCCNNC(=O)Nc1ccc(OCCCCC)c(NNNc2cccc(OCCCCCF)c2)c1,0.7396180345251552
CCCCCCNNC(=O)Nc1ccc(OCCCCC)c(C(=O)Nc2c(C)cccc2C)c1,0.661415267579545
CCCCCNNC(=O)NC(=O)c1c(-c2cccc(OCCCCCF)c2)noc1C,0.3104110232223859
CCCCc1ccc(N2CCCC2)c(NC(=O)Nc2cccc(OCCCCCCCF)c2)c1,0.4747905229288108
CCCCCOCCc1cc(C)ccc1NC(=O)NC(=O)c1c(-c2cccc(CCCCC)c2)noc1C,0.6718253431529492
CCCCCCNC(=O)Nc1cccc(OCCCF)c1,0.14830072161908708
CCCCCNNC(=O)NNc1cccc(OCCCCCF)c1,0.15228783386164746
CCCCCCCCOc1ccc(NC(=O)NCCCF)cc1NNc1cccc(OCCCF)c1,0.6620433547424618
CCCCCCNNC(=O)Nc1ccc(OCCCCC)c(C(=O)Nc2cccc(OCCCCCF)c2)c1,0.7730551756939454
CCCCCCNNC(=O)Nc1ccc(OCCCCF)c(C(=O)Nc2cccc(OCCCCCF)c2)c1,0.678553417294612
O=C(Nc1cccc(OCCCCCF)c1)c1cc(F)ccc1ON1CCCC1,0.23327636302966392
CCCCCCCNNC(=O)Nc1ccc(OCCCCC)c(C(=O)Nc2cccc(OCCCCCF)c2)c1,0.7727712251682926
COc1cccc(NC(=O)Nc2cc(NC(=O)Nc3c(C)cccc3C)ccc2N2CCCC2)c1,0.6271222569924213
CCCCCNNC(=O)Nc1ccc(OCCCCC)c(C(=O)Nc2cccc(OCCCCCF)c2)c1,0.769507627932731
CCCCCCNNC(=O)Nc1ccc(OCCCCF)c(NNc2cccc(OCCCCCF)c2)c1,0.6800662320068876
CCCCCNNC(=O)Nc1ccc(N2CCCC2)c(NC(=O)Nc2cccc(OCCCCCF)c2)c1,0.728874732748733
CCCCCOc1ccc(CCCF)cc1NNc1cccc(OCCCCCF)c1,0.2915377425608004
CCCCCCNNC(=O)Nc1ccc(OCCCCC)c(C(=O)Nc2cccc(OF)c2)c1,0.6747646734728341
CCCCCCCOc1cccc(NNc2cc(NC(=O)NNCCCCCC)ccc2OCCCCC)c1,0.684811846707022
CCCCCCNNC(=O)Nc1ccc(OCCCCC)c(C(=O)Nc2cccc(OCCC)c2)c1,0.661484613610781
CCCCCCNNC(=O)Nc1ccc(N2CCCC2)c(NC(=O)Nc2cccc(OCCCCF)c2)c1,0.7240273437438522
CCCCCCCNNC(=O)Nc1ccc(OCCCCC)c(C(=O)Nc2cccc(OCCCCC)c2)c1,0.6801792571765649
CCCCCCNNC(=O)Nc1ccc(OCCCCC)c(NNc2cccc(OCCCCCF)c2)c1,0.7706580765271319
Cc1cccc(C)c1NC(=O)Nc1ccc(N2CCCC2)c(NC(=O)Nc2cccc(OCCCCCF)c2)c1,0.7838519053151409
CCCCCCNNC(=O)Nc1ccc(OCCCCC)c(C(=O)Nc2cccc(OCCC)c2)c1,0.661484613610781
CCCCCCNNC(=O)Nc1ccc(CC)c(NNc2cccc(OCCCCCF)c2)c1,0.7271203254478649
CCCCCNNC(=O)Nc1ccc(OCCCCC)c(C(=O)Nc2cccc(OCCCCC)c2)c1,0.6757365498329801
CCCCCOCCc1cc(C)ccc1NC(=O)NC(=O)c1c(-c2cccc(OCCCCC)c2)noc1C,0.6727377682678143
CCCCCNNC(=O)Nc1ccc(OCCCCC)c(C(=O)CF)c1,0.2740192574568002
CCCCCNNC(=O)Nc1ccc(OCCCCC)c(C(C)=O)c1,0.25564879312810634
CCCCCOc1ccc(NC(=O)NCCCC)cc1NNc1cccc(OCCCCCF)c1,0.7374174667330885
CCCCCCCCNC(=O)Nc1ccc(N2CCCC2)c(NC(=O)Nc2cccc(OCCCCCF)c2)c1,0.783130111182833
O=C(Nc1cccc(OCCCCCF)c1)Nc1cc(NC(=O)OCCCCCF)ccc1N1CCCC1,0.6960565470933263
CCCCCCNNC(=O)C(=O)c1c(-c2cccc(OCCCCCF)c2)noc1C,0.3735791754480558
CCCCCCCC(=O)c1cc(NC(=O)Nc2c(C)cccc2C)ccc1ON1CCCC1,0.5910446216816402
CCCCCCCCOc1ccc(NC(=O)NNCCCCC)cc1NNCCF,0.49661137183145854
CCCCCCCCOc1ccc(NC(=O)NNCCCCC)cc1NNNNCCCCCC,0.5620526189022559
CCCCCCNNC(=O)Nc1ccc(OCCCCC)c(CCF)c1,0.33262218564621077
Cc1cccc(C)c1NC(=O)Nc1ccc(N2CCCC2)c(NC(=O)Nc2cccc(OCCCF)c2)c1,0.7686157831470886
CCCCCCCNc1cccc(OCCCCF)c1,0.09174923830841904
CCCCCOC(=O)c1c(-c2cccc(OCCCCCF)c2)noc1C,0.4287415617364354
CCCCCCNNC(=O)Nc1ccc(OCCCCC)c(C(=O)Nc2cccc(OCCCCCF)c2)c1,0.7730551756939454
CCCCCCNNC(=O)Nc1ccc(OCCCCC)c(CCCF)c1,0.3988093107876521
CCCCCCCCOc1ccc(NC(=O)NNCCCCC)cc1NNNC(=O)NNCCCCCC,0.4993916401493289
FCCCCCOc1cccc(NNNc2cccc(OCCCCF)c2)c1,0.27029388289646666
CCc1ccc(N2CCCC2)c(NC(=O)Nc2cccc(OCCCCCCCF)c2)c1,0.47956036108516387
CCCCCCNNC(=O)Nc1ccc(OCCF)c(NNc2cccc(OCCCCCF)c2)c1,0.6293750685958597
CCCNc1cc(NC(=O)Nc2c(C)cccc2C)ccc1N1CCCC1,0.31424086754849384
O=C(NCCCCF)Nc1ccc(N2CCCC2)c(NC(=O)Nc2cccc(OCCCCCF)c2)c1,0.6512604944503942
CCCCCNNC(=O)NOc1ccc(NC(=O)NNCCCCC)cc1NNc1cccc(OCCCF)c1,0.4418817334319066
CCCCCCNNC(=O)Nc1ccc(OCCCCC)c(C(=O)CCCCC)c1,0.6003353333630396
CCCCCOc1ccc(N2CCCC2)c(NC(=O)Nc2cccc(OCCCCCF)c2)c1,0.57198216035808
CCCCCCNNC(=O)Nc1ccc(OCCCCC)c(C(=O)Nc2cccc(NNCCCCCC)c2)c1,0.6728693953338902
CCCCCCNNC(=O)Nc1ccc(OCCCCF)c(C(=O)Nc2cccc(OCCCCCF)c2)c1,0.678553417294612
CCCCCCNNC(=O)Nc1ccc(OCCCCC)c(C(=O)Nc2cccc(OCCCC)c2)c1,0.678887238555731
CCCCCOc1ccc(OCCCCCF)cc1NNc1cccc(OCCCCCF)c1,0.38371172498700984
CCCCCOc1ccc(NC(=O)CC)cc1NNc1cccc(OCCCCCF)c1,0.6424498669385775
CCCCCCNNC(=O)Nc1ccc(OCCCCC)c(NNc2cccc(OCCCCCF)c2)c1,0.7706580765271319
CCCCCCNNC(=O)Nc1ccc(N2CCCC2)c(NC(=O)Nc2cccc(C)c2)c1,0.508112959875529
CCCCCCNNC(=O)Nc1ccc(OCCCF)c(C(=O)Nc2cccc(OCCCCCF)c2)c1,0.653906299315439
O=C(Nc1cccc(OCCCCCF)c1)Nc1cc(CCF)ccc1N1CCCC1,0.3594926751477261
CCCCCOc1ccc(NC(=O)NNCCCF)cc1C(=O)Nc1cccc(OCCCCCF)c1,0.6022638780301568
CCCCCCNNC(=O)Nc1ccc(OCF)c(NNc2cccc(OCCCCCF)c2)c1,0.6186996734484245
CCCCCNNC(=O)NC(=O)c1cc(NC(=O)Nc2c(C)cccc2C)ccc1ON1CCCC1,0.3039191507536989
Cc1cc(NC(=O)Nc2c(C)cccc2C)ccc1ON1CCCC1,0.20101819302091686
CCCCCOc1ccc(NC(=O)Nc2c(C)cccc2C)cc1NNc1cccc(OCCCCCF)c1,0.7417308047871687
CCCCCCNNC(=O)NC(=O)Nc1c(C)cccc1C,0.1065490705344734
Cc1cccc(N)c1NC(=O)Nc1ccc(ON2CCCC2)c(C(=O)Nc2cccc(OCCCCCF)c2)c1,0.7336395956956627
CCCCCOc1ccc2cc1NNCCCCNNC(=O)N2,0.05693341621965921
CCCCCCCNNC(=O)Nc1ccc(OCCCCC)c(C(=O)Nc2cccc(O)c2)c1,0.5750521197246556
CCCCNC(=O)Nc1ccc(N2CCCC2)c(NC(=O)c2ccccc2)c1,0.2718588293797225
CCCCCNNC(=O)Nc1ccc(OCCCCC)c(-c2cccc(-c3cccc(OCCN)c3)c2)c1,0.6606006763254919
NNc1cccc(OCCCOCCCCCCCOc2ccc(N)cc2CCCC=O)c1,0.40424468286757254
CCCCCNNC(=O)Nc1ccc(OCCCCC)c(C(=O)Nc2cccc(OCCCCCC(N)=O)c2)c1,0.5580656688880657
CCCCCCNNC(=O)Nc1ccc(OCCNC(C)=O)c(C(N)=O)c1,0.015188682151989891
Cc1cccc(C)c1NC(=O)Nc1ccc(ON2CCCC2)c(-c2cccc(C)c2NC=O)c1,0.5559753684339958
Cc1cccc(C)c1NC(=O)Nc1cccc(NC(=O)Nc2cccc(ONc3cccc(C4CC4)c3)c2)c1,0.6067571878723034
OCCCCCCCNNc1cccc(OCCCCF)c1,0.1151630136876448
Cc1cccc(C)c1NC(=O)CCCCCCNC(=O)Nc1ccc(N2CCCC2)c(NC=O)c1,0.4935723675056267
CCCCC(=O)CCOc1cccc(NNc2cc(NC(=O)NCCCF)ccc2OCC)c1,0.5947744205589895
CCCCCCCCNC(=O)c1cc(NC=O)ccc1CC(=O)c1c(C)cccc1C,0.4480528365739899
CCCCCOc1ccc(NC(=O)NNc2cccc(Nc3cccc(OCCCCCNC)c3)c2)cc1N,0.6377222226761411
CCCCCCNNC(=O)Nc1ccc(OCc2ccc(C)cc2F)c(C(=O)Nc2cccc(O)c2)c1,0.6272425172452821
Cc1cccc(C)c1NC(=O)Nc1ccc(ON2CCCC2)c(-c2ccccc2)c1,0.35304991288192755
O=C1Nc2cccc(c2)OC(=O)c2ccc(N3CCCC3)c(c2)N1,0.12145364469011774
CCCCOc1ccc(CCC(=O)c2c(C)cccc2C)cc1Nc1cc(NC(N)=O)ccc1ON1CCCC1,0.6891417669207563
CCCCCCNNC(=O)NC(=O)NNCCCCCC,0.030682385535954593
O=C(Cc1ccccc1NNc1cccc(OCCCCCF)c1)Oc1cccc(NNCCCO)c1,0.4772153681883592
O=CNc1ccc(N2CCCC2)c(NC(=O)Nc2cccc(OCCCCCCCF)c2)c1,0.6390107526994732
CCCCCCCCCCCCOc1cccc(NNc2cc(NC(N)=O)ccc2OCCCCC)c1,0.6885299596064531
O=C(Nc1cccc(OCCCCCc2ccccn2)c1)Nc1cc(CCCF)ccc1N1CCCC1,0.6100652671747999
Nc1cccc(OCCNc2ccc(N3CCCC3)c(NC(=O)Nc3cccc(N4CCOCC4)c3)c2)c1,0.377289846510746
CCCCCOc1ccc(N)cc1C(=O)NC(=O)Nc1ccc(N2CCCC2)c(NC(=O)C2CC2)c1,0.357527644904575
Cc1cccc(-c2ccccc2)c1NC(=O)Nc1ccc(N2CCCC2)c(NC(=O)F)c1,0.5923881853730294
CCCCCCNNC(=O)Nc1ccc(OCCCCC)c(CCN2CCCCC2)c1,0.40683691718246817
CCCCCCNNC(=O)Nc1ccc(OCCCCC)c(C(=O)Nc2ccccc2)c1,0.5576765454170431
CCCCCOc1ccc(-c2ccccc2)cc1NNc1cccc(OCCCCCF)c1,0.3232103186996774
CCCCCOCCc1cc(C)ccc1NC(=O)NNc1ccc(C(=O)CCCC)c(NN)c1,0.5234970488082695
CCCCCCCOc1ccc(NC(=O)NNCCCCC)cc1C(=O)Nc1ccccc1,0.6297101871550778
CCCCCCNNC(=O)Nc1ccc(N2CCCC2)c(NC(=O)Nc2cccc(O)c2)c1,0.37863911053115074
CCCCCCNNC(=O)Nc1cccc(NCC)c1,0.09240876377129516
CCCCCOc1ccc(NC(=O)NNCCCC)cc1C(=O)Nc1cccc(OCCC)c1,0.5525716904773175
CCCc1ccc(CCOc2cccc(NC(=O)Nc3cc(NC(=O)NC)ccc3N3CCCC3)c2)cc1F,0.721671184608298
CCCCCCNNC(=O)Nc1ccc(CC)c(NNc2ccccc2)c1,0.3388424554963743
CCCCCCCNC(=O)c1c(-c2cccc(OCCCCCF)c2)noc1C,0.5186580927324016
Cc1cccc(C)c1-c1cccc(-c2noc(C=O)c2C=O)c1,0.14714558024642282
CCCCCOc1ccc(NC(=O)NNCCCN)cc1C(=O)Nc1cccc(OCCCCCF)c1,0.4679512130509678
CCCCCCNNC(=O)Nc1ccc2c(c1)C(=O)Nc1cccc(c1)OCc1ccc(OCCC)c(c1)CO2,0.6351407418364663
CCCCCc1cc(-c2ccncc2)ccc1ON1CCCC1,0.08711668076293433
Cc1cccc(Nc2cccc(OCCCCF)c2)c1NC(=O)Nc1ccc(ON2CCCC2)c(C=O)c1,0.7394141623240642
O=C(Nc1cccc(O)c1)Nc1cc(Nc2cccc(-c3ccc(O)cc3)c2)ccc1N1CCCC1,0.6409730567776191
Cc1cccc(C)c1NC(=O)Nc1ccc(ON2CCCC2)c(C(=O)Nc2ccccc2)c1,0.5031521252847015
OCCc1cc2cc(c1)-c1cccc(c1)Nc1cccc(c1)OC2,0.12221460730822711
O=C1Nc2cccc(c2)OCCCc2cc3cc(c2)-c2ccc-3cc21,0.13308969150545363
CCCCCNNC(=O)Nc1ccc(OCCCCCCCO)c(NNc2cccc(OCCCF)c2)c1,0.6906493170797472
CCCCCCNNC(=O)Nc1ccc(OCCCCC)c(NNc2cccc(O)c2)c1,0.531477846953976
CCCCCOc1ccc(NC(=O)NNC2COC2)cc1NNc1cccc(OCC)c1,0.24097631030486774
CCCC(=O)CCOc1ccc(CCCCO)cc1NNc1cccc(OCCCCCF)c1,0.6745879946175237
CCCCCCc1ccc(NC=O)cc1NNc1cccc(OCCCC2(C=O)CC2)c1,0.5530748999910945
CCCCCNNC(=O)NOc1ccc(NC(=O)NNCCCCC)cc1NNc1cccc(OCCCF)c1,0.4418817334319066
CCCCCOc1ccc(NC(N)=O)cc1C(=O)Nc1cccc(-c2ccc(N3CCCC3)c(N)c2)c1,0.5675017226549277
CCCCCCCNNC(=O)Nc1ccc2c(c1)C(=O)Nc1cccc(c1)OCCC1CC(CCO2)O1,0.47356177989131065
CCCCCCNNC(=O)Nc1ccc(OCCCCC)c(C(=O)Nc2cccc(OCCCC)c2)c1,0.678887238555731
CC1=CC=CC=C2CCC1(CCNNC(=O)c1c(C)cccc1C)C2,0.13050805538551072
CCCCCNNC(=O)Nc1ccc(OCCCCC)c(C(=O)Nc2cccc(OOCC)c2)c1,0.5431941662114563
CCCCCOc1ccc2cc1NNc1cccc(c1)OC(=O)CCCCCCCNNC(=O)N2,0.5347285200624718
Cc1cccc(C)c1NC(=O)Nc1ccc(N2CCCC2)c(N)c1,0.1979608175258617
CCCNC(=O)Nc1ccc(N2CCCC2)c(NC(=O)Nc2cccc(OCCCc3cnc(O)cn3)c2)c1,0.3967886397753638
Cc1cccc(C)c1NC(=O)COc1ccccc1C(=O)Nc1cccc(OCCCCCF)c1,0.6374449483322842
CCCCCOc1ccc(NC(=O)CCCc2ccc(Nc3cccc(OCCCCCF)c3)cc2)cc1,0.5258694370882094
CCNNc1cccc(OCCCCCC2CCO2)c1,0.05445063187073137
CCCCNNC(=O)Nc1ccc(OCCCOC)c(NNc2cccc(C(C)=O)c2)c1,0.24301475810652867
CCCCCCCCOc1ccc(NC(=O)NNCCCCC)cc1NN,0.325279909964765
CCCCCCNNC(=O)Nc1cccc(NC(=O)Nc2cccc(N3CCCC3=O)c2)c1,0.32923978761244355
CCCCCCNNC(=O)Nc1ccc(N)c(NN)c1,0.020462504480007335
CNC(=O)NC(=O)c1c(-c2cccc(OCCCCCF)c2)noc1C,0.12760913884499916
CCCCNOc1ccc2cc1NNc1cccc(c1)OCCCc1cccc(c1)CNNC(=O)N2,0.37374058871683846
CCCCCCNNOc1ccc(NC(=O)NNCCCCC)cc1,0.1413726132633246
Cc1onc(-c2cccc(OCCCCCC(N)=O)c2)c1C(=O)Oc1ccc(NC=O)cc1C(N)=O,0.08277197287957633
CCCCCCNNC(=O)Nc1ccc(OCCC)c(C(=O)Nc2cccc(OCCNC3CCOC3)c2)c1,0.35804018073975474
CCCCCOc1ccc(N2CCCC2)c(NC(=O)Nc2cccc(OCCc3ccccc3)c2)c1,0.49139046710956563
CCCCCOc1ccc(NOCCCCCF)cc1NCCC(=O)COc1ccccc1,0.5780024561049679
CCCCCOc1ccc(NC(=O)NC2CC2)cc1NNc1cccc(OCCCCCF)c1,0.7223946430266321
Cc1cccc(C)c1NC(=O)Nc1ccc(N2CCCC2)c(NC(=O)c2cccc(-c3noc(C)c3C=O)c2)c1,0.6389978041618402
O=C(Cc1ccc(Cl)c(F)c1)Nc1cccc(OCCCCCF)c1,0.1615174969141065
CCCCCCNNC(=O)Nc1ccc(OCCCCC)c(C(=O)Nc2cccc(OO)c2)c1,0.5280308881521996
CCCCCOc1ccc(NC=O)cc1C(=O)Nc1cccc(OCCCCC2CCOCC2)c1,0.6161882346612907
Cc1cccc(C)c1NC(=O)Nc1ccc(N2CCCC2)c(NC(N)=O)c1,0.2220426189143696
CCCCCCCCNC(=O)NC(=O)NNCCCCCC,0.115832352433704
O=C(NCCCCCF)Nc1cccc(NC(=O)Nc2cccc(-c3ccccn3)c2)c1,0.5567263325176164
CCCCCOCCc1ccccc1NCCCC(=O)c1cccc(OCCCCCF)c1,0.3899789506318395
CCCCCOc1ccc(NC(=O)NNCCCC)cc1C(=O)Nc1cccc(ON2CCCC2)c1,0.48327539984884094
CCCCCCCCCOc1cccc(NC(=O)c2cc(NC(=O)NN)ccc2OCCCCC)c1,0.682596430456074
COc1cccc(NC(=O)Nc2cc(NC(=O)Nc3c(C)cccc3C)ccc2N2CCCC2)c1,0.6271222569924213
CCCCCCNNC(=O)NC(=O)c1cc(NC(N)=O)ccc1C(C)=O,0.025019332010802198
CCCCCOc1ccc(NC(=O)NNC)cc1CC1(CCCC)CC1,0.29100217004938594
Cc1cccc([C@H]2CCCO2)c1C(=O)c1c(-c2cccc(OCCCCCF)c2)noc1C,0.5315843612624948
CCCONNc1cccc(OCCCCCC(=O)Nc2cccc(OCCCCCF)c2)c1,0.6622820803901788
CCCCCOc1ccc(CCO)cc1NNc1cccc(OCCCO)c1,0.21528587576443053
CC(=O)Nc1cc(NC(=O)Nc2c(C)cccc2-c2ccc(ON3CCCC3)cc2)ccc1N1CCCC1,0.6159744299347137
Cc1cccc(C)c1NC(=O)Nc1ccc(N2CCCC2)c(NC=O)c1,0.20483493103900022
COc1ccc(NC(=O)NNc2ccc(Cl)cc2)cc1C(=O)Nc1cccc(OCCCCCF)c1,0.6845377478027089
CCCCCOc1ccc(NC(=O)NNCC)cc1C(=O)N(CO)CCC,0.06856193444762065
Nc1cc(NC(=O)NCCNc2ccccc2)ccc1N1CCCC1,0.08902664645704575
CCCCCCCCC(=O)c1cccc(NC(=O)NNCCCCC)c1,0.43779221248278716
CCc1ccc2cc1NNc1cccc(c1)OCCCCC(CO)CCCNNC(=O)N2,0.2758335481848903
CCCCCCCNNC(=O)Nc1ccc(OCCCCC)c(C(=O)Nc2cccc(C=O)c2)c1,0.5846534676769117
CCCCCOc1ccc(NC(=O)NNC)cc1NNc1cccc(OCCCCCF)c1,0.5661723120869179
COC(=O)Nc1ccc(C)cc1CCOCCCCC(C)(C)C,0.2062197761392612
Cc1ccccc1NC(=O)c1ccc(ON2CCCC2)c(C(=O)Nc2cccc(OCCCCCF)c2)c1,0.6988182598425797
O=C1CNNC(=O)Nc2ccc(O)c(c2)NNc2cccc(c2)OC1,0.012568169778728768
CCCCCOc1ccc(N)cc1NNc1cccc(OCCc2cc(C)ccc2C(=O)CC)c1,0.6549573674675204
CCCNC(=O)Nc1cccc(NC(=O)Nc2cccc(OC)c2)c1,0.17609052589896393
CCCCCOc1ccc(NC=O)cc1NNc1cccc(OCCCCCOCCCC)c1,0.64131274206164
CCCCCCCCOc1ccc(NC=O)cc1NNc1cccc(OCCCF)c1,0.6070675348832084
CCCCCCNNC(=O)NC(=O)Nc1cccc(NNc2cccc(OCCCCCF)c2)c1,0.5796381408055868
Nc1ccc(N2CCCC2)c(NC(=O)Nc2cccc(O)c2)c1,0.11157910897005628
Cc1ccc(NC(=O)Nc2onc(-c3cccc(OCCCCCF)c3)c2C=O)c(CCCC=O)c1,0.6848048738353267
CCCCCNNC(=O)Nc1ccc(OCCCCCNc2cccc(OCCCCF)c2)c(N)c1,0.669300831573875
CCCCCOCCc1cc(C)ccc1NC(=O)NC=O,0.07554939160274318
Cc1cccc2c1NC(=O)Nc1ccc(ON3CCCC3)c(c1)C(=O)c1ccc-2cc1,0.3769996237250541
CCCCCCNNC(=O)Nc1ccc(N2CCCC2)c(NC(=O)Nc2ccccc2)c1,0.44081209051799053
CCCCCCNNC(=O)Nc1ccc(OCCCCC)c(NNc2cccc(OC)c2)c1,0.5907274671635997
CCCCCCCCCCCOc1cccc(NC(=O)Nc2cc(NC(N)=O)ccc2N2CCCC2)c1,0.7038029342861146
CCCCCOc1ccc(NC(=O)NCF)cc1NNc1cccc(OCCCC)c1,0.6229921331708963
CCCCCOc1ccc(NC(=O)NNCCNCCC)cc1C(=O)Cc1cccc(C2(N)CC2)c1,0.26445885817546494
CCCOc1cccc(NC(=O)Nc2cc(NC(=O)Nc3c(C)cccc3C)ccc2N2CCCC2)c1,0.6758218054816354
Cc1cccc(-c2cc(C(=O)Nc3ccccc3)c(Cl)cc2F)c1NC(=O)Nc1ccc(N2CCCC2)c(N)c1,0.6598197754608786
CCCCCNNC(=O)NOc1ccc(NC(N)=O)cc1NNc1cccc(OCCCCCF)c1,0.32609996044625245
CCCCCCNNC(=O)Nc1ccc(OCCCCC)c(C(=O)Nc2cccc(O)c2)c1,0.5005746730015815
NC(=O)Nc1ccc(N2CCCC2)c(NC(=O)Nc2cccc(OCCCCCCC=O)c2)c1,0.4134328780612668
CCCCCCCCNNC(=O)Nc1ccc(OCCCCC)c(NNc2cccc(OCCC)c2)c1,0.682218798076897
CCCCCCNNC(=O)Nc1ccc(OC)c(NNc2cccc(OCCCCCc3ccccc3)c2)c1,0.6806091475436452
CCCNC(=O)Nc1ccc(N2CCCC2)c(NC(=O)Nc2cccc(OCCCCCF)c2)c1,0.6860938495190511
Cc1cccc(-c2ccc(-c3cc(NC(N)=O)ccc3N3CCCC3)cc2)c1O,0.3845250143722408
CCCc1cc(-c2cccc(OCCCCC3CCCN3C(N)=O)c2)no1,0.2833804498305795
CCN1CCCCCCCNC(=O)NCCCOc2cccc(c2)NNc2cc(N)ccc2O1,0.2927629130805851
CCCCCOCCc1cc(C)ccc1NC(=O)NC(=O)c1c(-c2cccc(OCCCCC)c2)noc1C,0.6727377682678143
CCCCCOc1ccc2cc1NNc1cccc(c1)OC(=O)C(=O)C(=O)c1cccc(c1)NC(=O)N2,0.3709971960693722
CCCCCCCNNC(=O)Nc1cccc(C(=O)Nc2cccc(OCCCCCCF)c2)c1,0.7545736278427277
CCCCCCNNC(=O)Nc1ccc(N2CCCC2)c(NC(=O)Nc2cccc(O)c2)c1,0.37863911053115074
CCCc1ccc(-c2ccc(OC)c(NNc3cccc(OCCCCCF)c3)c2)cc1Oc1cccc(N)c1,0.6579254992125906
CCCC1(c2cccc(C)c2NC(=O)Nc2ccc(N3CCCC3)c(NNC(=O)NNCC)c2)CC1,0.45490189909352047
Nc1ccc2c(c1)NNc1cccc(c1)COCCCCCNNCCCCCO2,0.23454774700827244
CCCCCCNC(=O)NCOCCc1cc(C)ccc1NC=O,0.07896009979984979
O=C(NCCCCF)Nc1ccc(N2CCCC2)c(NC(=O)Nc2cccc(Oc3ccc(F)cc3)c2)c1,0.6585646869800241
O=C(Nc1cccc(OCCCCCF)c1)Nc1cc(CCCC2CC2)ccc1N1CCCC1,0.4723823784012653
CCCCCC(=O)Nc1ccc(OCCCC)c(C(=O)Nc2cccc(OCCCCCF)c2)c1,0.7033203850383167
Cc1cccc(C)c1NC(=O)Nc1ccc(ON2CCCC2)c(C(=O)c2ccc(CCCO)cc2)c1,0.5273397223556323
O=C1Nc2cccc(c2)CC2CCCC2c2ccc(ON3CCCC3)c1c2,0.1522190508545154
CCCCCOc1ccc(NC(=O)NNCC)cc1C(=O)NCCc1cccc(OCCF)c1,0.2845381739427492
CCCCCCNNC(=O)Nc1ccc(OCC2CC2)c(C(=O)Nc2cccc(OCCF)c2)c1,0.5371695107411684
CCCCCOc1ccc(NC=O)cc1C(=O)Nc1cccc(C(C)C(=O)O)c1,0.2638410395878389
CCCCCOc1ccc(NC=O)cc1NNc1cccc(OCCCCC(=O)C(=O)NCCC)c1,0.3942994326597097
Cc1cccc(C)c1NC(=O)Nc1ccc(N2CCCC2)c(NC(=O)Nc2cccc(C3OCCO3)c2)c1,0.6292825889409596
CCCCCCCCCCC(=O)Nc1ccc2ooc2c1,0.31774200866427293
CN(CCCCCCCO)c1cccc(C(=O)N2CCCC2)c1,0.056529713826950316
CCCCCCCCNC(=O)Nc1ccc(N2CCCC2)c(NC(=O)Nc2cccc(OCCCCCF)c2)c1,0.783130111182833
CCCCCCNNOc1ccccc1NNc1cccc(C(C)(C)C)c1,0.3044371439628305
CCCCCOc1ccccc1C(=O)Nc1cccc(OCCCCCF)c1,0.3538320038653952
CCCCCCOc1ccc(NC(=O)NNCCCCC)cc1NN,0.18096153513590538
CCCCNC(=O)Nc1ccc(N2CCCC2)c(NC(=O)Nc2cccc(OCCCNC(N)=O)c2)c1,0.2669819716182004
Nc1ccc(OCCCCCCF)c(NNc2cccc(OCCCC(=O)C=O)c2)c1,0.3675161706835343
COc1cccc(NC(=O)Nc2cc(NC(=O)Nc3c(C)cccc3C)ccc2N2CCCC2)c1,0.6271222569924213
Cc1cccc(-c2ccc(F)cc2)c1NC(=O)Nc1ccc(N2CCCC2)c(NNC(N)=O)c1,0.43994927343542434
O=C(CCCF)Nc1cccc(OCCCCCCO)c1,0.09581614833736747
CCCCCCNNC(=O)c1cc(NC(=O)Nc2c(C)cccc2C)ccc1ON1CCCC1,0.45216536800454377
CCCOc1c(-c2cccc(CNc3cc(N)ccc3C=O)c2)noc1C,0.27196836066246144
CCCCCOc1ccc(N2CCCC2)c(NC(=O)Nc2cccc(OCCCC(=O)COO)c2)c1,0.5689308743179503
CCCCCCNNC(=O)Nc1ccc(OCCCC)c(NNc2cccc(OCCCC)c2)c1,0.6651910463571358
CCCCCNNC(=O)Nc1ccc(OCCCCCOCCCCCF)c(NNc2ccccc2)c1,0.7660608082098566
CCCCCCNNC(=O)Nc1ccc(ONC(=O)Nc2ccc(N3CCCC3)c(NC(N)=O)c2)c(NN)c1,0.12687380357826797
CCCCCNNC(=O)Nc1ccc(OCCCC)c(C(=O)c2cccc(OCCCF)c2)c1,0.6144962218151603
NNC(=O)NC(=O)Nc1cccc(OCCCCCF)c1,0.02841504052766415
CC(=O)c1ccccc1C(=O)Nc1cccc(OCCCCCF)c1,0.24313356850858178
