Cc1nc(NNc2ncnc(Nc3ccc4c(c3)OCO4)c2[N+](=O)[O-])sc1-c1nccn1C(F)F,0.4723582925122463
Cc1ccc(Cl)cc1-n1ncc2c(Nc3ccc([C@H](C)Nc4ncnc5nc(N)ccc45)cc3F)ncnc21,0.46294949494949494
Cc1nc(N[C@H](C)C[C@H](C)Nc2ncnc3nc(N)ccc23)c2c(-c3ccccc3)csc2n1,0.4380625102274587
Cn1cc(C(=O)Nc2cc(-c3nncn3C)ccn2)c(C(C)(C)CCNc2ncnc3c2cnn3C)n1,0.47716743878226336
COc1cc(C)c(Nc2ncnc3c2cnn3C)cc1OCNc1nccc(-c2c(C)nn(C)c2C)n1,0.4748427672955975
Cc1nc(N[C@H](c2ccccc2-n2cccn2)c2cnc3nc(C)nn3c2[O-])c2nc(C)oc2n1,0.4869401457463359
CCOc1ncnc(-c2nc3ccc(NC(=O)c4cc(C#N)c(SC)nc4[O-])cc3[nH]2)c1[N+](=O)[O-],0.48186429323380225
Cc1nn(C)c(C)c1-c1ccnc(NCc2cc(Nc3ncnc4sc(C)c(C)c34)cc(Cl)c2N)n1,0.4788566028821167
Cc1nn(C)c(C)c1C[C@H](C)Nc1nc(-c2nccc(NC(=O)c3cc(F)c(F)cc3F)n2)nc2c1CCC2,0.48997034711320425
Cc1nn(C)c(C)c1-c1ccnc(NCc2ncnc3onc(-c4ccc(Cl)cc4)c23)n1,0.48084782815321736
Cc1ccnc(Nc2ncnc(NCNc3ncc4c(=O)n(-c5cccc(C)c5C)c([O-])nc4n3)c2[N+](=O)[O-])c1,0.4664093373770793
Cc1nc(Nc2ncn(-c3ccc4c(C(F)(F)F)cc(C(F)(F)F)nc4n3)n2)c2c(-c3ccccc3)csc2n1,0.4962962962962963
C[C@H](Nc1ncnc2nc(N)ccc12)c1ccc(-c2ncnc3onc(-c4ccc(Cl)cc4)c23)c(F)c1,0.4836817015034837
COc1ccc(Nc2ncnc3c2cnn3-c2ccc(F)cc2)cc1-c1cnc2nc(C)nn2c1[O-],0.4828469022017409
FC(F)(F)c1cc(C(F)(F)F)c2ccc(-n3cnc(-c4ncnc5c4cnn5-c4cccc(Cl)c4)n3)nc2n1,0.4674028867577255
Cc1ccnc(Nc2ncnc(Nn3cnc(Nc4nc(C)nc5scc(-c6ccccc6)c45)n3)c2[N+](=O)[O-])c1,0.4637948717948717
O=[N+]([O-])c1c(Nc2ccc3c(c2)OCO3)ncnc1-c1ncnc2onc(-c3ccc(Cl)cc3)c12,0.5022607022607023
Cc1ccc(Cl)cc1-n1ncc2c(Nc3cc(NCc4ccc(Oc5cccnc5)c(F)c4)ncn3)ncnc21,0.47476326991573276
Cc1nc(-c2cnc3nc(C)nn3c2[O-])c2ccsc2n1,0.45283498601576405
O=[N+]([O-])c1ncn(-c2ccc3c(C(F)(F)F)cc(C(F)(F)F)nc3n2)n1,0.44405089859635316
CSc1nc([O-])c(C(=O)Nc2ccc3nc(-c4nc(C)nc5sccc45)[nH]c3c2)cc1C#N,0.4830206830206831
O=[N+]([O-])c1c(Nc2ccc3c(C(F)(F)F)cc(C(F)(F)F)nc3n2)ncnc1-n1cnc2ccccc21,0.5134099616858238
Cc1nc(N[C@H](C)Cn2cncn2)c2c([C@H](C)CNc3cc(-n4ccnc4)ncn3)csc2n1,0.4956365272154746
COc1cc(Nc2ncnc3ccc(C)cc23)ccc1Nc1ncnc(Nc2ccc3c(c2)OCO3)c1[N+](=O)[O-],0.49520320948892377
Cc1cccc(-n2c([O-])nc3nc(NCc4ccccc4)ncc3c2=O)c1C,0.4701270613679373
Cc1nc(Nc2ncnc(Nc3ccc4c(c3)OCO4)c2-c2ncnc3c2cnn3-c2cccc(Cl)c2)sc1C,0.5000918273645546
C[C@H](CNc1cc(-n2ccnc2)ncn1)c1ccc2c(N[C@@H](C)c3ccc(F)c(F)c3)ncnc2n1,0.4906731549067316
COc1cccc([C@@H](Nc2nc(-c3ccsc3)nc3ccccc23)[C@H](C)CNc2cc(-n3ccnc3)ncn2)c1,0.47978013349038084
COc1ccc([C@H](C)Nc2ncnc3nc(Nc4ncnc(Nc5nc(C)c(C)s5)c4[N+](=O)[O-])ccc23)cc1F,0.4807657899445339
Cc1nc(NNc2ncnc(-n3cnc4ccccc43)c2[N+](=O)[O-])c2c(-c3ccccc3)csc2n1,0.5049970605526161
C[C@H](CNc1cc([N+](=O)[O-])ncn1)c1nc(-c2ccccc2)no1,0.4726287262872629
CC(C)c1nc2ccc(NC(=O)c3cnc4nc(F)nn4c3[O-])cc2s1,0.49778709527137205
COC(=O)c1ccccc1Nc1ncnc(Nc2ccc(F)c(F)c2)c1-n1cnc2ccccc21,0.5016339869281046
COc1cc(Nc2ncnc3c2cnn3-c2cc(Cl)ccc2C)ccc1Oc1cnc2nc(C)nn2c1[O-],0.49177465306497564
Cc1nc(Nc2ncnc(-n3cnc4ccccc43)c2[N+](=O)[O-])sc1C,0.4823408094869812
Cc1nc(-c2c(C(=O)Nc3ccc4nc(C(C)C)sc4c3)cnc3nc(F)nn23)c2ccsc2n1,0.4830769230769231
Cc1ccnc(Nc2ncnc(Nc3ccc(F)c(-c4nc(C)c(C)s4)c3)c2[N+](=O)[O-])c1,0.5203980099502488
Cc1nc(N[C@@H](C)Nc2ncnc(Nc3ccc(F)c(F)c3)c2-n2cnc3ccccc32)c2nc(C)oc2n1,0.4630924630924631
C[C@@H](Nc1ncnc(Nc2ccc(F)c(F)c2)c1-n1cnc2ccccc21)Nc1ncnc2nc(N)ccc12,0.4683855125844076
COc1ccc2nc(Nc3ncnc(Oc4cccc5ccc(-c6cccc(Cl)c6)nc45)c3[N+](=O)[O-])sc2c1,0.4981049271893078
COC(=O)c1ccccc1Nc1ncnc(Nc2ccc([N+](=O)[O-])c(F)c2)c1-n1cnc2ccccc21,0.5033780272320965
Cc1nc(-c2ncnc(-c3ncnc4onc(-c5ccc(Cl)cc5)c34)c2[N+](=O)[O-])c2ccsc2n1,0.45610804174340086
Cc1nc(N[C@@H](C)c2csc3ncnc(Nc4ccc5c(c4)OCCO5)c23)c2nc(C)oc2n1,0.4771528285041799
COc1ccc(Nc2ncnc3c2cnn3-c2ccc(F)cc2)cc1O[C@H](C)Nc1ncnc2nc(N)ccc12,0.4760921912624699
Cc1nc(N[C@@H](C)c2nc(C)c(C)s2)c2nc(C)oc2n1,0.4240075170307729
COc1ccc2nc(-c3ccc([C@H](C)Nc4ncnc5nc(N)ccc45)cc3F)sc2c1,0.48901211747792156
Cc1nc(-n2c(CCNc3ncnc4cc(F)c(F)cc34)nc3ccc(F)cc32)sc1C,0.5046386192017259
Cc1nc(N[C@H](C)Cc2nc(C)c(C)s2)c2c(-c3ccccc3)csc2n1,0.470696750390237
Cc1nc(N[C@H](C)C[C@H](C)CNc2cc(-n3ccnc3)ncn2)c2c(-c3ccccc3)csc2n1,0.44742443593018305
Cc1ccnc(Nc2ncnc(Nc3ncnc4c3cnn4-c3cccc(Cl)c3)c2[N+](=O)[O-])c1,0.47378716744913923
Cc1nc(N[C@H](C)Cn2cnc3ccccc32)c2c(-c3ccccc3)csc2n1,0.513424204874019
COC(=O)c1ccccc1Nc1ncnc(Nc2ccc(F)c(F)c2)c1Nc1ccc2c(c1)OCO2,0.4844678157561593
Cc1nc(Nc2ncnc(Nc3ccc4c(N[C@@H](C)c5ccc(F)c(F)c5)ncnc4n3)c2[N+](=O)[O-])sc1C,0.4807657899445339
Cc1nc(-c2cc(NCc3ccc(Oc4cccnc4)c(F)c3)ncn2)sc1C,0.48148148148148145
Cc1nc(N[C@@H](C)Nc2ccc(F)c(F)c2)c2nc(C)oc2n1,0.48291010393228334
O=[N+]([O-])c1c(-c2ncnc3onc(-c4ccc(Cl)cc4)c23)ncnc1-n1cnc2ccccc21,0.4726179170623615
C[C@H](CNc1cc(-c2ncnc3c2cnn3-c2cccc(Cl)c2)ncn1)c1nc(-c2ccccc2)no1,0.4861111111111111
Cc1nc(C)n(CCNc2nc(Nc3ncnc4c3cnn4-c3cc(Cl)ccc3C)nc3sccc23)n1,0.4838217338217338
COc1cc(Nc2ncnc3ccc(C)cc23)ccc1-c1nc(C)c(C)s1,0.515771526001705
Cc1ccnc(Nc2ncnc(Nc3ccc(F)c(Cl)c3)c2Nc2ccc3c(c2)OCO3)c1,0.4813620071684588
COc1cc(Nc2ncnc3ccc(C)cc23)ccc1-c1nc(NCCn2nc(C)nc2C)c2ccsc2n1,0.5111823932994742
Cn1cc(C(=O)Nc2cc(Nc3ncnc(-n4cnc5ccccc54)c3[N+](=O)[O-])ccn2)c(C(C)(C)C)n1,0.4910632025059886
Cc1nc(C)n(Cc2csc3ncnc(Nc4ccc5c(c4)OCCO5)c23)n1,0.5103578154425612
COC(=O)c1ccccc1Nc1ncnc(Nc2ccc(F)c(F)c2)c1Nc1ncnc2ccc(C)cc12,0.47690295151663803
COc1cc(Nc2ncnc3ccc(C)cc23)ccc1NC(=O)[C@H](C)Nc1nc(C)nc2oc(C)nc12,0.45848595848595847
COc1cc(Nc2ncnc3ccc(C)cc23)ccc1-c1ccc2c(c1)OCCO2,0.5142183381883756
COc1cc(Nc2ncnc3ccc(Nc4nc(C)nc5scc(-c6ccccc6)c45)cc23)ccc1NC(C)=O,0.48450728812079946
COC(=O)c1ccccc1Nc1ncnc(Nc2ncnc3ccc(C)cc23)c1-n1cnc2ccccc21,0.4998698933125163
COc1ccc(Nc2ncnc3c2cnn3-c2ccc(F)cc2)cc1O[N+](=O)[O-],0.5137659783677483
Cc1cccc(Nc2ncnc(Nc3ccc(F)c(F)c3)c2-c2ncnc3c2cnn3-c2cccc(Cl)c2)n1,0.4976967016768012
Cc1nc(C)n(Cc2csc3ncnc(-c4cc(NC[C@@H](C)c5nc(-c6ccccc6)no5)ncn4)c23)n1,0.47822663201826915
Cc1nc(C)n(Cc2cccc(-n3c([O-])nc4nc(NCc5ccc6c(c5)OCO6)ncc4c3=O)c2C)n1,0.5085276011706529
COc1ccc(-c2c(Nc3ccc(F)c(Cl)c3)ncnc2Nc2cc(C)ccn2)cc1O[N+](=O)[O-],0.4952954857807379
Cc1ccnc(Nc2ncnc(Nc3ccc(F)c(-c4nc(C)c(C)s4)c3)c2[N+](=O)[O-])c1,0.5203980099502488
O=[N+]([O-])c1ncnc(Nc2ccc(F)c(F)c2)c1[N+](=O)[O-],0.49223416965352446
COc1ccc(-c2nc(N[C@H](C)Cn3cnc4ccccc43)c3c(-c4ccccc4)csc3n2)cc1O[N+](=O)[O-],0.5077725612936881
Cc1ccnc(Nc2ncnc(NNc3ncnc4ccc(C)cc34)c2[N+](=O)[O-])c1,0.497037037037037
COCNc1ncc2c(=O)n(-c3cccc(C)c3C)c([O-])nc2n1,0.47397335530833673
Cc1ccc2ncnc(Nc3ccc(-c4nc(C)c(C)s4)c(ON[C@H](C)Cn4cnc5ccccc54)c3)c2c1,0.49228666276117944
Cc1nc(C)n(Cc2csc3ncnc(NNc4ncnc(-n5cnc6ccccc65)c4[N+](=O)[O-])c23)n1,0.47484493452791177
C[C@H](CNc1cc(O[N+](=O)[O-])ncn1)c1nc(-c2ccccc2)no1,0.5036661026508742
COc1ccc(Nc2ncnc3ccc(C)cc23)cc1OC,0.5183006535947713
Cc1nc(N[C@@H](C)c2ccccc2)c2nc(C)oc2n1,0.3876294430450602
Cc1cccc(-n2c([O-])nc3nc(NCNc4ncnc(Nc5nc(C)c(C)s5)c4[N+](=O)[O-])ncc3c2=O)c1C,0.4636700063182597
C[C@H](CNc1cc(-n2cnc3ccccc32)ncn1)c1nc(-c2ccccc2)no1,0.5335775335775336
COc1cccc(CNc2ncnc3sc(Nc4ncnc(Nc5cc(C)ccn5)c4[N+](=O)[O-])cc23)c1OC,0.484002722940776
Cc1ccnc(Nc2ncnc(NC[C@@H](C)Nc3nc(C)nc4scc(-c5ccccc5)c34)c2[N+](=O)[O-])c1,0.4854978913848007
Cc1nc(N[N+](=O)c2c(NNC(C)(C)C)ncnc2Nc2ccc(F)c(F)c2)c2c(-c3ccccc3)csc2n1,0.4934530490086046
CCOc1ncnc(Nc2ncnc3ccc(C)cc23)c1[N+](=O)[O-],0.4879482657260435
COc1c(CNc2ncnc3sc(-c4ccccc4)cc23)cccc1ONc1ccc2c(c1)OCCO2,0.5002178649237473
COc1cc(C[C@@H](C)c2nc(-c3ccccc3)no2)ccc1-c1ccc2c(c1)OCCO2,0.42575423105224425
Cc1ccc2ncnc(Nc3ccc(-c4nc(C)c(C)s4)c([C@H](C)Nc4nc(C)nc5oc(C)nc45)c3)c2c1,0.4625537139349294
Cc1nc(N[C@H](c2ccccc2-n2cccn2)c2ncnc3c2cnn3-c2cccc(Cl)c2)c2nc(C)oc2n1,0.46919503465082624
C[C@H](CNc1cc(Nc2ccc3c(c2)OCCO3)ncn1)c1nc(-c2ccccc2)no1,0.4899090707473941
C[C@H](Cn1cnc2ccccc21)Nc1ccc2c(c1)OCCO2,0.4242002781641168
Cc1cccc(-n2c([O-])nc3nc(NCC[C@@H](C)c4nc(-c5ccccc5)no4)ncc3c2=O)c1C,0.4961087669948429
COc1ccc(Nc2ncnc3ccc(C)cc23)cc1Oc1nc(NCCn2nc(C)nc2C)c2ccsc2n1,0.4870045484080572
C[C@H](Cn1cnc2ccccc21)Nc1ccc(-c2noc3ncnc(Nc4ccc5c(c4)OCCO5)c23)cc1,0.4872076023391813
C[C@H](Cn1cnc2ccccc21)Nc1ccc2c(c1)OCCO2,0.4242002781641168
CCOc1ncnc(-c2cccc(-n3ncc4c(Nc5ccc6c(c5)OCCO6)ncnc43)c2)c1[N+](=O)[O-],0.5040228129137386
Cc1nc(-c2csc3ncnc(Nc4ccc5c(c4)OCCO5)c23)c2ccsc2n1,0.5281097830898628
Clc1cccc(-n2ncc3c(Nc4ccc5c(c4)OCCO5)ncnc32)c1,0.513672135520875
C[C@H](CNc1cc(-n2ccnc2)ncn1)c1ccnc(NC(=O)c2cn(C)nc2C(C)(C)C)c1,0.4714658320292123
Cn1cc(C(=O)Nc2cc(-c3csc4ncnc(Nc5ccc6c(c5)OCCO6)c34)ccn2)c(C(C)(C)C)n1,0.5120385232744783
Clc1cccc(-c2cc(Nc3ccc4c(c3)OCCO4)ncn2)c1,0.48209876543209873
COc1cc(-c2nc(C)nc3sccc23)ccc1-c1ccc2c(c1)OCCO2,0.46306306306306305
Clc1nc(-c2csc3ncnc(Nc4ccc5c(c4)OCCO5)c23)c2ccsc2n1,0.5281097830898628
Cc1ccc2ncnc(Nc3ccc(-c4nc(C)c(C)s4)c(OCl)c3)c2c1,0.515771526001705
Cc1ccc2ncnc(Nc3ccc(-c4ccc5c(c4)OCCO5)c(OCl)c3)c2c1,0.5142183381883756
COc1sc(-c2cc(Nc3ncnc(Nc4cc(C)ccn4)c3[N+](=O)[O-])ccc2F)nc1C,0.5095502156500308
COc1ccc(-c2ccnc(NC(=O)c3cn(C)nc3C(C)(C)C)c2)cc1O[N+](=O)[O-],0.4749044271796769
Cc1ccc2ncnc(-c3cc(Nc4ccc5c(c4)OCCO5)ncn3)c2c1,0.5102527420123987
Cc1ccc2ncnc(Nc3ccc(-c4ccc5c(c4)OCCO5)c(OCn4nc(C)nc4C)c3)c2c1,0.48956727310103815
COc1ccc(Nc2ncnc3ccc(-c4cccc(Cl)c4)cc23)cc1OC,0.5325257963212203
Cc1nc([N+](=O)c2c(Nc3ccc(F)c(F)c3)ncnc2Oc2cccc3cccnc23)sc1C,0.508664627930683
Cc1nc(Nc2ncnc(NNc3ncnc4ccc(-c5cccc(Cl)c5)cc34)c2[N+](=O)[O-])sc1C,0.4858421550907995
Cc1ccc2ncnc(NC[C@@H](C)c3nc(-c4ccccc4)no3)c2c1,0.526790750141004
Cc1nc(-c2ccc(Nc3ncnc4c3cnn4-c3ccc(F)cc3)cc2OCl)sc1C,0.49836102633661133
Cc1nc(N[C@H](C)Cn2cncn2)c2c([C@H](C)CNc3cc(-n4ccnc4)ncn3)csc2n1,0.4956365272154746
Cc1ccc2ncnc(Nc3ccc(-c4nc(C)c(C)s4)c(OCl)c3)c2c1,0.515771526001705
O=[N+]([O-])ONc1cc(-n2cnc3ccccc32)ncn1,0.4305379969096783
COc1cc(-c2nc(C)c(C)s2)ccc1-c1ccc2c(c1)OCCO2,0.4122065727699531
Cc1ccc2ncnc(NC[C@@H](C)c3c(Nc4ccc(F)c(F)c4)ncnc3Nc3cccc(C)n3)c2c1,0.49416082749416085
COc1ccc(-c2c(Nc3ccc(F)c(F)c3)ncnc2Nc2cccc(C)n2)cc1O[N+](=O)[O-],0.4984365228267667
COC(=O)c1ccccc1Nc1ncnc(Nc2ccc(O[N+](=O)[O-])c(F)c2)c1[N+](=O)[O-],0.507760532150776
c1nc(Nc2ccc3c(c2)OCCO3)c2c(-n3ncc4c(Nc5ccc6c(c5)OCCO6)ncnc43)csc2n1,0.48210264772109634
COc1cc(-c2nc(-c3ccccc3)no2)ccc1-c1nc(NCCn2nc(C)nc2C)c2ccsc2n1,0.5139591530822559
Cc1ccnc(Nc2ncnc(N[C@@H](C)c3nc(-c4ccccc4)no3)c2[N+](=O)[O-])c1,0.48399246704331444
Clc1cccc(-n2ncc3c(-c4nc(-c5ccccc5)no4)ncnc32)c1,0.4384017758046615
Cc1ccc2ncnc(NNc3ncnc4c3cnn4-c3cccc(Cl)c3)c2c1,0.4830499411827612
COc1cccc(CNc2ncnc3sc(C[C@@H](C)c4nc(-c5ccccc5)no4)cc23)c1OC,0.4883213272211308
COc1cc(Nc2ccccc2)ccc1-c1ccc2c(c1)OCCO2,0.4018544711614018
Cc1ccc2ncnc(NC[C@@H](C)c3cc(-c4ncnc5ccc(C)cc45)ncn3)c2c1,0.4917171717171717
Cc1nn(C)cc1C(=O)Nc1cc(-c2csc3ncnc(Nc4ccc5c(c4)OCCO5)c23)ccn1,0.5015227429020532
COc1ccc(Nc2ncnc3scc(-c4nc(C)nc5sccc45)c23)cc1OC,0.5281097830898628
C[C@H](CNc1ncnc2ccc(Cl)cc12)c1nc(-c2ccccc2)no1,0.526790750141004
Cc1ccc2ncnc(NCc3nc(C)nc4sccc34)c2c1,0.49966248143647896
Cc1c(-c2cccc(Cl)c2)cccc1-n1c([O-])nc2nc(NCc3ccc4c(c3)OCO4)ncc2c1=O,0.5112964893986792
Cc1ccc2ncnc(Nc3ccc4c(c3)OCCO4)c2c1,0.5183006535947713
Cc1ccc2ncnc(NC[C@@H](C)C(C)(C)c3nn(C)cc3C(=O)Nc3cc(-c4nncn4C)ccn3)c2c1,0.49666008091071595
Cc1ccc2ncnc(NCc3nc(-c4ccccc4)no3)c2c1,0.4701634359559103
c1ccc(-c2noc(-c3cc(Nc4ccc5c(c4)OCCO5)ncn3)n2)cc1,0.506120527306968
COOc1cc(Nc2ncnc3c2cnn3-c2ccc(F)cc2)ccc1OC,0.5153826595474192
COc1cc(-c2nc(-c3ccccc3)no2)ccc1-c1nc(NCCn2nc(C)nc2C)c2ccsc2n1,0.5139591530822559
COc1cc(CNc2ncc3c(=O)n(-c4cccc(C)c4C)c([O-])nc3n2)ccc1-c1ccc2c(c1)OCCO2,0.5068186899172814
COc1cccc(CNc2ncnc3sc(-c4ccccc4)cc23)c1O[C@@H](C)c1nc(-c2ccccc2)no1,0.49562351971990526
Cc1nc(-c2ccc(-c3ncnc4ccc(-c5cccc(Cl)c5)cc34)cc2OCl)sc1C,0.467621857002388
COOc1cc(Nc2ncnc3c2cnn3-c2ccc(F)cc2)ccc1-n1nc(C)nc1C,0.5019551740581784
Cc1nc(C(C)(C)c2nn(C)cc2C(=O)Nc2cc(-c3nncn3C)ccn2)c2ccsc2n1,0.494949494949495
Clc1cccc(-n2ncc3c(-c4cc(Nc5ccc6c(c5)OCCO6)ncn4)ncnc32)c1,0.49441836202399586
COc1ccc(Nc2c(Nc3ccc4c(c3)OCO4)ncnc2Nc2nc(C)c(C)s2)cc1OC,0.4827207435572454
CC(C)(C)Nc1ccc(-c2ccc3c(c2)OCCO3)c(OCl)c1,0.3962148962148962
Cc1ccc2ncnc(C(C)(C)c3nn(C)cc3C(=O)Nc3cc(-c4nncn4C)ccn3)c2c1,0.4930802688809806
C[C@H](Nc1cc(-c2csc3ncnc(Nc4ccc5c(c4)OCCO5)c23)ccn1)c1nc(-c2ccccc2)no1,0.48419357572675653
COc1cc([C@H](C)CNc2cc(-n3ccnc3)ncn2)ccc1-c1ccc2c(c1)OCCO2,0.46938775510204084
Cc1ccc2ncnc(Nc3ccc(Nc4ccc(-c5nc(C)c(C)s5)c(OCl)c4)c(OCl)c3)c2c1,0.51931241586414
Cc1cccc(Nc2ncnc(Nc3ccc(F)c(F)c3)c2C(C)(C)C)n1,0.5007985398129136
Cc1nc(Nc2ncnc(Nc3ncnc4c3cnn4-c3cccc(Cl)c3)c2[N+](=O)[O-])sc1C,0.47246376811594204
COc1ccc(Oc2cc(Nc3ncnc4ccc(C)cc34)ccc2-c2nc(C)c(C)s2)cc1OC,0.5002364066193853
Cc1ccc2ncnc(Nc3ccc(-c4nc(Cl)nc5sccc45)c(OCl)c3)c2c1,0.5105973025048169
COc1ccc(NNc2ncnc3c2cnn3-c2cccc(Cl)c2)cc1OC,0.470473569544777
COc1ccc(Nc2ncnc3ccc(C)cc23)cc1Oc1cc(Nc2ccc3c(c2)OCCO3)ncn1,0.48838117555165006
COOc1cc(Nc2ncnc3c2cnn3-c2ccc(F)cc2)ccc1-c1nc(C)c(C)s1,0.5055446836268754
COc1cc(-c2ncnc3scc(-c4nc(Cl)nc5sccc45)c23)ccc1-c1ccc2c(c1)OCCO2,0.47990543735224583
COc1cc(-c2nc(-c3ccccc3)no2)ccc1F,0.38518518518518513
COc1ccc(-n2cnc3ccccc32)cc1O[N+](=O)[O-],0.3938534278959811
COc1ccc(Nc2ncnc3c2cnn3-c2ccc(F)cc2)cc1C(=O)c1cn(C)nc1C(C)(C)C,0.49337658826709924
COc1cc(-n2ncc3c(Nc4ccc5c(c4)OCCO5)ncnc32)ccc1-c1ccc2c(c1)OCCO2,0.5030864197530863
Cc1ccnc(Nc2ncnc(Nc3ccc(F)c(-c4nc(C)c(C)s4)c3)c2[N+](=O)n2nc(C)nc2C)c1,0.497598940221891
Clc1cccc(-c2ccc3ncnc(Nc4ncnc5scc(-c6nc(Cl)nc7sccc67)c45)c3c2)c1,0.5171374764595104
C[C@H](Cn1cnc2ccccc21)Nc1nc(Nc2ccc3c(c2)OCCO3)nc2scc(-c3ccccc3)c12,0.5030651340996168
Cc1ccc2ncnc(NC[C@@H](C)c3noc([C@H](C)CNc4cc(-n5cnc6ccccc65)ncn4)n3)c2c1,0.5116696588868941
Cc1nc(Nc2ccc(-c3nc(C)c(C)s3)c(OCl)c2)c2ccsc2n1,0.4889448642597258
Cc1nc(-c2ccc(-n3ncc4c(Nc5ccc6c(c5)OCCO6)ncnc43)cc2OCl)sc1C,0.49653101377239306
Cn1ncc2c(Nc3ccc4c(c3)OCCO4)ncnc21,0.4976608187134503
Cc1ccnc(Nc2ncnc(Nc3ccc(F)c(-c4nc(C)c(C)s4)c3)c2[N+](=O)n2cnc3ccccc32)c1,0.5166479610924055
Cc1ccnc(Nc2ncnc(Nc3ccc(F)c(-c4nc(F)c(C)s4)c3)c2[N+](=O)[O-])c1,0.5120274914089347
COc1ncnc2scc(-c3nc(Cl)nc4sccc34)c12,0.4100014411298458
Cc1ccc2ncnc(Nc3ccc(-c4ncnc5ccc(C)cc45)c(OCl)c3)c2c1,0.5039637599093997
COOc1cc(Nc2ncnc3c2cnn3-c2ccc(F)cc2)ccc1OC,0.5153826595474192
Cc1ccc2ncnc(Nc3ccc(-c4csc5ncnc(Nc6ccc7c(c6)OCCO7)c45)c(OCl)c3)c2c1,0.5088869029887797
COc1cc(Nc2ncnc3ccc(C)cc23)ccc1-c1nc(C)c(C)s1,0.515771526001705
COc1cc(NNc2ccc(-c3ccc4c(c3)OCCO4)c(OCl)c2)ccc1-c1nc(C)c(C)s1,0.43536145327858655
C[C@H](Cc1nc(-c2ccccc2)no1)c1nc(-c2ccccc2)no1,0.3846153846153846
COc1ccc(-n2cnc3ccccc32)cc1O[N+](=O)[O-],0.3938534278959811
Cc1ccc2ncnc(Nc3ccc(F)c(OCl)c3)c2c1,0.5183006535947713
Fc1ccc(-n2ncc3c(Nn4cnc5ccccc54)ncnc32)cc1,0.4756084131703557
C[C@H](CNc1cc(-n2cnc3ccccc32)ncn1)c1nc(-n2cnc3ccccc32)no1,0.5087937099110283
Cc1nc(-c2ncnc3scc(-c4nc(Cl)nc5sccc45)c23)sc1C,0.4415418553349588
Cc1cccc(-n2c([O-])nc3nc(NCc4nc(-c5ccccc5)no4)ncc3c2=O)c1C,0.5060827250608272
c1ccc(-c2noc(-n3cnc4ccccc43)n2)cc1,0.37663509246729815
C[C@H](Cn1cnc2ccccc21)Nc1nc(Cl)nc2scc(-c3ccccc3)c12,0.513424204874019
Cc1cccc(Nc2ncnc(Nc3ccc(F)c(F)c3)c2-c2ccccc2)n1,0.5165735567970205
Cc1ccc2ncnc(-c3ccc(F)c(OCl)c3)c2c1,0.41076487252124644
Cc1ccc2ncnc(NC[C@@H](C)n3c(CCNc4ncnc5cc(F)c(F)cc45)nc4ccc(F)cc43)c2c1,0.4936138241923366
Cc1ccc2ncnc(Nc3ccc(-c4nc(C)c(C)s4)c(Nc4ccc(F)c(OCl)c4)c3)c2c1,0.4918560016599232
Cc1ccc2ncnc(-c3ccc(F)c(-c4nc(C)c(C)s4)c3)c2c1,0.4432809773123909
Cc1nc(C)n(CCNc2nc(-c3ncnc4ccc(-c5cccc(Cl)c5)cc34)nc3sccc23)n1,0.4887358667006716
C[C@H](CNc1ncnc2ccc(-c3ccc(F)c(F)c3)cc12)c1nc(-c2ccccc2)no1,0.519742883379247
Cc1nc(-c2cc(-c3cccc(-n4ncc5c(Nc6ccc7c(c6)OCCO7)ncnc54)c3)ccc2F)sc1C,0.5055610615570972
Cc1nc(Nc2ccc(-c3ccc4c(c3)OCCO4)c(OCl)c2)sc1C,0.44674726540011517
Fc1ccc(Nc2cc(-n3cnc4ccccc43)ncn2)cc1OCl,0.5260911469089907
COc1cc(NCNc2ncnc3ccc(C)cc23)ccc1-c1ccc2c(c1)OCCO2,0.4830263005445487
Cc1cccc(-n2c([O-])nc3nc(NCc4ccc(-c5nc(C)c(C)s5)c(OCl)c4)ncc3c2=O)c1C,0.5119047619047619
Cc1ccc2ncnc(Nc3ccc(Nc4ccc(-c5nc(OCl)c(C)s5)c(OCl)c4)c(OCl)c3)c2c1,0.5135780364070427
Clc1nc(-c2csc3ncnc(Nc4ncnc5ccc(-c6ccccc6)cc45)c23)c2ccsc2n1,0.5238095238095238
COc1cc(-c2nc(-c3ccccc3)no2)ccc1-c1ccccc1,0.3860220052688672
Cc1ccc2ncnc(Nc3ccc(-c4nc(C)c(C)s4)c(-c4ccc(F)c(OCl)c4)c3)c2c1,0.4807256235827664
Fc1ccc(CNc2ncnc3ccc(Cl)cc23)cc1OCl,0.4914120687034504
C[C@H](CNc1ccc(F)c(F)c1)c1nc(-c2ccccc2)no1,0.44354597184785866
Clc1cccc(-c2ccc3ncnc(NNc4cc(-n5cnc6ccccc65)ncn4)c3c2)c1,0.49860613301473516
Cc1ccc2ncnc([N+](=O)c3c(Nc4ccc5c(c4)OCO5)ncnc3Nc3nc(C)c(C)s3)c2c1,0.5005096839959225
Cc1nc([C@H](C)CNc2ncnc3ccc(-c4ccc(F)c(F)c4)cc23)c2ccsc2n1,0.501021021021021
COc1ccc(Nc2ncnc3ccc(-c4nc(Cl)nc5sccc45)cc23)cc1OC,0.534336014923633
COOc1noc([C@H](C)CNc2ncnc3ccc(-c4ccc(F)c(F)c4)cc23)n1,0.5173783515392254
COc1ccc(NNc2ncnc3scc(-c4nc(C)nc5sccc45)c23)cc1OC,0.47567417292187936
COc1ccc(Nc2ncnc3ccc(C)cc23)cc1O[C@@H](C)c1nc(-c2ccccc2)no1,0.5062465450525152
Cc1cccc(-c2ncnc3ccc(-c4nc(Cl)nc5sccc45)cc23)n1,0.4609819121447028
COOc1cc(Nc2ncnc3c2cnn3-c2ccc(F)cc2)ccc1-c1ccc(F)c(F)c1,0.5068524181674029
COc1cc(Nc2ncnc3ccc(C)cc23)ccc1-c1ccc2c(c1)OCCO2,0.5142183381883756
Cc1nc(Nc2ncnc(Nc3ccc4c(c3)OCO4)c2CNc2ncnc3ccc(Cl)cc23)sc1C,0.49985935302390994
Cc1nc(C)n([C@@H](C)c2nc(-c3ccccc3)no2)n1,0.39433551198257083
C[C@H](CNc1ncnc2ccc(-c3ccc(F)c(F)c3)cc12)c1nc(OOc2nc(Cl)nc3sccc23)no1,0.4982193732193732
Cc1nc(-c2ccc(-c3ccc4ncnc(NC[C@@H](C)c5nc(-c6ccccc6)no5)c4c3)cc2OCl)sc1C,0.5171359965073128
Cc1ccc2ncnc(Nc3ccc(-c4ccc5c(c4)OCCO5)c(-c4ccccc4)c3)c2c1,0.4813001495988032
COc1cc(-c2ccc(F)c(OCl)c2)ccc1-c1ccc2c(c1)OCCO2,0.3954667934696465
Cc1cccc(Nc2ncnc(Nc3ccc(F)c(F)c3)c2Nc2ccc(-c3nc(C)c(C)s3)c(OCl)c2)n1,0.4805277380384676
Cc1nc(Nc2ncnc(Nc3ccc4c(c3)OCO4)c2-c2ccc(F)c(-c3nc(C)c(C)s3)c2)sc1C,0.5071099342944003
Cc1ccnc(Nc2ncnc(Nc3ccc(F)c(-c4nc(-c5cccc(C)n5)c(C)s4)c3)c2[N+](=O)[O-])c1,0.4923611111111111
Cc1ccc2ncnc(Nc3ncnc4ccc(C)cc34)c2c1,0.478207489257213
Cc1nc(-c2csc3ncnc(NNc4ccc5c(c4)OCCO5)c23)c2ccsc2n1,0.47567417292187936
Clc1cccc(-c2ccc3ncnc(Nc4ncnc5ccc(-c6nc(Cl)nc7sccc67)cc45)c3c2)c1,0.4955425092411394
Cc1nc(Nc2ncnc(NNc3cc(-n4cnc5ccccc54)ncn3)c2[N+](=O)[O-])sc1C,0.4768310911808669
COOc1noc(-c2ccc(-c3nc(NCCn4nc(C)nc4C)c4ccsc4n3)c(OC)c2)n1,0.5116983209468758
COc1cc(Nc2cccc(C)n2)ccc1-c1ccc2c(c1)OCCO2,0.4444444444444444
Cc1cccc(Nc2ncnc(-c3ccccc3)c2-c2ccccc2)n1,0.43508114856429464
COc1ccc(Nc2ncnc3ccc(C)cc23)cc1ONc1ncnc(Nc2nc(C)c(C)s2)c1[N+](=O)[O-],0.48691611640988014
COc1cc(Nc2ncnc3ccc(C)cc23)ccc1-c1nc(C)c(C)s1,0.515771526001705
O=[N+](Nc1ccc2c(c1)OCCO2)c1c(Nc2ccc(F)c(F)c2)ncnc1Oc1cccc2cccnc12,0.4925750394944708
C[C@H](Nc1ncnc2ccc(-c3ccc(F)c(F)c3)cc12)c1nc(-c2ccccc2)no1,0.47610180012414655
Clc1nc(-c2ccc3ncnc(-c4nc(-c5ccccc5)no4)c3c2)c2ccsc2n1,0.47403024326101245
COc1ccc(Nc2ncnc3ccc(-c4nc(Cl)nc5sccc45)cc23)cc1-c1ccccc1,0.523741690408357
Fc1ccc(Nc2ncnc3ccc(-c4cccc(Cl)c4)cc23)cc1F,0.5325257963212203
Cc1ccc2ncnc(Nc3ccc(-c4ccc5ncnc(Nc6ccc(F)c(F)c6)c5c4)c(OCl)c3)c2c1,0.505933117583603
Cc1ccc2ncnc(Nc3ccc(-c4nc(C)c(-c5nc(-c6ccccc6)no5)s4)c(OCl)c3)c2c1,0.4985858585858585
Cc1nc(Nc2ncnc(NNc3ccc4c(c3)OCCO4)c2[N+](=O)[O-])sc1C,0.4825453820067824
COc1cc(Nc2ccc(-c3nc(C)c(C)s3)c(OCl)c2)ccc1-c1ccc2c(c1)OCCO2,0.4525615435795076
Cc1cccc(Nc2ncnc(-c3csc4ncnc(Nc5ccc6c(c5)OCCO6)c34)c2-c2ccccc2)n1,0.5057410351527999
Cc1ncnc2ccc(-c3nc(Cl)nc4sccc34)cc12,0.4102800861803632
Cc1ccc2ncnc(Nc3ccc(-c4noc([C@H](C)CNc5ncnc6ccc(Cl)cc56)n4)c(OCl)c3)c2c1,0.5105155406662943
Cc1ccc2ncnc(Nc3ccc(-c4nc(C)c(C)s4)c(Oc4ccc(F)c(F)c4)c3)c2c1,0.5002364066193853
Fc1ccc(-c2ccc3ncnc(NNc4cc(-n5cnc6ccccc65)ncn4)c3c2)cc1F,0.48938109561571413
COc1ccc(Nc2ncnc3c2cnn3-c2ccc(F)cc2)cc1OOCl,0.5153826595474192
COc1cc(-c2nc(-c3ccccc3)no2)ccc1-c1nc(C)c(C)s1,0.4321645213789022
COc1ccc(Nc2ncnc(Nc3cccc(C)n3)c2-c2ccccc2)cc1OC,0.5165735567970205
Clc1ccc2ncnc(NCc3nc(Cl)nc4sccc34)c2c1,0.49966248143647896
COc1ccc(Nc2ccc3ncnc(NC[C@@H](C)c4nc(-c5ccccc5)no4)c3c2)cc1OC,0.4999487021647686
Cc1ccc2ncnc(Nc3ccc4ncnc(Nc5ccc(F)c(F)c5)c4c3)c2c1,0.5056271741354614
Fc1ccc(-n2ncc3c(Nc4ccc(ONc5ccc6c(c5)OCCO6)c(OOCl)c4)ncnc32)cc1,0.4935077807513133
COO[N+](=O)c1c(Nc2ccc(F)c(-c3nc(C)c(C)s3)c2)ncnc1Nc1cc(C)ccn1,0.5098822324628777
COc1ccc(Nc2ncnc3scc(-c4nc(Cl)nc5sccc45)c23)cc1-c1ccccc1,0.506951508986097
Cc1ccc2ncnc(NCc3c(Nc4ccc5c(c4)OCO5)ncnc3Nc3nc(C)c(C)s3)c2c1,0.49985935302390994
COO[N+](=O)c1c(Nc2ccc(F)c(F)c2)ncnc1Oc1cccc2cccnc12,0.5109241733847413
Cc1cccc(Nc2ncnc(NNc3cc(-n4cnc5ccccc54)ncn3)c2-c2ccccc2)n1,0.478652066887361
COc1ccc(Nc2ncnc3scc(-c4ccc(F)c(F)c4)c23)cc1OC,0.5094246031746031
Cc1ccc2ncnc(Nc3ccc(-c4nc(C)c(C)s4)c(Oc4ccc(F)c(F)c4)c3)c2c1,0.5002364066193853
COOc1noc([C@H](C)CNc2ncnc3ccc(-c4ccc(-c5nc(C)c(C)s5)c(OCl)c4)cc23)n1,0.5131879543094496
Cc1nc(-c2csc3ncnc(NC[C@@H](C)c4nc(-c5ccccc5)no4)c23)c2ccsc2n1,0.5147232037691402
Fc1ccc(Nc2ncnc3ccc(-c4cccc(Cl)c4)cc23)cc1F,0.5325257963212203
Cc1ccc2ncnc(NC[C@@H](C)c3ccc4ncnc(Nc5ccc(F)c(F)c5)c4c3)c2c1,0.5005500550055005
Cc1ccc2ncnc(Nc3ccc(-c4nc(C)c(C)s4)c(-c4nc(Cl)nc5sccc45)c3)c2c1,0.49809121961020697
ClNc1ncnc2scc(-c3nc(Cl)nc4sccc34)c12,0.42011834319526625
COc1cc(Nc2ncnc3ccc(-c4ccc(F)c(F)c4)cc23)ccc1-c1nc(C)c(C)s1,0.5023474178403756
COc1cc(Nc2ccc(-c3nc(C)c(C)s3)c(OCl)c2)ccc1-c1nc(C)c(C)s1,0.442993907745866
Cc1cccc(-n2c([O-])nc3nc(NCc4ccccc4)ncc3c2=O)c1C,0.4701270613679373
Fc1ccc(-c2ccc(Nc3ncnc4ccc(-c5cccc(Cl)c5)cc34)cc2F)cc1F,0.5122655122655123
C[C@H](CNc1cc(-n2ccnc2)ncn1)c1nc(-c2ccccc2)no1,0.5242566510172143
Cc1ccc2ncnc(Nc3ccc(Cl)c(OCl)c3)c2c1,0.482592037314676
COc1cc(Nc2ncnc3ccc(C)cc23)ccc1-c1noc([C@H](C)CNc2cc(-n3ccnc3)ncn2)n1,0.5083172502527341
Cc1ccc2ncnc(NNc3ncnc4scc(-c5nc(C)nc6sccc56)c34)c2c1,0.47977076383542894
COc1ccc(Nc2ncnc3ccc(C)cc23)cc1ONc1ccc(-c2nc(C)c(C)s2)c(OCl)c1,0.5009855794169519
Fc1ccc(NNc2cc(-n3cnc4ccccc43)ncn2)cc1F,0.4813243784611759
Cc1cccc(Nc2ncnc(-c3nc(-c4ccccc4)no3)c2-c2ccccc2)n1,0.4832717914288911
Cc1nc(-c2ccc(NNc3cc(-n4cnc5ccccc54)ncn3)cc2OCl)sc1C,0.4803319323202931
COc1ccc(-c2csc3ncnc(Nc4ncnc5ccc(-c6ccccc6)cc45)c23)cc1OC,0.5017226528854436
Cc1ccc2ncnc(NC[C@@H](C)CNc3ncc4c(=O)n(-c5cccc(C)c5C)c([O-])nc4n3)c2c1,0.46968103750438134
Cc1ccc2ncnc(NNc3ncnc(Nc4cccc(C)n4)c3-c3ccccc3)c2c1,0.49320011101859557
Cc1ccc2ncnc(NOc3cc(Nc4cc(-n5cnc6ccccc65)ncn4)ccc3F)c2c1,0.5005464480874317
Cc1ccc2ncnc(Nc3ncnc4scc(-c5nc(Cl)nc6sccc56)c34)c2c1,0.5241481481481481
Clc1cccc(Nc2ncnc3scc(-c4nc(Cl)nc5sccc45)c23)c1,0.4759279676589489
COOc1noc([C@H](C)Cc2ccc(Nc3ncnc4ccc(-c5cccc(Cl)c5)cc34)cc2F)n1,0.5056497175141242
Clc1nc(-c2ccc3ncnc(Cl)c3c2)c2ccsc2n1,0.4102800861803632
COc1ccc(Nc2cccc(C)n2)cc1-c1ccccc1,0.3856209150326797
Fc1ccc(-c2ccc3ncnc(Nc4csc5ncnc(Nc6ccc7c(c6)OCCO7)c45)c3c2)cc1F,0.4873140857392826
Cc1nc(Nc2ncnc(Nc3ccc(F)c(F)c3)c2-c2ccccc2)c2ccsc2n1,0.5049253257070225
ClNc1ncnc2ccc(-c3nc(Cl)nc4sccc34)cc12,0.42953586497890295
Cc1ccc2ncnc(NC[C@@H](C)c3cccc(C)n3)c2c1,0.4584315574414584
Cc1nc(Nc2ncnc(Nc3ccc4c(c3)OCO4)c2[N+](=O)c2nc(C)c(C)s2)sc1C,0.5127456703638841
Cc1cccc(Nc2ncnc(Nc3ccc(-c4nc(C)c(C)s4)c(OCl)c3)c2-c2ccccc2)n1,0.48297491039426516
Cc1ccc2ncnc(Nc3ccc(-c4noc([C@H](C)CNc5ncnc6ccc(Cl)cc56)n4)c(OCl)c3)c2c1,0.5105155406662943
COc1ccc(Nc2ccc(OC)c(-c3ccccc3)c2)cc1OC,0.3913884857281084
COc1ccc(Nc2ncnc(Nc3cccc(C)n3)c2-c2cccc(C)n2)cc1OC,0.5130822480347296
Cc1nc(-c2ccc(-c3ccc4ncnc(Nc5ccc(F)c(OCl)c5)c4c3)cc2OCl)sc1C,0.5227442207307978
Cc1ccc2ncnc(NC[C@@H](C)c3csc4ncnc(Nc5ccc6c(c5)OCCO6)c34)c2c1,0.5040871934604905
COc1ccc(Nc2ccc3ncnc(Nc4ccc(F)c(F)c4)c3c2)cc1-c1ccccc1,0.5036795753408131
Clc1nc(-c2ccc3ncnc(Nc4nc(-c5ccccc5)no4)c3c2)c2ccsc2n1,0.49566854990583803
COc1ccc(Nc2ncnc3ccc(Nc4ncnc5ccc(C)cc45)cc23)cc1OC,0.5056271741354614
COc1ccc(Nc2ncnc(Nc3cccc(C)n3)c2Nc2ccc(F)c(OCl)c2)cc1OC,0.4836961272838535
Fc1ccc(Nc2ncnc3ccc(-c4cccc(Cl)c4)cc23)cc1F,0.5325257963212203
COc1ccc(Nc2ncnc3ccc(Nc4cc(-n5cnc6ccccc65)ncn4)cc23)cc1OC,0.5082028337061893
Cc1nc(-c2csc3ncnc(NNc4ccc(F)c(OCl)c4)c23)c2ccsc2n1,0.47567417292187936
Clc1nc(-c2ccc3ncnc(Nc4cc(-n5cnc6ccccc65)ncn4)c3c2)c2ccsc2n1,0.49659007449375725
Cc1nc(-c2ccc(-c3ccc4ncnc(Nc5ccc(F)c(Cl)c5)c4c3)cc2OCl)sc1C,0.5008858516831182
Cc1cccc(-c2ccc3ncnc(Nc4ncnc5scc(-c6nc(Cl)nc7sccc67)c45)c3c2)c1,0.5171374764595104
COc1cc(-c2nc(-c3ccccc3)no2)ccc1-c1nc(C)c(C)s1,0.4321645213789022
Cc1cccc(Nc2ncnc(C)c2-c2ccccc2)n1,0.4100491361546996
Cc1nc(-c2cc(-c3csc4ncnc(Nc5ncnc6ccc(-c7ccccc7)cc56)c34)ccc2F)sc1C,0.49099937926753573
C[C@H](CNc1cc(-n2cnc3ccccc32)ncn1)c1nc(-c2ccc(F)c(OCl)c2)no1,0.5164648396005949
Cc1ccc2ncnc(-c3csc4ncnc(Nc5ncnc6ccc(-c7ccccc7)cc56)c34)c2c1,0.5182041124316167
Cn1c(CCNc2ncnc3cc(F)c(F)cc23)nc2ccc(F)cc21,0.5261475514640072
Cc1cccc(-c2ncnc3ccc(-c4nc(Cl)nc5sccc45)cc23)n1,0.4609819121447028
Cc1nc(-c2csc3ncnc(Nc4nc(-c5ccccc5)no4)c23)c2ccsc2n1,0.4863918081379682
Clc1nc(-c2ccc3ncnc(Nc4cc(-n5cnc6ccccc65)ncn4)c3c2)c2ccsc2n1,0.49659007449375725
Fc1ccc(-c2ccc3ncnc(Nc4nc(Cl)nc5sccc45)c3c2)cc1F,0.5007774189690228
COc1ccc(Nc2ncnc(Nc3cccc(C)n3)c2-c2ccccc2)cc1-c1ccccc1,0.5048643113159242
Cc1cccc([N+](=O)c2c(Nc3ccc4c(c3)OCO4)ncnc2Nc2nc(C)c(C)s2)n1,0.5146509341199607
COc1ccc(Nc2ncnc3scc(-c4nc(Cl)nc5sccc45)c23)cc1OC,0.5281097830898628
Cc1nc(Nc2ncnc(Nc3ccc4c(c3)OCO4)c2F)sc1C,0.5056128293241695
Cc1ccc2ncnc(NCNc3ncnc4scc(-c5nc(Cl)nc6sccc56)c34)c2c1,0.5030053237162974
Fc1ccc(Nc2ncnc3ccc(Nc4ncnc5ccc(-c6ccccc6)cc45)cc23)cc1F,0.5103884372177055
Cc1ccc2ncnc(NNc3ncnc4ccc(-c5nc(Cl)nc6sccc56)cc34)c2c1,0.490564300837706
Cc1ccc2ncnc(NCc3cc(Nc4cc(-n5cnc6ccccc65)ncn4)ccc3F)c2c1,0.510431416973473
COc1ccc(Nc2ncnc3ccc(C)cc23)cc1Oc1ncnc2ccc(-c3cccc(Cl)c3)cc12,0.49669439112817226
COc1ccc(Nc2ncnc3scc(-c4ccc(F)c(F)c4)c23)cc1OC,0.5094246031746031
Clc1nc(-c2csc3ncnc(-c4csc5ncnc(Nc6ccc7c(c6)OCCO7)c45)c23)c2ccsc2n1,0.4992967651195499
Cc1ccnc(Nc2ncnc(Nc3ccc(F)c(-c4nc(-c5ccc(F)c(F)c5)c(C)s4)c3)c2[N+](=O)[O-])c1,0.5003631082062454
COc1ccc(Nc2ncnc3scc(-c4nc(Cl)nc5sccc45)c23)cc1OC,0.5281097830898628
C[C@H](CNc1ncnc2ccc(-c3ccc(F)c(F)c3)cc12)c1nc(Cl)nc2sccc12,0.501021021021021
Cc1ccc2ncnc(Nc3ncnc4scc(Nc5ncnc(Nc6nc(C)c(C)s6)c5[N+](=O)[O-])c34)c2c1,0.4639618871984017
COc1ccc(Nc2ncnc3scc(-c4cccc(C)c4)c23)cc1OC,0.5164741121095421
Cc1ccc2ncnc(-c3csc4ncnc([C@H](C)CNc5cc(-n6ccnc6)ncn5)c34)c2c1,0.4975442498378278
Cc1ccc2ncnc(NOc3cc(Nc4cc(-n5cnc6ccccc65)ncn4)ccc3F)c2c1,0.5005464480874317
COc1ccc(Nc2ncnc(Nc3cccc(C)n3)c2-c2nc(-c3ccccc3)no2)cc1OC,0.5029888983774552
Clc1nc(-c2nc(-c3csc4ncnc(Nc5ccc6c(c5)OCCO6)c34)c3ccsc3n2)c2ccsc2n1,0.49151408745088204
COOc1noc([C@H](C)Cc2c(Nc3ccc4c(c3)OCO4)ncnc2Nc2nc(C)c(C)s2)n1,0.500961168781238
Cc1ccnc(Nc2ncnc(Nc3ccc(F)c(-c4nc(Cl)c(C)s4)c3)c2[N+](=O)[O-])c1,0.5203980099502488
COc1ccc(Nc2ncnc(Nc3ccc(F)c(F)c3)c2-c2ccccc2)cc1OC,0.5027711797307997
COc1cc(Nc2ncnc3scc(-c4nc(Cl)nc5sccc45)c23)ccc1-c1nc(-c2ccccc2)no1,0.5070707070707071
C[C@H](CNc1cc(-n2cnc3ccccc32)ncn1)c1nc(-c2ccccc2)no1,0.5335775335775336
Clc1nc(-c2ccc3ncnc(Nc4ncnc5scc(-c6nc(Cl)nc7sccc67)c45)c3c2)c2ccsc2n1,0.5063793831854668
c1ccc(-c2ccc3ncnc(NCNc4cc(-n5ccnc5)ncn4)c3c2)cc1,0.49380116959064324
Clc1nc(-c2csc3ncnc(Nc4ccccc4)c23)c2ccsc2n1,0.44278986890670735
Cc1ccc2ncnc(Nc3ccc(Nc4ccc(-c5nc(OCl)c(C)s5)c(OCl)c4)c(OCl)c3)c2c1,0.5135780364070427
Cc1nc(Nc2ncnc(N[C@@H](C)c3nc(-c4ccccc4)no3)c2[N+](=O)[O-])sc1C,0.48272329328490265
COc1ccc(Nc2ncnc3ccc(-c4nc(OCl)nc5sccc45)cc23)cc1-c1ccccc1,0.5226685459243599
Cc1cccc(-c2ncnc(Nc3cccc(C)n3)c2-c2ccccc2)c1,0.44668158090976884
COc1ccc(Nc2cc(-n3cnc4ccccc43)ncn2)cc1OC,0.5260911469089907
c1ccc(-c2ccc3ncnc(Nc4csc5ncnc(Nc6ccc7c(c6)OCCO7)c45)c3c2)cc1,0.49211528004350186
COc1ccc(Nc2ncnc3scc(-c4nc(Cl)nc5sccc45)c23)cc1Nc1ccc(OC)c(OC)c1,0.4864233341390702
Cc1nc(-c2cc(Nc3ncnc(Nc4cc(Cl)ccn4)c3[N+](=O)[O-])ccc2F)sc1C,0.5203980099502488
Fc1ccc(Nc2csc3ncnc(Nc4ncnc5ccc(-c6ccccc6)cc45)c23)cc1OCl,0.48805206880520685
Fc1ccc(-c2ccc(Nc3ncnc4ccc(-c5cccc(Cl)c5)cc34)cc2F)cc1OCl,0.5122655122655123
Cc1ccc2ncnc(NC[C@@H](C)c3cc(NC[C@@H](C)c4nc(-c5ccccc5)no4)ncn3)c2c1,0.4931381518755718
C[C@H](CNc1ncnc2ccc(-c3nc(OCl)nc4sccc34)cc12)c1nc(-c2ccccc2)no1,0.5256252562525625
COc1ccc(-c2ncnc(Nc3cc(Cl)ccn3)c2[N+](=O)[O-])cc1-c1ccccc1,0.47985347985347987
COc1ccc(Nc2cccc(Cl)c2)cc1-c1ccccc1,0.3622616699539776
Cc1nc(-c2ccc(-c3ccc4ncnc(Nc5ccc(F)c(-c6cccc(Cl)c6)c5)c4c3)cc2OCl)sc1C,0.49547593195801665
Cc1ccnc(Nc2ncnc(Nc3ccc(F)c(-c4nc([O-])c(C)s4)c3)c2[N+](=O)[O-])c1,0.5120274914089347
Cc1ncnc2ccc(-c3nc(Cl)nc4sccc34)cc12,0.4102800861803632
Cc1nc(Nc2ncnc(Nc3ccc4c(c3)OCO4)c2Nc2cc(-n3cnc4ccccc43)ncn2)sc1C,0.46905202549866337
COc1ccc(Nc2ccc(F)c(OCl)c2)cc1-c1ccccc1,0.3913884857281084
C[C@H](CNNc1ncnc2ccc(-c3cccc(Cl)c3)cc12)c1nc(-c2ccccc2)no1,0.47520661157024796
Cc1ccc2ncnc(NC[C@@H](C)[C@@H](C)c3nc(-c4ccccc4)no3)c2c1,0.47392290249433106
C[C@H](CNc1ccc(Nc2ncnc3ccc(-c4cccc(Cl)c4)cc23)cc1F)c1nc(-c2ccccc2)no1,0.5058958872591314
CC(CNc1cc(-n2ccnc2)ncn1)CNc1cc(-n2ccnc2)ncn1,0.44388270980788674
Cc1ccc2ncnc(NC[C@@H](C)c3cc4c(NCCc5nc6ccc(F)cc6n5C)ncnc4cc3F)c2c1,0.499581589958159
CNc1ncnc2ccc(-c3ccc(F)c(F)c3)cc12,0.4165148755312689
Cc1ccc2ncnc(-c3cc4c(NCCc5nc6ccc(F)cc6n5C)ncnc4cc3F)c2c1,0.4984709480122324
Cc1nc(Nc2ncnc(Nc3ccc(F)c(-c4nc(Cl)c(C)s4)c3)c2[N+](=O)[O-])c2ccsc2n1,0.5111872798248119
COc1ccc(N[C@H](C)CNc2cc(-n3ccnc3)ncn2)cc1OC,0.4588774341351661
Cn1c(CCNc2ncnc3cc(F)c(F)cc23)nc2ccc(F)cc21,0.5261475514640072
COc1ccc(Nc2ncnc3scc(Nc4ncnc(Nc5nc(C)c(C)s5)c4[N+](=O)[O-])c23)cc1OC,0.46831041567883674
Cc1ccc2ncnc(NC[C@@H](C)c3ncnc4scc(-c5nc(Cl)nc6sccc56)c34)c2c1,0.5087108013937282
Cc1nc(-c2cc(Nc3ncnc(Nc4cc(Cl)ccn4)c3[N+](=O)[O-])ccc2F)sc1[O-],0.5095502156500308
C[C@H](CNc1cc(-n2ccnc2)ncn1)c1ccc2ncnc(Nc3ccc(F)c(OCl)c3)c2c1,0.5069574247144341
COc1ccc(NNCCc2nc3ccc(F)cc3n2C)cc1-c1ccccc1,0.42424242424242425
Cc1ccc2ncnc(NC[C@@H](C)CCNc3ncnc4cc(F)c(F)cc34)c2c1,0.45857662689345857
Cc1ccc2ncnc(NC[C@@H](C)c3cc(NC[C@@H](C)c4nc(-c5ccccc5)no4)ncn3)c2c1,0.4931381518755718
C[C@H](CCNc1cc(-n2ccnc2)ncn1)c1nc(-c2ccccc2)no1,0.4754098360655738
COc1ncnc2scc(-c3nc(Cl)nc4sccc34)c12,0.4100014411298458
Cc1ccc2ncnc(NC[C@@H](C)c3noc([C@H](C)CNc4cc(-n5cnc6ccccc65)ncn4)n3)c2c1,0.5116696588868941
Cc1nc(-c2ncnc3ccc(-c4nc(Cl)nc5sccc45)cc23)c2ccsc2n1,0.47837239127900194
Cc1ccc(Nc2ncnc(Nc3cc(Cl)ccn3)c2[N+](=O)[O-])cc1-c1nc(C)c(C)s1,0.5230352303523035
O=[N+]([O-])c1c(Nc2cc(Cl)ccn2)ncnc1Nc1ncnc2ccc(-c3nc(Cl)nc4sccc34)cc12,0.4778156996587031
Cc1ccc2ncnc(-c3ncnc(Nc4cc(Cl)ccn4)c3[N+](=O)[O-])c2c1,0.5013051866984451
Cc1ccc2ncnc(NC[C@@H](C)c3ncnc4ccc(C)cc34)c2c1,0.49169859514687103
ClCNc1ncnc2ccc(-c3nc(OCl)nc4sccc34)cc12,0.4324659231722429
Cc1ccc2ncnc(NC[C@@H](C)c3nc(-c4ccccc4)no3)c2c1,0.526790750141004
Cc1ccnc(-c2nc(-c3csc4ncnc(Nc5ccc6c(c5)OCCO6)c34)c3ccsc3n2)c1,0.49828178694158076
C[C@H](CNc1ncnc2ccc(Cl)cc12)c1nc(NC[C@@H](C)c2nc(-c3ccccc3)no2)no1,0.4820846905537459
Cc1ccc(CNc2cc(-n3ccnc3)ncn2)cc1-c1nc(C)c(C)s1,0.4837366640645329
Cc1ccc(Nc2ncnc(-c3nc(Cl)nc4sccc34)c2[N+](=O)[O-])cc1-c1nc(C)c(C)s1,0.49935649935649934
Cc1nc(-c2ccc(-c3ccc4ncnc(Nc5ccc(F)c(F)c5)c4c3)cc2OCl)sc1C,0.5227442207307978
Cc1nc(CNc2cc(-n3ccnc3)ncn2)c2ccsc2n1,0.5119092156129194
C[C@H](CNCNc1ncnc2ccc(Cl)cc12)c1nc(-c2ccccc2)no1,0.4969761650658129
COc1ccc(-c2ccc(-c3ccc4ncnc(Nc5ccc(F)c(F)c5)c4c3)cc2OCl)cc1OC,0.5252999478351591
Cc1ccc2ncnc([C@@H](C)c3nc(-c4ccccc4)no3)c2c1,0.4385204450223956
C[C@H](CNc1cc(-n2cnc3ccccc32)ncn1)c1nc(CNc2cc(-n3ccnc3)ncn2)no1,0.48180424433147745
Cc1ccnc(-c2ncnc3ccc(-c4nc(Cl)nc5sccc45)cc23)c1,0.46347736625514396
Cc1nc(-c2cc(Nc3ccccc3)ccc2F)sc1C,0.3708314123251883
C[C@H](CNc1ncnc2ccc(CNc3cc(-n4ccnc4)ncn3)cc12)c1nc(-c2ccccc2)no1,0.5151515151515151
Cc1ccc2ncnc(NC[C@@H](C)c3noc([C@H](C)CNc4cc(-n5ccnc5)ncn4)n3)c2c1,0.5096935584740462
Cc1nc(Nc2ncnc(Nc3ccc4c(c3)OCO4)c2[N+](=O)CNc2ncnc3ccc(Cl)cc23)sc1C,0.4876414876414876
Cc1ccc2ncnc(NC[C@H](c3nc(-c4ccccc4)no3)[C@H](C)CNc3cc(-n4ccnc4)ncn3)c2c1,0.4660271782573941
Cc1nc(Nc2ncnc(NNc3ncnc4ccc(-c5nc(OCl)nc6sccc56)cc34)c2[N+](=O)[O-])sc1C,0.46972677595628415
Clc1cccc(-c2ccc3ncnc(-c4nc(Cl)nc5sccc45)c3c2)c1,0.43614851081191347
Fc1ccc(Nc2cc(-n3cnc4ccccc43)ncn2)cc1Nc1cc(-n2cnc3ccccc32)ncn1,0.47746761539864985
COc1ccc(Nc2ncnc3scc(-c4nc(Cl)nc5sccc45)c23)cc1-c1ccc(F)c(F)c1,0.4972447650536018
COc1cc(Nc2cc(-n3cnc4ccccc43)ncn2)ccc1ONc1ccc(F)c(-c2nc(C)c(C)s2)c1,0.5030590092757056
Cc1ccnc(Nc2ncnc3scc(-c4nc(C)nc5sccc45)c23)c1,0.49683830171635046
C[C@H](Nc1cc(-n2cnc3ccccc32)ncn1)c1nc(-c2ccccc2)no1,0.49807289946041183
Cn1c(CCNNc2ncnc(Nc3cc(Cl)ccn3)c2[N+](=O)[O-])nc2ccc(F)cc21,0.4838468720821662
C[C@H](Cc1ncnc2ccc(-c3nc(Cl)nc4sccc34)cc12)c1nc(-c2ccccc2)no1,0.4784965240956757
C[C@H](CNc1cc(-n2ccnc2)ncn1)[C@@H](C)c1nc(-c2ccccc2)no1,0.4754098360655738
Cc1ccnc(Nc2ncnc(Nc3ccc(F)c(-c4nc(C)c(F)s4)c3)c2[N+](=O)[O-])c1,0.5095502156500308
O=[N+]([O-])c1c(Nc2cc(Cl)ccn2)ncnc1Nc1ncnc2ccc(-c3nc(OCl)nc4sccc34)cc12,0.47707979626485564
Cc1nc(-c2cc(Nc3ncnc(Nc4cc(Cl)ccn4)c3[N+](=O)[O-])ccc2OCl)sc1C,0.5203980099502488
Cn1c(CCNc2csc3ncnc(Nc4ccc5c(c4)OCCO5)c23)nc2ccc(F)cc21,0.4789202305125872
Cc1ccc2ncnc(Nc3ncnc4scc(-c5cccc(Cl)c5)c34)c2c1,0.4893897456175036
Cc1ccc2ncnc(Nc3ncnc4scc(-c5ccc(F)c(F)c5)c34)c2c1,0.49705260816371927
COc1ccc(-c2ccc(Nc3ncnc4ccc(-c5nc(Cl)nc6sccc56)cc34)cc2OCl)cc1OC,0.5041050903119868
Cc1ccc(-c2noc([C@H](C)CNc3ncnc4ccc(Cl)cc34)n2)cc1-c1nc(C)c(C)s1,0.5221669430624655
C[C@H](CNc1cc2c(NCCc3nc4ccc(F)cc4n3C)ncnc2cc1F)c1nc(-c2ccccc2)no1,0.49794238683127573
Cc1ccc(Nc2ncnc(-c3ccc(C)c(-c4nc(C)c(C)s4)c3)c2[N+](=O)[O-])cc1-c1nc(C)c(C)s1,0.5070392029456356
COc1ccc(-c2cc3c(NCCc4nc5ccc(F)cc5n4C)ncnc3cc2F)cc1OC,0.5124579124579124
Cc1ccnc(Nc2ncnc3ccc(-c4nc(Cl)nc5sccc45)cc23)c1,0.48781676413255354
Fc1ccc(Nc2ncnc3ccc(Cl)cc23)cc1OCl,0.5183006535947713
Cc1ccc2ncnc(NCc3csc4ncnc(Nc5ncnc6ccc(C)cc56)c34)c2c1,0.49631966351209256
Fc1ccc(Nc2ncnc3ccc(-c4ncnc5scc(-c6nc(Cl)nc7sccc67)c45)cc23)cc1OCl,0.5135135135135135
Fc1cc2ncnc(CNc3cc(-n4ccnc4)ncn3)c2cc1F,0.5213842637936663
Cc1ccc2ncnc(NCc3ccc4ncnc(Nc5ccc(F)c(OCl)c5)c4c3)c2c1,0.5091621650248914
C[C@H](Cc1ccc(Nc2ncnc3ccc(-c4cccc(Cl)c4)cc23)cc1F)c1nc(-c2ccccc2)no1,0.5095533649750518
COc1ccc(Nc2ncnc3scc(NCCc4nc5ccc(F)cc5n4C)c23)cc1OC,0.4789202305125872
Cc1nc(Nc2ncnc(NNc3cc(Cl)ccn3)c2[N+](=O)[O-])sc1C,0.46937923839332285
COc1ccc(Nc2cccc(Cl)c2)cc1-c1ccccc1,0.3622616699539776
Cn1c(CCNCNc2ncnc3ccc(-c4nc(OCl)nc5sccc45)cc23)nc2ccc(F)cc21,0.4684533780011167
C[C@H](CNc1cc(-c2ncnc3scc(-c4nc(Cl)nc5sccc45)c23)ncn1)c1nc(-c2ccccc2)no1,0.4758077226162332
Cc1ccnc(-c2nc(-c3csc4ncnc(Nc5ccc6c(c5)OCCO6)c34)c3ccsc3n2)c1,0.49828178694158076
C[C@H](c1cc(NC[C@@H](C)c2nc(-c3ccccc3)no2)ncn1)c1nc(-c2ccccc2)no1,0.49371790669725774
COc1ccc(Nc2cc(-n3cnc4ccccc43)ncn2)cc1-c1ccccc1,0.5152273675427618
Cc1ccc2ncnc(NCn3c(CCNc4ncnc5cc(F)c(F)cc45)nc4ccc(F)cc43)c2c1,0.4788005944575575
Cc1ccc(-c2ncnc3ccc(-c4cccc(Cl)c4)cc23)cc1-c1nc(C)c(C)s1,0.4386706097732714
COc1cc(Nc2cc(-n3cnc4ccccc43)ncn2)ccc1OCl,0.5260911469089907
c1ccc2c(c1)ncn2-c1nc(-c2csc3ncnc(Nc4ccc5c(c4)OCCO5)c23)c2ccsc2n1,0.5093653391525732
Clc1cccc(CNc2ncnc3ccc(Cl)cc23)c1,0.41885325558794945
Cc1nc(Nc2ncnc(Nc3ccc4ncnc(Nc5ccc(F)c(F)c5)c4c3)c2[N+](=O)[O-])sc1C,0.4947994056463596
Cc1nc(Nc2ncnc(Nc3cc(Cl)ccn3)c2[N+](=O)[O-])c2ccsc2n1,0.4748109365910413
Cc1ccc2ncnc(Nc3cc(-n4cnc5ccccc54)ncn3)c2c1,0.5114244679462071
COc1ccc(Nc2csc3ncnc(Nc4ccc5c(c4)OCCO5)c23)cc1-c1ccccc1,0.4880243019044281
COc1ccc(Nc2ncnc3scc(-c4nc(Cl)nc5sccc45)c23)cc1Oc1nc(-c2ccccc2)no1,0.4959680842033783
Fc1cc2ncnc(CNc3cc(Nc4cc(-n5cnc6ccccc65)ncn4)ccc3OCl)c2cc1F,0.4765534765534765
COc1ccc(Nc2ncnc3ccc(-c4nc(C)nc5sccc45)cc23)cc1-c1ccccc1,0.523741690408357
Cc1nc(NCCc2nc3ccc(F)cc3n2C)c2ccsc2n1,0.4837935174069628
COc1ccc(-c2ccc(-c3ccc4ncnc(Nc5ccc(F)c(F)c5)c4c3)cc2OCl)cc1OC,0.5252999478351591
Fc1cc2ncnc(NCCNc3cc(-n4cnc5ccccc54)ncn3)c2cc1F,0.48647383693718993
COc1ccc(Nc2ccc(OC)c(-c3ccccc3)c2)cc1OC,0.3913884857281084
COc1ccc(-c2ncnc3cc(F)c(F)cc23)cc1-c1ccccc1,0.44201578627808136
ClOc1nc(-c2ccc3ncnc(NCCNc4cc(-n5ccnc5)ncn4)c3c2)c2ccsc2n1,0.4834010840108401
COc1ccc(-c2nc(Cl)nc3sccc23)cc1OC,0.4107365792759052
COc1ccc(-c2ccc(-c3ccc4ncnc(Nc5ccccc5)c4c3)cc2OCl)cc1OC,0.45133719327267713
Cc1ccc2ncnc(NC[C@@H](C)c3ccc4nc(CCNc5ncnc6cc(F)c(F)cc56)n(C)c4c3)c2c1,0.4977587029089175
Cc1ccc(-c2ccc(F)c(F)c2)cc1-c1nc(C)c(C)s1,0.39791073124406456
Cn1c(Nc2cc(-n3cnc4ccccc43)ncn2)nc2ccc(F)cc21,0.4978015448603684
Cc1nc(-c2ccc3ncnc(Nc4ccc(F)c(F)c4)c3c2)sc1C,0.5528188286808976
Clc1nc(CNc2cc(-n3ccnc3)ncn2)c2ccsc2n1,0.5119092156129194
C[C@H](COc1cc(Nc2cc(-n3cnc4ccccc43)ncn2)ccc1OCl)c1nc(-c2ccccc2)no1,0.5037878787878788
Cc1ccc2ncnc(NCc3ncnc4ccc(-c5nc(OCl)nc6sccc56)cc34)c2c1,0.49827409273253104
C[C@H](CNc1ncnc2ccc(Cl)cc12)c1nc(Cl)no1,0.5282651072124757
C[C@H](CNc1ncnc2ccc(-c3nc(OCl)nc4sccc34)cc12)c1nc(F)no1,0.5275965620793207
COc1ccc([C@@H](C)c2nc(-c3ccccc3)no2)cc1OC,0.39797979797979793
COc1ccc(Nc2ncnc3scc(-c4nc(Cl)no4)c23)cc1OC,0.5306573589296102
COc1ccc(-c2ccc(CCNc3ncnc4cc(F)c(F)cc34)cc2OCl)cc1OC,0.49649649649649646
Cc1nc(-c2csc3ncnc(NNC[C@@H](C)c4nc(-c5ccccc5)no4)c23)c2ccsc2n1,0.47209181011997914
C[C@H](CNc1ncnc2ccc(-c3nc(OCl)nc4sccc34)cc12)c1nc(F)no1,0.5275965620793207
COc1ccc(Nc2ncnc3scc(-c4nc(Cl)nc5sccc45)c23)cc1-c1nc(Cl)no1,0.5119525721935361
COc1ccc(Nc2ncnc3ccc(-c4nc(Cl)nc5sccc45)cc23)cc1-c1nc(C)nc2sccc12,0.5206124852767963
Cc1nc(-c2csc3ncnc(N[C@H](C)CNc4ncnc5ccc(Cl)cc45)c23)c2ccsc2n1,0.46734520780322303
Cc1nc(-c2csc3ncnc(NNc4ncnc(Nc5cc(Cl)ccn5)c4[N+](=O)[O-])c23)c2ccsc2n1,0.4632228323503491
Fc1cc2ncnc(-c3ncnc4ccc(-c5nc(OCl)nc6sccc56)cc34)c2cc1F,0.4849673202614379
COc1cc(Nc2ncnc3scc(-c4nc(Cl)nc5sccc45)c23)ccc1-c1nc2ccc(F)cc2n1C,0.5001353912808014
Fc1ccc(Nc2ncnc3ccc(-c4ccc(F)c(F)c4)cc23)cc1F,0.5277095277095277
Cc1ccc(-c2ccc(Nc3ncnc4ccc(-c5nc(C)c(C)s5)cc34)cc2F)cc1-c1nc(C)c(C)s1,0.5183654729109274
Cc1nc(-c2csc3ncnc(Nc4ccc(C)c(-c5nc(C)c(C)s5)c4)c23)c2ccsc2n1,0.5104364326375711
Fc1cc2ncnc(-n3cnc4ccccc43)c2cc1F,0.43027210884353745
ClOc1nc(-c2csc3ncnc(Nc4ncnc5ccc(-c6ccccc6)cc45)c23)c2ccsc2n1,0.5231968810916179
Fc1ccc(-c2ccc3ncnc(Nc4ccc(-c5ncnc6cc(F)c(F)cc56)c(F)c4)c3c2)cc1F,0.49191638348264854
Cc1ccc(Nc2ncnc([C@H](C)CNc3ncnc4ccc(Cl)cc34)c2[N+](=O)[O-])cc1-c1nc(C)c(C)s1,0.5149927219796215
Cc1nc(-c2csc3ncnc(NNc4ccc(F)c(F)c4)c23)c2ccsc2n1,0.47567417292187936
COc1ccc(Nc2ncnc3scc(-c4ncnc5scc(-c6nc(OCl)nc7sccc67)c45)c23)cc1OC,0.4988626421697288
Cc1nc(-c2ccc3ncnc(CNc4cc(-n5cnc6ccccc65)ncn4)c3c2)c2ccsc2n1,0.49137336093857825
Cc1nc(-c2csc3ncnc(Nn4cnc5ccccc54)c23)c2ccsc2n1,0.477124183006536
Cc1ccc2ncnc(-c3noc([C@H](C)CNc4cc(-n5ccnc5)ncn4)n3)c2c1,0.49424005945745075
C[C@H](c1ccc2ncnc(NC[C@@H](C)c3nc(F)no3)c2c1)c1nc(-c2ccccc2)no1,0.499896928468357
Cc1nc(Nc2ncnc(Nc3ccc4c(c3)OCO4)c2OCl)sc1C,0.5056128293241695
Cc1nc(-c2ccc3ncnc(C)c3c2)c2ccsc2n1,0.4102800861803632
COc1cc(Nc2cc(-n3cnc4ccccc43)ncn2)ccc1ONc1ccc(OC)c(-c2ccccc2)c1,0.501432664756447
C[C@H](CNc1ncnc2ccc(-c3ncnc4cc(F)c(F)cc34)cc12)c1nc(-c2ccccc2)no1,0.517373043146239
COc1cc(Nc2ncnc3scc(-c4nc(Cl)no4)c23)ccc1OCCNc1ncnc2cc(F)c(F)cc12,0.49538096448851593
Cc1ccc2ncnc(NCc3cc(NC[C@@H](C)c4nc(-c5ccccc5)no4)ncn3)c2c1,0.476981654551748
C[C@H](CNc1ncnc2ccc(OCl)cc12)c1nc(F)no1,0.5288015288015288
COc1nc(-c2csc3ncnc(Nc4ccc5c(c4)OCCO5)c23)c2ccsc2n1,0.5270092226613966
Cn1c(CCNc2ncnc3cc(-c4nc(OCl)nc5sccc45)c(F)cc23)nc2ccc(F)cc21,0.503747983679666
C[C@H](CNc1cc(-n2ccnc2)ncn1)Oc1cc(Nc2cc(-n3cnc4ccccc43)ncn2)ccc1OCl,0.4888701042547196
Cc1nc(-c2ccc3ncnc(Nc4cc(-n5cnc6ccccc65)ncn4)c3c2)c2ccsc2n1,0.49659007449375725
Clc1nc(-c2ccc3ncnc(CNc4cc(-n5cnc6ccccc65)ncn4)c3c2)c2ccsc2n1,0.49137336093857825
COc1ccc(-c2ccc(-c3nc(Cl)nc4sccc34)cc2OCl)cc1OC,0.46306306306306305
Cc1ccc2ncnc(Nc3ncnc4scc(CNc5cc(-n6ccnc6)ncn5)c34)c2c1,0.49599257571922717
Fc1cc2ncnc(Nc3ncnc4ccc(-c5cccc(Cl)c5)cc34)c2cc1F,0.5355290143563759
C[C@H](CNc1ncnc2ccc(-c3nc(OCl)nc4sccc34)cc12)c1nc(F)no1,0.5275965620793207
C[C@H](Cc1nc(OCl)nc2sccc12)c1nc(F)no1,0.4303237769219797
Cn1c(CCNNc2ncnc3ccc(OCl)cc23)nc2ccc(F)cc21,0.4797159022511135
C[C@H](CNc1ccc(F)c(F)c1)c1nc(-c2ccccc2)no1,0.44354597184785866
Cc1ccc2ncnc(NC[C@@H](CCNc3ncnc4cc(F)c(F)cc34)c3nc(-c4ccccc4)no3)c2c1,0.47295622104782414
Clc1ccc2ncnc(NCNc3ncnc4ccc(-c5nc(Cl)nc6sccc56)cc34)c2c1,0.4810864197530864
COc1ccc(-c2ccc(-c3ccc4ncnc(NF)c4c3)cc2OCl)cc1OC,0.44471744471744473
Fc1cc2ncnc(NCCCNc3cc(-n4cnc5ccccc54)ncn3)c2cc1F,0.4703425229741019
Cc1nc(Nc2ncnc(Nc3ccc4c(c3)OCO4)c2[N+](=O)c2nc(Cl)no2)sc1C,0.5081967213114754
C[C@H](CNc1cc(-n2ccnc2)ncn1)c1nc(Cl)no1,0.5222222222222223
COc1cc2c(NCCc3nc4ccc(F)cc4n3C)ncnc2cc1F,0.5261475514640072
C[C@H](Cc1ccc(F)c(F)c1)c1nc(-c2ccccc2)no1,0.39485247959824227
COc1ccc(Nc2ncnc3scc(-c4nc(Cl)nc5sccc45)c23)cc1Cc1nc2ccc(F)cc2n1C,0.49244232299124896
ClOc1ccc(Nc2cc(-n3cnc4ccccc43)ncn2)cc1CNc1cc(-n2ccnc2)ncn1,0.5091617933723197
Cc1ccc2ncnc(Nc3ncnc4scc(-c5cccc(Cl)c5)c34)c2c1,0.4893897456175036
Cn1c(CCCNc2ncnc3cc(F)c(F)cc23)nc2ccc(F)cc21,0.5362091503267974
Fc1ccc(Nc2ncnc3ccc(-c4nc(-c5ccccc5)no4)cc23)cc1F,0.5363225582203685
Cc1noc([C@H](C)CNc2ncnc3ccc(-c4nc(OCl)nc5sccc45)cc23)n1,0.5307214729180046
C[C@H](CNc1cc(Nc2ncnc3ccc(OCl)cc23)ncn1)c1nc(-c2ccccc2)no1,0.5027729967489004
Cn1c(CNc2ccc(F)c(F)c2)nc2ccc(F)cc21,0.420040899795501
Cn1c(Cc2ccc3ncnc(Nc4ccc(F)c(F)c4)c3c2)nc2ccc(F)cc21,0.5121490917669261
COc1ccc(Nc2ncnc3scc(-c4nc(Cl)no4)c23)cc1OOCl,0.5308128107295641
C[C@H](CNc1ncnc2ccc(Cl)cc12)c1nc(Cl)nc2sccc12,0.5078745845976015
COc1ccc(Nc2ncnc3scc(-c4nc(C[C@@H](C)c5nc(F)no5)no4)c23)cc1OC,0.5088927137119909
Clc1cccc(-c2ccc3ncnc(Nc4nc(Cl)nc5sccc45)c3c2)c1,0.4986225895316804
C[C@H](CNc1cc(-n2ccnc2)ncn1)c1nc(CNc2ncnc3ccc(Cl)cc23)no1,0.48769128409846974
COc1ccc(-c2ncnc3ccc(-c4cccc(Cl)c4)cc23)cc1OC,0.4315663372267146
Cn1c(CNc2ccc(F)c(F)c2)nc2ccc(F)cc21,0.420040899795501
COc1nc(-c2csc3ncnc(NC[C@@H](C)c4nc(F)no4)c23)c2ccsc2n1,0.5163629237703312
Cc1ccc2ncnc(NC[C@@H](C)c3ccc4ncnc(NC[C@@H](C)c5nc(-c6ccccc6)no5)c4c3)c2c1,0.48914659530181387
Fc1ccc2nc(CCNc3ncnc4cc(F)c(F)cc34)n(-c3ncnc4cc(F)c(F)cc34)c2c1,0.48216419184161124
ClOc1nc(-c2ccc3c(c2)OCCO3)c2ccsc2n1,0.4126325495620102
Cc1ccc2ncnc(NC[C@H](c3nc(-c4ccccc4)no3)c3nc4ccc(F)cc4n3C)c2c1,0.505868544600939
COc1ccc(Nc2ncnc3scc(CNc4ncnc5ccc(C)cc45)c23)cc1OC,0.503189564886223
Fc1cc2ncnc(NCCCc3nc(OCl)nc4sccc34)c2cc1F,0.5341334365724609
C[C@H](Cc1ccc2nc(CCNc3ncnc4cc(F)c(F)cc34)n(C)c2c1)c1nc(F)no1,0.5113685113685114
COc1ccc(Nc2ncnc3scc(-c4nc(Cl)nc5sccc45)c23)cc1Oc1nc(Cl)nc2sccc12,0.49924984555643803
Fc1ccc(Oc2cc(Nc3cc(-n4cnc5ccccc54)ncn3)ccc2OCl)cc1F,0.5042387249915226
ClOc1nc(-c2nc(-c3ccccc3)no2)c2ccsc2n1,0.40685461580983967
COc1nc(-c2csc3ncnc(NCCNc4ncnc5cc(F)c(F)cc45)c23)c2ccsc2n1,0.47499797390388193
Cc1ccc2ncnc(NC[C@@H](C)CCCNc3ncnc4cc(F)c(F)cc34)c2c1,0.4264195650334264
COc1ccc(Nc2ncnc3scc(-c4nc(Cl)nc5sccc45)c23)cc1OC,0.5281097830898628
C[C@H](Cc1ccc2c(c1)OCCO2)c1nc(-c2ccccc2)no1,0.39485247959824227
COc1nc(-c2ccc3ncnc(NC[C@@H](C)c4nc(F)no4)c3c2)c2ccsc2n1,0.5275965620793207
COc1nc(-c2csc3ncnc(Nc4nc(-c5ccccc5)no4)c23)c2ccsc2n1,0.48781362007168455
COc1ccc(-c2ccc(Nc3ncnc4scc(-c5nc(Cl)nc6sccc56)c34)cc2OC)cc1OOCl,0.5128905065210797
COc1cc2c(NCc3ccc(F)c(F)c3)ncnc2cc1F,0.5309911453870323
COc1cc2c(NCCc3cc(Nc4cc(-n5cnc6ccccc65)ncn4)ccc3F)ncnc2cc1F,0.4878561866513674
C[C@H](CNc1ncnc2ccc(-c3nc(-c4ccc5c(c4)OCCO5)nc4sccc34)cc12)c1nc(F)no1,0.5146396396396397
Cn1c(CCNNc2ncnc3ccc(-c4cccc(Cl)c4)cc23)nc2ccc(F)cc21,0.4771917729518556
COc1cc(Nc2ncnc3scc(-c4nc(Cl)nc5sccc45)c23)ccc1On1cnc2ccccc21,0.5075174184085075
COc1cc2c(NCCOc3ccc4ncnc(NC[C@@H](C)c5nc(F)no5)c4c3)ncnc2cc1F,0.5096450617283951
COc1ccc(-n2c(CCCNc3ncnc4cc(F)c(F)cc34)nc3ccc(F)cc32)cc1OOCl,0.521791901136489
COc1nc(-c2ccc3ncnc(-c4cc(Nc5ccc(OCl)c(OC)c5)ncn4)c3c2)c2ccsc2n1,0.49276549276549275
Cc1ccc2ncnc(NCc3ncnc4cc(F)c(F)cc34)c2c1,0.534311970402196
ClOc1ccc2ncnc(Nc3nc(-c4ccccc4)no3)c2c1,0.47151782432929074
CONc1ncnc2scc(-c3nc(OC)nc4sccc34)c12,0.4281872631707615
Cc1ccc2ncnc(NCOc3cc(Nc4cc(-n5cnc6ccccc65)ncn4)ccc3OCl)c2c1,0.4895922440832621
COc1cc2c(NCc3ccc(Cc4ccc(F)c(F)c4)c(F)c3)ncnc2cc1F,0.5110126738033715
Fc1ccc(Cc2ccc(Nc3ncnc4scc(-c5nc(Cl)no5)c34)cc2OOCl)cc1F,0.5143570536828964
Cc1ccc2ncnc(NC[C@@H](Cc3ccc(F)c(F)c3)c3nc(-c4ccccc4)no3)c2c1,0.5098993833171048
COc1cc2c(NCCc3nc4ccc(F)cc4n3C[C@@H](C)c3nc(-c4ccccc4)no3)ncnc2cc1F,0.5046900686587371
COc1ccc(Nc2ncnc3ccc(OCl)cc23)cc1OOCl,0.5187231430325353
COc1cc(Nc2cc(-n3cnc4ccccc43)ncn2)ccc1OC[C@@H](C)c1nc(-c2ccccc2)no1,0.5107614989620889
C[C@H](CNc1ccc(Nc2ncnc3scc(-c4nc(Cl)no4)c23)cc1OOCl)c1nc(F)no1,0.4950980392156863
COc1cc2c(NC[C@H](CNc3ncnc4ccc(C)cc34)c3nc(-c4ccccc4)no3)ncnc2cc1F,0.5076754385964912
COc1ccc(Nc2cc3c(NCCCc4nc(OCl)nc5sccc45)ncnc3cc2F)cc1OC,0.49719608402243126
COc1nc(-c2ccc3ncnc(NC[C@@H](C)c4nc(F)no4)c3c2)c2ccsc2n1,0.5275965620793207
COc1ccc(Nc2ncnc3scc(-c4nc(F)no4)c23)cc1OC,0.5229979241778652
COc1ccc(Nc2ncnc3scc(-c4nc(-c5nc(C)no5)nc5sccc45)c23)cc1OC,0.49293680297397763
Fc1noc(Nc2ncnc3ccc(-c4cccc(Cl)c4)cc23)n1,0.49310094408133626
COc1cc2c(NCOc3ccc4ncnc(NC[C@@H](C)c5nc(F)no5)c4c3)ncnc2cc1F,0.5044408192858437
Clc1cccc(-c2ccc3ncnc(-c4nc(-c5ccccc5)no4)c3c2)c1,0.4253050738599871
CNc1ncnc2ccc(-c3nc(OCl)nc4sccc34)cc12,0.4324659231722429
Cc1ccc2ncnc(-c3ccc(Nc4ncnc5scc(-c6nc(Cl)no6)c45)cc3OOCl)c2c1,0.507422775472568
Fc1cc2ncnc(CCNc3ncnc4cc(F)c(F)cc34)c2cc1F,0.5217853347502657
C[C@H](Cc1ncnc2ccc(-c3nc(Cl)nc4sccc34)cc12)c1nc(F)no1,0.4803675856307435
COc1cc(Nc2cc(-c3ncnc4ccc(-c5cccc(Cl)c5)cc34)ncn2)ccc1OCl,0.5043074884029158
Cc1noc(-c2ccc3ncnc(NC[C@@H](C)c4nc(-c5ccccc5)no4)c3c2)n1,0.5239911026374324
Cn1c(CNc2ncnc3ccc(-c4nc(OCl)nc5sccc45)cc23)nc2ccc(F)cc21,0.4871369294605809
COc1nc(-c2ccc3ncnc(NC[C@@H](C)c4nc(-c5nc(C)nc6sccc56)no4)c3c2)c2ccsc2n1,0.4941736418841293
COc1cc2c(NCc3ccc(F)c(F)c3)ncnc2cc1-c1ncnc2cc(F)c(F)cc12,0.4978854286812764
Cc1ccc2ncnc(NCc3ncnc4cc(Cc5nc6ccc(F)cc6n5C)c(F)cc34)c2c1,0.49939360014926765
Cc1ccc2ncnc(NC[C@@H](C)c3ncnc4ccc(C)cc34)c2c1,0.49169859514687103
COc1nc(-c2cc3ncnc(CNc4ncnc5ccc(C)cc45)c3cc2F)c2ccsc2n1,0.49650222585627324
COc1cc2c(NCC[C@@H](C)c3nc(F)no3)ncnc2cc1F,0.5087953685148073
COc1cc2c(NCc3cc4c(CNc5ncnc6ccc(C)cc56)ncnc4cc3F)ncnc2cc1F,0.49397979797979796
Cc1noc([C@H](C)CNc2ncnc3ccc(Nc4ncnc5ccc(-c6cccc(Cl)c6)cc45)cc23)n1,0.5030838626530424
COc1nc(-c2csc3ncnc(Nc4ccc(OC)c(OC)c4)c23)c2ccsc2n1,0.5270092226613966
COc1cc2c(NNc3ncnc4scc(-c5nc(Cl)no5)c34)ncnc2cc1F,0.4918146987112504
COc1cc(Nc2ncnc3scc(-c4nc(Cl)no4)c23)ccc1Oc1nc(OCl)nc2sccc12,0.5072942471786402
COc1cc2c(NCC[C@@H](C)c3nc(-c4ccccc4)no3)ncnc2cc1F,0.5103992881770659
Cc1ccc2ncnc(NCNc3cc(-n4cnc5ccccc54)ncn3)c2c1,0.4874551971326165
COc1ccc(-c2cc(Nc3ncnc4scc(-c5nc(Cl)nc6sccc56)c34)ccc2OC)cc1OC,0.4972447650536018
Clc1cccc(-c2ccc3ncnc(Nc4ccc5c(c4)OCCO5)c3c2)c1,0.5325257963212203
C[C@H](CNc1cc(-n2cnc3ccccc32)ncn1)c1nc(CNc2ncnc3ccc(Cl)cc23)no1,0.4844571975131516
Cn1c(CCNc2ncnc3cc(F)c(Cc4nc5ccc(F)cc5n4C)cc23)nc2ccc(F)cc21,0.4975845410628019
COc1ccc(-c2ncnc3ccc(C)cc23)cc1OOCl,0.42046701144021315
Cn1c(CCNc2ncnc3cc(F)c(F)cc23)nc2ccc(F)cc21,0.5261475514640072
Cc1nc(-c2ccc3ncnc(C[C@@H](C)c4nc(-c5ccccc5)no4)c3c2)sc1C,0.46640976236351955
COc1ccc(Nc2ncnc3scc(-c4ncnc5ccc(-c6nc(C)c(C)s6)cc45)c23)cc1OC,0.5072144104402169
C[C@H](CNc1cc(-n2cnc3ccccc32)ncn1)c1nc(C[C@@H](C)c2nc(-c3ccccc3)no2)no1,0.5092592592592592
Fc1noc(-c2ccc(Nc3ncnc4ccc(-c5ccc(F)c(F)c5)cc34)cc2F)n1,0.5142613878246062
COc1ccc(Nc2ncnc3scc(-c4nc(F)no4)c23)cc1OC,0.5229979241778652
C[C@H](c1cccc(-c2ccc3ncnc(Nc4ccc5c(c4)OCCO5)c3c2)c1)c1nc(-c2ccccc2)no1,0.5259259259259259
COc1noc(-c2csc3ncnc(Nc4ccc(OC)c(OC)c4)c23)n1,0.5229979241778652
Cc1ccc2ncnc(NC[C@@H](Cl)c3nc(-c4ccccc4)no3)c2c1,0.526790750141004
Cc1ccc2ncnc(NC[C@@H](C)c3nc(-c4ccccc4)no3)c2c1,0.526790750141004
COc1ccc(-c2ccc(Nc3ncnc4ccc(-c5ccc(F)c(F)c5)cc34)cc2F)cc1OOCl,0.5083713850837138
C[C@H](CNNc1ncnc2scc(-c3nc(Cl)no3)c12)c1nc(F)no1,0.4721513002364066
Clc1noc(-c2csc3ncnc(NNc4ccc5c(c4)OCCO5)c23)n1,0.47349505840071876
Cc1nc(-c2ccc3ncnc(NC[C@@H](C)c4nc(F)no4)c3c2)c2ccsc2n1,0.5286889513693637
Cc1ccc2ncnc(NCc3ncnc4cc(F)c(-c5nc(-c6ccccc6)no5)cc34)c2c1,0.4984840378098805
Cc1ccc2ncnc(NCCc3ccc(F)c(F)c3)c2c1,0.4720720720720721
COc1ccc(-c2nc(OCl)nc3sccc23)cc1OC,0.4126325495620102
Cn1c(-c2cccc(-c3ccc4ncnc(Nc5ccc6c(c5)OCCO6)c4c3)c2)nc2ccc(F)cc21,0.5221851439871462
COc1cc(Nc2ncnc3scc(-c4nc(Cl)nc5sccc45)c23)ccc1Cc1ccc(F)c(F)c1,0.5093020865453798
COc1cc(Nc2ncnc3scc(-c4nc(Cl)no4)c23)ccc1Oc1nc(Cl)no1,0.5071152577513901
C[C@H](CNc1ncnc2ccc(Cl)cc12)Nc1ncnc2ccc(OCl)cc12,0.4695652173913043
COc1cc2c(NCCc3nc4ccc(F)cc4n3CNc3ncnc4ccc(Cl)cc34)ncnc2cc1F,0.4788005944575575
C[C@H](CNc1ncnc2ccc(Cl)cc12)c1nc(F)no1,0.5304198800342759
COc1nc(C[C@@H](Cl)c2nc(-c3ccccc3)no2)c2ccsc2n1,0.436026936026936
C[C@H](CNc1ncnc2ccc(CNc3cc(-n4cnc5ccccc54)ncn3)cc12)c1nc(F)no1,0.5150501672240803
Fc1cc2ncnc(NCCCc3nc(-c4ccccc4)no3)c2cc1F,0.5301296720061023
C[C@H](CNc1ncnc2ccc(-c3cccc(Cl)c3)cc12)c1nc(F)no1,0.5343669250645995
COc1nc(-c2csc3ncnc(-c4nc(C)nc5sccc45)c23)c2ccsc2n1,0.4641321565965151
C[C@H](Nc1ncnc2ccc(-c3nc(OCl)nc4sccc34)cc12)c1nc(-c2ccccc2)no1,0.4849153789551141
Fc1cc2ncnc(NCCCCNc3cc(-n4cnc5ccccc54)ncn3)c2cc1F,0.4625713326619671
Fc1ccc(Nc2ncnc3ccc(Nc4ccc5c(c4)OCCO5)cc23)cc1F,0.5025307302964569
COc1nc(Cc2nc(-c3ccccc3)no2)c2ccsc2n1,0.43817663817663816
C[C@H](CCNc1ncnc2ccc(-c3cccc(Cl)c3)cc12)c1nc(F)no1,0.482078853046595
Cc1ccc(Nc2ncnc3ccc(-c4cccc(Cl)c4)cc23)cc1F,0.49976883957466484
COc1ccc2ncnc(Nc3ccc(F)c(F)c3)c2c1,0.5157173980703392
COc1cc(Nc2ncnc3scc(-c4nc(Cl)nc5sccc45)c23)ccc1Oc1ncnc2ccc(C)cc12,0.50421768707483
Fc1noc(-c2cc3c(NCCCc4nc(OCl)nc5sccc45)ncnc3cc2F)n1,0.5129348795718108
Cc1cccc(-c2ccc3ncnc(Nc4ccc5c(c4)OCCO5)c3c2)c1,0.5325257963212203
C[C@H](CNc1nc(Cl)nc2sccc12)c1nc(F)no1,0.49657582110412296
Fc1ccc2nc(CCCNc3ncnc4cc(F)c(F)cc34)n(-c3nc(OCl)nc4sccc34)c2c1,0.5106505469199769
COc1ccc(Nc2ncnc3scc(-c4nc(Nc5ncnc6ccc(C)cc56)no4)c23)cc1OC,0.479516651930445
Fc1ccc(Nc2ncnc3ccc(-c4ccc5c(c4)OCCO5)cc23)cc1F,0.5277095277095277
COc1ccc(-c2cc(Nc3ncnc4scc(-c5nc(Cl)nc6sccc56)c34)ccc2OC)cc1OC,0.4972447650536018
COc1ccc(Oc2nc(-c3ccc4ncnc(NC[C@@H](C)c5nc(F)no5)c4c3)c3ccsc3n2)cc1OC,0.5167187648006063
Cc1cccc(-c2ccc3ncnc(N[C@H](C)CNc4ncnc5ccc(Cl)cc45)c3c2)c1,0.4793388429752066
Clc1nc(Nc2ncnc3ccc(-c4nc(Cl)nc5sccc45)cc23)c2ccsc2n1,0.49714669352131585
C[C@H](CNc1ncnc2ccc(-c3nc(Cc4ccc(F)c(F)c4)nc4sccc34)cc12)c1nc(F)no1,0.5175965665236052
Cc1noc([C@H](C)CNc2ncnc3ccc(Cc4nc(-c5ccccc5)no4)cc23)n1,0.5003211303789338
C[C@H](CNc1ncnc2ccc(Cl)cc12)c1nc(-c2ccc3c(c2)OCCO3)no1,0.5319650861052135
Fc1ccc(-c2ccc3ncnc(Nc4ccc(F)c(NCc5ncnc6cc(F)c(F)cc56)c4)c3c2)cc1F,0.475026894114031
COc1cc(Nc2ncnc3scc(-c4nc(Cl)no4)c23)ccc1Oc1nc(C)nc2sccc12,0.5083726524192802
COc1nc(Nc2ncnc3ccc(-c4nc(Cl)nc5sccc45)cc23)c2ccsc2n1,0.4957945993802568
ClOc1nc(CCCNNc2ncnc3ccc(-c4cccc(Cl)c4)cc23)c2ccsc2n1,0.4417130995302087
Cc1cccc(-c2ccc3ncnc(NCc4nc(-c5ccccc5)no4)c3c2)c1,0.47812142038946165
Fc1cc(Nc2ncnc3ccc(-c4nc(-c5ccccc5)no4)cc23)ccc1-c1nc(Cl)nc2sccc12,0.49651858389722464
COc1cc(Nc2ncnc3scc(-c4nc(Cl)no4)c23)ccc1Oc1ccc2c(c1)OCCO2,0.5140051679586564
COc1ccc(-c2ccc(Nc3ncnc4scc(-c5nc(Cl)no5)c34)cc2OOCl)cc1OOCl,0.5182157634473711
Clc1cccc(-c2cccc(-c3ccc4ncnc(Nc5ccc6c(c5)OCCO6)c4c3)c2)c1,0.5309271054493984
C[C@H](Nc1ncnc2ccc(-c3ccc4c(c3)OCCO4)cc12)c1nc(F)no1,0.4880689582676337
C[C@H](CNc1cc(-n2cnc3ccccc32)ncn1)c1nc(Cc2nc(-c3ccccc3)no2)no1,0.5064199777575573
Cc1nc(Nc2cc(-n3cnc4ccccc43)ncn2)c2ccsc2n1,0.49993532531367224
COc1ccc([C@H](C)CNc2ncnc3ccc(-c4nc(C)nc5sccc45)cc23)cc1OOCl,0.4863091197103417
COc1ccc(Nc2ncnc3ccc(-c4nc(OCl)nc5sccc45)cc23)cc1OC,0.5325034578146611
Cc1nc(-c2cc3c(NCCCc4nc(-c5ccccc5)no4)ncnc3cc2F)c2ccsc2n1,0.5123399897593446
Fc1cc2ncnc(NCCCc3nc(-c4ncnc5ccc(-c6cccc(Cl)c6)cc45)no3)c2cc1F,0.49002379644883765
COc1cc2c(NCc3ccc(F)c(F)c3)ncnc2cc1CCCNc1ncnc2cc(F)c(F)cc12,0.49707602339181284
C[C@H](CNNc1ncnc2ccc(OCl)cc12)c1nc(F)no1,0.47376201034737625
ClOOc1cc(Nc2ncnc3scc(-c4nc(Cl)no4)c23)ccc1-c1nc(OCl)nc2sccc12,0.5108868330062611
Cc1ccc2ncnc([C@H](C)CNc3ncnc4ccc(-c5nc(C)nc6sccc56)cc34)c2c1,0.4952286936492267
Clc1nc(-c2csc3ncnc(Nc4ccc5c(c4)OCCO5)c23)c2ccsc2n1,0.5281097830898628
C[C@H](CNc1ncnc2ccc(OCl)cc12)c1nc(F)no1,0.5288015288015288
COc1ccc(NNc2ncnc3ccc(-c4cccc(C)c4)cc23)cc1OC,0.47384497899961814
Fc1cc2ncnc(CNNc3ncnc4ccc(-c5ccc6c(c5)OCCO6)cc34)c2cc1F,0.4757094757094757
COc1nc(-c2ccc3ncnc(NCc4nc(Cl)no4)c3c2)c2ccsc2n1,0.4858350139249015
C[C@H](CC[C@@H](C)c1nc(-c2ccccc2)no1)c1nc(F)no1,0.38404175988068606
COc1ccc(Nc2ccc(Nc3ncnc4ccc(-c5ccc(F)c(F)c5)cc34)cc2F)cc1OC,0.5126850988919954
Cc1nc(-c2ccc3ncnc(Nc4ccc(Nc5ccc6c(c5)OCCO6)c(F)c4)c3c2)sc1C,0.5264149073248091
COc1nc(Oc2ccc(Nc3ncnc4scc(-c5nc(Cl)nc6sccc56)c34)cc2OC)c2ccsc2n1,0.5063978643100433
C[C@H](CNNc1ncnc2ccc(-c3ccc4c(c3)OCCO4)cc12)c1nc(F)no1,0.4756225151705378
Cc1noc([C@H](C)CNc2cc(-n3cnc4ccccc43)ncn2)n1,0.536522633744856
COc1ccc(Nc2ncnc3ccc(-c4nc(Cl)nc5sccc45)cc23)cc1F,0.534336014923633
COc1ccc(Nc2ncnc3scc(-c4nc(Cl)no4)c23)cc1O[C@H](C)CNc1ncnc2ccc(Cl)cc12,0.49027365644576326
COc1ccc(-c2ccc3ncnc(NC[C@@H](C)c4nc(F)no4)c3c2)cc1OC,0.5253483198688679
Clc1noc(-c2csc3ncnc(Nc4ncnc5scc(-c6nc(Cl)nc7sccc67)c45)c23)n1,0.5127869424805795
Fc1ccc(-c2ccc(Nc3ncnc4ccc(-c5nc(-c6ccccc6)no5)cc34)cc2F)cc1F,0.5095562034337545
Cc1ccc2ncnc(-c3cc4c(Nc5ncnc6ccc(-c7cccc(Cl)c7)cc56)ncnc4cc3F)c2c1,0.4956778410288847
c1ccc2c(c1)ncn2Nc1ccc2c(c1)OCCO2,0.40109890109890106
COc1ccc(Nc2ncnc3scc(-c4nc(Cl)nc5sccc45)c23)cc1Oc1cccc(Cl)c1,0.519485903814262
C[C@H](CNc1ncnc2ccc(CNc3cc(-n4cnc5ccccc54)ncn3)cc12)c1nc(F)no1,0.5150501672240803
Clc1cccc(-c2ccc3ncnc(NCc4nc(Cl)nc5sccc45)c3c2)c1,0.5087719298245613
Cc1ccc2ncnc(Nc3ncnc4ccc(-c5ccc6c(c5)OCCO6)cc34)c2c1,0.5027624309392266
Fc1noc(-c2ccc3ncnc(Nc4ccc(F)c(F)c4)c3c2)n1,0.5385332866969803
COc1ccc(Nc2ncnc3ccc(OCl)cc23)cc1F,0.5157173980703392
ClOc1nc(CCCNc2ncnc3ccc(-c4cccc(-c5cccc(Cl)c5)c4)cc23)c2ccsc2n1,0.49348910794693923
COc1ccc(Nc2ncnc3scc(-c4nc(Cl)nc5sccc45)c23)cc1-c1nc(C)no1,0.5119525721935361
COc1ccc(Nc2ncnc3scc(-c4ccc5ncnc(Nc6ccc(F)c(F)c6)c5c4)c23)cc1OC,0.5015812776723593
Fc1noc(-c2cccc(-c3ccc4ncnc(Nc5ccc6c(c5)OCCO6)c4c3)c2)n1,0.5255653883972468
Fc1cc2c(Nc3ncnc4ccc(-c5cccc(Cl)c5)cc34)ncnc2cc1Nc1ccc2c(c1)OCCO2,0.49047105357784965
Cc1noc([C@H](C)CNc2ncnc3ccc(Nc4ncnc5ccc(-c6nc(F)no6)cc45)cc23)n1,0.4987468671679198
Cc1noc([C@H](C)CNc2ncnc3ccc([C@H](C)CNc4cc(-n5cnc6ccccc65)ncn4)cc23)n1,0.5047941342357586
COc1ccc(Nc2ncnc3scc(-c4nc(-c5nc(F)no5)nc5sccc45)c23)cc1OC,0.48991004133236077
COc1nc(-c2ccc(Nc3ncnc4ccc(-c5cccc(Cl)c5)cc34)cc2F)c2ccsc2n1,0.5024875621890547
COc1nc(-c2ccc(Nc3ncnc4scc(-c5nc(Cl)no5)c34)cc2OOCl)c2ccsc2n1,0.5108868330062611
COc1ccc(Nc2ncnc3scc(-c4nc(-c5nc(C)nc6sccc56)no4)c23)cc1OC,0.489142374313477
Cc1ccc2ncnc(-c3ncnc4ccc(-c5nc(C)c(C)s5)cc34)c2c1,0.47481737793156475
Fc1ccc(Nc2ncnc3ccc(CNc4ncnc5ccc(-c6cccc(Cl)c6)cc45)cc23)cc1F,0.5083179297597042
ClOc1nc(CCCNc2cccc(Cl)c2)c2ccsc2n1,0.40129303864080584
c1ccc(-c2noc(Cc3cccc(-c4ccc5ncnc(Nc6ccc7c(c6)OCCO7)c5c4)c3)n2)cc1,0.5259259259259259
COc1ccc(-c2ccc3ncnc(Nc4ccc5c(c4)OCCO5)c3c2)cc1F,0.5277095277095277
COc1ccc(Nc2cc3c(CNc4ncnc5ccc(C)cc45)ncnc3cc2F)cc1OC,0.48204478242501053
COc1ccc(-c2ccc3ncnc(CNc4ncnc5ccc(-c6cccc(Cl)c6)cc45)c3c2)cc1F,0.4962254120148857
Clc1noc(-c2csc3ncnc(NNc4ccc5c(c4)OCCO5)c23)n1,0.47349505840071876
Clc1nc(-c2csc3ncnc(Nc4ccc5c(c4)OCCO5)c23)c2ccsc2n1,0.5281097830898628
COc1ccc(Nc2ncnc3ccc(-c4ccc(OC)c(F)c4)cc23)cc1F,0.5277095277095277
COc1ccc(Nc2ncnc3ccc(-c4csc5ncnc(Nc6ccc(OC)c(OC)c6)c45)cc23)cc1F,0.5015812776723593
COc1cc2c(NCc3ccc(-c4ncnc5ccc(-c6cccc(C)c6)cc45)c(F)c3)ncnc2cc1F,0.5096801346801346
COc1cc(Nc2ncnc3scc(-c4nc(Cl)no4)c23)ccc1Oc1nc(C)no1,0.5071152577513901
COc1cc2c(CNc3ncnc4ccc(C)cc34)ncnc2cc1F,0.534311970402196
COc1cc2c(Nc3cccc(-c4cccc(Cl)c4)c3)ncnc2cc1F,0.5108711950817214
C[C@H](CNc1ncnc2ccc(OCl)cc12)c1nc(F)no1,0.5288015288015288
COc1ccc(-c2cccc(-c3ccc4ncnc(NC[C@@H](C)c5nc(F)no5)c4c3)c2)cc1F,0.5259259259259259
Cc1noc([C@H](C)CNc2ncnc3ccc(Cl)cc23)n1,0.5282651072124757
Fc1ccc(Cc2ccc(Nc3ncnc4ccc(-c5nc(-c6ccccc6)no5)cc34)cc2F)cc1F,0.505933117583603
COc1cc2c(Oc3ccc4ncnc(NC[C@@H](C)c5nc(F)no5)c4c3)ncnc2cc1F,0.5122507122507122
Cc1noc([C@H](C)CCNc2ncnc3cc(F)c(F)cc23)n1,0.5161744022503516
Cc1cccc(-c2ccc3ncnc(NNC[C@@H](C)c4nc(C)no4)c3c2)c1,0.47956370610092297
Cc1ccc2ncnc(Nc3noc([C@H](C)CNc4cc(-n5cnc6ccccc65)ncn4)n3)c2c1,0.4898278560250391
COc1cc(Nc2ncnc3ccc(-c4nc(OCl)nc5sccc45)cc23)ccc1[C@@H](C)c1nc(C)no1,0.5027777777777778
ClOOc1cc(Nc2ncnc3scc(-c4nc(Cl)no4)c23)ccc1-c1ncnc2ccc(OCl)cc12,0.5041621425986247
C[C@H](Cc1cc2c(NCCCc3nc(-c4ccccc4)no3)ncnc2cc1F)c1nc(-c2ccccc2)no1,0.5128042328042328
COc1cc2c(Nc3ncnc4ccc(-c5cccc(-c6cccc(Cl)c6)c5)cc34)ncnc2cc1F,0.5275482093663911
Cc1nc(-c2ccc3ncnc(CNc4ncnc5ccc(-c6cccc(Cl)c6)cc45)c3c2)sc1C,0.5052959501557632
Clc1cccc(-c2ccc3ncnc(NCNc4ncnc5ccc(-c6cccc(Cl)c6)cc45)c3c2)c1,0.48719780874121704
COc1cccc(-c2ccc3ncnc(Nc4ccc5c(c4)OCCO5)c3c2)c1,0.5297823596792669
Cc1cccc(-c2ccc3ncnc([C@H](C)CNc4ncnc5ccc(OCl)cc45)c3c2)c1,0.5043488913389685
Cc1nc(-c2ccc(Nc3ncnc4ccc(-c5nc(-c6ccccc6)no5)cc34)cc2F)c2ccsc2n1,0.49651858389722464
COc1cc2c(-c3ccc4ncnc(Nc5ccc6c(c5)OCCO6)c4c3)ncnc2cc1F,0.520920727116274
COc1cc2c(-c3ccc(Nc4ncnc5scc(-c6nc(Cl)no6)c45)cc3OOCl)ncnc2cc1F,0.4983429269143555
C[C@H](CNc1ncnc2ccc(Cl)cc12)C[C@@H](C)c1nc(-c2ccccc2)no1,0.42818680749715227
COc1cc2c(-c3ccc4ncnc(Nc5ccc6c(c5)OCCO6)c4c3)ncnc2cc1F,0.520920727116274
Cc1noc([C@H](C)CNOc2cccc(-c3ccc4ncnc(Nc5ccc6c(c5)OCCO6)c4c3)c2)n1,0.5175133379726281
Fc1noc(-c2ccc3ncnc(NCCNc4ncnc5cc(F)c(F)cc45)c3c2)n1,0.47886517864442807
Fc1noc(-c2ccc3ncnc(Nc4ccc(-c5nc(-c6ccc7c(c6)OCCO7)no5)c(F)c4)c3c2)n1,0.5029967727063163
Fc1cc2ncnc(CNc3nc(-c4ccc5c(c4)OCCO5)no3)c2cc1F,0.4747990543735225
Clc1nc(-c2csc3ncnc(Nc4cc(-n5cnc6ccccc65)ncn4)c23)c2ccsc2n1,0.5215553677092138
C[C@H](Cc1ccc(Nc2ncnc3scc(-c4nc(Cl)no4)c23)cc1OOCl)c1nc(F)no1,0.5094991364421416
Cc1nc(-c2ccc3ncnc(Nc4ccc(Nc5ncnc6ccc(OCl)cc56)c(F)c4)c3c2)sc1C,0.5068614431164232
Fc1cc2ncnc(NCCCc3nc(OCl)nc4sccc34)c2cc1-c1ncnc2ccc(OCl)cc12,0.5092117758784426
Cc1cccc(-c2ccc3ncnc(Nc4ccc5c(c4)OCCO5)c3c2)c1,0.5325257963212203
c1ccc2c(c1)ncn2-c1cc(NNc2ccc3c(c2)OCCO3)ncn1,0.4813243784611759
Cc1ccc2ncnc(NCc3ncnc4cc(-c5ncnc6ccc(C)cc56)c(F)cc34)c2c1,0.4926694329183956
Cc1ccc2ncnc(NCc3ccc(Nc4ncnc5scc(-c6nc(Cl)no6)c45)cc3OOCl)c2c1,0.4947295662692241
C[C@H](Cc1ccc(Nc2ncnc3ccc(-c4cccc(Cl)c4)cc23)cc1F)c1nc(F)no1,0.5089762251334303
C[C@H](Nc1ncnc2scc(-c3nc(Cl)no3)c12)c1nc(F)no1,0.4890983528515662
Cc1cccc(-c2ccc3ncnc([C@@H](C)c4nc(C)no4)c3c2)c1,0.45444158811768065
C[C@H](CNc1cc(-n2cnc3ccccc32)ncn1)c1nc(-c2ncnc3ccc(Cl)cc23)no1,0.49061471399341694
COc1ccc(-c2nc(Cl)nc3sccc23)cc1OOCl,0.416744475568005
Cc1noc([C@H](C)c2ncnc3ccc(OCl)cc23)n1,0.43030303030303035
Clc1cccc(-c2ccc3ncnc(NCc4nc(-c5ccccc5)no4)c3c2)c1,0.47812142038946165
COc1ccc(Nc2ncnc3ccc(-c4nc(Cl)nc5sccc45)cc23)cc1-n1cnc2ccccc21,0.5095022624434389
COc1cc2c(Nc3ccc4ncnc(NC[C@@H](C)c5nc(C)no5)c4c3)ncnc2cc1F,0.5140934715402801
Cc1ccc2ncnc(Nc3ccc4c(c3)OCCO4)c2c1,0.5183006535947713
Fc1ccc2nc(CCCNc3ncnc4cc(F)c(F)cc34)n(NCc3ncnc4cc(F)c(F)cc34)c2c1,0.47393506106642835
COc1ccc(-c2ccc3ncnc(NC[C@@H](C)c4nc(C)no4)c3c2)cc1F,0.5261044176706827
Cc1nc(-c2ccc3ncnc(NC[C@@H](C)[C@H](C)CNc4ncnc5ccc(Cl)cc45)c3c2)c2ccsc2n1,0.4585635359116022
COc1cc2c(NCc3ccc(F)c(F)c3)ncnc2cc1Cc1nc(-c2ccccc2)no1,0.5009855794169519
C[C@H](CNc1ncnc2ccc(OCl)cc12)c1ncnc2ccc(-c3cccc(Cl)c3)cc12,0.5043488913389685
Cc1noc(-c2cc3c(NCCCc4nc(-c5ccccc5)no4)ncnc3cc2F)n1,0.515563801278087
Cc1cccc(-c2ccc3ncnc(Nc4nc(C)nc5sccc45)c3c2)c1,0.4986225895316804
Cc1ccc2ncnc(Nc3ncnc4ccc(-c5nc(C)c(C)s5)cc34)c2c1,0.5141830794004707
C[C@H](CNc1ncnc2ccc(OCl)cc12)c1cccc(Cl)c1,0.435409732128705
COc1ccc(Nc2ncnc3scc(-c4csc5ncnc(Nc6ccc7c(c6)OCCO7)c45)c23)cc1OC,0.5203775203775204
Fc1ccc(CNc2ncnc3ccc(-c4cccc(-c5cccc(Cl)c5)c4)cc23)cc1F,0.4962962962962963
COc1cc(Nc2ncnc3scc(-c4nc(Cl)no4)c23)ccc1ONC[C@@H](C)c1nc(C)no1,0.49977580486055057
Cc1cccc(-c2ccc3ncnc([C@@H](C)c4nc(C)no4)c3c2)c1,0.45444158811768065
Fc1ccc2nc(CCCNc3ncnc4cc(F)c(F)cc34)n(-n3cnc4ccccc43)c2c1,0.5102246398710587
Fc1cc2ncnc(Nc3ncnc4ccc(-c5cccc(Cl)c5)cc34)c2cc1Nc1ccc2c(c1)OCCO2,0.4954089798669025
C[C@H](Cc1nc(-c2ccc3c(c2)OCCO3)no1)c1nc(F)no1,0.452720119386786
COc1cc2c(Nc3nc(-c4ccc5c(c4)OCCO5)no3)ncnc2cc1F,0.5071250622820129
ClOc1ccc2ncnc(Nc3csc4ncnc(Nc5ccc6c(c5)OCCO6)c34)c2c1,0.49129420211811164
Cc1cccc(-c2ccc3ncnc(-c4ccc5ncnc(NC[C@@H](C)c6nc(C)no6)c5c4)c3c2)c1,0.5229902713773681
COc1cc2c(NCc3ccc(F)c(F)c3)ncnc2cc1Cc1nc(-c2ccccc2)no1,0.5009855794169519
Cc1nc(-c2ccc3ncnc(Oc4ccc5ncnc(NC[C@@H](C)c6nc(F)no6)c5c4)c3c2)sc1C,0.5106640588618795
ClOc1ccc2ncnc(Nc3cccc(-c4cccc(Cl)c4)c3)c2c1,0.4654320987654321
Cc1cccc(-c2ccc3ncnc(-c4ncnc5ccc(Cl)cc45)c3c2)c1,0.43480725623582767
COc1cc2c(NCc3ccc(F)c(F)c3)ncnc2cc1-c1ncnc2ccc(Cl)cc12,0.4980773122849625
COc1cc2c(NCc3ccc(-c4cccc(-c5cccc(Cl)c5)c4)c(F)c3)ncnc2cc1F,0.5129694154084398
COc1ccc(Nc2ncnc3scc(CNc4ncnc5ccc(Cl)cc45)c23)cc1OC,0.503189564886223
Cc1ncnc2scc(-c3nc(Cl)nc4sccc34)c12,0.4090708938793483
Clc1noc(-c2csc3ncnc(NCc4nc(-c5ccccc5)no4)c23)n1,0.4939309056956116
COc1cccc(-c2ccc3ncnc(NCc4ccc(F)c(F)c4)c3c2)c1,0.4941696823482107
COc1ccc(Nc2ncnc3scc(C[C@@H](C)c4nc(F)no4)c23)cc1OC,0.49231444883618797
COc1cc2c(Nc3ccc4c(c3)OCCO4)ncnc2cc1F,0.5690981840566328
Clc1cccc(-c2cccc(-c3cccc(-c4ccc5ncnc(Nc6ccc7c(c6)OCCO7)c5c4)c3)c2)c1,0.5280211375330274
Fc1cc(Nc2ncnc3ccc(-c4nc(-c5ccccc5)no4)cc23)ccc1-c1ncnc2ccc(Cl)cc12,0.49487854843429907
Cc1ccc2ncnc(NCc3ccc(Nc4ncnc5ccc(-c6cccc(Cl)c6)cc45)cc3F)c2c1,0.4877887788778878
C[C@H](CNc1ncnc2ccc(OCl)cc12)c1ccc(Nc2ncnc3ccc(-c4nc(F)no4)cc23)cc1F,0.5012264922322158
C[C@H](CNc1ncnc2ccc(OCl)cc12)c1nc(Nc2ncnc3ccc(-c4nc(F)no4)cc23)no1,0.48338983050847456
Cc1ccc2ncnc(NCC[C@@H](C)c3nc(F)no3)c2c1,0.473130402104472
COc1cc2c(-c3ncnc4ccc(-c5nc(C)c(C)s5)cc34)ncnc2cc1F,0.487881981032666
COc1cc(Nc2ncnc3scc(-c4nc(Cl)no4)c23)ccc1OC[C@@H](C)c1nc(F)no1,0.5101721439749608
COc1cc2c(-c3ncnc4ccc(-c5cccc(C)c5)cc34)ncnc2cc1F,0.47371147371147365
Fc1noc(-c2ccc3ncnc(NNc4ncnc5ccc(-c6nc(Cl)nc7sccc67)cc45)c3c2)n1,0.4756590651787158
Clc1noc(-c2csc3ncnc(NNc4ncnc5ccc(-c6nc(Cl)nc7sccc67)cc45)c23)n1,0.4690185436454093
C[C@H](CNc1ncnc2ccc(-c3cccc(CNc4ncnc5ccc(OCl)cc45)c3)cc12)c1nc(F)no1,0.516579940822365
Clc1cccc(-c2ccc3ncnc(-c4ncnc5scc(-c6nc(Cl)nc7sccc67)c45)c3c2)c1,0.46637008791441587
C[C@H](CNc1ncnc2ccc(-c3cccc(Cl)c3)cc12)c1nc(-c2ccc3c(c2)OCCO3)no1,0.5264735264735264
COc1cccc(-c2ccc3ncnc(NNc4ncnc5ccc(-c6nc(F)no6)cc45)c3c2)c1,0.4832578381739053
C[C@H](Cc1ccc(Nc2ncnc3ccc(-c4cccc(Cl)c4)cc23)cc1F)c1nc(-c2ccccc2)no1,0.5095533649750518
COc1ccc(Nc2ncnc3scc(-c4nc(-c5ccc(OC)c(OOCl)c5)nc5sccc45)c23)cc1OC,0.5133468247084899
COc1ccc(Nc2ncnc3scc(-c4nc(C[C@@H](C)c5nc(F)no5)nc5sccc45)c23)cc1OC,0.5003561253561254
Cc1cccc(-c2ccc3ncnc(NC[C@@H](C)c4nc(C)no4)c3c2)c1,0.5333333333333333
COc1ccc(Nc2ncnc3scc(-c4nc(Cl)no4)c23)cc1ONc1ncnc2ccc(C)cc12,0.48848484848484847
Fc1cc(Nc2ncnc3ccc(-c4nc(-c5ccccc5)no4)cc23)ccc1Nc1ccc2c(c1)OCCO2,0.506971849513286
COc1cc2c(NCc3ccc(-n4cnc5ccccc54)c(F)c3)ncnc2cc1F,0.5177304964539007
Fc1cc2c(Nc3ncnc4ccc(-c5cccc(Cl)c5)cc34)ncnc2cc1-n1cnc2ccccc21,0.5079079079079079
Cc1noc([C@H](C)Cc2ncnc3ccc(-c4cccc(Cl)c4)cc23)n1,0.44360481388189194
Fc1cc(Nc2ncnc3ccc(-c4nc(Cl)nc5sccc45)cc23)ccc1On1cnc2ccccc21,0.5124860984733596
Cc1ccc2ncnc(-c3ccc4c(c3)OCCO4)c2c1,0.41076487252124644
C[C@H](c1ccc2ncnc(Nc3ccc4c(c3)OCCO4)c2c1)c1nc(F)no1,0.5087719298245613
Fc1cc2ncnc(NCCCCc3nc(-c4ccccc4)no3)c2cc1F,0.466350897967239
COc1ccc(-c2ccc(Nc3ncnc4ccc(-c5nc(C)c(C)s5)cc34)cc2F)cc1F,0.5180311890838206
Fc1cc2ncnc(NCCCc3nc(CNc4ncnc5ccc(Cl)cc45)no3)c2cc1F,0.4829896458714
COc1ccc(-c2cccc(-c3ccc4ncnc(NC[C@@H](C)c5nc(F)no5)c4c3)c2)cc1F,0.5259259259259259
Fc1ccc2nc(CCCNc3ncnc4cc(F)c(F)cc34)n(-c3ncnc4ccc(Cl)cc34)c2c1,0.5048471290082028
COc1ccc(-c2cc3c(Nc4ncnc5ccc(-c6cccc(Cl)c6)cc45)ncnc3cc2F)cc1OOCl,0.5124856815578465
COc1cc2c(NCc3ccc(F)c(F)c3)ncnc2cc1CCCNc1ncnc2cc(F)c(F)cc12,0.49707602339181284
Clc1cccc(-c2ccc3ncnc(NCc4ccc5ncnc(Nc6ccc7c(c6)OCCO7)c5c4)c3c2)c1,0.5083179297597042
Cc1noc([C@H](C)Nc2ncnc3scc(-c4nc(Cl)no4)c23)n1,0.48604992657856094
COc1cc(Nc2ncnc3scc(-c4nc(Cl)no4)c23)ccc1Oc1ncnc2ccc(C)cc12,0.5062134502923977
COc1ccc(-c2cccc(-c3ccc4ncnc(NC[C@@H](C)c5nc(F)no5)c4c3)c2)cc1F,0.5259259259259259
Cc1cccc(-c2ccc3ncnc(N[C@@H](C)c4nc(C)no4)c3c2)c1,0.4742664742664742
COc1cc2c(NCc3ccc(-c4nc(C)no4)c(F)c3)ncnc2cc1F,0.5177158582731338
COc1ccc(Nc2ncnc3ccc(CCCNc4ncnc5cc(F)c(F)cc45)cc23)cc1F,0.5118510810498323
C[C@H](CNc1ncnc2ccc(OCl)cc12)c1nc(Nc2ncnc3scc(-c4nc(Cl)no4)c23)no1,0.4798146922567836
Cc1noc([C@H](C)Nc2ncnc3ccc(-c4nc(F)no4)cc23)n1,0.480209823557463
COc1ccc(Nc2ncnc3scc(-c4nc(Cl)no4)c23)cc1ONCCCc1nc(OCl)nc2sccc12,0.4898373983739837
Cc1noc([C@H](C)c2cc3c(Nc4ncnc5ccc(-c6cccc(Cl)c6)cc45)ncnc3cc2F)n1,0.49869904596704245
Cc1cccc(-c2ccc3ncnc(NNc4ccc5c(c4)OCCO5)c3c2)c1,0.47384497899961814
Cc1noc([C@@H](CNc2ncnc3ccc(-c4nc(OCl)nc5sccc45)cc23)c2cccc(Cl)c2)n1,0.5247423732272217
Fc1cc2ncnc(NCCCc3nc(OCl)nc4sccc34)c2cc1-c1ccccc1,0.5444308777642111
Cc1nc(-c2ccc3ncnc(NC[C@@H](C)NCCCc4nc(OCl)nc5sccc45)c3c2)c2ccsc2n1,0.44145068856385256
Cc1cccc(-c2ccc3ncnc(-c4cccc(-c5cccc(Cl)c5)c4)c3c2)c1,0.40275840694250736
Cc1nc(-c2ccc3ncnc(Oc4cc5c(Nc6ccc7c(c6)OCCO7)ncnc5cc4F)c3c2)sc1C,0.5145299145299145
C[C@H](CNc1ncnc2ccc(-c3cccc(NCc4ncnc5cc(F)c(F)cc45)c3)cc12)c1nc(F)no1,0.4954577218728162
Cc1nc(-c2ccc3ncnc(NC[C@@H](C)[C@H](C)CNc4ncnc5ccc(OCl)cc45)c3c2)c2ccsc2n1,0.45626477541371163
Cc1nc(-c2ccc3ncnc(NC[C@@H](C)Cc4ccc(F)c(F)c4)c3c2)c2ccsc2n1,0.4749999999999999
COc1cc2c(Nc3noc([C@H](C)CNc4ncnc5ccc(OCl)cc45)n3)ncnc2cc1F,0.4929881337648328
Cc1cccc(-c2ccc3ncnc(NC[C@@H](C)c4nc(-c5ncnc6ccc(Cl)cc56)no4)c3c2)c1,0.49963208241353935
Fc1cc2ncnc(NCCNc3ncnc4ccc(-c5nc(Cl)nc6sccc56)cc34)c2cc1F,0.4852573713143428
C[C@H](CNc1cc(-n2cnc3ccccc32)ncn1)c1cccc(-c2cccc(Cl)c2)c1,0.46047269763651183
Fc1cc2ncnc(CNCCNc3ncnc4cc(F)c(F)cc34)c2cc1F,0.46232036452856645
Fc1ccc2nc(CCCNc3ncnc4cc(F)c(F)cc34)n(-c3ccc4c(c3)OCCO4)c2c1,0.5215215215215215
C[C@H](CNc1ncnc2ccc(OCl)cc12)c1nc(Cc2nc(-c3ccccc3)no2)no1,0.5121377392792215
Cc1ccc2ncnc(N[C@@H](C)c3nc(F)no3)c2c1,0.47940947940947937
Cc1cccc(-c2ccc3ncnc(Nc4ncnc5ccc(-c6cccc(Cl)c6)cc45)c3c2)c1,0.49798224374495553
Cc1noc([C@H](C)c2ccc(Nc3ncnc4ccc(-c5nc(-c6ccccc6)no5)cc34)cc2F)n1,0.5044858523119392
Cc1noc([C@H](C)CNc2cc3c(NCCCc4nc(OCl)nc5sccc45)ncnc3cc2F)n1,0.4988219771934785
COc1ccc(-c2ccc3ncnc(NC[C@@H](C)c4nc(C)no4)c3c2)cc1OC,0.5261044176706827
Fc1cc2ncnc(NCCCc3nc(-c4nc(Cl)no4)nc4sccc34)c2cc1-c1ccccc1,0.5046805046805046
ClOOc1cc(Nc2ncnc3scc(-c4nc(Cl)no4)c23)ccc1Nc1ccc2c(c1)OCCO2,0.4993514915693904
Cc1ccc2ncnc(NCNC[C@@H](C)c3nc(C)no3)c2c1,0.49775784753363234
COc1cc2c(Cc3ncnc4ccc(-c5nc(Cl)nc6sccc56)cc34)ncnc2cc1F,0.48005698005698005
Cc1ccc2ncnc(NCCNc3ncnc4ccc(OCl)cc34)c2c1,0.4695652173913043
COc1cccc(-c2ccc3ncnc(NNc4ccc5c(c4)OCCO5)c3c2)c1,0.4717348927875244
Cc1noc([C@H](C)CNOc2cc3c(Nc4ccc5c(c4)OCCO5)ncnc3cc2F)n1,0.5383938393839384
Fc1cc2ncnc(NCCCc3nc(-c4ccccc4)no3)c2cc1-c1cccc(-c2cccc(Cl)c2)c1,0.5255508673230193
COc1ccc(-c2cc3ncnc(NCc4ccc(F)c(F)c4)c3cc2OC)cc1F,0.4995210727969348
COc1cc2c(Cc3ccc(OC)c(OC)c3)ncnc2cc1F,0.4772905862014773
COc1cccc(-c2ccc3ncnc(Nc4noc([C@H](C)CNc5ncnc6ccc(OCl)cc56)n4)c3c2)c1,0.49180191427382436
Cc1ccc2ncnc(NCc3ncnc4cc(F)c(OCl)cc34)c2c1,0.534311970402196
Clc1noc(-c2csc3ncnc(Nc4ccc5ncnc(Nc6ccc7c(c6)OCCO7)c5c4)c23)n1,0.4963191234377675
COc1ccc(-c2nc(CCCNc3ncnc4cc(F)c(-c5ccccc5)cc34)c3ccsc3n2)cc1F,0.5216572504708098
COc1ccc(Nc2ncnc3ccc(C[C@@H](C)c4nc(F)no4)cc23)cc1F,0.5094912680334093
Clc1cccc(-c2cccc(Nc3ccc4c(c3)OCCO4)c2)c1,0.3911368015414258
Cc1cccc(-c2ccc3ncnc(NCc4nc(-c5ccccc5)no4)c3c2)c1,0.47812142038946165
COc1cc(Nc2ncnc3scc(-c4nc(Cl)no4)c23)ccc1Oc1nc(C)no1,0.5071152577513901
C[C@H](CNc1cc(-n2cnc3ccccc32)ncn1)c1nc(C[C@@H](C)c2nc(-c3ccccc3)no2)no1,0.5092592592592592
Cc1ccc2ncnc([C@H](C)CNc3ncnc4ccc(OCl)cc34)c2c1,0.5033483668170015
C[C@H](Oc1cccc(-c2ccc3ncnc(Nc4ccc5c(c4)OCCO5)c3c2)c1)c1nc(F)no1,0.518999518999519
Fc1cc2ncnc(NCCCc3nc(Nc4ncnc5ccc(OCl)cc45)no3)c2cc1F,0.48754208754208755
ClOc1ccc2ncnc(NCc3ncnc4ccc(-c5cccc(Cl)c5)cc34)c2c1,0.49982656954561216
Cc1noc([C@H](C)CNc2ncnc3ccc(-c4ncnc5ccc(-c6nc(C)c(C)s6)cc45)cc23)n1,0.517063492063492
COc1ccc(Nc2ncnc3ccc(CCNc4ncnc5cc(F)c(F)cc45)cc23)cc1F,0.5136150234741784
COc1ccc(Nc2ncnc3scc(-c4nc(Nc5ncnc6ccc(OCl)cc56)no4)c23)cc1OC,0.4779887942952776
Cc1cccc(-c2ccc3ncnc(C[C@@H](C)c4nc(F)no4)c3c2)c1,0.4537037037037037
COc1ccc(-c2ccc3c(c2)OCCO3)cc1OC,0.3596318211702827
Cc1cccc(-c2ccc3ncnc(NCNc4ncnc5ccc(-c6cccc(Cl)c6)cc45)c3c2)c1,0.48719780874121704
C[C@H](CNc1ncnc2ccc(OCl)cc12)Oc1ccc2ncnc(NC[C@@H](C)c3nc(F)no3)c2c1,0.49659863945578236
Cc1ccc(Nc2ncnc3ccc(-c4nc(F)no4)cc23)cc1F,0.5222222222222223
COc1ccc(-c2cc3c(Nc4ncnc5ccc(-c6cccc(Cl)c6)cc45)ncnc3cc2F)cc1OOCl,0.5124856815578465
COc1cc2c(COc3cc4c(Nc5ccc6c(c5)OCCO6)ncnc4cc3F)ncnc2cc1F,0.5194391332058635
ClOc1ccc2ncnc(Nc3ncnc4ccc(-c5nc(Cl)nc6sccc56)cc34)c2c1,0.514526710402999
COc1cc2c(Nc3ccccc3)ncnc2cc1F,0.43047619047619046
Fc1ccc(Nc2ncnc3ccc(NCCCc4nc(OCl)nc5sccc45)cc23)cc1F,0.498970189701897
C[C@@H](c1nc(F)no1)c1ncnc2ccc(-c3cccc(-c4cccc(Cl)c4)c3)cc12,0.46976256067165156
COc1ccc(-c2nc(-c3ccc4c(c3)OCCO4)no2)cc1OC,0.42198100407055633
C[C@@H](F)CNc1cc(-n2cnc3ccccc32)ncn1,0.424953762981932
Cc1cccc(-c2ccc3ncnc(NCNc4ncnc5ccc(C)cc45)c3c2)c1,0.4876941457586619
COc1cc2c(NCc3ccc(F)c(F)c3)ncnc2cc1-c1ccccc1,0.5022550225502255
COc1ccc(-c2ccc(CNc3ncnc4cc(F)c(OC)cc34)cc2F)cc1F,0.5178949993764809
COc1ccc(-c2cc3c(CNc4ncnc5ccc(C)cc45)ncnc3cc2F)cc1OC,0.5136696585164552
C[C@@H](c1nc(F)no1)c1cc2c(NCCCc3nc(-c4ccccc4)no3)ncnc2cc1F,0.4957854406130268
Cc1ccc2ncnc(NCc3ncnc4cc(F)c(Oc5ncnc6ccc(OCl)cc56)cc34)c2c1,0.48630490956072353
Clc1cccc(-c2ccc3ncnc(-c4ccc5c(c4)OCCO5)c3c2)c1,0.4315663372267146
C[C@H](Cc1ncnc2ccc(-c3cccc(-c4cccc(Cl)c4)c3)cc12)c1nc(-c2ccccc2)no1,0.4458639824493483
Clc1ccc2ncnc(Nc3ccc4c(c3)OCCO4)c2c1,0.5183006535947713
Fc1ccc(CNc2ncnc3ccc(-c4cccc(Cl)c4)cc23)cc1F,0.4963148379919344
ClOc1ccc2ncnc(NNc3ncnc4ccc(-c5cccc(-c6cccc(Cl)c6)c5)cc34)c2c1,0.4874835309617918
C[C@H](c1noc([C@H](C)CNc2ncnc3ccc(OCl)cc23)n1)c1nc(F)no1,0.5157577713240831
Cc1noc(-c2ncnc3ccc(-c4nc(Cl)nc5sccc45)cc23)n1,0.4735864391036804
C[C@H](Cc1ncnc2cc(F)c(-c3ccccc3)cc12)c1nc(F)no1,0.48874912648497554
COc1ccc(Nc2ncnc3scc(-c4nc(Cl)no4)c23)cc1ONc1ccc2c(c1)OCCO2,0.4928867278948316
COc1cc2c(CNc3ncnc4ccc(C)cc34)ncnc2cc1-c1nc(-c2ccc3c(c2)OCCO3)no1,0.488025725649488
c1ccc2c(c1)ncn2-c1cc(Nc2nc(-c3ccc4c(c3)OCCO4)no2)ncn1,0.4950882212684788
C[C@H](CNc1ncnc2ccc(OCl)cc12)c1nc(Cc2ccc(F)c(F)c2)no1,0.5210377890580936
C[C@H](CNc1ncnc2ccc(OCl)cc12)Nc1ncnc2ccc(-c3nc(Cl)nc4sccc34)cc12,0.4777523518942283
Cc1nc(-c2ccc3ncnc(NC[C@@H](C)OCl)c3c2)c2ccsc2n1,0.4472412916348843
Fc1noc(-c2ccc3ncnc(Nc4ccc(CCCNc5ncnc6cc(F)c(F)cc56)c(F)c4)c3c2)n1,0.4984882842025699
COc1ccc(Nc2ncnc3ccc(Nc4cc(-n5cnc6ccccc65)ncn4)cc23)cc1F,0.5082028337061893
Fc1ccc(CNc2ncnc3cc(F)c(-c4ccccc4)cc23)cc1F,0.5383267630310994
Clc1cccc(-c2cccc(-c3ccc4ncnc(-n5cnc6ccccc65)c4c3)c2)c1,0.44330484330484327
Cc1ccc2ncnc(-c3ncnc4ccc(-c5cccc(-c6cccc(Cl)c6)c5)cc34)c2c1,0.4351062390039247
Fc1cc2ncnc(NCNCCCc3nc(OCl)nc4sccc34)c2cc1-c1ccccc1,0.49266247379454925
Fc1ccc(CNOc2cc3c(Nc4ccc5c(c4)OCCO5)ncnc3cc2F)cc1F,0.5377302436125966
COc1ccc(-c2noc([C@H](C)CNc3ncnc4ccc(OCl)cc34)n2)cc1OC,0.5285565939771547
Cc1noc(CNc2cc(-n3cnc4ccccc43)ncn2)n1,0.49385293435397815
Cc1noc([C@H](C)CNc2ncnc3ccc(-c4nc(Cl)nc5sccc45)cc23)n1,0.5324478997948385
C[C@H](CNc1cc(-n2cnc3ccccc32)ncn1)c1nc(ONCc2ccc(F)c(F)c2)no1,0.4874407794761777
CCNc1ncnc2ccc(-c3cccc(C)c3)cc12,0.39332365747460085
COc1ccc(-c2noc([C@H](C)CNc3ncnc4ccc(OCl)cc34)n2)cc1OOCl,0.5318855567045846
Fc1cc2ncnc(CNc3ncnc4ccc(-c5cccc(Cl)c5)cc34)c2cc1OCl,0.5240577821222983
COc1ccc(NCc2ncnc3cc(F)c(F)cc23)cc1F,0.4816519626646209
Cc1noc([C@H](C)CNc2cc(-c3ccc4ncnc(Nc5ccc(F)c(F)c5)c4c3)ncn2)n1,0.5229105211406097
Fc1cc2ncnc(CNCNc3ncnc4ccc(-c5cccc(Cl)c5)cc34)c2cc1F,0.49186128803963197
Cc1cccc(-c2ccc3ncnc(Nn4cnc5ccccc54)c3c2)c1,0.45765345765345766
Fc1cc2ncnc(Nc3ccc4c(c3)OCCO4)c2cc1ONCc1nc(Cl)nc2sccc12,0.5284249767008388
COc1cc2c(NCc3ccc([C@H](C)CNc4ncnc5ccc(OCl)cc45)c(F)c3)ncnc2cc1F,0.5037692559816453
Cc1ccc2ncnc(NCc3ncnc4cc(F)c(-c5cc(NC[C@@H](C)c6nc(C)no6)ncn5)cc34)c2c1,0.4925137903861308
Cc1ccc2ncnc(NCNc3ncnc4ccc(-c5nc(Cl)nc6sccc56)cc34)c2c1,0.4810864197530864
Cc1ccc2ncnc(NCc3ncnc4cc(F)c(OCc5nc(-c6ccccc6)no5)cc34)c2c1,0.5010482180293501
Cc1ccc2ncnc(NCc3nc(-c4ccccc4)no3)c2c1,0.4701634359559103
Fc1cc2ncnc(NCCCOc3cc4c(Nc5ccc6c(c5)OCCO6)ncnc4cc3F)c2cc1F,0.5188739603326935
COc1ccc(Nc2ncnc3ccc(-c4ccc(OC)c(OC)c4)cc23)cc1F,0.5277095277095277
Cc1noc([C@@H](CNc2ncnc3ccc(-c4nc(OCl)nc5sccc45)cc23)c2ccc(F)c(F)c2)n1,0.5146100874744091
Fc1cc2ncnc(Nc3ccc4c(c3)OCCO4)c2cc1ONc1ccccc1,0.5490880869227784
Fc1ccc(Nc2ncnc3cc(F)c(-c4ccccc4)cc23)cc1F,0.579895685158843
ClOc1nc(CCCc2nc(-c3ccc4c(c3)OCCO4)no2)c2ccsc2n1,0.47357321734545926
Cc1ccc2ncnc(-c3noc([C@H](C)CNc4cc(-n5cnc6ccccc65)ncn4)n3)c2c1,0.49061471399341694
c1ccc2c(c1)ncn2Nc1ccc2c(c1)OCCO2,0.40109890109890106
COc1ccc(-c2noc(CCCNc3ncnc4cc(F)c(F)cc34)n2)cc1F,0.5142695995487874
COc1cc2c(Nn3cnc4ccccc43)ncnc2cc1F,0.4925755248335893
Fc1cc2ncnc(Nc3ccc4c(c3)OCCO4)c2cc1-n1cnc2ccccc21,0.5325511847250978
COc1cc2c(NNc3ncnc4scc(-c5nc(Cl)no5)c34)ncnc2cc1F,0.4918146987112504
Fc1ccc(Nc2ncnc3ccc(CNc4cc(-n5cnc6ccccc65)ncn4)cc23)cc1F,0.5053003533568904
Cc1ccc2ncnc(-c3ncnc4cc(F)c(-n5cnc6ccccc65)cc34)c2c1,0.4698739977090492
Cc1ccc2ncnc(NCc3ncnc4cc(F)c(On5cnc6ccccc65)cc34)c2c1,0.4995951417004048
Fc1cc2ncnc(Nc3ncnc4ccc(-c5cccc(Cl)c5)cc34)c2cc1OCl,0.5355290143563759
Fc1noc(-c2ccc3ncnc(NNc4cc(-n5cnc6ccccc65)ncn4)c3c2)n1,0.4818085193361132
Fc1cc2ncnc(CNOc3cc4c(Nc5ccc6c(c5)OCCO6)ncnc4cc3F)c2cc1OCl,0.5121765601217656
Cc1ccc2ncnc(-c3cc4c(NCc5ccc(F)c(F)c5)ncnc4cc3F)c2c1,0.5110258868648131
COc1ccc(-c2nc(Cl)nc3sccc23)cc1OC,0.4107365792759052
C[C@H](CNc1ncnc2ccc(F)cc12)c1nc(-c2ccc3c(c2)OCCO3)no1,0.5285565939771547
COc1ccc(-c2ccc3ncnc(NC[C@@H](C)c4nc(C)no4)c3c2)cc1F,0.5261044176706827
Cc1noc([C@H](C)CNc2cc(CNc3ncnc4ccc(-c5cccc(Cl)c5)cc34)ncn2)n1,0.4818260120585702
C[C@H](Cn1cnc2ccccc21)c1nc(-c2ccccc2)no1,0.3980347694633409
Cc1cccc(-c2ccc3ncnc(NC[C@@H](C)c4nc(-c5cccc(Cl)c5)no4)c3c2)c1,0.5273447166542935
Fc1cc(Nc2ncnc3ccc(-c4cccc(Cl)c4)cc23)ccc1-c1cccc(Cl)c1,0.504770292088654
Clc1cccc(-c2ccc3ncnc(Nc4nc(Cl)nc5sccc45)c3c2)c1,0.4986225895316804
ClOc1nc(CCCNNc2ncnc3ccc(-c4nc(Cl)nc5sccc45)cc23)c2ccsc2n1,0.45199745199745195
COc1cc2c(-c3ccc4ncnc(Nc5ncnc6cc(F)c(OCl)cc56)c4c3)ncnc2cc1F,0.5052158101253709
Fc1ccc(CNc2cc3ncnc(Nc4ccc5c(c4)OCCO5)c3cc2-n2cnc3ccccc32)cc1F,0.4898419864559819
Cc1cccc(-c2ccc3ncnc(-c4cccc(-c5cccc(Cl)c5)c4)c3c2)c1,0.40275840694250736
Fc1cc(Nc2ncnc3ccc(-c4cccc(Cl)c4)cc23)ccc1CCCc1nc(OCl)nc2sccc12,0.5130456917398498
Fc1cc2ncnc(Nc3ccc4c(c3)OCCO4)c2cc1ONNc1ncnc2scc(-c3nc(Cl)no3)c12,0.4766558089033659
Cc1noc([C@H](C)CNc2cc(-n3cnc4ccccc43)ncn2)n1,0.536522633744856
Fc1cc2ncnc(Nc3nc(-c4ccc5c(c4)OCCO5)no3)c2cc1-n1cnc2ccccc21,0.48841045945723005
C[C@H](CNc1ncnc2ccc(OCl)cc12)c1nc(-c2ccc(Cl)c(OOCl)c2)no1,0.5322618215699976
Cc1cccc(-c2ccc3ncnc(NONc4ccccc4)c3c2)c1,0.4389383029789637
COc1cc2c(Cc3cc(Nc4ncnc5cc(F)c(-c6ccccc6)cc45)ccc3F)ncnc2cc1F,0.5103578154425612
Fc1cc2ncnc(NCc3cccc(-c4cccc(Cl)c4)c3)c2cc1-c1ccccc1,0.4936634246979074
C[C@H](CNc1cc(-n2cnc3ccccc32)ncn1)OCl,0.424953762981932
Fc1cc(Nc2ncnc3ccc(-c4cccc(Cl)c4)cc23)ccc1-c1nc(Cl)nc2sccc12,0.5033524904214559
Clc1cccc(-c2cccc(CNc3ncnc4ccc(-c5cccc(Cl)c5)cc34)c2)c1,0.45258871436881903
Fc1cc2ncnc(CNNc3ncnc4cc(F)c(-n5cnc6ccccc65)cc34)c2cc1F,0.47352496217851736
Oc1ccc(Nc2ncnc3ccc(-c4nc(Cl)nc5sccc45)cc23)cc1F,0.5072463768115942
Cc1nc(-c2ccc3ncnc(NCCCc4nc(O)nc5sccc45)c3c2)c2ccsc2n1,0.4876801487680149
Cc1ccc2ncnc(OCCC(=O)Nc3ncnc4ccc(OCl)cc34)c2c1,0.45742471443406024
COc1ccc(-c2noc(C(C)CNc3ncnc4ccccc34)n2)cc1OOCl,0.5259101150243093
Cc1ccc2ncnc(NCNc3ncnc4ccccc34)c2c1,0.4867986798679868
Fc1ccc(-n2cnc3ccccc32)cc1N1CCCC1,0.38375842861330983
Cc1noc(C(C)CNc2cc(Nc3ncnc4ccc(-c5ccccc5)cc34)ncn2)n1,0.5135464231354642
O=C1c2cc(ncn2)-c2cc3c(NCCCc4nc(OCl)nc5sccc45)ncnc3cc21,0.5059720967580046
CNc1ncnc2cc(F)c(Oc3ccc4ncnc(N)c4c3)cc12,0.45693317883352647
CNc1ncnc2ccc(-c3nc(-c4ccccc4)nc4sccc34)cc12,0.4451129830191202
Fc1noc(-c2ccc3ncnc(Nc4cc5ncnc(CNc6ncnc7ccccc67)c5cc4F)c3c2)n1,0.47537227949599076
c1ccc(-c2noc(-c3ccc4ncnc(Nc5ccc(Nc6ccc7c(c6)OCCO7)cc5)c4c3)n2)cc1,0.4887943262411347
COc1cc2c(NCc3ccc(F)c(F)c3)ncnc2cc1OC(F)F,0.19549075199135948
CNc1ncnc2ccc(-n3cnc4ccccc43)cc12,0.4093264248704663
COc1ccc(Nc2ncnc3ccc(-c4nc(Cl)nc5sccc45)cc23)cc1C,0.5255255255255254
Nc1ncnc2ccc(-c3nc(Cl)nc4sccc34)cc12,0.4327191513121161
CN(C)Cc1ncnc2cc(F)c(-c3ccccc3)cc12,0.38666666666666666
Cc1cccc(-c2ccc3ncnc(NCC(C)c4nc(O)no4)c3c2)c1,0.509750566893424
FCc1cc2c(-c3ncnc4ccc(-c5nc(Cl)nc6sccc56)cc34)ncnc2cc1F,0.4910247670983867
O=C(NCl)c1ccc(Nc2ncnc3ccccc23)cc1F,0.46484661676207245
O=Cc1cccc(-c2ccc3ncnc(Nc4ncnc5cc(F)ccc45)c3c2)c1,0.5197460317460317
COC1(c2nc(-c3ccc4ncnc(N)c4c3)c3ccsc3n2)CC1,0.4380316712472189
Oc1cc2c(NCc3ccc(F)c(F)c3)ncnc2cc1-c1nc(-c2ccc3c(c2)OCCO3)no1,0.4773225425729219
Cc1ccc2ncnc(NCc3ncnc4cc(F)c(-c5cc6cncnc6cc5F)cc34)c2c1,0.49552045811397427
Cc1ccc2ncnc(Nc3ncnc4ccc(-c5nc(C)c(C)s5)cc34)c2c1,0.5141830794004707
NNOc1cc2c(Nc3ccc4c(c3)OCCO4)ncnc2cc1F,0.5281264528126453
COc1ccc(CCCO)cc1CNc1ncnc2cc(F)c(-c3ccccc3)cc12,0.5077086656034024
c1ccc2c(c1)ncn2-c1ncnc2ccc(C3CC3)cc12,0.38803418803418804
COc1cc2c(CNc3ncnc4cc(F)c(Oc5ccc([O-])cc5)cc34)ncnc2cc1F,0.5143448683821354
COCc1ncnc2ccc(CC(C)c3nc(C)no3)cc12,0.4033485540334856
Fc1ccc(Nc2ncnc3ccc(-c4nc(-c5ccccc5)nc5sccc45)cc23)cc1F,0.5259704148593037
CCc1ccc(-c2ncnc3cc(F)c(OCl)cc23)c(F)c1,0.4259259259259259
Cc1nc(-c2ccc3ncnc(-c4cc5ncncc5cc4F)c3c2)sc1C,0.49643221202854226
c1ccc(-c2ncnc3ccc(-n4cnc5ccccc54)cc23)cc1,0.39855072463768115
Cc1ccc2ncnc(CNc3ncnc4ccc(-c5ccccc5)cc34)c2c1,0.5175368139223561
Fc1cc2ncnc(Nc3ncnc4ccccc34)c2cc1OCl,0.5288240853246928
Cc1ccc2ncnc(NCc3ncnc4cc(F)c(NC5CC5)cc34)c2c1,0.48022308022308025
Cc1ccc(Nc2ncnc3ccc(-c4nsc(C(C)C)n4)cc23)cc1F,0.52426795026073
O=C(Nc1ccccc1)c1ccc2ncnc(ONCc3ccc(F)c(F)c3)c2c1,0.45797641216635626
CCN(Cc1ccc2c(c1)OCCO2)c1cccc(Cl)c1,0.35974905068515767
Fc1cc2c(Nc3ncnc4ccc(-c5cccc(C(F)(F)F)c5)cc34)ncnc2cc1Oc1cccc(Cl)c1,0.18859215298384435
O=CNCc1nc(CCCNc2ncnc3cc(F)c(-c4ccccc4)cc23)c2ccsc2n1,0.5056155272053211
Cc1cccc(-c2ccc3ncnc(NCONCc4ccc(F)cc4)c3c2)c1,0.45748792270531397
Cc1cc2ncnc(CNN)c2cc1-n1cnc2ccccc21,0.4225038132113106
CC(CNc1ncnc2ccccc12)c1nc(-c2ccc(Cl)c(OC(=O)C3CCC3)c2)no1,0.485321441843181
O=Cc1ccc(-c2ccc(Nc3ncnc4ccccc34)cc2F)c(F)c1,0.49510006901311243
COc1ccc(NCc2ncnc3cc(F)c(F)cc23)cc1,0.4456306840648478
Clc1nc(-c2ccc3ncncc3c2)c2ccsc2n1,0.40987654320987654
Cc1ccc(-c2ccc(Nc3ncnc4ccc(-c5nc6c(s5)O6)cc34)cc2F)cc1C,0.5125046659201195
c1ccc(Cc2cc(Nc3ncnc4ccc(-c5ccccc5)cc34)ccc2-n2cnc3ccccc32)cc1,0.5115160718805366
CN(c1ccccc1)c1ccccc1-n1cnc2ccccc21,0.3580971000325839
CCc1ccc(N)cc1-c1cccc(-c2cccc(Cl)c2)c1,0.36223506743737954
Fc1ccc(Oc2cc3c(CNc4ncnc5ccccc45)ncnc3cc2-c2ccccc2)cc1F,0.49055453991468617
Cc1ccc2ncnc(NCc3ncnc4cc(F)c(Oc5ccncc5)cc34)c2c1,0.5061506150615062
CNc1ncnc2ccc(Nc3ccc(F)cc3N)cc12,0.42251461988304095
COc1ccc(-c2ccc(Nc3ncnc4ccc(-c5ncnc6sccc56)cc34)cc2OC)cc1F,0.5054617676266137
c1ccc2c(c1)ncn2-c1cc(NCCc2ccc3c(c2)OCCO3)ncn1,0.48583365974670323
c1ccc(-c2ccc3ncnc(NCc4ccc5c(c4)OCCO5)c3c2)cc1,0.5007368110816387
Clc1nc(-c2ccc3ncncc3c2)c2ccsc2n1,0.40987654320987654
NCC(C(=O)c1ccc(F)c(F)c1)c1ccc2ncnc(N)c2c1,0.42544356360890906
CNOc1cc2c(-c3ccc(CNc4cc(-n5cnc6ccccc65)ncn4)cc3)ncnc2cc1F,0.478099697590479
Fc1cccc(Nc2ncnc3ccc(-c4nc(Cl)nc5sccc45)cc23)c1,0.49828178694158076
COc1ccc(-c2cc(NCC(C)c3nc(C)no3)ncn2)cc1O,0.48686075673318063
Oc1nc(CCCNc2ncnc3cc(F)c(-c4ccccc4)cc23)c2ccsc2n1,0.519113969274741
COc1cc2c(Nc3ccc4ncnc(Nc5ccc(C6CC6)c(F)c5)c4c3)ncnc2cc1F,0.49433451716556737
Fc1ccc(-c2cccc(-c3cccc(-c4ccc5ncnc(Nc6ccc7c(c6)OCCO7)c5c4)c3)c2)cc1,0.5275760021522733
Cc1noc(C(C)CNc2ncnc3ccc(-c4ncnc5sccc45)cc23)n1,0.5335727500272064
Nc1ccc(-c2ccc(Nc3ncnc4ccc(-c5nc(-c6ccccc6)no5)cc34)cc2F)o1,0.4926184926184926
COc1ccc(Nc2ncnc3ccc(-c4cccc(Cl)c4)cc23)cc1O,0.5102685624012638
Cc1cccc(-c2ccc3ncnc(NC4CCCCC4)c3c2)c1,0.39244444444444443
COc1ccc(-c2noc(C(CNc3ncnc4ccc(OCl)cc34)c3ccccc3F)n2)cc1OOCl,0.5190893522715826
CCCNc1ncnc2cc(F)c(-c3ccccc3)cc12,0.4174884944115713
Fc1cc2ncncc2cc1-c1cc(-n2cnc3ccccc32)ncn1,0.48579465541490857
