Cn1ncnc1CCNC(=O)Nc1cccc(/C(C#N)=C/[C@@H]2C=CC=N2)c1,0.0017730617617105478
O=C(N[C@@H]1N[C@H](c2ccccc2)CS1)[C@@H]1N[C@H](c2ccccc2)CS1,0.0009264964396306171
N#C/C(=C\[C@@H]1C=CC=N1)C(=O)NCNS(=O)(=O)Cc1ccccc1F,9.969855206903457e-06
N#C/C(=C\[C@@H]1C=CC=N1)C(=O)NC(=O)/C(C#N)=C/[C@@H]1C=CC=N1,4.642375309584821e-08
C[C@@H](NC(=O)C(=O)Nc1ccc(OC(F)F)c(F)c1)/C(C#N)=C/[C@@H]1C=CC=N1,0.012607468522241507
CNC(=O)c1cccc(NC(=O)NNC(=O)C[C@](C)(O)C(F)(F)F)c1C,5.933464786312138e-06
C[C@H](CCNc1ncnc2c1cnn2C)NC(=O)Cn1ccc(C(F)(F)F)n1,0.006396490524116417
C[C@@H](C(=O)N1CC[C@@H](NC(=O)/C(C#N)=C/[C@@H]2C=CC=N2)C1)n1cncn1,4.1929093794768565e-10
COc1cc(F)cc(CNc2cc(/C(C#N)=C/[C@@H]3C=CC=N3)nc3ncnn23)c1,0.0029526260350115903
CC(=O)Nc1ccc(CCCNC(=O)Nc2cc(F)cc(F)c2)c(C(F)(F)F)c1,4.3230918375476715e-11
CN(Cc1ccc(OC(F)F)cc1)C(=O)C(=O)N/C(C#N)=C/[C@@H]1C=CC=N1,0.09199728643086358
COc1ccc([C@@H](C)CC(=O)NNNC(=O)/C(C#N)=C/[C@@H]2C=CC=N2)cc1,1.6375542065469366e-05
N#C/C(=C\[C@@H]1C=CC=N1)C(=O)N[C@@H]1N[C@H](c2ccccc2)CS1,0.3801117911905422
Cn1ncc2c(NCCN[C@@H]3N[C@H](c4ccccc4)CS3)ncnc21,0.1268127793662167
Cc1ccc(SCC(=O)NNC(=O)C[C@](C)(O)[C@@H]2C=CC=N2)cc1,0.018548103935196916
C[C@@H](NC(=O)C(=O)Nc1ccc(OC(F)F)c(F)c1)[C@@H]1N[C@H](c2ccccc2)CS1,0.0013443419098874137
Cn1cc([C@@]2(C)NC(=O)N(C[C@@H]3C=CC=N3)C2=O)cn1,7.648430636010308e-06
Cc1cc(NC(=O)C(=O)N(C)Cc2ccc(OC#N)cc2)n(C)n1,0.0026960457376724646
Cn1ncnc1CCNC(=O)Nc1cccc(C#N)c1,0.0019988010217962607
COCc1cc(NC[C@@H](C)NC(=O)Cn2ccc(C(F)(F)F)n2)n2ncnc2n1,5.7043761747692894e-05
O=S(=O)(NC[C@@H]1CCCN(c2ncccn2)C1)c1cc(F)c(F)c([C@@H]2C=CC=N2)c1,0.02134480691250017
COc1ccc(CNC(=O)NCc2ccnn2C#N)cc1OC(F)F,0.02378747348343969
CNC(=O)c1cccc(NC(=O)NCCOCC(F)(F)F)c1[C@@H]1C=CC=N1,0.07856403088623014
Cn1ncnc1CCNC(=O)Nc1cccc(C(=O)/C(C#N)=C/[C@@H]2C=CC=N2)c1,1.4905132196556907e-06
O=S(=O)(Cc1ccccc1F)Nc1ccc(-n2cccn2)cc1C(F)(F)F,1.2559534415079003e-06
CNC(=O)c1cccc(NC(=O)NC(=O)C(=O)N[C@@H](C)c2cn(C)nc2C)c1C,5.912044522554763e-11
N#Cc1ccc(NC(=O)NNc2ccc(F)c(F)c2F)c[nH+]1,0.04212435706863041
C[C@@H](C(=O)N1CC[C@@H](c2ccc(-n3cccn3)cc2C(F)(F)F)C1)n1cncn1,0.005931918911665337
COc1ccc([C@@H](C)CC(=O)NN[NH+](C)CC(=O)Nc2ccc(Cl)cn2)cc1,8.158980184045138e-05
O=S(=O)(Cc1ccccc1F)NCc1cc(OCC(F)(F)F)c2ccccc2n1,2.5731242555874406e-06
O=C(NCCN[C@@H]1N[C@H](c2ccccc2)CS1)Nc1cc(F)cc(F)c1,0.005560925582784882
CC(=O)Nc1ccc(N[C@H]2CCCN(CC(F)(F)F)C2=O)c(C(F)(F)F)c1,3.878827197221599e-05
C[C@@H](NC(=O)Cn1ccc(C(F)(F)F)n1)c1ccc(-n2cccn2)cc1C(F)(F)F,1.3899973429619663e-06
N#C/C(=C\[C@@H]1C=CC=N1)C(=O)N[C@@H]1N[C@H](c2ccccc2)CS1,0.3801117911905422
C[C@@H](C(=O)N1CC[C@@H](NC(=O)C[C@](C)(O)C(F)(F)F)C1)n1cncn1,1.1027039550717188e-06
O=C1[C@@H](N[C@@H]2N[C@H](c3ccccc3)CS2)CCCN1CC(F)(F)F,0.0008325391401111443
O=C(CNC(=O)Nc1cccc(O[C@@H]2N[C@H](c3ccccc3)CS2)c1)NC1CC1,0.0011397600090720177
C[C@@H](C(=O)N1CC[C@@H](N[C@H]2CCCN(CC(F)(F)F)C2=O)C1)n1cncn1,0.00013208785092012646
COC(=O)[C@](NC(=O)c1ccc(F)cc1)([C@@H]1N[C@H](c2ccccc2)CS1)C(F)(F)F,0.00035462543027909844
C[C@H](NC(=O)C(=O)Nc1ccc(F)c(F)c1F)NS(=O)(=O)Cc1ccccc1F,0.009090560590684157
C[C@@H](CC(=O)NNC(=O)NCC(F)(F)F)c1ccc(OC#N)cc1,0.0152564200556609
C[C@]1(/C(C#N)=C/[C@@H]2C=CC=N2)NC(=O)N(CCOc2ccc(F)cc2Cl)C1=O,0.023545519350836767
O=C1[C@@H](NCNS(=O)(=O)Cc2ccccc2F)CCCN1CC(F)(F)F,0.08056307805302482
COc1ccc(CNC(=O)NCc2ccnn2[C@@H]2C=CC=N2)cc1OC(F)F,0.04405490539505341
O=C(N[C@H](c1ccccc1F)[C@@H]1C=CC=N1)c1cn(-c2ccc(F)cc2)nn1,0.014479185177078698
C[C@]1([C@@H]2C=CC=N2)NC(=O)N(CCOc2ccc(F)cc2Cl)C1=O,0.2993905137990525
C[C@](O)(CC(=O)N[C@@H]1N[C@H](c2ccccc2)CS1)C(F)(F)F,0.11785415805059747
CN(C[C@H](O)COc1ccccc1[C@@H]1C=CC=N1)C(=O)c1cnccn1,0.0681633425814997
C[NH+](CC(=O)Nc1ccc(Cl)cn1)NC(=O)C[C@](C)(O)C(F)(F)F,8.531443610826251e-08
FC(F)(F)COc1cc([C@@H]2N[C@H](c3ccccc3)CS2)nc2ccccc12,2.2649036573884966e-19
CNC(=O)c1cccc(NC(=O)NCCOCC(F)(F)F)c1C#N,0.009816822304189069
N#C/C(=C\[C@@H]1C=CC=N1)C(=O)Oc1cc(CNC(=O)NCc2cccnc2)ccn1,1.7295727431600382e-07
C[NH+](CC(=O)Nc1ccc(Cl)cn1)NS(=O)(=O)Cc1ccccc1F,2.271340541080533e-05
Cn1ncnc1CCNC(=O)Nc1cccc(C#N)c1,0.0019988010217962607
Cc1ccc(S(=O)(=O)NCc2ccc(-n3cncn3)cc2)cc1[C@@H]1C=CC=N1,0.01860545709500465
N#C/C(=C\[C@@H]1C=CC=N1)C(=O)c1cc(OCC(F)(F)F)c2ccccc2n1,1.3800363380420465e-05
CNC(=O)c1cccc(NC(=O)N/C(C#N)=C/[C@@H]2C=CC=N2)c1C,0.004970588917045963
COc1ccc([C@@H](C)CC(=O)NNC(=O)/C(C#N)=C/[C@@H]2C=CC=N2)cc1,0.0046847240767916055
O=C(N[C@@H]1N[C@H](c2ccccc2)CS1)/C(=C/[C@@H]1C=CC=N1)[C@@H]1C=CC=N1,0.059162123357919615
N#C/C(=C\[C@@H]1C=CC=N1)C(=O)NC(=O)/C(C#N)=C/[C@@H]1C=CC=N1,4.642375309584821e-08
C[NH+](CC(=O)Nc1ccc(Cl)cn1)NC(=O)/C(C#N)=C/[C@@H]1C=CC=N1,3.845982087311392e-11
Cn1ncnc1CCNC(=O)Nc1cccc(NS(=O)(=O)Cc2ccccc2F)c1,2.1971171243856182e-05
C[C@@H](CC(=O)NNC(=O)NCC(F)(F)F)c1ccc(OC#N)cc1,0.0152564200556609
C[C@@H](C(=O)N1CC[C@@H](NS(=O)(=O)Cc2ccccc2F)C1)n1cncn1,0.00012292288195470463
CC(=O)Nc1ccc(CCNc2ncnc3c2cnn3C)c(C(F)(F)F)c1,0.015813837069198422
Cc1ccc(S(=O)(=O)NCc2ccc(NC(=O)C[C@](C)(O)C(F)(F)F)cc2)cc1F,0.0002512102954053841
O=S(=O)(Cc1ccccc1F)NC[C@@H]1C=CC=N1,0.003846833954619358
C[NH+](CC(=O)Nc1ccc(Cl)cn1)C(=O)N[C@@H]1N[C@H](c2ccccc2)CS1,0.015679391947551545
C[C@@H](C(=O)N1CC[C@@H](N[C@@H]2N[C@H](c3ccccc3)CS2)C1)n1cncn1,0.014814610627416654
Cn1ncc2c(NCCC#N)ncnc21,6.363087281729125e-05
COc1ccc(CNC(=O)NCc2ccnn2C#N)cc1OC(F)F,0.02378747348343969
C[C@H](NC(=O)C(=O)Nc1ccc(F)c(F)c1F)[C@@H]1C=CC=N1,0.11683216992706565
O=C1[C@@H](N[C@@H]2N[C@H](c3ccccc3)CS2)CCCN1CC(F)(F)F,0.0008325391401111443
O=C(CCNC(=O)Nc1cc(F)cc(F)c1)N[C@@H]1N[C@H](c2ccccc2)CS1,0.01345445234837036
N#C/C(=C\[C@@H]1C=CC=N1)C(=O)CCNC(=O)Nc1cc(F)cc(F)c1,0.0518181963202672
CN(Cc1ccc(OC(F)F)cc1)C(=O)C(=O)NNC(=O)/C(C#N)=C/[C@@H]1C=CC=N1,9.556398196458739e-08
C[C@@H](C(=O)N1CC[C@@H](CCCNC(=O)Nc2cc(F)cc(F)c2)C1)n1cncn1,0.0047633736947565114
CNC(=O)c1cccc(NC(=O)N[NH+](C)CC(=O)Nc2ccc(Cl)cn2)c1C,6.9227689074938e-08
Cc1ccc(SCC(=O)NNC(=O)C[C@](C)(O)[C@@H]2N[C@H](c3ccccc3)CS2)cc1,0.00020593374359479953
C[C@H](NC(=O)C(=O)Nc1ccc(F)c(F)c1F)[C@@H]1N[C@H](c2ccccc2)CS1,0.01981195733067053
CNC(=O)c1cccc(NC(=O)Nc2ccc(NC(C)=O)cc2C(F)(F)F)c1C,1.5159418343275525e-07
Cc1nn(C)cc1[C@H](C)NC(=O)C(=O)NS(=O)(=O)Cc1ccccc1F,4.665136385575449e-06
C[C@@H](C(=O)N1CC[C@@H](NS(=O)(=O)Cc2ccccc2F)C1)n1cncn1,0.00012292288195470463
N#C[C@](O)(CNC(=O)c1ccc(-n2ccnn2)cc1)c1ccc(F)cc1,0.005819238376814076
COCc1cc(NCCN(C)C(=O)Cn2nnc(-c3cccs3)n2)n2ncnc2n1,2.6336564294458763e-10
C[NH+](CCCNC(=O)Nc1cc(F)cc(F)c1)CC(=O)Nc1ccc(Cl)cn1,0.07937292351494143
O=C(N[C@@H]1N[C@H](c2ccccc2)CS1)[C@@H]1C=CC=N1,0.006180572167977591
C[C@@H](C(=O)N1CC[C@@H](c2ccc(-n3cccn3)cc2C(F)(F)F)C1)n1cncn1,0.005931918911665337
O=S(=O)(NC[C@@H]1CCCN(c2ncccn2)C1)[C@@H]1C=CC=N1,0.00024186804730555296
CN(CCOc1ccccc1F)C(=O)Cn1nnc([C@@H]2C=CC=N2)n1,0.01422732955661361
CN(CNS(=O)(=O)Cc1ccccc1F)C(=O)Cn1nnc(-c2cccs2)n1,0.00010161096377538504
C1=C[C@@H]([C@@H]2N[C@H](c3ccccc3)CS2)N=C1,7.640490572007266e-08
C[C@@H](C(=O)N1CC[C@@H](C#N)C1)n1cncn1,2.119604357705239e-06
C[C@H](O)CNC(=O)c1cccc(OCc2nccn2C(F)[C@@H]2C=CC=N2)c1,0.07799120117545143
N#C/C(=C\[C@@H]1C=CC=N1)C(=O)S(=O)(=O)NC[C@@H]1CCCN(c2ncccn2)C1,6.265586964138526e-10
Cn1ncc2c(NCCN[C@@H]3N[C@H](c4ccccc4)CS3)ncnc21,0.1268127793662167
C[C@@H](C(=O)N1CC[C@@H]([C@@H]2N[C@H](c3ccccc3)CS2)C1)n1cncn1,0.0309955954287504
Cc1nn(C)cc1[C@H](C)NC(=O)C(=O)[C@@H]1N[C@H](c2ccccc2)CS1,0.117182497104202
Cn1cc([C@@]2([C@@H]3C=CC=N3)NC(=O)N(CCOc3ccc(F)cc3Cl)C2=O)cn1,0.16114821006201394
O=S(=O)(NC[C@@H]1CCCN(c2ncccn2)C1)N[C@@H]1N[C@H](c2ccccc2)CS1,0.0004447273336572518
Cn1ncc2c(NCCC(=O)N[C@@H]3C[C@@H]3c3c(F)cccc3F)ncnc21,0.2557384455317586
N#CNS(=O)(=O)Cc1ccccc1F,1.0275367690138857e-05
N#C/C(=C\[C@@H]1C=CC=N1)NC(=O)/C(C#N)=C/[C@@H]1C=CC=N1,0.00030187374609436866
C[C@@H](CNS(=O)(=O)Cc1ccccc1F)NC(=O)C(=O)Nc1ccc(F)c(F)c1F,0.007562325221805167
Cn1cc([C@@]2(C)NC(=O)N(C[NH+](C)CC(=O)Nc3ccc(Cl)cn3)C2=O)cn1,3.340411894699783e-14
O=C(NCC[C@@H]1C=CC=N1)Nc1cc(F)cc(F)c1,0.006337291221553322
N#C[C@@H]1N[C@H](c2ccccc2)CS1,2.606651669136681e-06
O=C(c1cccc(OCc2nccn2C(F)F)c1)[C@@H]1C=CC=N1,0.0016233832232972264
N#Cc1cc(F)cc(NC(=O)NCCCn2nc3ccccn3c2=O)c1,0.00792095845323472
O=C1[C@@H](NS(=O)(=O)NC[C@@H]2CCCN(c3ncccn3)C2)CCCN1CC(F)(F)F,1.0058892137195013e-06
CC(=O)Nc1ccc(N[C@@H]2N[C@H](c3ccccc3)CS2)c(C(F)(F)F)c1,2.8630251608844154e-10
Cn1ncc2c(NCCC(=O)NNC(=O)N[C@H]3CCN(CC(F)(F)F)C3)ncnc21,1.7724337121386496e-12
C[C@](O)(CC(=O)Nc1ccc(-n2cccn2)cc1C(F)(F)F)C(F)(F)F,0.00022223293673290256
O=C(NCCCCCNC(=O)Nc1cc(F)cc(F)c1)Nc1cc(F)cc(F)c1,8.355992218043141e-09
Cn1ncnc1CCNC(=O)Nc1cccc(NS(=O)(=O)Cc2ccccc2F)c1,2.1971171243856182e-05
O=C(NCc1cccnc1)NCc1ccnc(O[C@@H]2C=CC=N2)c1,0.16713253557078173
Cc1nn(C)cc1[C@H](C)NC(=O)C(=O)CN(C)C(=O)Cn1nnc(-c2cccs2)n1,2.646989830895054e-11
O=C(NCCCNS(=O)(=O)Cc1ccccc1F)Nc1cc(F)cc(F)c1,0.0456415250147112
O=C(CNC(=O)Nc1cccc(O[C@@H]2N[C@H](c3ccccc3)CS2)c1)NC1CC1,0.0011397600090720177
Cc1ccc(S(=O)(=O)NCc2ccc(/C(C#N)=C/[C@@H]3C=CC=N3)cc2)cc1F,0.0001492137803980418
CC(=O)Nc1ccc(CN2C(=O)N[C@](C)(c3cnn(C)c3)C2=O)c(C(F)(F)F)c1,0.035670063892489334
C[NH+](CC(=O)Nc1ccc(Cl)cn1)C(=O)NNC(=O)N[C@H]1CCN(CC(F)(F)F)C1,1.282893192361019e-12
Cn1cc(-c2nc(C(=O)NC[C@@H](c3ccc(F)cc3)[C@@H]3C=CC=N3)cs2)cn1,0.0029994824671178456
FC(F)(F)c1cc(-n2cccn2)ccc1N[C@@H]1N[C@H](c2ccccc2)CS1,3.0630571553868083e-13
N#C/C(=C\[C@@H]1C=CC=N1)NC(=O)c1cccc(OCc2nccn2C(F)F)c1,0.007338222924560949
Cn1cc([C@@]2(C)NC(=O)N(CCCCNC(=O)Nc3cc(F)cc(F)c3)C2=O)cn1,0.0006736545312601537
CN(C[C@H](C#N)COc1ccccc1C(F)(F)F)C(=O)c1cnccn1,0.08330003273062868
N#C/C(=C\[C@@H]1C=CC=N1)C(=O)NS(=O)(=O)Cc1ccccc1F,0.003068701933177332
C[C@H](NC(=O)C(=O)Nc1ccc(F)c(F)c1F)N[C@@H]1N[C@H](c2ccccc2)CS1,0.15635054191058861
C[C@@H](C(=O)N1CC[C@@H](CCCNC(=O)Nc2cc(F)cc(F)c2)C1)n1cncn1,0.0047633736947565114
O=C(NCCc1cc(OCC(F)(F)F)c2ccccc2n1)Nc1cc(F)cc(F)c1,3.026776420781728e-12
C[C@H](CCNc1ncnc2c1cnn2C)NC(=O)Cn1ccc(C(F)(F)F)n1,0.006396490524116417
Cn1ncc2c(NCCC(=O)N[C@@H]3C[C@@H]3c3c(F)cccc3F)ncnc21,0.2557384455317586
C[C@@H](C(=O)N1CC[C@@H](NC(=O)C[C@](C)(O)C(F)(F)F)C1)n1cncn1,1.1027039550717188e-06
CNC(=O)c1cccc(NC(=O)NCCOCNC(=O)C[C@](C)(O)C(F)(F)F)c1C,6.996169847295332e-09
CN(Cc1ccc(OC(F)F)cc1)C(=O)C(=O)NC#N,0.0015535802129429822
C[NH+](CC(=O)Nc1ccc(Cl)cn1)N[C@H]1CCCN(CC(F)(F)F)C1=O,1.610097337277983e-05
Cn1ncnc1CCNC(=O)Nc1cccc(NC(=O)C[C@](C)(O)C(F)(F)F)c1,1.0322471810006471e-05
CN(C[NH+](C)CC(=O)Nc1ccc(Cl)cn1)C(=O)Cn1nnc(-c2cccs2)n1,2.432097488565836e-09
Cc1ccc(SCC(=O)NNC(=O)C[C@](C)(O)C#N)cc1,0.00023230736235967277
C[C@H](NC(=O)C(=O)Nc1ccc(F)c(F)c1F)/C(C#N)=C/[C@@H]1C=CC=N1,0.11549265257600248
O=C(N[C@@H]1N[C@H](c2ccccc2)CS1)C(=O)N[C@@H]1C[C@@H]1c1c(F)cccc1F,0.12231972014833577
C[C@@H](NC(=O)Cn1ccc(C(F)(F)F)n1)NC(=O)/C(C#N)=C/[C@@H]1C=CC=N1,3.3875343850809727e-05
N#C[C@@H]1N[C@H](c2ccccc2)CS1,2.606651669136681e-06
C[C@](O)(CC(=O)NC(=O)N[C@@H]1C[C@@H]1c1c(F)cccc1F)C(F)(F)F,0.3062516554836408
C[C@@H](C(=O)N1CC[C@@H](C#N)C1)n1cncn1,2.119604357705239e-06
COCc1cc(NCCCNc2ncnc3c2cnn3C)n2ncnc2n1,2.0459211496404414e-07
O=C(NCCCn1nc2ccccn2c1=O)Nc1cc(F)cc([C@@H]2C=CC=N2)c1,0.025366913503703924
N#C/C(=C\[C@@H]1C=CC=N1)C(=O)C(=O)Nc1ccc(-n2cccn2)cc1C(F)(F)F,0.0031800309933244647
C[C@@H](NC(=O)Cn1ccc(C(F)(F)F)n1)c1ccc(-n2cccn2)cc1C(F)(F)F,1.3899973429619663e-06
C[C@@H]1C[C@@H]1NC(=O)C(=O)Nc1ccc(-n2cccn2)cc1C(F)(F)C#N,0.040137168657614235
O=C(c1cccc(OCc2nccn2C(F)F)c1)[C@@H]1C=CC=N1,0.0016233832232972264
Cn1ncnc1CCNC(=O)Nc1cccc(OCC(F)(F)[C@@H]2C=CC=N2)c1,0.0607379045138226
C[NH+](CC(=O)Nc1ccc(Cl)cn1)C(=O)/C(C#N)=C/[C@@H]1C=CC=N1,7.600418062658954e-07
C[C@@H](NC(=O)Cn1ccc(C(F)(F)F)n1)N[C@@H]1N[C@H](c2ccccc2)CS1,0.20981626800588188
CC(=O)Nc1ccc(C(=O)N[C@@H]2C[C@@H]2c2c(F)cccc2F)c(C(F)(F)F)c1,1.4389734138290427e-08
C[C@](O)(CC(=O)NCNS(=O)(=O)Cc1ccccc1F)C(F)(F)F,0.002851361705651159
O=C(N[C@@H]1N[C@H](c2ccccc2)CS1)c1cccc(OCc2nccn2C(F)F)c1,9.227737474687346e-07
C[C@@H](C(=O)N1CC[C@@H](CNS(=O)(=O)Cc2ccccc2F)C1)n1cncn1,0.0003936856161567593
C[C@@H]1C[C@@H]1NC(=O)C(=O)Nc1ccc(-n2cccn2)cc1C(F)(F)[C@@H]1C=CC=N1,0.0777214749124926
C[C@H](NC(=O)C(=O)Nc1ccc(F)c(F)c1F)c1cn(C)nc1[C@@H]1C=CC=N1,0.19588315947134813
C[C@@H](NC(=O)Cn1ccc(C(F)(F)F)n1)N[C@H]1CCCN(CC(F)(F)F)C1=O,0.14342293307765336
N#C/C(=C\[C@@H]1C=CC=N1)CN(CCC(F)(F)F)C(=O)c1cnc2ccccn2c1=O,0.06727166259040859
CN(C[C@@H]1N[C@H](c2ccccc2)CS1)C(=O)Cn1nnc(-c2cccs2)n1,0.1654651364011564
N#C/C(=C\[C@@H]1C=CC=N1)C(=O)N[C@@H]1N[C@H](c2ccccc2)CS1,0.3801117911905422
N#C/C(=C\[C@@H]1C=CC=N1)C(=O)NC(=O)c1cccc(OCc2nccn2C(F)F)c1,0.0008118452291043858
N#C/C(=C\[C@@H]1C=CC=N1)n1cc(CNS(=O)(=O)Cc2ccccc2F)nn1,0.0002230882961706985
COCc1cc(NCCNS(=O)(=O)Cc2ccccc2F)n2ncnc2n1,2.920101597720127e-05
CNC(=O)c1cccc(NC(=O)NCN2C(=O)N[C@](C)(c3cnn(C)c3)C2=O)c1C,1.2312556185605268e-12
C[C@H](O)CNC(=O)c1cccc(OCc2nccn2C(F)C#N)c1,0.014778208400764797
CNC(=O)c1cccc(NC(=O)NCCOC[C@@H]2N[C@H](c3ccccc3)CS2)c1C,5.32241934309874e-05
N#C/C(=C\[C@@H]1C=CC=N1)C(=O)COc1cccc(NC(=O)NCC(=O)NC2CC2)c1,5.767533262789011e-09
N#C/C(=C\[C@@H]1C=CC=N1)N[C@@H]1N[C@H](c2ccccc2)CS1,0.06093267022075296
FC(F)(F)c1cc(-n2cccn2)ccc1[C@@H]1C=CC=N1,1.1393874471490159e-09
N#Cc1cc(OCC(F)(F)F)c2ccccc2n1,5.229041210822511e-06
CNC(=O)c1cccc(NC(=O)NN[C@@H]2N[C@H](c3ccccc3)CS2)c1C,0.011950879517701369
CN(CCNS(=O)(=O)Cc1ccccc1F)C(=O)Cn1nnc(-c2cccs2)n1,8.961146497462485e-05
Cc1ccc(SCC(=O)NNC(=O)C[C@](C)(O)/C(C#N)=C/[C@@H]2C=CC=N2)cc1,6.208937398876492e-05
N#CC(=O)N[C@@H]1N[C@H](c2ccccc2)CS1,0.0008163838704002938
Cc1nn(C)cc1[C@H](C)NC(=O)C(=O)N[C@@H]1N[C@H](c2ccccc2)CS1,0.013164065944219712
Cn1nccc1CNC(=O)NCc1ccc(O[C@@H]2C=CC=N2)c(OC(F)F)c1,0.09805856719845864
N#C/C(=C\[C@@H]1C=CC=N1)C(=O)CCNC(=O)Nc1cc(F)cc(F)c1,0.0518181963202672
O=C(N[C@H]1CCCN(CC(F)(F)F)C1=O)N[C@@H]1C[C@@H]1c1c(F)cccc1F,0.027957679672719445
O=C(N[C@H](c1ccccc1F)[C@@H]1C=CC=N1)c1cn(-c2ccc(F)cc2)nn1,0.014479185177078698
O=C(NCc1cccnc1)NCc1ccnc(OCC(F)[C@@H]2C=CC=N2)c1,0.10633782426475036
Cc1nn(C)cc1[C@H](C)NC(=O)C(=O)[C@@H]1CCN(C(=O)[C@H](C)n2cncn2)C1,4.1880973732439487e-10
N#C/C(=C\[C@@H]1C=CC=N1)C(=O)Cc1ccccc1C(=O)Nc1cnn(CC(F)F)c1,0.0011913171378948348
CNC(=O)c1cccc(NC(=O)NC(=O)C(=O)N[C@@H](C)c2cn(C)nc2C)c1C,5.912044522554763e-11
CN(CC(=O)N[C@@H]1C[C@@H]1c1c(F)cccc1F)C(=O)Cn1nnc(-c2cccs2)n1,0.07170121717669761
O=C(N[C@@H]1N[C@H](c2ccccc2)CS1)N[C@@H]1C[C@@H]1c1c(F)cccc1F,2.2209329766961832e-05
CC(=O)Nc1ccc(NC(=O)/C(C#N)=C/[C@@H]2C=CC=N2)c(C(F)(F)F)c1,0.0038079303026184244
C[C@@H](C(=O)N1CC[C@@H](CCCNC(=O)Nc2cc(F)cc(F)c2)C1)n1cncn1,0.0047633736947565114
COCc1cc(NCC(=O)/C(C#N)=C/[C@@H]2C=CC=N2)n2ncnc2n1,4.684438887223046e-07
O=C(N[C@@H]1C[C@@H]1c1c(F)cccc1F)[C@@H]1N[C@H](c2ccccc2)CS1,2.1854575657881245e-06
CC(=O)Nc1ccc(NS(=O)(=O)Cc2ccccc2F)c(C(F)(F)F)c1,3.5155808265123123e-05
COCc1cc(NCc2ccc(NC(C)=O)cc2C(F)(F)F)n2ncnc2n1,0.011250349570637313
O=C(NNC(=O)[C@@H]1C=CC=N1)N[C@H]1CCN(CC(F)(F)F)C1,4.628150426854615e-07
N#CCCN(CC/C(C#N)=C/[C@@H]1C=CC=N1)C(=O)c1cnc2ccccn2c1=O,0.00015280002802832963
O=C(NCCc1ccc(-n2cccn2)cc1C(F)(F)F)Nc1cc(F)cc(F)c1,1.9347070311678589e-10
C[C@@H](NC(=O)Cn1ccc(C(F)(F)F)n1)/C(C#N)=C/[C@@H]1C=CC=N1,0.4023484211033566
C[C@@H](C(=O)N1CC[C@@H](C(=O)N[C@@H]2N[C@H](c3ccccc3)CS2)C1)n1cncn1,0.0012858748309608084
CN(Cc1ccc(OC(F)F)cc1)C(=O)C(=O)N[C@@H]1C=CC=N1,0.08900391264466814
N#C/C(=C\[C@@H]1C=CC=N1)[C@H](O)COc1ccccc1C(F)(F)F,0.01727154038531516
N#C/C(=C\[C@@H]1C=CC=N1)C(=O)N[C@H]1CCCN(CC(F)(F)F)C1=O,0.028114766684835594
O=C1[C@@H](N[C@@H]2C=CC=N2)CCCN1CC(F)(F)F,6.332791461735678e-05
C[NH+](CC(=O)Nc1ccc(Cl)cn1)C(=O)NNC(=O)N[C@H]1CCN(CC(F)(F)F)C1,1.282893192361019e-12
Cc1ccc(S(=O)(=O)NCc2ccc([C@@H]3C=CC=N3)cc2)cc1F,0.0003792509510152277
O=C(NNC(=O)N[C@H]1CCCN(CC(F)(F)F)C1=O)N[C@H]1CCN(CC(F)(F)F)C1,9.390813453349559e-06
C[C@](O)(CC(=O)NOc1cc(CNC(=O)NCc2cccnc2)ccn1)C(F)(F)F,1.0252948703207474e-06
C[C@@H](NC(=O)C[C@@H]1N[C@H](c2ccccc2)CS1)/C(C#N)=C/[C@@H]1C=CC=N1,0.018814738486545173
COCc1cc(NC/C(C#N)=C/[C@@H]2C=CC=N2)n2ncnc2n1,0.0019697993140088406
C[C@H](O)CNC(=O)c1cccc(OCc2nccn2C(F)[C@@H]2C=CC=N2)c1,0.07799120117545143
Cc1nccn1-c1cncc(N[C@H]2CCCN(CC(F)(F)C#N)C2=O)n1,0.015880127426951444
O=S(=O)(Cc1ccccc1F)NCn1ccc(C(F)(F)F)n1,0.06559220903965791
CNC(=O)c1cccc(NC(=O)NC#N)c1C,0.0005364126804827052
C[C@](O)(CC(=O)N[C@@H]1C=CC=N1)C(F)(F)F,8.939397868921743e-05
O=S(=O)(Cc1ccccc1F)NCc1ccc(-n2cccn2)cc1C(F)(F)F,4.877541792889525e-05
CN(C[C@@H]1C=CC=N1)C(=O)Cn1nnc(-c2cccs2)n1,0.0038246704612551158
Cc1nn(C)cc1[C@H](C)NC(=O)C(=O)c1ccc(-n2cccn2)cc1C(F)(F)F,0.015289784736551308
C[NH+](CC(=O)Nc1ccc(Cl)cn1)C(=O)NNC(=O)N[C@H]1CCN(CC(F)(F)F)C1,1.282893192361019e-12
N#C[C@@H]1N[C@H](c2ccccc2)CS1,2.606651669136681e-06
FC(F)(F)COc1cc([C@@H]2N[C@H](c3ccccc3)CS2)nc2ccccc12,2.2649036573884966e-19
O=C(N[C@@H]1N[C@H](c2ccccc2)CS1)/C(=C/[C@@H]1C=CC=N1)[C@@H]1C=CC=N1,0.059162123357919615
Cc1ccc(S(=O)(=O)NCc2ccc(-n3ccc(C(F)(F)F)n3)cc2)cc1F,8.402440650431188e-06
O=C(c1cnc2ccccn2c1=O)N(CCC(F)(F)F)Cn1ccc(C(F)(F)F)n1,0.02997866643692045
Cc1nn(C)cc1[C@H](C)NC(=O)C(=O)c1cc(OCC(F)(F)F)c2ccccc2n1,0.0009774369119996092
CN(CCCNc1ncnc2c1cnn2C)C(=O)Cn1nnc(-c2cccs2)n1,6.84568581359963e-07
O[C@H](COc1ccccc1C(F)(F)F)c1ccc(-n2cccn2)cc1C(F)(F)F,2.9628353998079087e-15
N#C/C(=C\[C@@H]1C=CC=N1)C(=O)N[C@@H]1N[C@H](c2ccccc2)CS1,0.3801117911905422
Cn1cc([C@@]2(C)NC(=O)N(CCCNC(=O)Nc3cc(F)cc(F)c3)C2=O)cn1,0.0010800050942002574
O=C1[C@@H](Nc2cncc([C@@H]3C=CC=N3)n2)CCCN1CC(F)(F)F,0.41010000261435536
O=C(NNC(=O)[C@@H]1C=CC=N1)N[C@H]1CCN(CC(F)(F)F)C1,4.628150426854615e-07
N#C/C(=C\[C@@H]1C=CC=N1)c1ccc(NC(=O)NNc2ccc(F)c(F)c2F)c[nH+]1,0.0008626818630894595
O=C(NCc1cccnc1)NCc1ccnc(O[C@@H]2C=CC=N2)c1,0.16713253557078173
N#C/C(=C\[C@@H]1C=CC=N1)C(=O)NC(=O)NNC(=O)N[C@H]1CCN(CC(F)(F)F)C1,3.110412779554126e-14
N#C/C(=C\[C@@H]1C=CC=N1)NS(=O)(=O)Cc1ccccc1F,0.12640773731714014
O=C1[C@@H](N[C@@H]2C=CC=N2)CCCN1CC(F)(F)F,6.332791461735678e-05
Cn1cnc([N+](=O)[O-])c1N1CCN(c2ccc(C(F)(F)C#N)cn2)CC1,0.007649918754950271
O=S(=O)(Cc1ccccc1F)N[C@@H]1C=CC=N1,0.0013463893831986136
C[C@@H](NC(=O)CCNS(=O)(=O)Cc1ccccc1F)/C(C#N)=C/[C@@H]1C=CC=N1,0.0002363995204736394
CN(C[C@@H](COc1ccccc1C(F)(F)F)[C@@H]1C=CC=N1)C(=O)c1cnccn1,0.0012531453859607165
N#C/C(=C\[C@@H]1C=CC=N1)NC(=O)/C(C#N)=C/[C@@H]1C=CC=N1,0.00030187374609436866
CNC(=O)c1cccc(NC(=O)NCCOCF)c1C,0.08716238055515893
O=C1[C@@H](N[C@H](O)COc2ccccc2C(F)(F)F)CCCN1CC(F)(F)F,0.04865236660490696
COc1cc(F)cc(CNc2cc(C(F)(F)F)nc3ncnn23)c1,0.010016214962749766
C[C@@H](C(=O)N1CC[C@@H]([C@H](O)COc2ccccc2C(F)(F)F)C1)n1cncn1,0.14369458125918486
COCc1cc(NCc2ccc(-n3cccn3)cc2C(F)(F)F)n2ncnc2n1,0.01061846122529788
C[NH+](CC(=O)Nc1ccc(Cl)cn1)C(=O)NNC(=O)N[C@H]1CCN(CC(F)(F)F)C1,1.282893192361019e-12
O=S(=O)(Cc1ccccc1F)NCc1cn(CC(F)(F)F)nn1,0.13329943902691427
CNC(=O)c1cccc(NC(=O)NCNc2cc(COC)nc3ncnn23)c1C,3.9766012612315523e-10
CNC(=O)c1cccc(NC(=O)N[C@@H]2C=CC=N2)c1C,0.0906777345647663
N#C/C(=C\[C@@H]1C=CC=N1)C(=O)NNS(=O)(=O)Cc1ccccc1F,5.673230111209013e-06
C[C@H](CC(F)(F)F)NC(=O)Cn1ccc(C(F)(F)F)n1,0.000637619693449165
N#C/C(=C\[C@@H]1C=CC=N1)C(=O)/C(C#N)=C/[C@@H]1C=CC=N1,0.020008164569676253
C[C@@H](NC(=O)Cn1ccc(C#N)n1)/C(C#N)=C/[C@@H]1C=CC=N1,1.899451887111975e-05
O=S(=O)(Cc1ccccc1F)NN[C@@H]1N[C@H](c2ccccc2)CS1,0.30750804810810045
C[C@@H](NC(=O)CCC(F)(F)F)/C(C#N)=C/[C@@H]1C=CC=N1,0.12482718468358713
O=S(=O)(CC(F)(F)F)NC[C@@H]1CCCN(c2ncccn2)C1,0.03593670554726332
FC(F)(F)N[C@@H]1N[C@H](c2ccccc2)CS1,2.3213005696031976e-08
N#COc1cccc(NC(=O)NCC(=O)NC2CC2)c1,0.0001841465214300073
C[NH+](CC(=O)Nc1ccc(Cl)cn1)C(=O)/C(C#N)=C/[C@@H]1C=CC=N1,7.600418062658954e-07
CCCc1cc(NC(=O)CNC(=O)c2cc(F)cc([C@@H]3C=CC=N3)c2)n(C)n1,0.01891958857283185
N#C/C(=C\[C@@H]1C=CC=N1)[C@@H]1N[C@H](c2ccccc2)CS1,0.0005277868419849697
COc1ccc([C@H](CC(F)(F)F)[C@@H](C)NC(=O)Cn2ccc(C(F)(F)F)n2)cc1,2.505590143647296e-08
C[C@@H](C(=O)N1CC[C@@H](c2cc(OCC(F)(F)F)c3ccccc3n2)C1)n1cncn1,0.0005762465481699562
Cc1nn(C)cc1[C@H](C)NC(=O)C(=O)CCNC(=O)Nc1cc(F)cc(F)c1,0.003314326446730072
O=C(NCCC(F)(F)F)Nc1cc(F)cc(F)c1,1.510880364265123e-06
C[C@@H](NC(=O)Cn1ccc(/C(C#N)=C/[C@@H]2C=CC=N2)n1)/C(C#N)=C/[C@@H]1C=CC=N1,1.6986566037217636e-05
COc1cc(F)cc(CNc2cc(/C(C#N)=C/[C@@H]3C=CC=N3)nc3ncnn23)c1,0.0029526260350115903
CN(Cc1ccc(OC(F)F)cc1)C(=O)C(=O)Nn1ccc(C(F)(F)F)n1,0.4502509440887488
O=C(NCc1cccnc1)NCc1ccnc(OOC(F)F)c1,0.2786359872461249
C[C@@H](NC(=O)C(=O)Nc1ccc(OC(F)F)c(C#N)c1)c1cnn(C)c1,0.002443680827518036
O[C@H](COc1ccccc1C(F)(F)F)n1ccc(C(F)(F)F)n1,2.2257558411810174e-06
C[C@@H](NC(=O)C[C@@H]1N[C@H](c2ccccc2)CS1)/C(C#N)=C/[C@@H]1C=CC=N1,0.018814738486545173
O=C(CNC(=O)Nc1cccc(O[C@@H]2N[C@H](c3ccccc3)CS2)c1)NC1CC1,0.0011397600090720177
Cn1cc([C@@]2(C(F)(F)F)NC(=O)N(CCOc3ccc(F)cc3Cl)C2=O)cn1,0.1652282260015303
Cc1nn(C)cc1[C@H](C)NC(=O)C(=O)[C@@H]1N[C@H](c2ccccc2)CS1,0.117182497104202
O[C@H](COc1ccccc1C(F)(F)F)[C@@H]1N[C@H](c2ccccc2)CS1,1.8402812698414438e-08
C[C@H](O)CNC(=O)c1cccc(OCc2nccn2C(F)F)c1,0.4194765128075865
CN(C[C@H](O)COc1ccccc1OC(F)F)C(=O)c1cnccn1,0.17820040181605534
CNC(=O)c1cccc(NC(=O)NCCCNC(=O)Nc2cc(F)cc(F)c2)c1C,9.715723943903105e-06
N#C/C(=C\[C@@H]1C=CC=N1)C(=O)Nn1cc(CNS(=O)(=O)Cc2ccccc2F)nn1,3.12473989601393e-13
Cc1nn(C)cc1[C@H](C)NC(=O)C(=O)c1cc(OCC(F)(F)F)c2ccccc2n1,0.0009774369119996092
CNC(=O)c1cccc(NC(=O)NCCOCC(F)F)c1C,0.26833342761113116
Cc1nn(C)cc1[C@H](C)NC(=O)C(=O)[C@@H]1N[C@H](c2ccccc2)CS1,0.117182497104202
CC(=O)Nc1ccc(NC(=O)/C(C#N)=C/[C@@H]2C=CC=N2)c(C(F)(F)F)c1,0.0038079303026184244
COCc1cc(NCc2ccc(NC(C)=O)cc2C(F)(F)F)n2ncnc2n1,0.011250349570637313
COC(=O)[C@](NC(=O)c1ccc(F)cc1)(Nc1[nH+]cccc1C)C(F)(F)C(F)F,0.18754526245013972
CN(C)c1ccc(NC(=O)NNc2ccc(F)c(F)c2F)c[nH+]1,0.3941456975359625
C[C@@H](NC(=O)Cn1ccc(C(F)(F)F)n1)NC(=O)C[C@](C)(O)C(F)(F)F,0.008708863543600303
O=C(Nn1ccc(C(F)(F)F)n1)C(F)F,4.418174518076169e-07
CNC(=O)c1cccc(NC(=O)NCCOCC(F)(F)F)c1C(F)F,0.12675858702940046
C[C@H](NC(=O)C(=O)Nc1ccc(F)c(F)c1F)c1cn(C)nc1F,0.2871687439688835
CC(C)NC(=O)C(=O)Nc1ccc(OC(F)F)c(F)c1,0.11956972476034526
C[C@H](CCNC(=O)Nc1cc(F)cc(F)c1)NC(=O)Cn1ccc(C(F)(F)F)n1,0.018919066048086523
O=C(CNC(=O)Nc1cccc(OC(=O)Nn2ccc(C(F)(F)F)n2)c1)NC1CC1,2.085918312340729e-06
O=C(NNc1ccc(F)c(F)c1F)OC(F)F,3.207117914392816e-05
COc1ccc(CNC(=O)NCc2ccnn2CC(F)(F)F)cc1OC(F)F,0.017748105448944076
CN(Cc1ccc(OC(F)F)cc1)C(=O)C(=O)NOC(F)F,0.06432995581158021
O=C(NNc1ccc(F)c(F)c1F)Nc1ccc(F)[nH+]c1,0.05003058987123653
C[C@H](O)CNC(=O)c1cccc(OCc2nccn2C(F)C(F)(F)F)c1,0.16562609708844786
C[C@@H](NC(=O)C(=O)Nc1ccc(OC(F)CC(F)(F)F)c(F)c1)c1cnn(C)c1,0.016294114987569108
COc1ccc([C@H](C[C@H](C)O)[C@@H](C)NC(=O)Cn2ccc(C(F)(F)F)n2)cc1,0.002982544955103428
O=C(NNc1ccc(F)c(F)c1F)Nc1ccc(-n2ccc(C(F)(F)F)n2)[nH+]c1,0.0019412283757305087
CC(=O)Nc1ccc(CC(F)(F)F)c(C(F)(F)F)c1,2.4537336418439288e-11
C[C@H](NC(=O)C(=O)Nc1ccc(F)c(F)c1F)c1cn(C)nc1F,0.2871687439688835
O=C(NCCc1cn2ccccc2n1)c1cnn(-c2ccc(C(F)(F)F)cc2)n1,0.03799396224908723
O=C1[C@@H](NS(=O)(=O)NC[C@@H]2CCCN(c3ncccn3)C2)CCCN1CC(F)(F)F,1.0058892137195013e-06
C[C@H](O)C[C@H](NC(=O)c1cn(-c2ccc(F)cc2)nn1)c1ccccc1F,0.05005244126873274
Cc1ccc(S(=O)(=O)NCc2ccc(OC(F)F)cc2)cc1F,0.0003829083610507426
CN(C)c1ccc(NC(=O)NNc2ccc(F)c(F)c2C(F)(F)F)c[nH+]1,0.02114617893428096
Cn1cc([C@@]2(C)NC(=O)N(CN[C@H]3CCCN(CC(F)(F)F)C3=O)C2=O)cn1,1.362027405332033e-06
CN(C[C@@H](COc1ccccc1C(F)(F)F)C(F)F)C(=O)c1cnccn1,4.224280617868995e-05
CN(C)c1ccc(NNC(=O)c2cccc(OCc3nccn3C(F)F)c2)c[nH+]1,0.0592800167056365
COCc1cc(NCNc2ccc(N(C)C)[nH+]c2)n2ncnc2n1,9.765613180312691e-05
CC(=O)Nc1ccc(F)c(C(F)(F)F)c1,5.353469648408471e-09
O=C(c1cnc2ccccn2c1=O)N(CCC(F)(F)F)CCC(F)(F)F,0.0015520352651962742
FC(F)(F)Cc1ccc(-n2cccn2)cc1C(F)(F)F,4.7662373286211165e-15
CC(=O)Nc1ccc(CCNC(=O)Nc2cc(F)cc(F)c2)c(C(F)(F)F)c1,2.543520875980246e-08
Cn1cc([C@@]2(C)NC(=O)N(CN[C@H]3CCCN(CC(F)(F)F)C3=O)C2=O)cn1,1.362027405332033e-06
O[C@H](COc1ccccc1C(F)(F)F)OC(F)F,4.51471029987412e-06
C[C@](O)(CC(=O)NC(F)(F)F)C(F)(F)F,8.694119717186922e-06
C[C@H](O)CC(F)Oc1ccc(NC(=O)C(=O)N[C@H](C)c2cnn(C)c2)cc1F,0.0018530292517321301
C[C@H](O)CNc1ccc(N(C)C)[nH+]c1,3.832375922384466e-07
CC(=O)Nc1ccc(C(=O)Nn2ccc(C(F)(F)F)n2)c(C(F)(F)F)c1,0.0020172507456019517
CN(C)c1ccc(Nc2cc(OCC(F)(F)F)c3ccccc3n2)c[nH+]1,9.098889622948758e-07
FC(F)c1ccc(-n2cccn2)cc1C(F)(F)F,1.3047219462005312e-14
C[NH+](CCNC(=O)Nc1cc(F)cc(F)c1)CC(=O)Nc1ccc(Cl)cn1,0.03973341739287138
CN(CC(=O)Nn1ccc(C(F)(F)F)n1)C(=O)Cn1nnc(-c2cccs2)n1,1.7350807986963057e-05
O=C(Nc1cnn(CC(F)F)c1)c1ccccc1COC(F)F,0.000906543290691393
O=S(=O)(Cc1ccccc1F)N[C@H](O)COc1ccccc1C(F)(F)F,0.09813487215413233
CC(=O)Nc1ccc(-c2ccc(-n3cccn3)cc2C(F)(F)F)c(C(F)(F)F)c1,7.062989300963922e-20
O=C(NNC(=O)C(=O)Nn1ccc(C(F)(F)F)n1)N[C@H]1CCN(CC(F)(F)F)C1,5.032696899158945e-11
O=C(NNc1ccc(F)c(F)c1F)c1cc(OCC(F)(F)F)c2ccccc2n1,4.8979388431362304e-09
C[C@@H](NC(=O)Cn1ccc(C(F)F)n1)/C(C#N)=C/[C@@H]1C=CC=N1,0.38089223868814737
C[C@H](O)CNC(=O)c1cccc(OCc2nccn2CC(F)(F)F)c1,0.38819792037966067
C[C@H](O)CNc1ccc(N(C)C)[nH+]c1,3.832375922384466e-07
CNC(=O)c1cccc(NC(=O)NCCOCNC(=O)C[C@](C)(O)C(F)(F)F)c1C,6.996169847295332e-09
CC(=O)Nc1ccc(Nc2ccc(N(C)C)[nH+]c2)c(C(F)(F)F)c1,0.000570340389489258
CNC(=O)c1cccc(NC(=O)NCCOCC(F)(F)F)c1C,0.39594071478114434
Cn1ncnc1CCNC(=O)Nc1cccc(C(F)F)c1,0.30053643275158026
O=C(c1cnc2ccccn2c1=O)N(CF)CCC(F)(F)F,0.016562790805520852
C[NH+](CC(=O)Nc1ccc(Cl)cn1)CC(=O)Nc1ccccc1C(F)(F)F,0.47856432106607466
FC(F)(F)CCc1nccn1CC(F)(F)F,1.3904933562917214e-11
CCCc1cc(NC(=O)CNC(=O)c2cc(F)cc(C[C@H](C)O)c2)n(C)n1,0.0036961448073254874
Fn1ccc(C(F)(F)F)n1,8.256943656123939e-14
CNC(=O)NC(=O)c1cccc(OCc2nccn2C(F)F)c1,0.2803950021683135
O=C(CCCNC(=O)Nc1cc(F)cc(F)c1)Nc1ccccc1C(F)(F)F,1.0881685001396522e-09
CNC(=O)Nc1cccc(C(=O)NC)c1C,0.006651435413788204
CN(C[C@@H](COc1ccccc1C(F)(F)F)OC(F)F)C(=O)c1cnccn1,0.002044015097124692
Cn1cc([C@@]2(C)NC(=O)N(CC(=O)NCCOCC(F)(F)F)C2=O)cn1,4.2854147902865015e-09
CC(C)CN1C(=O)N[C@@](NC(=O)c2ccccc2F)(C(F)(F)F)C1=O,0.4729607630932609
O=C(Nc1cnn(CC(F)F)c1)c1ccccc1CC(F)(F)F,3.167829826544984e-06
C[C@H](O)CNC(=O)c1cccc(OCc2nccn2C(F)C(F)F)c1,0.35841623741515594
O=C1[C@@H](Nc2cncc([C@@H]3C=CC=N3)n2)CCCN1C(F)(F)F,0.35034315022219675
CC(=O)Nn1ccc(C(F)(F)F)n1,2.453611542467411e-07
CNC(=O)CNS(=O)(=O)Cc1ccccc1F,1.8219398662643513e-07
Cc1nccn1-c1cncc(N[C@H]2CCCN(CC(F)(F)F)C2=O)n1,0.45789110860226284
O=C(NCCCNS(=O)(=O)Cc1ccccc1F)Nc1cc(F)cc(F)c1,0.0456415250147112
CN(C)c1ccc(NCc2ccccc2C(=O)Nc2cnn(CC(F)F)c2)c[nH+]1,0.0064028849842700086
C[C@@H](NC(=O)Cn1ccc(-n2ccc(C(F)(F)F)n2)n1)/C(C#N)=C/[C@@H]1C=CC=N1,0.02896094739516871
O=C(CNS(=O)(=O)Cc1ccccc1F)NCCOCC(F)(F)F,0.007059548540692274
CNC(=O)Oc1cc(CNC(=O)NCc2cccnc2)ccn1,0.0007461569976311067
Cn1ncnc1CCNC(=O)Nc1cccc(OCC(F)(F)F)c1,0.4296954054697704
Cc1nccn1/C(=C\[C@@H]1C=CC=N1)[C@@H](C)NC(=O)Cn1ccc(C(F)(F)F)n1,0.19403744416877755
COc1ccc(CNC(=O)NCc2ccnn2CC(F)(F)F)cc1OC(F)F,0.017748105448944076
Cc1cc(NC(=O)C(=O)N(C)Cc2ccc(OC(F)n3ccnc3C)cc2)n(C)n1,0.008070128554373729
C[NH+](CC(=O)Nc1ccc(Cl)cn1)c1cc(OCC(F)(F)F)c2ccccc2n1,0.012841433589717281
Cc1nccn1-c1cncc(N[C@H]2CCCN(Cn3ccc(C(F)(F)F)n3)C2=O)n1,0.051569114792309696
Cc1ccc(SCC(=O)NNC(=O)CC(C)(C)O)cc1,0.0511296069695299
CNC(=O)c1cccc(NS(=O)(=O)NC[C@@H]2CCCN(c3ncccn3)C2)c1C,1.0365759287054633e-06
COC(=O)[C@](NC(=O)c1ccc(F)cc1)(Nc1[nH+]cccc1C)C(F)(F)OC(F)F,0.08802392887720209
CNC(=O)c1cccc(NC(=O)NCCOCC(F)(F)F)c1F,0.3794199241956451
C[C@H](O)C[NH+](C)CC(=O)Nc1ccc(Cl)cn1,5.839305814116075e-10
C[C@@H](NC(=O)CCNS(=O)(=O)Cc1ccccc1F)/C(C#N)=C/[C@@H]1C=CC=N1,0.0002363995204736394
CN(C)c1ccc(NC(=O)NNC(=O)N[C@H]2CCN(CC(F)(F)F)C2)c[nH+]1,4.2981657927952405e-06
C[C@]1(C(F)(F)F)NC(=O)N(CCOc2ccc(F)cc2Cl)C1=O,0.006782912653647754
CNC(=O)c1cccc(NC(=O)NCCOCC(F)F)c1C,0.26833342761113116
Cn1ncnc1CCNC(=O)NNS(=O)(=O)Cc1ccccc1F,2.359400673018756e-11
FC(F)Oc1cccc(OCC(F)(F)F)c1,1.779464186210338e-12
C[C@H](O)Cc1ccc(NC(=O)NNc2ccc(F)c(F)c2F)c[nH+]1,0.2874716231786705
Cc1nccn1C(F)(F)COc1cccc(NC(=O)NCCc2ncnn2C)c1,0.011325555596720747
CNC(=O)CN(CCC(F)(F)F)C(=O)c1cnc2ccccn2c1=O,0.005316744361914135
COc1ccc(CNC(=O)NCc2ccnn2C)cc1OC(F)F,0.4148662859254979
CNC(=O)[C@@H]1CCN(C(=O)[C@H](C)n2cncn2)C1,1.2138267907887066e-10
Cc1nccn1C(F)(F)[C@]1(NC(=O)c2ccccc2F)NC(=O)N(CC(C)C)C1=O,0.027734559018717297
CC(=O)Nc1ccc(CN(C)C(=O)Cn2nnc(-c3cccs3)n2)c(C(F)(F)F)c1,0.004131729467803406
CC(=O)Nc1ccc(-c2cccc(OCC(F)(F)F)c2)c(C(F)(F)F)c1,8.2796239058154335e-19
Cc1nccn1[C@@H]1CCN(C(=O)[C@H](C)n2cncn2)C1,0.0017685240983175256
CNC(=O)c1cccc(NCC(=O)Nc2ccccc2C(F)(F)F)c1C,0.0006989113163796935
Cn1nccc1CNC(=O)NNC(=O)NCCc1ncnn1C,7.925980120475539e-22
C[NH+](CN[C@H]1CCCN(CC(F)(F)F)C1=O)CC(=O)Nc1ccccc1C(F)(F)F,0.007540741603012723
C[C@H](O)CNC(=O)c1cccc(OCc2nccn2C(F)C(F)F)c1,0.35841623741515594
O=C(NNC(=O)C(=O)NCCOCC(F)(F)F)N[C@H]1CCN(CC(F)(F)F)C1,1.9757005490035415e-11
C[C@H](NC(=O)C(=O)Nc1ccc(F)c(F)c1F)c1cn(C)nc1C(F)F,0.17719242080512804
C[C@H](O)Cc1cncc(N[C@H]2CCCN(CC(F)(F)F)C2=O)n1,0.07965489946246374
CN(Cc1ccc(OC(F)F)cc1)C(=O)C(=O)NC(F)(F)F,0.02933001387445362
FC(F)(F)COc1cc(CC(F)(F)F)nc2ccccc12,2.4461106211198568e-15
O=C(CNC(=O)Nc1cccc(OCF)c1)NC1CC1,0.07837102612587059
C[C@H](NC(=O)C(=O)Nc1ccc(F)c(F)c1F)C(F)(F)F,0.005443523087290345
O=S(=O)(Cc1ccccc1F)NCc1cn(OC(F)F)nn1,0.00036434014155159016
COc1ccc(CNC(=O)NCCOCC(F)(F)F)cc1OC(F)F,0.07253022504142465
CN(Cc1ccc(OC(F)F)cc1)C(=O)OC(F)F,1.7643617518859205e-06
C[NH+](CC(=O)Nc1ccc(Cl)cn1)CC(=O)Nc1ccccc1C(F)(F)OC(F)F,0.3073863565022335
CC(=O)Nc1ccc(C(=O)NCCOCC(F)(F)F)c(C(F)(F)F)c1,0.015051423279049151
CNC(=O)c1cccc(Nc2cc(OCC(F)(F)F)c3ccccc3n2)c1C,1.280590858543001e-10
Cc1nn(C)cc1[C@H](C)NC(=O)C(=O)c1cccc(OCC(F)(F)F)c1,0.07553916733581788
COC(=O)[C@](NC(=O)c1ccc(F)cc1)(Nc1[nH+]cccc1C)C(F)(F)C[C@H](C)O,0.0026630645501413515
CNC(=O)c1cccc(NC(=O)N[C@@H]2CCN(C(=O)[C@H](C)n3cncn3)C2)c1C,2.5340701876832647e-08
C[C@H](O)CC(=O)NNC(=O)N[C@H]1CCN(CC(F)(F)F)C1,3.935623966819011e-09
Cn1cc([C@@]2(C)NC(=O)N(CC(F)(F)F)C2=O)cn1,0.0003370545530753778
O=C(F)c1cccc(OCc2nccn2C(F)F)c1,1.4476721601947642e-05
C[C@H](NC(=O)C(=O)Nc1ccc(F)c(F)c1F)c1cn(C)nc1F,0.2871687439688835
CNC(=O)c1cccc(NC(=O)NCCCNC(=O)Nc2cc(F)cc(F)c2)c1C,9.715723943903105e-06
Cc1nn(C)cc1[C@H](C)NC(=O)C(=O)NC(=O)NCCc1ncnn1C,8.910558563602229e-21
O=C(NCCOC(F)F)Nc1cc(F)cc(F)c1,0.000917850514759047
C[C@H](O)Cc1ccccc1OC[C@@H](O)CN(C)C(=O)c1cnccn1,0.0002482269981464791
O=S(=O)(Cc1ccccc1F)NC(F)F,1.8750942268863428e-05
CNC(=O)C(F)(F)COc1cccc(NC(=O)NCCc2ncnn2C)c1,3.000686671444131e-05
O=C1[C@@H](NCNS(=O)(=O)Cc2ccccc2F)CCCN1CC(F)(F)F,0.08056307805302482
Cn1ncnc1CCNC(=O)Nc1cccc(C(=O)NCCOCC(F)(F)F)c1,0.0003434115320542066
CNC(=O)COCCNC(=O)Nc1cccc(C(=O)NC)c1C,4.395634244644509e-08
Cn1ncnc1CCNC(=O)NN[C@H]1CCCN(CC(F)(F)F)C1=O,3.7461005959823767e-10
Cn1ncnc1CCNC(=O)NOc1cccc(NC(=O)NCC(=O)NC2CC2)c1,1.5287330768511991e-19
Cn1nccc1CNC(=O)NC(F)(F)F,9.33720788871281e-06
CN(Cc1ccc(OC(F)F)cc1)C(=O)C(=O)NC(=O)NCc1ccnn1C,0.00023297701243283792
Cn1nccc1CNC(=O)Cc1ccccc1C(=O)Nc1cnn(CC(F)F)c1,0.05407799096807298
Cn1nccc1CNC(=O)NOc1cc(CNC(=O)NCc2cccnc2)ccn1,1.2038809135876827e-10
O=C1[C@@H](NS(=O)(=O)NC[C@@H]2CCCN(c3ncccn3)C2)CCCN1CC(F)(F)F,1.0058892137195013e-06
COC(=O)[C@](NC(=O)c1ccc(F)cc1)(Nc1[nH+]cccc1C)C(F)(F)C(F)F,0.18754526245013972
COC(=O)C(NC(=O)c1ccc(F)cc1)(C(F)(F)F)C(F)(F)F,0.0020019896261768994
CN(CC(=O)NC(F)(F)F)C(=O)c1cc(OCC(F)(F)F)c2ccccc2n1,0.041692879129640543
CNC(=O)C(=O)c1cccc(OCc2nccn2C(F)F)c1,0.23976417911270975
O=C(Nc1cnn(CC(F)F)c1)c1ccccc1Cn1ccc(C(F)(F)F)n1,5.1588335703632103e-05
Cn1ncnc1CCNC(=O)NCNS(=O)(=O)Cc1ccccc1F,3.719805685527069e-11
O=C(CNC(=O)Nc1cccc(OF)c1)NC1CC1,0.04453548595358779
Cc1nccn1-c1c(NNC(=O)Nc2ccc(N(C)C)[nH+]c2)ccc(F)c1F,0.06691538624060793
CC(=O)Nc1ccc(C(=O)Nc2ccc(Cl)cn2)c(C(F)(F)F)c1,1.583083715553255e-06
COC(=O)[C@](NC(=O)c1ccc(F)cc1)(n1ccnc1C)C(F)(F)F,0.4043617025257564
Cn1nccc1CNC(=O)CC(F)(F)F,6.032663339179129e-06
Cc1ccc(SCC(=O)NNC(=O)C[C@](C)(O)F)cc1,0.05071615691348533
O=C(NCCOCC(F)(F)F)c1cccc(OCC(F)(F)F)c1,0.0002506187796747958
O=C(NCCCCNS(=O)(=O)Cc1ccccc1F)Nc1cc(F)cc(F)c1,0.003017275762378244
C[C@](O)(CC(=O)NCNS(=O)(=O)Cc1ccccc1F)C(F)(F)F,0.002851361705651159
O=C(Nc1ccc(Cl)cn1)C(F)F,9.56867143403819e-07
Cn1cc([C@@]2(C)NC(=O)N(CC(F)(F)F)C2=O)cn1,0.0003370545530753778
Cn1ncnc1CCNC(=O)NOC(F)F,4.704382593849215e-09
CNC(=O)c1cccc(NCC(=O)N[C@H](C)/C(C#N)=C/[C@@H]2C=CC=N2)c1C,0.0006556745650801678
O=C(NNC(=O)C(=O)NCCOCC(F)(F)F)N[C@H]1CCN(CC(F)(F)F)C1,1.9757005490035415e-11
O=C(NCc1cccnc1)NCc1ccnc(OC(=O)Nc2ccc(Cl)cn2)c1,1.1692017321405421e-06
COc1ccc(CNc2cccc(OCC(F)(F)F)c2)cc1OC(F)F,5.272467293405055e-15
CCCc1cc(NC(=O)CNC(=O)c2cc(F)cc(C[C@H](C)O)c2)n(C)n1,0.0036961448073254874
CNC(=O)NC(=O)c1cccc(OCc2nccn2C(F)F)c1,0.2803950021683135
C[C@H](CC(=O)N[C@H](C)/C(C#N)=C/[C@@H]1C=CC=N1)NC(=O)Cn1ccc(C(F)(F)F)n1,0.00028331281948504376
CNC(=O)CC(=O)N[C@H](C)/C(C#N)=C/[C@@H]1C=CC=N1,4.900151960925297e-07
O=C(NCCC[C@H](O)COc1ccccc1C(F)(F)F)Nc1cc(F)cc(F)c1,1.0680318751051838e-08
C[C@@H](NC(=O)Cn1ccc(C(F)(F)F)n1)C(=O)N(C)Cc1ccc(OC(F)F)cc1,0.08893684629418244
COc1ccc(CNCC(=O)N[C@H](C)/C(C#N)=C/[C@@H]2C=CC=N2)cc1OC(F)F,0.012769860219938828
Cn1nccc1CNC(=O)NCc1ccc(OC(F)F)c(OC(F)F)c1,0.1914588792659117
C[C@H](CC(=O)Nc1ccccc1C(F)(F)F)NC(=O)Cn1ccc(C(F)(F)F)n1,0.0008777417110920839
Cc1ccc(SCC(=O)NNC(=O)C[C@](C)(O)CC(F)(F)F)cc1,0.26354220178039767
O=C(Nn1ccc(C(F)(F)F)n1)[C@H](O)COc1ccccc1C(F)(F)F,0.17443275826989976
COC(=O)[C@](NC(=O)c1ccc(F)cc1)(n1ccnc1CC(F)(F)F)C(F)(F)F,0.029717475177233586
CNC(=O)c1cccc(N[C@H](C)NC(=O)C(=O)Nc2ccc(F)c(F)c2F)c1C,0.020255135029212477
C[C@@H](C(=O)N1CC[C@@H](CCCNC(=O)Nc2cc(F)cc(F)c2)C1)n1cncn1,0.0047633736947565114
N#CCCN(CCC(F)F)C(=O)c1cnc2ccccn2c1=O,0.3340419110584754
Cn1cc([C@@]2(C)NC(=O)N(CC(F)(F)F)C2=O)cn1,0.0003370545530753778
O=C(NCCc1ncnn1F)Nc1cccc(OCC(F)(F)F)c1,0.26256911883944445
COC(=O)[C@@](NC(=O)C[C@](C)(O)C(F)(F)F)(NC(=O)c1ccc(F)cc1)C(F)(F)F,0.008353794771251224
O=C([C@H](OC(F)F)n1cncn1)N1CC[C@@H](Oc2ccc(C(F)(F)F)cn2)C1,0.41265285764189474
C[C@@H](NC(=O)Cn1ccc(C(=O)Nc2ccc(Cl)cn2)n1)/C(C#N)=C/[C@@H]1C=CC=N1,1.878514023803854e-06
C[C@](O)(CC(=O)NCOc1cccc(NC(=O)NCC(=O)NC2CC2)c1)C(F)(F)F,1.5567830198331785e-08
O=C(NCCc1cccc(OCC(F)(F)F)c1)Nc1cc(F)cc(F)c1,1.6585606444307746e-09
N#CCCN(CCOC(F)F)C(=O)c1cnc2ccccn2c1=O,0.04976198091526946
CC(=O)Nc1ccc(CC(=O)Nc2ccccc2C(F)(F)F)c(C(F)(F)F)c1,7.846185197208814e-13
Cc1nccn1C(F)(F)[C@]1(NC(=O)c2ccccc2F)NC(=O)N(CC(C)C)C1=O,0.027734559018717297
COc1ccc([C@H](O)[C@@H](C)NC(=O)Cn2ccc(C(F)(F)F)n2)cc1,0.39703749778604086
COc1ccc(CNNC(=O)NCc2ccnn2C)cc1OC(F)F,0.08298096984052472
O=C1[C@@H](NC(F)(F)F)CCCN1CC(F)(F)F,6.969553549446832e-07
C[C@H](NC(=O)C(=O)Nc1ccc(F)c(F)c1F)c1cn(C)nc1CC(F)(F)F,0.08130187269735363
O=S(=O)(CNS(=O)(=O)Cc1ccccc1F)NC[C@@H]1CCCN(c2ncccn2)C1,2.3548953522471977e-08
COC(=O)[C@](NC(=O)c1ccc(F)cc1)(Nc1[nH+]cccc1C)C(C)(F)F,0.2518422789443451
C[C@H](O)C[C@H](C)NC(=O)C(=O)Nc1ccc(F)c(F)c1F,0.06376370710250369
COc1ccc(CNC(=O)NCc2ccnn2C[C@H](C)O)cc1OC(F)F,0.015640343732152517
C[C@@H](C(=O)N1CC[C@@H](Oc2ccc(C(F)(F)F)cn2)C1)n1cncn1,0.4056030217790639
O=C(Cn1ccc(C(F)(F)F)n1)Nc1ccccc1C(F)(F)F,7.707390299718553e-07
CN(Cc1ccc(OC(F)F)cc1)C(=O)C(F)(F)F,1.0951959573438724e-07
Cn1nccc1CNC(=O)NN[C@H]1CCCN(CC(F)(F)F)C1=O,8.411564962772143e-06
COC(=O)C(NC(=O)c1ccc(F)cc1)(C(F)(F)F)C(F)(F)F,0.0020019896261768994
Cc1nn(C)cc1[C@H](C)NC(=O)C(=O)CC(=O)Nc1ccccc1C(F)(F)F,0.040529623872101975
CN1CCC[C@H](Nc2cncc([C@@H]3C=CC=N3)n2)C1=O,0.02751144193821077
CC(=O)Nc1ccc(C(=O)NCc2ccnn2C)c(C(F)(F)F)c1,0.35943844754133975
O=C(Nc1ccc(Cl)cn1)n1ccc(C(F)(F)F)n1,8.185031298290595e-05
C[C@H](O)CNC(=O)C(=O)N(C)Cc1ccc(OC(F)F)cc1,0.0019759386110118297
CN(CCOc1ccccc1F)C(=O)Cn1nnc(OC(F)F)n1,0.009757757775774915
CN(Cc1ccc(OC(F)F)cc1)C(=O)C(=O)NF,0.0028185285571750733
Cc1nccn1-c1nnn(CC(=O)N(C)CCOc2ccccc2F)n1,0.0017508452431398553
O=C(CNC(=O)Nc1cccc(OCCC(F)(F)F)c1)NC1CC1,0.24690177712172662
Cn1ncnc1CCNC(=O)Nn1ccc(C(F)(F)F)n1,5.028494614184535e-05
O=S(=O)(NC[C@@H]1CCCN(c2ncccn2)C1)c1cccc(OCC(F)(F)F)c1,0.04390273529955711
O=C(NCCCn1nc2ccccn2c1=O)Nc1cc(F)cc(C(F)F)c1,0.08137813403724702
CC(=O)Nc1ccc([C@@H]2CCN(C(=O)[C@H](C)n3cncn3)C2)c(C(F)(F)F)c1,0.026136827172098656
Cc1nccn1-c1cncc(N[C@H]2CCCN(CF)C2=O)n1,0.07122296256675512
Cc1nccn1CN1C(=O)N[C@](C)(c2cnn(C)c2)C1=O,3.326609380631145e-05
Cc1nccn1C(F)(F)CN1CCC[C@H](Nc2cncc([C@@H]3C=CC=N3)n2)C1=O,0.060062075036166375
Cn1cc([C@@]2(O)NC(=O)N(CCOc3ccc(F)cc3Cl)C2=O)cn1,0.0018221855100411487
O=C(CCNC(=O)Nc1cc(F)cc(F)c1)Nc1ccc(Cl)cn1,0.005214804711441686
O=C(Cc1ccc(C(F)(F)F)cn1)Nc1ccccc1C(F)(F)F,3.6951812634175644e-11
C[C@]1(n2ccc(C(F)(F)F)n2)NC(=O)N(CCOc2ccc(F)cc2Cl)C1=O,0.022650898467090508
Cc1nccn1CN(CCC(F)(F)F)C(=O)c1cnc2ccccn2c1=O,0.4108532092178922
CN(Cc1ccc(OC(F)F)cc1)C(=O)C(=O)NCC(F)(F)F,0.057222416686059256
Cn1cc([C@@]2(C)NC(=O)N(Cc3ccc(C(F)(F)F)cn3)C2=O)cn1,0.4106052834382941
Cc1nccn1-c1cncc(N[C@H]2CCCN(CC(F)(F)C(F)F)C2=O)n1,0.3782537119790847
Cc1nccn1CCN(CCC#N)C(=O)c1cnc2ccccn2c1=O,0.007562186235642931
Cn1nccc1CNC(=O)NCc1ccc(OC(F)(F)F)c(OC(F)F)c1,0.04270693196188454
O=S(=O)(Cc1ccccc1F)NCc1ccc(C(F)(F)F)cn1,0.005668293612551821
O=C(Nn1ccc(C(F)(F)F)n1)OC(F)F,3.4759236104580755e-05
C[C@@H](NC(=O)CCCCNC(=O)Nc1cc(F)cc(F)c1)/C(C#N)=C/[C@@H]1C=CC=N1,7.778887901270573e-06
CC(CN1C(=O)N[C@@](NC(=O)c2ccccc2F)(C(F)(F)F)C1=O)c1cnn(C)c1,0.062928941921948
O=S(=O)(NC[C@@H]1CCCN(c2ncccn2)C1)c1cc(F)c(F)c(OC(F)F)c1,0.118008297438682
COC(=O)[C@](NC(=O)c1ccc(F)cc1)(n1ccnc1CC(F)(F)F)C(F)(F)F,0.029717475177233586
O=C(CNC(=O)Nc1cccc(OCC(F)(F)F)c1)NC1CC1,0.41283150252419437
Cc1nccn1-c1cncc(N[C@H]2CCCN(CCCC(F)(F)F)C2=O)n1,0.045754456770800846
COc1ccc(CNn2ccc(C(F)(F)F)n2)cc1OC(F)F,3.890746079596049e-05
CN(Cc1ccc(OC(F)F)cc1)C(=O)C(=O)NC(=O)NCc1ccnn1C,0.00023297701243283792
O=C(CNC(=O)Nc1cccc(ONS(=O)(=O)Cc2ccccc2F)c1)NC1CC1,4.579585679390602e-07
CC(=O)NNC(=O)N[C@H]1CCN(CC(F)(F)F)C1,2.620479706581516e-07
Cc1cc(NC(=O)C(=O)N(C)Cc2ccc(OCn3ccnc3C)cc2)n(C)n1,0.005880933806372351
C[NH+](CC(=O)Nc1ccc(Cl)cn1)c1cccc(NC(=O)NCC(=O)NC2CC2)c1,2.394489879281704e-07
FC(F)(F)CCCC(F)(F)F,1.796765997717306e-19
Cc1nccn1CN(OC(F)F)C(=O)c1cnc2ccccn2c1=O,0.1396572283086689
O[C@H](COc1ccccc1C(F)(F)F)n1ccc(C(F)(F)F)n1,2.2257558411810174e-06
Cc1nccn1CC(F)n1ccnc1COc1cccc(C(=O)NC[C@H](C)O)c1,0.006810608644906908
C[C@H](O)CNC(=O)c1cccc(OCc2nccn2C(=O)NCc2ccnn2C)c1,3.0119066491619743e-08
COc1ccc(CCN2C(=O)N[C@](C)(c3cnn(C)c3)C2=O)cc1OC(F)F,0.15349720506920092
Cn1cc([C@@]2(C(F)F)NC(=O)N(CCOc3ccc(F)cc3Cl)C2=O)cn1,0.4111427288009843
N#CCCN(CCOCC(F)(F)F)C(=O)c1cnc2ccccn2c1=O,0.19781836864836438
C[C@]1(C(F)F)NC(=O)N(CCOc2ccc(F)cc2Cl)C1=O,0.02349763306401981
Cn1nccc1CNC(=O)NOC(F)F,1.7386966720564153e-06
O=S(=O)(NC[C@@H]1CCCN(c2ncccn2)C1)OCC(F)(F)F,0.018992660184015693
FC(F)OC(OC(F)F)n1cncn1,1.0050550673774983e-06
Cc1nccn1CN1CCC[C@H](Nc2cncc(-n3ccnc3C)n2)C1=O,0.010671159966761417
O=C(CCOc1ccc(F)cc1Cl)Nn1ccc(C(F)(F)F)n1,0.0001549800144531412
Cn1ncnc1CCNC(=O)Nc1cccc(CCOc2ccc(F)cc2Cl)c1,4.586168172012865e-05
Cc1nn(C)cc1[C@H](C)NC(=O)C(=O)c1cccc(OCC(F)(F)F)c1,0.07553916733581788
O=C(NCCOc1ccc(F)cc1Cl)c1cccc(OCc2nccn2C(F)F)c1,1.272111196778244e-09
Fc1ccc(OC[C@H](OC(F)F)n2cncn2)c(Cl)c1,0.00011825307214921353
Cn1cc(CCN(CCC#N)C(=O)c2cnc3ccccn3c2=O)cn1,0.002161053724142905
COC(=O)[C@@](COc1ccc(F)cc1Cl)(NC(=O)c1ccc(F)cc1)C(F)(F)F,2.3337837980910123e-06
Cc1nn(C)cc1[C@H](C)NC(=O)C(=O)COc1ccc(F)cc1Cl,0.23704291303130728
Cc1nccn1CC(=O)NCc1ccnn1C,3.1266839663259744e-06
CN(Cc1ccc(OC(F)F)cc1)C(=O)C(=O)NF,0.0028185285571750733
Fc1cc(OCC(F)(F)F)c2ccccc2n1,1.5839882671179587e-11
O=C(NS(=O)(=O)Cc1ccccc1F)N1CC[C@@H](Oc2ccc(C(F)(F)F)cn2)C1,0.010946791623919233
Cc1nccn1-c1ccc(C(F)(F)F)cn1,1.1086023504625603e-07
O=C(COc1ccc(F)cc1Cl)c1cccc(OCc2nccn2C(F)F)c1,9.274990237859235e-14
COC(=O)[C@](NC(=O)c1ccc(F)cc1)(c1ccc(C(F)(F)F)cn1)C(F)(F)F,9.468974136103895e-05
O=C(Nn1ccc(C(F)(F)F)n1)OC(F)F,3.4759236104580755e-05
FC(F)(F)COc1cccc(-c2cc(OCC(F)(F)F)c3ccccc3n2)c1,5.692595766264553e-25
CN(Cc1ccc(OC(F)F)cc1)C(=O)CN1C(=O)N[C@](C)(c2cnn(C)c2)C1=O,0.00702809251670474
O=C(NCc1cccnc1)NCc1ccnc(OCCOc2ccc(F)cc2Cl)c1,8.96563761939274e-06
CC(CN1C(=O)N[C@@](NC(=O)c2ccccc2F)(C(F)(F)F)C1=O)C(F)F,0.3676326193564338
Cc1nccn1C(=O)NCc1ccnn1C,0.00011509756859938955
O=C(NCC[C@H](O)COc1ccccc1C(F)(F)F)Nc1cc(F)cc(F)c1,2.8609269321170674e-06
C[C@@H](NC(=O)NCc1ccnn1C)NC(=O)C(=O)Nc1ccc(F)c(F)c1F,9.440190434932503e-07
Cn1cc([C@@]2(C(F)F)NC(=O)N(C(=O)NCc3ccnn3C)C2=O)cn1,3.4813363983398042e-09
Cn1cc([C@@]2(C(F)F)NC(=O)N(CCNC(=O)Nc3cc(F)cc(F)c3)C2=O)cn1,0.0017373920606192582
Cn1cc([C@@]2(C)NC(=O)N(CN[C@H]3CCCN(CC(F)(F)F)C3=O)C2=O)cn1,1.362027405332033e-06
Cn1nccc1CNC(=O)NCc1ccc(OOC(F)F)c(OC(F)F)c1,0.14147796160140735
Cn1nccc1CNC(=O)CCN(CCC#N)C(=O)c1cnc2ccccn2c1=O,4.921950575177704e-10
Cc1nccn1-c1cncc(N[C@H]2CCCN(CF)C2=O)n1,0.07122296256675512
Cc1nccn1CC(=O)N(C)Cc1ccc(OC(F)F)cc1,0.0029978623269848676
O=C(c1cnc2ccccn2c1=O)N(CCC(F)(F)F)c1ccc(C(F)(F)F)cn1,3.765841105823676e-05
Cc1nccn1CNS(=O)(=O)Cc1ccccc1F,0.024849103594707576
C[NH+](CC(=O)Nc1ccccc1C(F)(F)F)Cc1cccc(OCC(F)(F)F)c1,4.745655903161796e-06
CN(Cc1ccc(OC(F)F)cc1)C(=O)C(F)F,4.889975469125779e-07
Cn1ncnc1CCNC(=O)NC(=O)NNC(=O)N[C@H]1CCN(CC(F)(F)F)C1,1.6267019452476432e-22
C[NH+](CCOc1ccc(F)cc1Cl)CC(=O)Nc1ccc(Cl)cn1,0.0399981904969595
Cn1cc(N2C(=O)N[C@@](c3cnn(C)c3)(C(F)F)C2=O)cn1,3.463117038684175e-05
C[C@@H](C(=O)N1CC[C@@H](OC(=O)Nc2ccc(Cl)cn2)C1)n1cncn1,0.01008758127803556
C[C@H](O)CCOc1ccc(F)cc1Cl,9.79649822765517e-08
O=S(=O)(CC(F)(F)F)NC[C@@H]1CCCN(c2ncccn2)C1,0.03593670554726332
C[C@@H](C(=O)N1CC[C@@H](OCC(=O)Nc2ccccc2C(F)(F)F)C1)n1cncn1,0.09610210605082005
Cn1cc([C@H](OC(F)F)n2cncn2)cn1,2.2402993473498586e-05
CC(CN1C(=O)N[C@@](NC(=O)c2ccccc2F)(C(F)(F)F)C1=O)c1cnn(C)c1,0.062928941921948
Cc1nccn1-c1ccccc1OC[C@@H](O)CN(C)C(=O)c1cnccn1,0.013942932614810643
Cn1cc([C@@]2(C(F)F)NC(=O)N(CCNC(=O)Nc3cc(F)cc(F)c3)C2=O)cn1,0.0017373920606192582
Cc1nccn1CCCN(CCC#N)C(=O)c1cnc2ccccn2c1=O,0.018065948252767722
O=C(Nn1ccc(C(F)(F)F)n1)C(=O)c1cccc(OCc2nccn2C(F)F)c1,0.00703463507357431
O=C(CNC(=O)Nc1cccc([C@H](OC(F)F)n2cncn2)c1)NC1CC1,0.0006857998795381076
O[C@H](COc1ccccc1C(F)(F)F)C(F)F,5.695232641875583e-08
Cc1nccn1C(=O)CN(C)C(=O)c1cc(OCC(F)(F)F)c2ccccc2n1,0.009601040888545275
O=C(CNC(=O)Nc1cccc(CC(F)(F)F)c1)NC1CC1,0.30627572165659755
Cc1nccn1Cc1ccc(CN(C)C(=O)C(=O)Nn2ccc(C(F)(F)F)n2)cc1,0.18208208504830287
C[C@H](O)CNC(=O)c1cccc(OCc2nccn2C(F)F)c1,0.4194765128075865
Cn1nccc1CNC(=O)CCNC(=O)Nc1cc(F)cc(F)c1,0.11887661901905175
C[C@H](O)CNC(=O)c1cccc(ONC(=O)NCCc2ncnn2C)c1,8.535278476329823e-15
CN(Cc1ccc(OC(F)F)cc1)C(=O)C(=O)NC(=O)Nn1ccc(C(F)(F)F)n1,0.009553765849076124
O=C(CNC(=O)Nc1cccc(-c2cccc(OCC(F)(F)F)c2)c1)NC1CC1,2.5952672794261544e-05
C[C@H](O)CNC(=O)c1cccc(OCc2nccn2Cc2nccn2C(F)F)c1,0.032211566105210754
Cc1nccn1Cc1cncc(N[C@H]2CCCN(CC(F)(F)F)C2=O)n1,0.35672437828790404
CN(C[C@H](O)COc1ccccc1OCC(F)(F)F)C(=O)c1cnccn1,0.2719886086020515
FC(F)OCc1nccn1C(F)F,2.8160808224265877e-09
C[NH+](CCOc1ccc(F)cc1Cl)CC(=O)Nc1ccc(Cl)cn1,0.0399981904969595
C[C@H](O)CNC(=O)c1cccc(OCc2nccn2C(F)C(F)F)c1,0.35841623741515594
CC(=O)Nc1ccc(C(F)F)c(C(F)(F)F)c1,5.338824468132137e-11
COc1ccc(CNC(=O)NCc2ccnn2-c2cnn(C)c2)cc1OC(F)F,0.03802629699562871
O=C(COc1ccc(F)cc1Cl)N1CC[C@@H](Oc2ccc(C(F)(F)F)cn2)C1,1.0266503242576198e-07
CN(C[C@@H](COc1ccccc1C(F)(F)F)C(F)F)C(=O)c1cnccn1,4.224280617868995e-05
COc1ccc(CNC(=O)NCCc2ncnn2C)cc1OC(F)F,0.058078102425931
COc1ccc(CNc2ccc(C(F)(F)F)cn2)cc1OC(F)F,8.571999526138291e-11
Cc1nccn1CCCCNC(=O)Nc1cc(F)cc(F)c1,0.0023737915441296204
O=C(Nc1ccc(Cl)cn1)OCC(F)(F)F,1.0153245612221178e-05
C[C@H](O)Cc1cccc(NC(=O)NCC(=O)NC2CC2)c1,0.0026609122776276727
Cc1nn(C)cc1[C@H](C)NC(=O)C(=O)Oc1cccc(C(=O)NC[C@H](C)O)c1,2.1385059385172622e-09
CN(Cc1ccc(OC(F)F)cc1)C(=O)OCC(F)(F)F,2.2666532818247585e-07
C[C@H](O)C[C@H](OC(F)F)n1cncn1,3.085656275010626e-05
Cn1cc([C@@]2(C(F)F)NC(=O)N(CCC(F)(F)F)C2=O)cn1,0.027383894395024738
C[C@@H](C(=O)N1CC[C@@H](OC(=O)Nc2ccc(Cl)cn2)C1)n1cncn1,0.01008758127803556
O=C1[C@@H](Nc2cncc([C@@H]3C=CC=N3)n2)CCCN1CC(F)(F)OCC(F)(F)F,0.09256437297290655
O=C1[C@@H](Nc2cncc([C@@H]3C=CC=N3)n2)CCCN1CC(F)(F)CC(F)(F)F,0.007266172028639882
Cn1ncnc1CCNC(=O)Nc1cccc(OCC(F)(F)OC(F)F)c1,0.14157614932424592
C[C@H](O)c1ccc(C(F)(F)F)cn1,2.122859082091837e-07
Cn1ncnc1CCNC(=O)Nc1cccc(-c2cccc(OCC(F)(F)F)c2)c1,9.325151102982751e-06
CC(=O)Nc1ccc(OCC(F)(F)F)c(C(F)(F)F)c1,9.200045269607959e-09
C[C@H](O)[C@H](O)COc1ccccc1C(F)(F)F,0.0017578342277580193
O=C(NCc1cccnc1)NCc1ccnc(OCCC(F)(F)F)c1,0.07535618794521441
Cc1nccn1C(C)CN1C(=O)N[C@@](NC(=O)c2ccccc2F)(C(F)(F)F)C1=O,0.06283357653688584
C[C@H](O)CNC(=O)c1cccc(OCc2nccn2C(F)c2cnn(C)c2)c1,0.0207894640605628
O=C(CC(F)(F)F)N1CC[C@@H](Oc2ccc(C(F)(F)F)cn2)C1,1.8995316504247924e-05
O=C(NC[C@H](OC(F)F)n1cncn1)c1cccc(OCc2nccn2C(F)F)c1,0.03120894363526034
FC(F)c1cccc(OCC(F)(F)F)c1,2.3197992565175396e-16
Cc1nccn1C[C@]1(NC(=O)c2ccccc2F)NC(=O)N(CC(C)C)C1=O,0.010396836109941179
Cn1cc(-c2ccc(CN3C(=O)N[C@](C)(c4cnn(C)c4)C3=O)nc2)cn1,0.0030201257542638686
O=C(N[C@@H](OC(F)F)c1ccccc1F)c1cn(-c2ccc(F)cc2)nn1,0.003807864169942511
Cn1ncnc1CCNC(=O)Nc1cccc([C@H](OC(F)F)n2cncn2)c1,0.0004605240061108054
Cc1nn(C)cc1[C@H](C)NC(=O)C(=O)C(=O)NCc1ccnn1C,2.5578600583458568e-12
O=C(Nn1ccc(C(F)(F)F)n1)c1cc(OCC(F)(F)F)c2ccccc2n1,1.365758509387994e-05
Cn1ncnc1CCNC(=O)NC[NH+](C)CC(=O)Nc1ccccc1C(F)(F)F,3.002913430173782e-10
C[C@H](NC(=O)C(=O)Nc1ccc(F)c(F)c1F)c1cn(C)nc1C(F)F,0.17719242080512804
COc1ccc(CC[C@H](C)O)cc1OC(F)F,3.074978903830597e-05
Cc1nccn1[C@H](NC(=O)c1cn(-c2ccc(F)cc2)nn1)c1ccccc1F,0.014317996353501174
C[C@H](O)CNC(=O)c1cccc(O[C@@H]2CCN(C(=O)[C@H](C)n3cncn3)C2)c1,2.3158760365938567e-07
CC(=O)Nc1ccc(-c2cccc(OCC(F)(F)F)c2)c(C(F)(F)F)c1,8.2796239058154335e-19
O=C(CCCNC(=O)Nc1cc(F)cc(F)c1)Nn1ccc(C(F)(F)F)n1,0.030362477847420567
FC(F)Cc1nccn1C(F)F,1.3039073473718534e-11
O=C(c1cnc2ccccn2c1=O)N(CCC(F)(F)F)c1ccc(C(F)(F)F)cn1,3.765841105823676e-05
Cc1cc(NC(=O)C(=O)N(C)Cc2ccc(OCC(F)(F)F)cc2)n(C)n1,0.29331650433428885
CN(CC(=O)c1cnn(C)c1)C(=O)c1cc(OCC(F)(F)F)c2ccccc2n1,0.03956829894279181
O=C(OC(F)F)c1cccc(OCc2nccn2C(F)F)c1,8.258607954597973e-05
Cn1nccc1CNC(=O)NC(=O)Nn1ccc(C(F)(F)F)n1,2.8098471790935384e-05
COc1ccc(CN[C@H](OC(F)F)n2cncn2)cc1OC(F)F,0.26880405769117444
C[C@H](O)Cc1cccc(NC(=O)NCC(=O)NC2CC2)c1,0.0026609122776276727
Cc1nccn1C[NH+](C)CC(=O)Nc1ccccc1C(F)(F)F,0.0037031775542797547
CN(CC(=O)NOCC(F)(F)F)C(=O)c1cc(OCC(F)(F)F)c2ccccc2n1,0.05167220118990866
O=C(c1cnc2ccccn2c1=O)N(F)CCC(F)(F)F,0.006420788884629208
C[NH+](CCOc1ccc(F)cc1Cl)CC(=O)Nc1ccccc1C(F)(F)F,4.207521730120794e-05
O=C(c1cnc2ccccn2c1=O)N(CCCC(F)(F)F)CCC(F)(F)F,9.686800479637049e-05
Cn1cc([C@@]2(C)NC(=O)N(Cc3ccc(OCC(F)(F)F)cn3)C2=O)cn1,0.19222886943797926
Cn1cc([C@@]2(C(F)F)NC(=O)N([C@H](OC(F)F)n3cncn3)C2=O)cn1,1.0395829280953383e-06
C[NH+](CCCC(F)(F)F)CC(=O)Nc1ccccc1C(F)(F)F,1.7358737653644827e-05
C[C@@H](F)NC(=O)C(=O)Nc1ccc(F)c(F)c1F,0.001321284020869523
O=C(NCCCC(F)F)Nc1cc(F)cc(F)c1,3.3909466600381142e-06
Cn1cc([C@@]2(C(F)F)NC(=O)N(CC(=O)Nn3ccc(C(F)(F)F)n3)C2=O)cn1,1.3467433851990926e-07
O=C(Nc1ccc(Cl)cn1)N[C@H]1CCCN(CC(F)(F)F)C1=O,0.20452368735487156
CN(Cc1ccc(OC(F)F)cc1)C(=O)CCNC(=O)Nc1cc(F)cc(F)c1,2.3693250634901388e-05
O=C(CCC(F)(F)F)NNC(=O)N[C@H]1CCN(CC(F)(F)F)C1,0.06598359904335764
Cn1cc(Oc2cccc(NC(=O)NCC(=O)NC3CC3)c2)cn1,0.02085888920415512
Cc1nn(C)cc1[C@H](C)NC(=O)C(=O)C(=O)Nc1ccc(Cl)cn1,0.0005417862165043881
COc1ccc(CNc2cc(OCC(F)(F)F)c3ccccc3n2)cc1OC(F)F,4.881664835160945e-18
CC(=O)Nc1ccc(-n2ccnc2C)c(C(F)(F)F)c1,3.374390976243257e-05
O=C(NCc1cccnc1)NCc1ccnc(OCC(F)CCC(F)(F)F)c1,0.00022151965291298232
Cc1nn(C)cc1[C@H](C)NC(=O)C(=O)c1cnn(C)c1,0.00020842873878131746
Cc1nn(C)cc1[C@H](C)NC(=O)C(=O)Cn1ccnc1C,0.0008221178029189889
C[C@H](O)Cc1cc(F)cc(NC(=O)NCCCn2nc3ccccn3c2=O)c1,0.004730119511399422
Cn1nccc1CNC(=O)NCC(=O)Nc1ccccc1C(F)(F)F,0.2842441819646418
Cc1nccn1[C@H](OC(F)F)n1cncn1,0.00010876929093463354
CC(C)CN1C(=O)N[C@@](NC(=O)c2ccccc2F)([C@H](C)O)C1=O,0.0002816928219525125
Cc1nccn1CN(CCC(F)(F)OC(F)F)C(=O)c1cnc2ccccn2c1=O,0.18621422075592373
CN(Cc1ccc(OC(F)F)cc1)C(=O)[C@H](OC(F)F)n1cncn1,0.3453004880945578
O=C(NCCCOCC(F)(F)F)Nc1cc(F)cc(F)c1,0.00019441559720135624
C[C@H](O)CNC(=O)c1cccc(OCc2nccn2C(F)C(F)F)c1,0.35841623741515594
Cc1nccn1OCC(F)(F)F,3.7851375275351595e-10
COC(=O)[C@](NC(=O)c1ccc(F)cc1)(Nc1[nH+]cccc1C)C(F)(F)[C@H](C)O,0.005132631457352067
CN(C[C@H](O)COc1ccccc1Cc1nccn1C(F)F)C(=O)c1cnccn1,0.03208939979328566
O=C(NC[C@H](OC(F)F)n1cncn1)c1cccc(OCc2nccn2C(F)F)c1,0.03120894363526034
Cn1cc(-n2ncnc2CCNC(=O)Nc2cccc(OCC(F)(F)F)c2)cn1,0.02745080948338092
O=C(NCCc1ccc(C(F)(F)F)cn1)Nc1cc(F)cc(F)c1,1.8154171509751e-06
Cc1nn(C)cc1[C@H](C)NC(=O)C(=O)C(=O)Nc1ccc(Cl)cn1,0.0005417862165043881
CC(C)CN1C(=O)N[C@@](NC(=O)c2ccccc2F)(C(F)(F)F)C1=O,0.4729607630932609
O=C(NCc1nccn1C(F)F)c1ccccc1F,0.0006675767976834433
O=C(NCCCn1nc2ccccn2c1=O)Nc1cc(F)cc(OC(F)F)c1,0.13019643597725544
Cc1nccn1CN(CCC(F)(F)F)C(=O)c1cnc2ccccn2c1=O,0.4108532092178922
CC(=O)Nc1ccc(CCNC(=O)Nc2cc(F)cc(F)c2)c(C(F)(F)F)c1,2.543520875980246e-08
CN(Cc1ccc(OC(F)F)cc1)C(=O)C(=O)NCc1nccn1C(F)F,0.6227160902134554
Cn1nccc1CNC(=O)NN[C@H]1CCCN(CC(F)(F)F)C1=O,8.411564962772143e-06
O=C(N[C@@H](CC(F)(F)F)c1ccccc1F)c1cn(-c2ccc(F)cc2)nn1,6.51416966305444e-07
Fc1ccccc1-c1cc(OCC(F)(F)F)c2ccccc2n1,6.775441260171822e-20
Cn1cc(CCC(F)(F)F)cn1,8.412830996966711e-11
C[C@H](O)C[NH+](C)CC(=O)Nc1ccccc1C(F)(F)F,2.132960523015697e-05
FCOc1ccc(F)cc1Cl,3.1429652905958834e-15
C[C@H](O)NC(=O)C(=O)N(C)Cc1ccc(OC(F)F)cc1,0.0013162382100401788
Cc1nccn1-c1nn(C)cc1[C@H](C)NC(=O)C(=O)Nc1ccc(F)c(F)c1F,0.10157312887384479
Cc1cc(NC(=O)C(=O)N(C)Cc2ccc(OC(F)n3ccnc3C)cc2)n(C)n1,0.008070128554373729
C[C@H](NC(=O)C(=O)Nc1ccc(F)c(F)c1F)c1cn(C)nc1-c1ccccc1F,0.0006111331282592109
Cn1nccc1CNC(=O)NCOc1cccc(NC(=O)NCC(=O)NC2CC2)c1,3.137765040511892e-13
C[C@H](O)n1ncnc1CCNC(=O)Nc1cccc(OCC(F)(F)F)c1,0.021773581790892376
Cc1nccn1CN(Cc1nccn1C(F)F)C(=O)c1cnc2ccccn2c1=O,0.14739355266982726
COc1ccc(CNCNS(=O)(=O)Cc2ccccc2F)cc1OC(F)F,0.10372980429844157
CC(CCC(F)(F)F)CN1C(=O)N[C@@](NC(=O)c2ccccc2F)(C(F)(F)F)C1=O,0.0019106261313647532
CC(C)CN1C(=O)N[C@@](c2cnn(C)c2)(C(F)(F)F)C1=O,0.057250645294038366
C[NH+](CC(=O)Nc1ccc(Cl)cn1)[C@H](OC(F)F)n1cncn1,5.552915595784516e-06
O=C(NCc1cccnc1)NCc1ccnc(OCC(F)CCC(F)(F)F)c1,0.00022151965291298232
Cn1cc([C@@]2(C(F)F)NC(=O)N(NC(=O)NCc3ccnn3C)C2=O)cn1,2.016411051280275e-14
O=C1[C@@H](N[C@H](OC(F)F)n2cncn2)CCCN1CC(F)(F)F,0.02008237073123276
C[C@H](O)CC(=O)NCc1nccn1C(F)F,0.00012600049502858366
Cc1nccn1COc1ccc(F)cc1Cl,5.3194988807815625e-09
Cc1nccn1CC(=O)NNC(=O)N[C@H]1CCN(CC(F)(F)F)C1,2.3216518063335303e-06
Cc1nccn1CNC(=O)NCc1ccnn1C,3.5469892616134594e-05
C[C@H](O)CNC(=O)c1cccc(OCc2nccn2C(F)C[C@H](C)O)c1,0.0065867056937367946
N#CCCN(CCCOc1ccc(F)cc1Cl)C(=O)c1cnc2ccccn2c1=O,0.0005674475667757909
CN(Cc1ccc(OC(F)F)cc1)C(=O)C(=O)NCc1ccc(OC(F)F)cc1,0.0036367158120615916
Cc1nn(C)cc1[C@H](C)NC(=O)C(=O)C(=O)NCc1nccn1C(F)F,3.325019543602134e-07
O=C(NC(F)F)c1ccccc1F,9.902752384400897e-09
Cn1nccc1CNC(=O)c1cccc(NC(=O)NCC(=O)NC2CC2)c1,2.154087354591963e-07
CC(=O)Nc1ccc(N(C)C(=O)C(=O)NCc2nccn2C(F)F)c(C(F)(F)F)c1,0.03668863462671254
CN(C[C@H](O)COc1ccccc1Cc1nccn1C(F)F)C(=O)c1cnccn1,0.03208939979328566
CC(=O)Nc1ccc(C(=O)N(C)Cc2ccc(OC(F)F)cc2)c(C(F)(F)F)c1,1.6147449693209415e-10
Cn1cc([C@@]2(C(F)F)NC(=O)N(CF)C2=O)cn1,3.374654287646649e-06
C[C@H](O)Cc1cccc(NC(=O)NCCc2ncnn2C)c1,0.0041022961857155055
COc1ccc(CN[C@H](OC(F)F)n2cncn2)cc1OC(F)F,0.26880405769117444
O=C(NCc1cccnc1)NCc1ccnc(OCC(F)CC(F)(F)F)c1,0.009113059062647044
O=C(Cc1nccn1C(F)F)Nc1ccc(Cl)cn1,0.005237289038280943
O=C(c1cccc(OCc2nccn2C(F)F)c1)C(F)F,3.302747693458137e-06
C[C@H](O)C(=O)N(C)Cc1ccc(OC(F)F)cc1,0.0027000367801767217
O=C1[C@@H](Nc2cncc(CC(F)(F)F)n2)CCCN1CC(F)(F)F,0.027107446834683906
O=C(CC(=O)Nc1ccccc1C(F)(F)F)Nc1ccc(Cl)cn1,2.65989579368233e-05
Cc1nccn1CC(=O)N[C@@]1(C(F)(F)F)NC(=O)N(CC(C)C)C1=O,0.0004993711080147919
Cn1nccc1CNC(=O)NCc1ccc(OCCC(F)(F)F)c(OC(F)F)c1,0.0013634416641496326
C[C@H](O)CNC(=O)c1cccc(O[C@H](O)COc2ccccc2C(F)(F)F)c1,0.02605346303731648
FC(F)OCCC(F)(F)F,4.621463803447172e-15
O=C(Nn1ccc(C(F)(F)F)n1)c1ccccc1F,0.0001156644460103873
C[C@H](O)C(F)(F)COc1cccc(NC(=O)NCCc2ncnn2C)c1,0.006040579593200755
O=S(=O)(Cc1ccccc1F)NCCC(F)(F)F,0.0004225182782923394
Cc1nccn1N(C)C(=O)C(=O)NCc1nccn1C(F)F,6.9422034379663255e-06
Cc1cc(NC(=O)C(=O)N(C)Cc2ccc(OC[C@H](C)O)cc2)n(C)n1,0.0004152372936335483
Cc1nccn1C(F)(F)COc1cccc(NC(=O)NCC(=O)NC2CC2)c1,0.020372730648997098
C[C@H](O)c1ccc(CN(C)C(=O)C(=O)Nn2ccc(C(F)(F)F)n2)cc1,0.2062803906262283
Cn1cc([C@@]2(CCC(F)(F)F)NC(=O)N(Cc3ccc(C(F)(F)F)cn3)C2=O)cn1,0.012410408001294075
Cc1nccn1N1C(=O)N[C@@](c2cnn(C)c2)(C(F)F)C1=O,1.239906158352031e-05
Cc1nn(C)cc1[C@H](C)NC(=O)C(=O)n1ccnc1C,0.0015010463977675767
O=C(CNC(=O)Nc1cccc(CCC(F)(F)F)c1)NC1CC1,0.12694350041430877
CN(F)C(=O)C(=O)NCc1nccn1C(F)F,5.730151624163941e-07
O=C(NC(=O)c1ccccc1F)c1cccc(OCc2nccn2C(F)F)c1,0.0002197914851491627
Cn1ncnc1CCNC(=O)NCCNC(=O)Nc1cc(F)cc(F)c1,3.6257030719628894e-06
FC(F)Cc1nccn1C(F)F,1.3039073473718534e-11
C[C@H](O)COc1cccc(NC(=O)NCC(=O)NC2CC2)c1,0.00015478960816919088
Cc1nccn1C(=O)Nn1ccc(C(F)(F)F)n1,0.004574993785773597
C[C@H](O)CNC(=O)c1cccc(OCc2nccn2CC(F)(F)F)c1,0.38819792037966067
O=C(COc1ccc(F)cc1Cl)N1CC[C@@H](Oc2ccc(C(F)(F)F)cn2)C1,1.0266503242576198e-07
C[C@H](O)CCOc1ccc(F)cc1Cl,9.79649822765517e-08
Cc1nccn1CN(Cc1nccn1C(F)F)C(=O)c1cnc2ccccn2c1=O,0.14739355266982726
O=S(=O)(Cc1ccccc1F)NCCOc1ccc(F)cc1Cl,0.0006481865451394802
COc1ccc(CNCC(=O)Nc2ccccc2C(F)(F)F)cc1OC(F)F,2.319700721909618e-07
Cn1cc([C@@]2(C(F)F)NC(=O)N(NC(=O)NCCc3ncnn3C)C2=O)cn1,8.636874966067358e-22
FC(F)O[C@@H](c1cc(OCC(F)(F)F)c2ccccc2n1)n1cncn1,7.908177688169242e-05
C[C@H](O)c1cncc(N[C@H]2CCCN(CC(F)(F)F)C2=O)n1,0.14852561960043084
Cn1cc(N(CCC(F)(F)F)C(=O)c2cnc3ccccn3c2=O)cn1,0.4674159160317664
C[C@]1(CCC(F)(F)F)NC(=O)N(Cc2ccc(C(F)(F)F)cn2)C1=O,0.0012451197277701255
CC(C)CN1C(=O)N[C@@](NC(=O)C(F)F)(C(F)(F)F)C1=O,0.0018115143580611536
COc1ccc(CC(=O)NCc2nccn2C(F)F)cc1OC(F)F,0.052351665768755974
O=C(CNC(=O)Nc1cccc(OCC(F)(F)F)c1)NC1CC1,0.41283150252419437
Cc1nccn1-c1cncc(N[C@H]2CCCN(CC(F)(F)OCC(F)(F)F)C2=O)n1,0.10164618479961815
C[C@H](O)CN(CCC(F)(F)F)C(=O)c1cnc2ccccn2c1=O,0.17542201636678526
Cc1nccn1-c1cncc(N[C@H]2CCCN(Cc3cnn(C)c3)C2=O)n1,0.004556929914034773
O=C(NCCCCOc1ccc(F)cc1Cl)Nc1cc(F)cc(F)c1,1.1221749830859551e-12
O=C(CNC(=O)Nc1cccc(OCC(F)(F)F)c1)NC1CC1,0.41283150252419437
C[C@H](O)CCOc1cccc(NC(=O)NCC(=O)NC2CC2)c1,0.0009129157499668949
CN(Cc1ccc(OC(F)F)cc1)C(=O)OCC(F)(F)F,2.2666532818247585e-07
Cc1nn(C)cc1[C@H](C)NC(=O)C(=O)CCOc1ccc(F)cc1Cl,0.05005769389715786
O=C(NNC(=O)C(=O)Nn1ccc(C(F)(F)F)n1)N[C@H]1CCN(CC(F)(F)F)C1,5.032696899158945e-11
O=C(CNC(=O)Nc1cccc(-c2ccccc2F)c1)NC1CC1,0.02404261380450471
O=C(CNCCNC(=O)Nc1cc(F)cc(F)c1)NC1CC1,0.009662918202952618
COc1ccc(COCC(F)(F)F)cc1OC(F)F,1.0772320285601116e-09
O=C(COc1cccc(NC(=O)NCC(=O)NC2CC2)c1)Nc1ccc(Cl)cn1,6.858675899171493e-06
CN(C[C@@H](COc1ccccc1C(F)(F)F)CC(F)(F)F)C(=O)c1cnccn1,1.2463788279604536e-08
C[C@H](O)CNC(=O)c1cccc(OCc2nccn2C(F)CC(=O)NC2CC2)c1,0.0002425374876844159
Fc1ccccc1[C@H](OC(F)F)n1cncn1,1.861176955308465e-05
O=C(NCOc1ccc(F)cc1Cl)c1cccc(OCc2nccn2C(F)F)c1,3.2446721244866914e-09
Cc1nccn1CC[NH+](C)CC(=O)Nc1ccccc1C(F)(F)F,0.0033484805522168938
Cc1nccn1-c1cncc(N[C@H]2CCCN(Cc3ccccc3F)C2=O)n1,0.02557502109103588
CC(=O)Nc1ccc(-c2cc(OCC(F)(F)F)c3ccccc3n2)c(C(F)(F)F)c1,2.8872310928139304e-22
O=C(CC(=O)NC1CC1)NNC(=O)N[C@H]1CCN(CC(F)(F)F)C1,1.8804843210839787e-10
O=C(CNCC(F)(F)F)NC1CC1,5.684488538944387e-09
Cn1nccc1CNC(=O)NC(=O)Nc1cccc(OCC(F)(F)F)c1,0.04446859298595377
COc1ccc(COC(F)F)cc1OC(F)F,6.416913946571787e-09
CC(C)CN1C(=O)N[C@@](NC(=O)[C@H](C)O)(C(F)(F)F)C1=O,3.7235042230156146e-08
C[C@H](O)CNC(=O)c1cccc(OCc2nccn2C)c1,0.017303108182325222
O=C(CCNC(=O)c1cccc(OCc2nccn2C(F)F)c1)NC1CC1,0.1546835521902851
CC(C)CN1C(=O)N[C@@](NC(=O)C(F)F)(C(F)(F)F)C1=O,0.0018115143580611536
C[C@H](NC(=O)C(=O)Nc1ccc(F)c(F)c1F)C(=O)NCC(=O)NC1CC1,2.8302386131187795e-10
Cc1nccn1C(F)n1ccnc1COc1cccc(C(=O)NC[C@H](C)O)c1,0.023291887007289697
C[C@H](O)n1cc(N(CCC(F)(F)F)C(=O)c2cnc3ccccn3c2=O)cn1,0.14361605802512276
CC(C)CN1C(=O)N[C@@](CC(=O)Nc2ccccc2C(F)(F)F)(C(F)(F)F)C1=O,0.0003194550577585434
C[C@H](O)CN1C(=O)N[C@@](c2cnn(C)c2)(C(F)F)C1=O,3.151812831566681e-08
Cn1nccc1CNC(=O)Nc1cccc(NC(=O)NCC(=O)NC2CC2)c1,6.888236814854939e-09
O=C(NCc1cccnc1)NCc1ccnc(OC(F)F)c1,0.3823077595318974
C[C@H](O)CNC(=O)c1cccc(OC(=O)N(C)Cc2ccc(OC(F)F)cc2)c1,0.0015020920764701213
FC(F)n1ccnc1Cc1cc(OCC(F)(F)F)c2ccccc2n1,1.480766321503884e-11
Fc1ccccc1OCC(F)(F)F,1.7433629702656966e-14
Cn1ncnc1CCNC(=O)Nc1cccc(C(=O)Nc2ccc(Cl)cn2)c1,0.0001547017346628079
Cc1nccn1CNC(=O)NCc1ccnn1C,3.5469892616134594e-05
Cc1nccn1CN(C)C(=O)c1cnc2ccccn2c1=O,0.007179330841086411
CCN(CCC(F)(F)F)C(=O)c1cnc2ccccn2c1=O,0.029978578936421665
FC(F)Oc1ccc(Cc2cc(OCC(F)(F)F)c3ccccc3n2)cc1,6.362561962469372e-21
C[C@H](O)c1ccccc1OC[C@@H](O)CN(C)C(=O)c1cnccn1,0.0012781861437455683
O=S(=O)(Cc1ccccc1F)NCc1cn(Cc2nccn2C(F)F)nn1,0.08236176244133454
C[NH+](CC(=O)Nc1ccc(Cl)cn1)Cc1nccn1C(F)F,0.006083917770945194
COC(=O)[C@@](Cn1ccnc1C)(NC(=O)c1ccc(F)cc1)C(F)(F)F,0.44594996216351673
C[C@H](O)C[C@H](O)COc1ccccc1C(F)(F)F,0.0031922026559953235
CC(C)CN1C(=O)N[C@](CC(=O)NC2CC2)(NC(=O)c2ccccc2F)C1=O,4.787968261421627e-05
O=S(=O)(Cc1ccccc1F)NCc1cn(CC(F)(F)F)nn1,0.13329943902691427
O=C(NCc1ccccc1F)c1cccc(OCc2nccn2C(F)F)c1,5.396046025621433e-07
COc1ccc(CC(=O)C(=O)N[C@@H](C)c2cn(C)nc2C)cc1OC(F)F,0.10821126490456903
CCc1ccc(OC(F)F)cc1,9.984036858536636e-14
O=C(CNC(=O)Nn1ccc(C(F)(F)F)n1)NC1CC1,2.546258162000398e-05
CN(Cc1ccc(F)cc1)C(=O)C(=O)Nn1ccc(C(F)(F)F)n1,0.18170347721042593
O=C(NCOc1ccc(F)cc1Cl)c1ccccc1F,1.39451021204726e-07
O=C(CNC(=O)Nc1cccc([C@H](OC(F)F)n2cncn2)c1)NC1CC1,0.0006857998795381076
O=C(NC(=O)N1CC[C@@H](Oc2ccc(C(F)(F)F)cn2)C1)c1ccccc1F,0.003189188623507091
COc1ccc(Cc2cccc(OCC(F)(F)F)c2)cc1OC(F)F,3.3373012791822563e-17
CNCc1ccc(OC)c(OC(F)F)c1,1.1961512399564333e-06
O=C(NCc1nccn1C(F)F)OC(F)F,0.0003499373497775569
C[C@@H](CC(F)(F)F)NC(=O)C(=O)Nc1ccc(F)c(F)c1F,0.0077021142361048825
Cc1cc(NC(=O)C(=O)N(C)Cc2ccc(O[C@H](C)O)cc2)n(C)n1,0.0008069977734172846
O=C(CNC(=O)NCc1nccn1C(F)F)NC1CC1,2.3941751927662143e-05
Cn1cc([C@@]2(C(F)F)NC(=O)N(CC(=O)Nc3ccccc3C(F)(F)F)C2=O)cn1,0.0840176610699157
O=C(NCCCc1cccc(OCC(F)(F)F)c1)Nc1cc(F)cc(F)c1,3.810192382160546e-12
C[NH+](CC(=O)Nc1ccc(Cl)cn1)c1ccccc1F,0.0016775539144473755
O=C(CNC(=O)Nc1cccc(OCc2ccccc2F)c1)NC1CC1,0.02608600980629746
COC(=O)[C@](NC(=O)c1ccc(F)cc1)(Nc1[nH+]cccc1C)C(C)(F)F,0.2518422789443451
CC(=O)c1cccc(OCc2nccn2C(F)F)c1,2.2473011888927217e-05
CC(C)NC(=O)C(=O)Nc1ccc(F)c(F)c1F,0.006748199310251401
O=C(CNC(=O)N[C@H]1CCCN(CC(F)(F)F)C1=O)NC1CC1,1.709026823815719e-06
O=C(Cc1ccccc1F)NC1CC1,2.4397065221658597e-07
C[C@H](O)CNC(=O)c1cccc(OC(F)F)c1,0.005073047222590673
O=C(CNC(=O)N[C@H]1CCCN(CC(F)(F)F)C1=O)NC1CC1,1.709026823815719e-06
COc1ccc(COc2cccc(C(=O)NC[C@H](C)O)c2)cc1OC(F)F,0.0054759440024834015
C[C@H](O)CNC(=O)c1cccc(Oc2ccccc2F)c1,0.009722204706404846
Cn1cc(N(CCC(F)(F)C(F)F)C(=O)c2cnc3ccccn3c2=O)cn1,0.3680552598873594
CN(NC(=O)NCCc1ncnn1C)C(=O)C(=O)NCc1nccn1C(F)F,1.470334042988728e-22
CN(CC(=O)NOCC(F)(F)F)C(=O)c1cc(OCC(F)(F)F)c2ccccc2n1,0.05167220118990866
Cn1nccc1CNC(=O)NNC(=O)c1ccccc1F,0.0007137370711398777
O=C(NC(=O)c1ccccc1F)Nc1cccc(OCC(F)(F)F)c1,2.230319627399936e-05
COC(=O)[C@](NC(=O)c1ccc(F)cc1)(Nc1[nH+]cccc1C)C(F)(F)C(F)F,0.18754526245013972
COc1ccc(COc2cccc(C(=O)NC[C@H](C)O)c2)cc1OC(F)F,0.0054759440024834015
C[NH+](CC(=O)Nc1ccc(Cl)cn1)c1cccc(NC(=O)NCC(=O)NC2CC2)c1,2.394489879281704e-07
Cn1ncnc1CCNC(=O)NCCOc1ccc(F)cc1Cl,0.16264798299814875
COc1ccc(CNCC(=O)NC2CC2)cc1OC(F)F,0.04517528507307526
O=C(Nc1ccc(Cl)cn1)NS(=O)(=O)Cc1ccccc1F,0.03521277807904762
C[C@@H](COc1ccc(F)cc1Cl)NC(=O)C(=O)Nc1ccc(F)c(F)c1F,0.0005611858831641252
O=C(CNS(=O)(=O)Cc1ccccc1F)NCc1nccn1C(F)F,0.013250994284893543
CC(=O)Nc1ccc(C(=O)Nn2ccc(C(F)(F)F)n2)c(C(F)(F)F)c1,0.0020172507456019517
CN(C(=O)Nn1ccc(C(F)(F)F)n1)C(=O)C(=O)NCc1nccn1C(F)F,9.39320030784922e-06
Cn1nccc1CNC(=O)NC(=O)NCC(=O)NC1CC1,1.2939430756484552e-15
C[NH+](CNS(=O)(=O)Cc1ccccc1F)CC(=O)Nc1ccccc1C(F)(F)F,0.0643366723685687
C[C@H](NC(=O)C(=O)Nc1ccc(F)c(F)c1F)[C@H](OC(F)F)n1cncn1,0.02562442925403617
Cn1nccc1CNC(=O)NCC(=O)Nc1ccccc1C(F)(F)F,0.2842441819646418
COc1ccc(CNNS(=O)(=O)Cc2ccccc2F)cc1OC(F)F,0.1638241915762481
COc1ccc(CNCC(F)(F)F)cc1OC(F)F,1.4842645845843136e-07
C[C@H](O)[C@H](OC(F)F)n1cncn1,2.3461367046122226e-07
Cn1ncnc1CCNC(=O)Nc1cccc([C@H](OC(F)F)n2cncn2)c1,0.0004605240061108054
Cn1nccc1CNC(=O)NC(=O)Nn1ccc(C(F)(F)F)n1,2.8098471790935384e-05
Cc1nccn1C[NH+](C)CC(=O)Nc1ccccc1C(F)(F)F,0.0037031775542797547
Cn1cc(N(CF)C(=O)c2cnc3ccccn3c2=O)cn1,0.00873092000386303
C[NH+](CC(=O)Nc1ccc(Cl)cn1)c1cccc(OCC(F)(F)F)c1,0.028544425537158163
O[C@H](COc1ccccc1C(F)(F)F)C(F)F,5.695232641875583e-08
O=C(NCc1nccn1C(F)F)C(=O)Nc1ccc(Cl)cn1,0.03603316219748786
CN(Cc1ccc(OC(F)F)cc1)C(=O)Nc1cccc(OCC(F)(F)F)c1,8.20509084125902e-14
C[C@@H](Cc1nccn1C(F)F)NC(=O)C(=O)Nc1ccc(F)c(F)c1F,0.3150440019734211
O=C(CCCCNC(=O)Nc1cc(F)cc(F)c1)Nc1ccccc1C(F)(F)F,1.0811651288079701e-12
CC(C)CN1C(=O)N[C@@](NC(=O)c2ccccc2F)([C@H](C)O)C1=O,0.0002816928219525125
O=C(CCC(F)(F)F)NC1CC1,2.996359974438147e-08
Cc1cc(NC(=O)C(=O)N(C)Cc2ccc(OC(F)OCC(F)(F)F)cc2)n(C)n1,0.06468955731790464
COc1ccc(CC(=O)Nc2cccc(OCC(F)(F)F)c2)cc1OC(F)F,6.396893341752863e-10
Cn1ncnc1CCNC(=O)NCCOc1ccc(F)cc1Cl,0.16264798299814875
Cc1cc(NC(=O)C(=O)N(C)Cc2ccc(OC(F)C(F)F)cc2)n(C)n1,0.3345792501943968
Cn1cc([C@@]2(C(F)F)NC(=O)N(c3ccccc3F)C2=O)cn1,0.13912953024407101
O=C(CC(=O)Nc1ccccc1C(F)(F)F)NCc1nccn1C(F)F,0.034666729323053674
C[C@@H](CC(F)(F)F)NC(=O)C(=O)Nc1ccc(F)c(F)c1F,0.0077021142361048825
FNc1cccc(OCC(F)(F)F)c1,3.8498987770079733e-11
C[C@H](O)CNC(=O)c1cccc(ONS(=O)(=O)Cc2ccccc2F)c1,0.0010591399719306533
FC(F)Nc1cccc(OCC(F)(F)F)c1,1.4112066719218853e-11
O=C(NCNS(=O)(=O)Cc1ccccc1F)c1ccccc1F,0.270259111925473
O=C(Nc1cccc(OCC(F)(F)F)c1)NC(F)F,6.135113782173082e-05
CC(=O)Nc1ccc([NH+](C)CC(=O)Nc2ccc(Cl)cn2)c(C(F)(F)F)c1,0.2445832369707346
Cc1nccn1-c1cc(OCC(F)(F)F)c2ccccc2n1,5.898989014598747e-08
O=C(Nc1cnn(CC(F)F)c1)c1ccccc1CCC(F)(F)F,8.24442166278077e-08
O=C(COC(F)F)Nc1ccccc1C(F)(F)F,9.194222587167253e-07
O=C(Nn1cc(CNS(=O)(=O)Cc2ccccc2F)nn1)c1ccccc1F,0.003495007311452947
O=C(CNn1cc(CNS(=O)(=O)Cc2ccccc2F)nn1)NC1CC1,2.967295139345154e-11
CC(C)CN1C(=O)N[C@](CC(=O)NC2CC2)(NC(=O)c2ccccc2F)C1=O,4.787968261421627e-05
O=C(CNC(=O)[C@H](OC(F)F)n1cncn1)NC1CC1,9.354025988161182e-12
CN(Cc1ccc(OC(F)F)cc1)C(=O)CC(=O)Nc1ccccc1C(F)(F)F,6.48619350047458e-09
O=C(N[C@H]1CCCN(CC(F)(F)F)C1=O)Nn1ccc(C(F)(F)F)n1,0.22169129920157107
Cc1nn(C)cc1[C@H](C)NC(=O)C(=O)n1ccnc1C,0.0015010463977675767
C[C@H](O)CNC(=O)c1cccc(OCc2nccn2C(F)[C@H](C)O)c1,0.006072605242365536
O=C(F)N1CC[C@@H](Oc2ccc(C(F)(F)F)cn2)C1,3.8311136241825126e-05
COC(=O)[C@@](Cn1ccnc1C)(NC(=O)c1ccc(F)cc1)C(F)(F)F,0.44594996216351673
O=C(NCCCn1nc2ccccn2c1=O)Nc1cc(F)cc(OCC(F)(F)F)c1,0.028908438548873604
O=C(NC(=O)c1ccccc1F)c1cccc(OCc2nccn2C(F)F)c1,0.0002197914851491627
CN(Cc1nccn1C(F)F)C(=O)C(=O)NCc1nccn1C(F)F,0.034450759382466736
Cn1nccc1CNC(=O)OC(F)F,1.0876732166922606e-05
COc1ccc(CCC(=O)Nc2ccccc2C(F)(F)F)cc1OC(F)F,3.163749171552236e-14
O=S(=O)(Cc1ccccc1F)Nc1cc(OCC(F)(F)F)c2ccccc2n1,4.317560632323374e-08
COC(=O)[C@@](Cn1ccnc1C[C@H](C)O)(NC(=O)c1ccc(F)cc1)C(F)(F)F,0.06588448378313953
Cc1nccn1OCC(F)(F)F,3.7851375275351595e-10
O=C(CNc1cccc(OCC(F)(F)F)c1)NC1CC1,0.005976268304459397
CC(C)CN1C(=O)N[C@@](C(=O)c2ccc(F)cc2)(C(F)(F)F)C1=O,0.10401076936942989
CC(=O)Nc1ccc([C@H](C)O)c(C(F)(F)F)c1,0.00032450704402566644
CN(C[C@H](O)COc1ccccc1F)C(=O)c1cnccn1,0.02859083691509222
Cn1ncnc1CCNC(=O)Nc1cccc([C@H](OC(F)F)n2cncn2)c1,0.0004605240061108054
CN(Cc1ccc(OC(F)F)cc1)C(=O)C(=O)NOCC(F)(F)F,0.18960335609399948
O=C(NNC(=O)c1ccccc1F)Nc1cccc(OCC(F)(F)F)c1,0.0044510896383915055
O=C(Nc1cccc(OCC(F)(F)F)c1)[C@H](O)COc1ccccc1C(F)(F)F,7.815677723935753e-07
C[C@H](O)Oc1cccc(NC(=O)NCC(=O)NC2CC2)c1,0.0001559185560394523
Cn1nccc1CNC(=O)[NH+](C)CC(=O)Nc1ccc(Cl)cn1,2.603452694958984e-08
CC(=O)Nc1ccc(C(F)F)c(C(F)(F)F)c1,5.338824468132137e-11
FC(F)Oc1ccc(Cc2cc(OCC(F)(F)F)c3ccccc3n2)cc1,6.362561962469372e-21
O=C(CC(F)(F)F)NCc1nccn1C(F)F,9.496070445160382e-05
CN(Cc1ccc(OC(F)F)cc1)C(=O)CCCNC(=O)Nc1cc(F)cc(F)c1,1.0473579307579143e-07
N#CCCN(CCC(=O)NCC(=O)NC1CC1)C(=O)c1cnc2ccccn2c1=O,3.8400588815974306e-16
CN(C[C@H](O)COc1ccccc1NCC(=O)NC1CC1)C(=O)c1cnccn1,2.343834878284189e-08
O=C(CNC(=O)C(=O)N1CC[C@@H](Oc2ccc(C(F)(F)F)cn2)C1)NC1CC1,1.0824439944070591e-05
Cn1ncnc1CCNC(=O)Nc1cccc(OCC(F)(F)OC(F)F)c1,0.14157614932424592
COc1ccc(CCNS(=O)(=O)Cc2ccccc2F)cc1OC(F)F,0.003752470891191558
O=C([C@H](OC(F)F)n1cncn1)N1CC[C@@H](Oc2ccc(C(F)(F)F)cn2)C1,0.41265285764189474
N#CCCN(CCOCC(F)(F)F)C(=O)c1cnc2ccccn2c1=O,0.19781836864836438
COC(=O)[C@@](Cn1ccnc1C)(NC(F)F)C(F)(F)F,0.00573437006266148
COC(=O)[C@@](Cn1ccnc1C)(NC(=O)c1ccc(F)cc1)C(F)(F)F,0.44594996216351673
Cc1nccn1C(=O)NCC(=O)NC1CC1,3.267354949507668e-07
O=C(Nc1ccc(Cl)cn1)C(F)F,9.56867143403819e-07
COc1ccc(CNS(=O)(=O)Cc2ccccc2F)cc1OC(F)F,0.005838125543740477
CN(Cc1ccc(OC(F)F)cc1)C(=O)Nc1cccc(OCC(F)(F)F)c1,8.20509084125902e-14
O=C(CCNS(=O)(=O)Cc1ccccc1F)NC1CC1,0.005120442861713665
CC(=O)Nc1ccc([C@H](C)O)c(C(F)(F)F)c1,0.00032450704402566644
C[NH+](CC(=O)Nc1ccc(Cl)cn1)CC(=O)Nc1ccccc1C(C)(F)F,0.2733267686885154
CNC(=O)NCCc1ncnn1C,1.0629276876298493e-12
CN(Cc1ccc(OC(F)F)cc1)C(=O)C(=O)NNC(=O)c1ccccc1F,0.24641150455503175
Cc1nccn1C[NH+](C)CC(=O)Nc1ccccc1C(F)(F)F,0.0037031775542797547
COC(=O)[C@](NC(=O)c1ccc(F)cc1)(Nc1[nH+]cccc1C)C(C)(F)F,0.2518422789443451
COC(=O)[C@@](Cn1ccnc1C)(NF)C(F)(F)F,0.0005709013586231063
CN(Cc1ccc(OC(F)F)cc1)C(=O)C(=O)N[C@H](OC(F)F)n1cncn1,0.01542323951810152
COC(=O)[C@@](Cn1ccnc1OC)(NC(=O)c1ccc(F)cc1)C(F)(F)F,0.4373654284664195
Cc1nn(C)cc1[C@H](C)NC(=O)C(=O)C(=O)N(C)Cc1ccc(OC(F)F)cc1,0.021570046712259153
O=C(NCCc1cc(OCC(F)(F)F)c2ccccc2n1)Nc1cc(F)cc(F)c1,3.026776420781728e-12
COc1ccc(C[C@H](C)NC(=O)C(=O)Nc2ccc(F)c(F)c2F)cc1OC(F)F,0.0007947355418658752
COC(=O)[C@@](Cn1ccnc1C)(NC(=O)c1ccc(C[C@H](C)O)cc1)C(F)(F)F,0.025781627573469166
O=C(NCc1cccnc1)NCc1ccnc(OCC(F)CC(F)(F)F)c1,0.009113059062647044
CC(C)CN1C(=O)N[C@@](NC(=O)NCc2ccnn2C)(C(F)(F)F)C1=O,9.861656177875652e-06
CC(C)CN1C(=O)N[C@@](NC(=O)C(=O)NCc2nccn2C(F)F)(C(F)(F)F)C1=O,2.2539745149295054e-09
C[C@H](O)CNC(=O)c1cccc(ONS(=O)(=O)Cc2ccccc2F)c1,0.0010591399719306533
C[C@H](O)c1ccccc1F,1.8519622254869738e-10
Cc1nccn1C(F)(F)COc1cccc(NC(=O)NCC(=O)NC2CC2)c1,0.020372730648997098
COCCCNC(=O)Nc1cc(F)cc(F)c1,0.003321770823657921
C[NH+](CC(=O)Nc1ccc(Cl)cn1)CC(F)(F)F,5.573181917512207e-06
C[C@H](O)CC(=O)N(C)Cc1ccc(OC(F)F)cc1,0.005759767428672872
O=C(CNC(=O)N[C@H]1CCCN(CC(F)(F)F)C1=O)NC1CC1,1.709026823815719e-06
O=C(CNCNC(=O)c1cccc(OCc2nccn2C(F)F)c1)NC1CC1,0.007900221621297322
N#CCCN(CCC(F)F)C(=O)c1cnc2ccccn2c1=O,0.3340419110584754
O=C1[C@@H](NCC(F)(F)F)CCCN1CC(F)(F)F,2.2298579166230095e-06
COC(=O)Nn1ccc(C(F)(F)F)n1,1.1613553126083065e-05
FC(F)(F)COc1cc(C(F)(F)F)nc2ccccc12,2.4216588876254855e-15
CONC(=O)CN(C)C(=O)c1cc(OCC(F)(F)F)c2ccccc2n1,0.4108834238441702
C[C@H](NC(=O)C(=O)Nc1ccc(F)c(F)c1F)NC(=O)c1ccccc1F,0.27969362662687164
Cn1ncnc1CCNC(=O)NNC(=O)c1ccccc1F,3.0531968283086885e-07
O=C(c1cnc2ccccn2c1=O)N(CCC(F)(F)F)COCC(F)(F)F,0.06628466481062667
Cc1nccn1C(F)n1ccnc1COc1cccc(C(=O)NC[C@H](C)O)c1,0.023291887007289697
Cc1nccn1C[C@@](NC(=O)c1ccc(F)cc1)(C(=O)O[C@H](C)O)C(F)(F)F,0.11434081119109299
O=C(NCCC(F)F)Nc1cc(F)cc(F)c1,1.1301613791942396e-05
Cc1nccn1NC(=O)Nc1cccc(OCC(F)(F)F)c1,0.017689194566936385
C[C@H](O)CC(F)COc1cc(CNC(=O)NCc2cccnc2)ccn1,0.01411649671687427
Cc1nccn1N(C)C(=O)C(=O)NCc1nccn1C(F)F,6.9422034379663255e-06
CC(C)CN1C(=O)N[C@](Cc2nccn2C(F)F)(NC(=O)c2ccccc2F)C1=O,0.026540882296927498
COC(=O)[C@](NC(=O)c1ccc(F)cc1)(C(=O)Nc1ccc(Cl)cn1)C(F)(F)F,0.01187083877242856
Cc1nn(C)cc1[C@H](C)NC(=O)C(=O)CCCNC(=O)Nc1cc(F)cc(F)c1,0.0009427515791474377
C[C@H](O)CC(=O)c1ccc(F)cc1,4.635071672349429e-06
C[C@H](NC(=O)C(=O)Nc1ccc(F)c(F)c1F)[NH+](C)CC(=O)Nc1ccc(Cl)cn1,3.948521757360696e-05
CN(Cc1ccc(OC(F)F)cc1)C(=O)C(=O)Nn1ccc(C(F)(F)F)n1,0.4502509440887488
Cn1cc(N(Cc2ccccc2F)C(=O)c2cnc3ccccn3c2=O)cn1,0.17059782614927116
FC(F)(F)COc1cc(C(F)(F)F)nc2ccccc12,2.4216588876254855e-15
O=C(CNCCNC(=O)Nc1cc(F)cc(F)c1)NC1CC1,0.009662918202952618
Cc1nccn1-c1cncc(N[C@H]2CCCN(COCC(F)(F)F)C2=O)n1,0.242987848029765
Cc1cc(NC(=O)C(=O)N(C)Cc2ccc(OC(F)(F)F)cc2)n(C)n1,0.43759605800453527
CC(C)CN1C(=O)N[C@@](NC(=O)C(F)(F)F)(C(F)(F)F)C1=O,0.010593689979178566
O=C(NN[C@H]1CCCN(CC(F)(F)F)C1=O)c1ccccc1F,0.06924909944730065
COc1ccc(C[C@@]2(C(F)(F)F)NC(=O)N(CC(C)C)C2=O)cc1OC(F)F,0.0007744721868192244
CN(NC(=O)NCc1ccnn1C)C(=O)C(=O)NCc1nccn1C(F)F,5.013461155734771e-15
C[C@H](O)c1cc(F)cc(NC(=O)NCCCn2nc3ccccn3c2=O)c1,0.012150111137113263
C[NH+](CC(=O)Nc1ccc(Cl)cn1)C(=O)NCc1nccn1C(F)F,0.0005397252105371761
CC(C)CN1C(=O)N[C@@](NC(=O)c2ccccc2F)(C(F)(F)F)C1=O,0.4729607630932609
FC(F)(F)c1ccccc1-c1nc2ccccc2o1,3.1290650823877936e-16
CN(Cc1ccc(OC(F)F)cc1)C(=O)C(=O)Nn1cccn1,0.056227014086954755
COc1ccc(CNC(=O)NCc2ccnn2OC(F)(F)C(C)C)cc1OC(F)F,0.0011558812843569688
COC(=O)C(NC(=O)c1ccc(F)cc1)(C(F)F)C(F)(F)CC#N,0.20999867956093246
COC(=O)C(O)(NC(=O)c1ccc(C(F)(F)F)cc1)C(F)(F)OC(F)F,0.10129777879661149
COC(=O)C(C(=O)Cc1ccc[nH+]c1N)C(F)(F)NC(=O)c1ccccc1F,6.311796298410333e-05
O=CNc1ccccc1C(F)(F)NC(=O)c1ccccc1F,0.0037331183012447263
CNC(=O)c1ccccc1F,2.0730870462763276e-09
COC(=O)C(Cn1ccnc1C)(NCC(C)C)C(F)(F)F,0.028592656493161697
O=C(Nc1cc(F)cc(F)c1)c1ccccc1OCCc1ccccc1F,1.6035677093311023e-16
O=C1c2ccc(cc2)CC1COc1ccccc1,7.599002376020823e-09
CN(Cc1ccc(OC(F)CCN)cc1)C(=O)C=O,0.0034230638014305865
O=C(Oc1ccccc1F)c1ccccc1F,6.592985740145773e-10
Cc1nccn1CN[SH](=O)=O,2.189602456161733e-14
CCCC(F)C(F)(F)Oc1ccc(CN(C)C(=O)C(N)=O)cc1,0.26658626574792843
Cc1ccc(CN(C)C(=O)C(=O)Nn2ccc(C(F)(F)C3CC3)n2)cc1,0.10388277449870927
Cc1nccn1-c1cncc(NC2CCCN(C)C2=O)n1,0.010776017894130161
O=C1C(Nc2cncc(C(F)F)n2)CCCN1CC(F)(F)C1CCCCC1,3.90089931420338e-08
O=C(NCCc1cc(Cl)ccn1)Nc1cc(F)cc(-c2ccccc2)c1,9.565454514956818e-14
O=S(=O)(Cc1ccccc1F)Nc1ccccc1O,0.032980560381658336
Cc1nccn1CC(NC(=O)c1ccc(F)cc1)(C1CCOC1)C(F)(F)F,0.001014645100440987
COc1ccc(CNC2(C(F)F)NC(=O)N(CC(C)C)C2=O)cc1OC(F)F,0.08525355061320748
CN(C)C(=O)c1ccc(OC(F)F)cc1,4.251732929893566e-07
COc1ccc(C(=O)NCc2nccn2C(F)F)cc1OC(F)F,0.028557056786414285
O=C(Nc1ccc(Cl)cn1)c1ccccc1,2.5605104238650206e-06
O=c1n(CCCCc2cc(F)cc(OC(F)F)c2)nc2ccccn12,7.079168073455581e-05
O=[SH](=O)Cc1ccccc1-c1ccc(CC(F)(F)F)cc1,1.1731695569572903e-08
CNC(=O)Nc1cc(C)cc(F)c1,2.4235375190375574e-05
O=C(NCF)c1cccc(OCc2nccn2C(F)[C@H]2CCCO2)c1,0.028274636036048878
O=C(NCc1ccc(OC(F)F)cc1)C(=O)NNS(=O)(=O)Cc1ccccc1F,6.276781768453266e-05
Cc1nccn1NS(=O)(=O)C(F)F,2.9451820267877422e-08
O=C(c1cnc2ccccn2c1=O)N(CCC(F)(F)C1CCC1)c1cn[nH]c1,0.020570404251543828
Cn1nccc1CNC(=O)C(=O)CCNC(=O)NCCc1ncnn1C,1.8056549685723184e-24
CC(O)CN1C(=O)NC(NC(=O)c2ccccc2)(C(F)(F)F)C1=O,7.319487613313513e-05
NC(=O)SCCCn1nc2ccccn2c1=O,0.00020403892565810935
CC(O)N(C)C(=O)C(N)=O,7.309608645772865e-23
C=CCC(F)(F)c1cccc(OCC(F)(F)F)c1,7.556768460354534e-19
O=S(=O)(Cc1ccccc1F)NCCc1ccc(O)c(OC(F)F)c1,0.05480287990209928
O=C(NCCO)NC(=O)c1cccnc1,2.3780962126897274e-11
Cn1nccc1CNC(=O)NCc1ccc2c(c1)OC(F)C2=O,0.0514916202617044
COC(=O)C1(NOc2ccc(CN)cc2OC(F)F)c2ccc(cc2)C1(F)F,0.055333136484694345
CCC[NH+](C)C(=O)c1ccc(C)cc1,1.1270831936403521e-09
CN(Cc1ccc(OCF)cc1)C(=O)C(=O)Nn1ccc(C(F)(F)F)n1,0.5246646826612613
CC(CN(C)C(=O)c1cnccn1)c1ccc(Cl)c(Cl)c1,5.03995995728913e-07
Cc1ccccc1CCNS(N)(=O)=O,4.722499801073517e-06
COC(=O)C(Cn1ccnc1C)(NC(F)(F)CC1CCCO1)C(F)(F)F,0.09528897033165575
Cc1cc(NC(=O)C(=O)N(C)Cc2ccc(OC(F)c3ccccc3)cc2)n(C)n1,0.00010803186742967507
Cc1nccn1CC(NC(=O)c1ccc(F)cc1)(C1CCCCO1)C(F)(F)F,6.000770452567559e-06
O=CNc1cnn(CC(F)F)c1,5.168008464223686e-08
COC(=O)C(C=O)(NC(=O)c1ccc(F)cc1)C(F)(F)F,0.007792848639997909
C[NH+](CCC1CC1)CC(=O)Nc1ccccc1C(F)(F)F,2.130833286951274e-05
Cc1ccc(CN(C)C(=O)C(=O)Nc2cc(C)nn2C)cc1,0.09111500870830455
CCC(F)(F)COc1cccc(NC(=O)NCCc2ncnn2C)c1,0.07513768808059867
O=C1NOc2cc(ccn2)N1,4.412932394821269e-08
COC(F)CN1CCCC(Nc2cncc(-n3ccnc3C)n2)C1=O,0.031168830149988055
O=C(NCCC(F)F)C1CCCN1,4.58245257670672e-08
COc1ccccc1C(F)(F)F,3.1726470489739e-14
O=C(NCCCn1nc2ccccn2c1=O)Nc1cc(F)cc(OCF)c1,0.18957030270396405
O=CNc1ccccc1C(F)(F)F,9.618576080354198e-09
Cc1nccn1Oc1cccc(C(=O)NCC(C)C(F)(F)F)c1,0.00320096477924946
O=C(O)C(NS(=O)(=O)Cc1ccccc1F)n1ccnc1,3.774460637766031e-05
CC(O)CNC(=O)c1cccc(OCc2ccccc2)c1,0.022445813319481263
N#CCc1ccc(CNCCN)cc1OC(F)F,0.0612341269367505
Cn1cc(N(C=O)CCc2cnc3ccccn3c2=O)cn1,0.0007346048725533441
CC(NC=O)(NC(=O)c1ccc(F)cc1)C(F)(F)Oc1cc(F)cc(F)c1,0.015789343482977964
CN(Cc1ccc(O)cc1)C(=O)C(=O)c1ccc(F)c(C(F)F)c1,0.0002854195094907777
[2H]C(F)(F)C(F)(F)ONC1CCCN(CC(F)(F)F)C1=O,0.00012096473663816812
Cc1nn(C)cc1NC(=O)C(=O)Nc1ccc(F)c(F)c1F,0.1461290692299529
O=Cc1cccc(OCc2nccn2C(F)F)c1,7.619346586719846e-05
CC(C)CN1C(=O)NC(CC(C)C)(NC(=O)c2ccccc2)C1=O,0.022986787351204366
CCOc1cccc(NC(Cn2ccnc2C)(C(=O)OC)C(F)(F)OC(F)(F)F)c1,1.977705542486003e-05
O=CNCc1ccc(NC(F)(F)c2ccn(NC(=O)C=O)n2)cc1,9.678836548847207e-06
[NH3+]CC(F)(F)c1ccn(NC(=O)NC(=O)c2ccccc2)n1,1.1834972175159862e-06
CCCCc1ccccc1C(=O)Nc1cnn(CC(F)F)c1,3.597028988648764e-07
CN(CC(C=O)COc1ccccc1C(F)(F)F)C(=O)c1cnccn1,0.2299811395867443
COC(=O)C(N)(CCCc1cccc(OCC(F)(F)F)c1)C(F)(F)OC(N)=O,0.00015157589478889279
Cc1nccn1CC1(C(F)(F)F)NC1=O,2.0347993298681617e-06
NCCC(=O)NCc1nccn1C(F)F,1.5925530903424727e-06
Cc1nn(C)cc1C(C)C(N)=O,5.608705950535402e-07
CC(C)CN1C(=O)NC(NC(=O)c2ccccc2F)(c2cncc(N)n2)C1=O,6.200871184913804e-09
COc1ccc(CNC=O)cc1OC(F)F,0.0002385005248765043
Cn1ncnc1CCNC(=O)Nc1cccc(OCC(F)(F)C(F)(F)F)c1,0.102073141077199
Cn1ncnc1CCNC(=O)NNC1CCCN(CC(F)F)C1=O,3.158381808628174e-12
FC(F)n1ccnc1Cn1cccn1,5.073324103220581e-07
CC(NC(=O)C(=O)Nc1cccc(F)c1F)c1cn(C)nc1-c1ccccc1F,0.0017519686373716806
CCCCOc1ccccc1C(F)COc1cc(CN)ccn1,6.204885963413824e-07
COc1cc(CNC(=O)ON)ccn1,2.3131741920124335e-07
CC(C)CN1C(=O)NC(NC(=O)c2ccccc2)(C2(F)C3=CC=CC2=C3)C1=O,0.07252816707088061
CN(C)C(F)(F)C1(NC=O)NC(=O)N(C(=O)c2ccc(OCF)cc2)C1=O,3.0663542398217787e-07
C[NH2+]CC(=O)Nc1ccc(CC(=O)O)cn1,2.382295070098003e-16
CCCc1ccccc1C(=O)NCn1ccnc1C,0.0010733251608501765
Cc1ccc(CCOC(=O)C=O)cc1,1.6321694357619242e-05
CCC(O)CCC(F)(F)F,2.9168524657383537e-10
O=C1NC(=O)C(NC(=O)c2ccccc2F)(C2(F)Cc3ccc2cc3)N1,0.10522319572662821
OC1=NCCn2ccnc2C1,1.55922683106058e-08
COC(=O)C(Cn1ccnc1C)(NC(F)(F)COc1ccccc1)C(F)(F)F,0.01831165214425395
Cn1cc(N(CCC(F)(F)C(F)F)C(=O)c2cnc3ccccn3c2=O)cn1,0.3680552598873594
C[NH+](CC(=O)Nc1ccccn1)Cc1ccc(OC(F)F)cc1,0.010794908746271864
CN(Cc1ccc(OC(O)F)cc1)C(=O)C(=O)Nn1cccn1,2.523162719753932e-06
O=C(CNS(=O)(=O)Cc1ccccc1F)c1ccccc1,0.08450968990053001
O=C1Nc2ccccc2C(F)(F)C12CC2,9.387175456215871e-08
CN(C)C(=O)c1cc(OCC(F)(F)F)c2ccccc2n1,6.516668263150718e-05
CN(Cc1ccccc1)c1cncc(NC2CCCN(CC(F)(F)F)C2=O)n1,0.0011335732378310187
COC(=O)C(Cn1ccnc1OC)(NC=O)[NH+](C)CC(N)=O,6.643718970390622e-49
CCN1CCC(Cn2ccnc2C)CC1,1.4106971540111187e-08
O=C(NCc1c(F)cccc1F)Nc1cc(F)cc(NC(=O)c2ccccc2F)c1,5.882311586490021e-12
COC(=O)C(NC(=O)c1ccc(F)cc1)Nc1[nH+]cccc1C,0.0683508189218973
C[NH+](CC(=O)Nc1ccccc1C(F)(F)F)CC(=O)c1cccc(O)c1,0.23145339458715541
Cc1cc(CC(F)n2ccnc2CNC(=O)C=O)n(C)n1,0.00012196849597639458
CC(C)(C)C(F)(CO)C(=O)Nn1ccc(C(F)(F)F)n1,0.1166301235508375
CC(=O)CC[NH+](C)OC(F)(F)c1ccccc1NC(C)=O,0.005320726000792305
CC(O)CNC(=O)c1cccc(OCc2nccn2C(F)CF)c1,0.3555704580532439
COC(=O)C(N)(Cn1ccnc1C)C(F)(F)C1CC1,0.014485128901766888
CC(=O)c1cccc(OCc2nccn2C(C)F)c1,1.8973214748909596e-05
COC(=O)C(NC(=O)c1ccc(F)cc1)(Nc1[nH+]cccc1C)C(F)F,0.4729376942297324
Cc1nccn1-c1cncc(NC2CCCN(Cc3cc(Cl)cc(Br)c3)C2=O)n1,6.509539540250536e-07
OCC(F)(F)Oc1cccc(-c2ccccn2)c1,4.905849570010528e-05
CC(C(=O)F)c1cc(F)cc(NC(=O)NCCCCCNC2NC(=O)N(C)C2=O)c1,2.313706875060917e-06
COC(=O)C1(NC(=O)c2ccc(F)cc2)CC1(F)OC,0.009162405336582196
NC(F)COc1cc(CNC(=O)NCc2cccnc2)ccn1,0.0011943520498706036
COc1cccc(C(=O)N2C[C@H](c3nccn3C(F)F)CC2=O)c1,0.11010674679561977
COc1cc(CCCC(=O)Nc2ccccc2C(F)(F)F)ccn1,2.754655749386671e-08
N#CCCN(C(=O)c1cnc2ccccn2c1=O)c1ccc(F)cc1,0.2227757494750963
Cc1ccnn1N(C)C(=O)C(=O)NCc1nccn1C(F)CC(F)F,0.0092002114097771
Cc1cc(CNC(=O)NCc2cccnc2)ccn1,0.1298402650887993
CN(CC(=O)C(=O)C=O)C(=O)c1cc(OCC(F)(F)F)c2ccccc2n1,0.04417976086149949
O=C(c1ccc(F)cc1)c1cccc(OCc2nccn2C(F)F)c1,3.916604008753258e-10
CCCCCc1cncc(CNS(=O)(=O)Cc2ccccc2F)n1,0.007896637652298586
Cn1ncnc1CCNC(=O)Nc1cccc(C(N)=O)c1,1.517154002030094e-08
COC(=O)C(Cn1ccnc1C)(NC(=O)c1ccccc1)C(F)(F)F,0.49049842976117963
CC(=O)C(F)(F)C1(NC(=O)c2ccccc2F)NC(=O)N(c2ccc[nH+]c2)C1=O,0.00012053264235558495
O=C(NCc1nccn1CF)C(=O)c1ccc(F)cc1,0.02295515165779179
O=CNCc1nccn1C(F)F,9.65112719244983e-09
CCNC(=O)Nc1cc(F)cc(F)c1,2.2489694434414602e-05
O=C(c1ccc(F)cc1)C(F)CCC(F)(F)F,5.5008612045704854e-14
CC(=O)C(F)(F)c1ccn(NC(=O)C(=O)NCc2ccc(OC(F)F)cc2)n1,0.01176020499166372
Cc1nccn1CC(O)(NC(=O)c1ccccc1)C(F)(F)F,0.2322185726177783
CCC(C)N(Cc1cnn(CC(F)F)c1)C(N)=O,0.08520506032486061
O=C(NCCCn1ccnc1)Nc1cc(F)cc(F)c1,0.03599987508996637
CC(F)Cc1ccccc1CNC(=O)C=O,0.0002644290822649684
O=C(O)c1cncc(NC(=O)c2ccccc2F)n1,0.004795824047959331
O=[SH](=O)Cc1ccccc1F,1.5009366772570954e-09
CC(O)c1n[nH]cc1C(C)NC(=O)C(=O)Nc1ccc(F)c(F)c1F,0.003960080637020336
O=CC(=O)OC(=O)Nc1ccccc1C(F)(F)F,0.004647202069226968
Cc1nccn1Cc1cncc(NC2CCCN(CC(F)F)C2=O)n1,0.2166982603621903
O=C(NCc1ccncc1)NCc1cccnc1,0.04310901339460784
COCc1nccn1C(F)F,1.4930568123878172e-09
CN(Cc1ccc(OCN2CCOCC2)cc1)C(F)(F)F,2.968756762648822e-07
CCC(F)(CCCCN(C)Cc1ccccc1)c1ccn(NC(=O)C=O)n1,0.0002385931778052377
Cc1nccn1-c1cncc(NC2CCCN(CC(F)(F)c3cc[nH]n3)C2=O)n1,0.004131370115127464
CC(=O)Nc1ccc(Oc2cccc(C(=O)NCC(C)O)c2)c(C(F)F)c1,0.0001251792890933527
O=CC(=O)C1CCCCC1n1ccc(C(F)(F)F)n1,0.0043829644803145195
O=C(NCCc1ncn[nH]1)Nc1ccccc1F,0.017275321721877013
Cn1cc(N(C=O)Cn2cc(CNS(C)(=O)=O)nn2)cn1,7.684191199587559e-20
COC(=O)C(Cn1ccnc1OC)(N[NH+](C)OC(=O)C=O)C(F)(F)F,1.440833867455259e-25
NCCc1ncnn1Oc1cccc(C(N)=O)c1,3.9723371326047036e-11
Cn1cc(NCNC(=O)c2ccco2)cn1,0.0004744978830484746
