CN1CCN(S(=O)(=O)c2ccc(SCC(=O)c3ccc(Cl)c(C(=O)NC4(C)Cc5ccccc5C4)c3)nc2)CC1,0.31125827814569534
CCN1CCN(S(=O)(=O)c2ccc(CN(C)C(=O)c3cc(S(=O)(=O)N(C)C)ccc3N3CCCC3)cc2)CC1,0.34965034965034963
Cc1ccc(S(=O)(=O)CN2CCN(S(=O)(=O)c3ccc4ccccc4c3)CC2)cc1NC(=O)Cc1ccccc1,0.2922077922077922
CN(C)c1cc(S(=O)(=O)N(C)C)ccc1N1CCCCC1,0.3148148148148148
Cc1cccc(OCC(=O)Nc2cc(-c3ccc(N4c5ccccc5C[C@H]4C)nc3)ccc2Cl)c1C,0.18238993710691823
CCN1CCN(S(=O)(=O)c2ccc(ONCCN3CCN(c4nc5ccc(F)cc5s4)CC3)cc2)CC1,0.2972972972972973
CN(Cc1ccccc1N1CCCC1)S(=O)(=O)c1ccc(F)c(F)c1,0.35964912280701755
CN(C)/N=C1\C(=O)N(CN2CCN(c3ccc(ON(C)C)cc3)CC2)c2ccccc21,0.34108527131782945
CCS(=O)(=O)c1ccc2c(c1)N(CC(=O)NCc1ccc(N(C)C)cc1)CCS2,0.30708661417322836
Cc1cccc(OCC(=O)Nc2cc(F)ccc2Cl)c1C,0.18181818181818182
CN(C)S(=O)(=O)c1ccc(N2CCCCC2)c(-c2cc(S(=O)(=O)N(C)C)ccc2N2CCCC2)c1,0.3582089552238806
CN(C)S(=O)(=O)c1ccc(N2CCCCC2)c(NCCN2CCN(c3nc4ccc(F)cc4s3)CC2)c1,0.37410071942446044
Cc1ccc(S(=O)(=O)N(NC(=O)CN2CC[C@@H](C)c3ccccc32)c2cc(Cl)ccc2Cl)cc1,0.2676056338028169
CN(C)N(CC(=O)N1CCCc2cc(S(=O)(=O)N(C)C)ccc21)c1ccccc1,0.36363636363636365
CN(S(=O)(=O)CC(=O)NCCN1CCN(c2nc3ccccc3s2)CC1)S(=O)(=O)c1ccc(F)c(F)c1,0.38235294117647056
CN1CCN(C(=O)CN(c2cc(Cl)ccc2Cl)S(=O)(=O)c2ccc(Cc3ccccc3N3CCCC3)cc2)CC1,0.32666666666666666
Cc1ccc(C(=O)c2cccc(S(=O)(=O)N3CCN(C)CC3)c2)cc1NC(=O)Cc1ccccc1,0.3333333333333333
CCCn1c(=O)n(CN2CCN(NCCN3CCN(c4nc5ccc(F)cc5s4)CC3)CC2)c2ccccc21,0.267515923566879
CN(S(=O)(=O)CC(=O)NNCCN1CCN(c2nc3ccc(F)cc3s2)CC1)S(=O)(=O)c1ccc(F)c(F)c1,0.3219178082191781
C[C@@H]1Cc2ccccc2N1c1ccc(S(=O)(=O)N2CCN(N(C)S(=O)(=O)c3ccc(F)c(F)c3)CC2)cn1,0.3082191780821918
Cc1ccc(S(=O)(=O)Cc2ccccc2N2CCCC2)cc1NC(=O)Cc1ccccc1,0.2826086956521739
Cc1cccc(OCC(=O)Nc2cc(N3CCN(C(=O)c4cc(S(C)(=O)=O)ccc4Cl)CC3)ccc2Cl)c1C,0.26143790849673204
Fc1ccc2nc(N3CCN(CCNCc4ccccc4N4CCCC4)CC3)sc2c1,0.291970802919708
Cc1ccc(CCN2CCN(c3nc4ccccc4s3)CC2)cc1C(=O)NCCN(C)c1ccccc1,0.30405405405405406
Cc1ccc(S(=O)(=O)CC(=O)NCCN2CCN(c3nc4ccccc4s3)CC2)cc1,0.359375
CCN1CCN(S(=O)(=O)c2ccc(Oc3cc(S(=O)(=O)N(C)C)ccc3N3CCCCC3)cc2)CC1,0.35766423357664234
CCN1CCN(c2ccc(C)c(NC(=O)Cc3ccccc3)c2)CC1,0.31932773109243695
CCCn1c(=O)n(CN2CCN(c3ccc(C)c(C(=O)NCCN(C)c4ccccc4)c3)CC2)c2ccccc21,0.2903225806451613
Cc1ccc(S(=O)(=O)N(CC(=O)N2CCN(C)CC2)S(=O)(=O)CCN2CCN(c3ccccc3)CC2)cc1,0.3617021276595745
Cc1ccc(S(=O)(=O)c2ccc(Cl)c(C(=O)N3CCN(Cc4ccccc4)CC3)c2)cc1,0.3333333333333333
C[C@@H]1CCN(CC(=O)Nc2cccc(S(=O)(=O)F)c2)c2ccccc21,0.2601626016260163
Cc1ccc(S(=O)(=O)N2CCN(C)CC2)cc1C(=O)NCCCCN1CCN(c2nc3ccccc3s2)CC1,0.3776223776223776
CC1(NC(=O)c2cc(S(=O)(=O)CCN3CCN(c4ccccc4)CC3)ccc2Cl)Cc2ccccc2C1,0.3263888888888889
Cc1ccc(-c2ccc(C)c(C(=O)NCCCCN3CCN(c4nc5ccccc5s4)CC3)c2)cc1,0.2925170068027211
Cc1ccc(S(=O)(=O)N(C)c2cc(Cl)ccc2Cl)cc1,0.2636363636363636
CC1(NC(=O)c2cc(CN3CCN(c4nc5ccccc5s4)CC3)ccc2Cl)Cc2ccccc2C1,0.2582781456953642
CN(C(=O)CN1CCN(C(=O)NCCCCN2CCN(c3nc4ccccc4s3)CC2)CC1)c1ccccc1,0.267515923566879
CS(=O)(=O)c1ccc(Cl)c(C(=O)N2CCN(c3ccccc3)CC2)c1,0.3247863247863248
CN(C)S(=O)(=O)c1ccc2c(c1)CCCN2c1ccccc1,0.4
CN(C)S(=O)(=O)c1ccc(CCCN2CCN(c3nc4ccccc4s3)CC2)c(NC(=O)Cc2ccccc2)c1,0.3986013986013986
CN(C(=O)CN1CCN(N2CCCc3cc(S(=O)(=O)N(C)C)ccc32)CC1)c1ccccc1,0.4126984126984127
COc1ccc(CN2CCN(c3ccccc3CN(C)S(=O)(=O)c3ccc(F)c(F)c3)CC2)cc1Br,0.36764705882352944
O=S(=O)(COc1cc(S(=O)(=O)N2CCN(Cc3ccccc3)CC2)ccc1Br)c1ccc(F)c(F)c1,0.30985915492957744
Cc1ccc(S(=O)(=O)N2CCN(Cc3ccc(Cl)c(C(=O)NC4(C)Cc5ccccc5C4)c3)CC2)s1,0.3076923076923077
CN(C)S(=O)(=O)c1ccc2c(c1)CCN2C(=O)CCCn1c(=O)oc2ccccc21,0.38524590163934425
C[C@@H]1Cc2ccccc2N1c1ccc(N2CCN(C(=O)c3cc(S(C)(=O)=O)ccc3Cl)CC2)cn1,0.2867132867132867
CN(C)S(=O)(=O)c1ccc2c(c1)CCN2C(=O)CN(C)S(=O)(=O)c1ccc2c(c1)CCCN2c1ccccc1,0.33793103448275863
Cc1ccc(CN2CCN(N3CCCc4cc(S(=O)(=O)N(C)C)ccc43)CC2)cc1NC(=O)Cc1ccccc1,0.3819444444444444
Cc1cc(-c2ccccc2)ccc1-c1nc(CN2CCN(S(=O)(=O)c3ccccc3)CC2)co1,0.3142857142857143
Cc1ccc(S(=O)(=O)N2CCN(C)CC2)cc1Cc1ccccc1,0.4166666666666667
O=C(CCCn1c(=O)oc2ccccc21)N1CCc2cc(F)ccc21,0.256
COc1ccccc1CN(C)S(=O)(=O)c1ccc(F)c(F)c1,0.3181818181818182
Cc1ccc(S(=O)(=O)N(c2ccccc2)c2cc(Cl)ccc2Cl)cc1,0.2601626016260163
Cc1ccc(S(=O)(=O)N(c2cc(Cl)ccc2Cl)c2ccccc2CN(C)S(=O)(=O)c2ccc(F)c(F)c2)cc1,0.23076923076923078
Cc1ccc(S(=O)(=O)CC(=O)NCCCN2CCN(c3nc4ccccc4s3)CC2)cc1,0.3511450381679389
Cc1nn(-c2ccccc2)c(C)c1CNC(=O)c1cc(S(=O)(=O)N(C)N(C)C)ccc1N1CCCC1,0.33093525179856115
Cc1ccc(-c2ccc3c(c2)CCN3C(=O)CCCn2c(=O)oc3ccccc32)cc1,0.2323943661971831
Cc1ccc(S(=O)(=O)N2CCN(C)CC2)cc1C(=O)NCCc1ccccc1,0.3898305084745763
Cc1ccc(-c2cc(S(=O)(=O)N3CCN(C)CC3)ccc2C)cc1Cc1ccccc1,0.4065040650406504
CN1CCN(S(=O)(=O)c2ccc(N(C)S(=O)(=O)c3ccc(F)c(F)c3)c(Cc3ccccc3)c2)CC1,0.3805970149253731
Cc1cc(NC(=O)Cc2ccccc2)ccc1-c1nc(CN2CCN(S(=O)(=O)c3ccccc3)CC2)co1,0.3
CN(C(=O)C(=O)NCCCCN1CCN(c2nc3ccccc3s2)CC1)c1ccccc1,0.3088235294117647
CCCOc1cc(S(=O)(=O)N2CCN(Cc3ccccc3)CC2)ccc1-n1c(=O)oc2ccccc21,0.3125
CN(C(=O)N(CC(=O)N1CCCc2cc(S(=O)(=O)N(C)C)ccc21)c1ccccc1)c1ccccc1,0.3191489361702128
Cc1ccc(CN(C)C(=O)c2cc(S(=O)(=O)N(C)C)ccc2N2CCCC2)cc1C(=O)NCCc1ccccc1,0.3310810810810811
COc1ccc(CN2CCN(c3ccccc3Cc3ccc(C)cc3)CC2)cc1Br,0.2932330827067669
Cc1ccc(S(=O)(=O)N2CCN(C(=O)c3cc(S(=O)(=O)N(C)F)ccc3Cl)CC2)s1,0.30708661417322836
CCN1C[C@H](CN(C)C(=O)c2cc(S(=O)(=O)N(C)N(C)C)ccc2N2CCCC2)Oc2ccccc21,0.33093525179856115
CCCOc1ccccc1NC(=O)c1cccc(S(=O)(=O)N2CCN(S(=O)(=O)c3ccc(C)cc3)CC2)c1,0.28859060402684567
Cc1ccc(-c2cc(S(=O)(=O)N3CCN(C)CC3)ccc2C)cc1CF,0.4017857142857143
Cc1ccc(-c2cc(S(=O)(=O)N3CCN(C)CC3)ccc2C(=O)N(C)c2ccccc2)cc1CF,0.3969465648854962
Cc1ccc(-c2cc(S(=O)(=O)N3CCN(C)CC3)ccc2C)cc1-c1ccccc1,0.4166666666666667
CNC(=O)CS(=O)(=O)N(C)S(=O)(=O)c1ccc(F)c(F)c1,0.19827586206896552
Cc1ccc(S(=O)(=O)N(C)S(=O)(=O)c2ccc(Cl)c(C(=O)N3CCN(S(=O)(=O)c4ccc(C)s4)CC3)c2)cc1,0.2905405405405405
Cc1ccc(S(=O)(=O)N2CCN(C)CC2)cc1C(=O)NCN1CCCc2cc(S(=O)(=O)N(C)C)ccc21,0.375
CN(C(=O)CN1CCN(N2CCCc3cc(S(=O)(=O)C(=O)N(C)c4ccccc4)ccc32)CC1)c1ccccc1,0.3092105263157895
Cc1ccc(S(=O)(=O)N(C(=O)c2cc(S(=O)(=O)N(C)C)ccc2N2CCCC2)c2cc(Cl)ccc2Cl)cc1,0.2945205479452055
COc1ccc(CN2CCN(c3ccccc3CN(C)S(=O)(=O)c3ccc(F)c(F)c3)CC2)cc1Br,0.36764705882352944
C[C@@H]1Cc2ccccc2N1c1ccc(N2CCN(C(=O)c3cc(S(C)(=O)=O)ccc3Cl)CC2)cn1,0.2867132867132867
Cc1ccc(-c2cc(S(=O)(=O)c3cc(S(=O)(=O)N4CCN(C)CC4)ccc3C)ccc2C)cc1CF,0.3333333333333333
Cc1ccc(S(=O)(=O)N2CCN(C(=O)c3cc(N4CCN(C)CC4)ccc3Cl)CC2)s1,0.2835820895522388
CN1CCN(S(=O)(=O)CCCN2CCN(c3nc4ccccc4s3)CC2)CC1,0.3387096774193548
Cc1ccc(S(=O)(=O)c2cc(CN3CCN(N4CCCc5cc(S(=O)(=O)N(C)C)ccc54)CC3)ccc2C)cc1,0.3401360544217687
Cc1ccc(CC(=O)N2CCc3cc(S(=O)(=O)N(C)C)ccc32)cc1C(=O)NCCN(C)c1ccccc1,0.31724137931034485
CN(C)S(=O)(=O)c1ccc(CCc2ccccc2)c(NC(=O)Cc2ccccc2)c1,0.3076923076923077
Cc1ccc(-c2cc(S(=O)(=O)N3CCN(C)CC3)ccc2-n2c(=O)oc3ccccc32)cc1-c1ccccc1,0.3310810810810811
CN(C(=O)c1ccc(N(C)S(=O)(=O)c2ccc(F)c(F)c2)c(Cc2ccccc2)c1)c1ccccc1,0.2483221476510067
COc1ccc(CS(=O)(=O)c2ccc(C)c(-c3ccc(C)c(CF)c3)c2)cc1Br,0.24060150375939848
Cc1ccc(-c2cc(S(=O)(=O)n3c(=O)oc4ccccc43)ccc2C)cc1CF,0.26717557251908397
Cc1ccc(-c2cc(C(=O)c3cc(S(=O)(=O)N4CCN(C)CC4)ccc3C)ccc2C)cc1Cc1ccccc1,0.3288590604026846
CN(c1ccc(NC(=O)Cc2ccccc2)cc1Cc1ccccc1)S(=O)(=O)c1ccc(F)c(F)c1,0.23841059602649006
CN(CF)S(=O)(=O)CC(=O)NCCN1CCN(c2nc3ccccc3s2)CC1,0.312
CN(CCCN1CCN(c2nc3ccccc3s2)CC1)C(=O)c1cc(S(=O)(=O)N(C)C)ccc1N1CCCC1,0.42028985507246375
CN(C)S(=O)(=O)c1ccc2c(c1)CCCN2C(=O)CN(c1ccccc1)S(=O)(=O)c1ccc(F)c(F)c1,0.31690140845070425
Cc1ccc(S(=O)(=O)c2ccc(S(=O)(=O)N3CCN(C)CC3)cc2-c2ccc(C)c(CF)c2)cc1,0.3382352941176471
CON(C)S(=O)(=O)c1ccc2c(c1)CCCN2C(=O)CN(C)c1ccccc1,0.3360655737704918
O=S(=O)(NCCN1CCN(c2ccccc2)CC1)c1ccc(S(=O)(=O)c2ccc(F)c(F)c2)cc1,0.3333333333333333
Cc1ccc(S(=O)(=O)N2CCN(C)CC2)cc1-n1c(=O)oc2ccccc21,0.4
CN(S(=O)(=O)CC(=O)NN1CCN(C(=O)c2cc(S(C)(=O)=O)ccc2Cl)CC1)S(=O)(=O)c1ccc(F)c(F)c1,0.27702702702702703
Cc1ccc(S(=O)(=O)N2CCN(C)CC2)cc1C(=O)NCC(=O)N(C)c1ccccc1,0.3902439024390244
CN(C)S(=O)(=O)c1ccc2c(c1)CCCN2Cc1ccccc1,0.40186915887850466
Cc1ccc(S(=O)(=O)N2CCN(C)CC2)cc1C(=O)NCc1ccc2c(c1)CCCN2Cc1ccccc1,0.3287671232876712
CN(C)S(=O)(=O)c1ccc2c(c1)CCN2C(=O)CCCn1c(=O)oc2ccccc21,0.38524590163934425
CN(CS(=O)(=O)N(C)C)C(=O)c1cc(S(=O)(=O)N(C)C)ccc1N1CCCC1,0.28225806451612906
Cc1ccc(-c2nc(CN3CCN(NC(=O)Cc4ccccc4)CC3)co2)c(C)c1,0.31297709923664124
CN(C(=O)N1CCN(c2ccccc2CN(C)S(=O)(=O)c2ccc(F)c(F)c2)CC1)c1ccccc1,0.3381294964028777
C[C@@H]1Cc2ccccc2N1c1ccc(S(=O)(=O)N2CCN(C(=O)NCC(=O)N(C)c3ccccc3)CC2)cn1,0.2727272727272727
COS(=O)(=O)c1ccc(C)c(C(=O)NCC(=O)N(C)c2ccccc2)c1,0.2682926829268293
Cc1ccc(S(=O)(=O)N2CCN(Cc3ccccc3)CC2)cc1C(=O)NCCN(C)c1ccccc1,0.3333333333333333
CCN1C[C@H](CN(C)C(=O)c2cc(S(=O)(=O)N(C)CF)ccc2N2CCCC2)Oc2ccccc21,0.3357664233576642
Cc1ccc(CN2CCN(N3CCCc4cc(S(=O)(=O)N(C)C)ccc43)CC2)cc1Cc1ccccc1,0.40441176470588236
CN1CCN(S(=O)(=O)CCCC(=O)N2CCc3cc(S(=O)(=O)N(C)C)ccc32)CC1,0.35772357723577236
Cc1ccc(-c2cc(S(=O)(=O)N3CCN(C)CC3)ccc2S(=O)(=O)N(C)C)cc1Cc1ccccc1,0.43410852713178294
CN1CCN(S(=O)(=O)c2cccc(C(=O)Nc3ccccc3OC(=O)NCC(=O)N(C)c3ccccc3)c2)CC1,0.31125827814569534
CCN1C[C@H](CN(C)C(=O)c2cc(S(=O)(=O)N(C)N3CCN(C)CC3)ccc2N2CCCC2)Oc2ccccc21,0.36551724137931035
CN(C)c1ccc(CN2CCN(c3ccccc3CN(C)S(=O)(=O)c3ccc(F)c(F)c3)CC2)cc1Br,0.38235294117647056
CN(C(=O)NC(=O)CS(=O)(=O)N(C)S(=O)(=O)c1ccc(F)c(F)c1)c1ccccc1,0.2692307692307692
CN(Cc1ccccc1N1CCN(Cc2ccc(F)c(Br)c2)CC1)S(=O)(=O)c1ccc(F)c(F)c1,0.3656716417910448
O=c1oc2ccccc2n1S(=O)(=O)c1ccc(F)c(F)c1,0.26548672566371684
Cc1ccc(CCNC(=O)c2cc(S(=O)(=O)N3CCN(C)CC3)ccc2C)cc1C(=O)NCCc1ccccc1,0.3288590604026846
CN(Cc1ccccc1N1CCN(CF)CC1)S(=O)(=O)c1ccc(F)c(F)c1,0.41739130434782606
CN(C)S(=O)(=O)c1ccc2c(c1)CCN2C(=O)CCCN(C)S(=O)(=O)c1ccc(F)c(F)c1,0.3082706766917293
Cc1ccc(-c2cc(S(=O)(=O)c3ccccc3N3CCN(CF)CC3)ccc2C)cc1CF,0.36923076923076925
CN1CCN(S(=O)(=O)c2ccc(S(=O)(=O)c3ccccc3N3CCN(CF)CC3)c(Cc3ccccc3)c2)CC1,0.33557046979865773
Cc1ccc(S(=O)(=O)N2CCN(C)CC2)cc1CCNC(=O)c1cc(S(=O)(=O)N2CCN(C)CC2)ccc1C,0.2953020134228188
CCCOc1ccccc1NC(=O)c1cccc(S(=O)(=O)N2CCN(n3c(=O)oc4ccccc43)CC2)c1,0.2679738562091503
CN(CC(=O)NCCCCN1CCN(c2nc3ccccc3s2)CC1)S(=O)(=O)c1ccc(F)c(F)c1,0.3851851851851852
CN(Cc1ccccc1N1CCN(CF)CC1)S(=O)(=O)CN(C)S(=O)(=O)c1ccc(F)c(F)c1,0.390625
CN(c1ccc(Cn2c(=O)oc3ccccc32)cc1Cc1ccccc1)S(=O)(=O)c1ccc(F)c(F)c1,0.24183006535947713
c1ccc(CN2CCCc3cc(-c4nc5ccccc5s4)ccc32)cc1,0.21641791044776118
CN(C)c1ccc(N(C)S(=O)(=O)c2ccc(F)c(F)c2)c(Cc2ccccc2)c1,0.2992125984251969
CN1CCN(S(=O)(=O)c2ccc(N3CCCC3)c(-n3c(=O)oc4ccccc43)c2)CC1,0.3488372093023256
Cc1ccc(-c2ccc3c(c2)CCCN3Cc2ccccc2)cc1C(=O)NCCc1ccccc1,0.19745222929936307
CN(C)S(=O)(=O)c1ccc2c(c1)CCCN2Cc1ccccc1,0.40186915887850466
Cc1ccc(NC(=O)CS(=O)(=O)N(C)S(=O)(=O)c2ccc(F)c(F)c2)cc1Cc1ccccc1,0.2624113475177305
CN(C)S(=O)(=O)c1ccc2c(c1)CCN2C(=O)CCCN(C)S(=O)(=O)c1ccc(F)c(F)c1,0.3082706766917293
CN(CC(=O)NCCCCN1CCN(n2c(=O)oc3ccccc32)CC1)S(=O)(=O)c1ccc(F)c(F)c1,0.3695652173913043
Cc1ccc(S(=O)(=O)N2CCN(C)CC2)cc1C(=O)NCCn1c(=O)oc2ccccc21,0.3888888888888889
CN(C)c1ccc(CN2CCN(c3ccccc3CN(C)S(=O)(=O)n3c(=O)oc4ccccc43)CC2)cc1Br,0.32653061224489793
CN(C(=O)N(C)S(=O)(=O)c1ccc2c(c1)CCCN2Cc1ccccc1)c1ccccc1,0.3037037037037037
CN(C)c1ccc(CN2CCN(c3ccccc3CN(C)S(=O)(=O)N(C)C)CC2)cc1Br,0.384
CN(C)S(=O)(=O)c1ccc2c(c1)CCCN2CNN(C)S(=O)(=O)c1ccc2c(c1)CCCN2c1ccccc1,0.3356164383561644
CN(CC(=O)NCCCCN1CCN(CCn2c(=O)oc3ccccc32)CC1)S(=O)(=O)c1ccc(F)c(F)c1,0.3541666666666667
Cc1ccc(S(=O)(=O)S(=O)(=O)N(C)C)cc1-n1c(=O)oc2ccccc21,0.3135593220338983
Cc1ccc(S(=O)(=O)N2CCN(C)CC2)cc1Cc1ccccc1,0.4166666666666667
CN(CC(=O)NCCCCN1CCN(n2c(=O)oc3ccccc32)CC1)S(=O)(=O)c1ccc(F)c(F)c1,0.3695652173913043
CN(C)S(=O)(=O)c1ccc2c(c1)CCCN2N1CCN(CCN(C)S(=O)(=O)c2ccc(F)c(F)c2)CC1,0.3851851851851852
CN(C)S(=O)(=O)c1ccc2c(c1)CCCN2CCc1ccccc1,0.4166666666666667
CN(C)S(=O)(=O)c1ccc2c(c1)CCCN2C(=O)CN(c1ccccc1)S(=O)(=O)N(C)C,0.34375
CN1CCN(S(=O)(=O)c2ccc(Cc3ccc(N(C)C)c(Br)c3)c(-n3c(=O)oc4ccccc43)c2)CC1,0.3695652173913043
Cc1ccc(-c2cc(S(=O)(=O)N3CCN(C)CC3)ccc2C(=O)N(C)c2ccccc2)cc1Cc1ccccc1,0.35374149659863946
CN(Cc1ccc(N(C)C)c(Br)c1)Cc1ccccc1N1CCN(CF)CC1,0.3442622950819672
CN(N1CCCC1)S(=O)(=O)CC(=O)NCCN1CCN(c2nc3ccccc3s2)CC1,0.28888888888888886
Cc1ccc(S(=O)(=O)N2CCN(C)CC2)cc1C(=O)N(C)c1ccccc1,0.415929203539823
CN(C)S(=O)(=O)c1ccc2c(c1)CCCN2Cc1ccccc1,0.40186915887850466
CN(C)c1ccc(CN2CCN(c3ccccc3CN(C)N(C)C)CC2)cc1Br,0.3387096774193548
Cc1ccc(S(=O)(=O)N2CCN(c3ccc(F)c(F)c3)CC2)cc1C(=O)N(C)c1ccccc1,0.31386861313868614
CN(C)S(=O)(=O)c1ccc2c(c1)CCCN2N1CCN(CCN(C)S(=O)(=O)N2CCCC2)CC1,0.3235294117647059
CN(C)c1ccc(CS(=O)(=O)CN(C)S(=O)(=O)c2ccc(F)c(F)c2)cc1Br,0.272
CN(C)S(=O)(=O)c1ccc2c(c1)CCN2C(=O)CCn1c(=O)oc2ccccc21,0.3949579831932773
CN(C)S(=O)(=O)c1ccc2c(c1)CCCN2N1CCN(CCN(C)S(=O)(=O)S(=O)(=O)c2ccc(F)c(F)c2)CC1,0.36619718309859156
CN(n1c(=O)oc2ccccc21)S(=O)(=O)c1ccc2c(c1)CCN2C(=O)CCCn1c(=O)oc2ccccc21,0.2727272727272727
CN(c1ccccc1N1CCN(CF)CC1)S(=O)(=O)c1ccc2c(c1)CCCN2c1ccccc1,0.34782608695652173
Cc1ccc(NC(=O)CS(=O)(=O)N(C)S(=O)(=O)c2ccc(F)c(F)c2)cc1C(=O)NCCN(C)c1ccccc1,0.25161290322580643
CN(C(=O)c1ccc2c(c1)CCN2C(=O)CCn1c(=O)oc2ccccc21)c1ccccc1,0.2413793103448276
CN1CCN(S(=O)(=O)c2ccc(Cc3ccc(N(C)C)c(Br)c3)c(Cc3ccccc3)c2)CC1,0.40310077519379844
Cc1ccc(-c2cc(S(=O)(=O)N3CCN(C)CC3)ccc2S(=O)(=O)c2ccccc2)cc1Cc1ccccc1,0.3333333333333333
CN(c1ccc(F)c(F)c1)S(=O)(=O)c1ccc2c(c1)CCCN2c1ccccc1,0.3046875
Cc1ccc(S(=O)(=O)N2CCN(C)CC2)cc1C(=O)NCCc1ccc(F)c(F)c1,0.344
O=C(CCCn1c(=O)oc2ccccc21)N1CCc2cc(Cc3ccccc3)ccc21,0.2222222222222222
CN1CCN(S(=O)(=O)c2ccc(S(=O)(=O)N(C)C)c(CCn3c(=O)oc4ccccc43)c2)CC1,0.45528455284552843
CN(C)c1ccc(CN2CCN(c3ccccc3CN(C)S(=O)(=O)F)CC2)cc1Br,0.3884297520661157
CN(C)S(=O)(=O)N(C)Cc1ccccc1N1CCN(n2c(=O)oc3ccccc32)CC1,0.3333333333333333
CN(CS(=O)(=O)CN(C)S(=O)(=O)c1ccc(F)c(F)c1)S(=O)(=O)c1ccc(F)c(F)c1,0.24812030075187969
Cc1ccc(CC(=O)N2CCc3cc(S(=O)(=O)N(C)C)ccc32)cc1Cc1ccccc1,0.35658914728682173
CN(c1nc2ccccc2s1)S(=O)(=O)c1ccc2c(c1)CCN2C(=O)CCCn1c(=O)oc2ccccc21,0.2847682119205298
Cc1ccc(Cc2ccc(N(C)C)c(Br)c2)cc1C(=O)NCC(=O)N(C)c1ccccc1,0.22535211267605634
CN1CCN(S(=O)(=O)c2ccc(-c3ccccc3)c(-n3c(=O)oc4ccccc43)c2)CC1,0.3511450381679389
CN(C)c1ccc(CN2CCN(c3ccccc3CN(C)S(=O)(=O)S(=O)(=O)c3ccc(F)c(F)c3)CC2)cc1Br,0.3448275862068966
CN1CCN(S(=O)(=O)c2ccc(S(=O)(=O)N(C)C)c(-c3nc4ccccc4s3)c2)CC1,0.48695652173913045
CN(CCN1CCN(S(=O)(=O)N(C)C)CC1)S(=O)(=O)c1ccc(F)c(F)c1,0.3652173913043478
Cc1ccc(-c2cc(-c3ccc(C)c(C(=O)NCCc4ccccc4)c3)ccc2C)cc1Cc1ccccc1,0.17159763313609466
CN(C)c1ccc(CN2CCN(c3ccccc3CN(C)S(=O)(=O)c3ccc(F)c(F)c3)CC2)cc1Br,0.38235294117647056
CN1CCN(S(=O)(=O)c2ccc(-c3ccccc3)c(C(=O)NCCc3ccccc3)c2)CC1,0.3533834586466165
CN(C)c1ccc(CN2CCN(S(=O)(=O)c3ccc4c(c3)CCCN4Cc3ccccc3)CC2)cc1Br,0.34507042253521125
CN(C)c1ccc(CN2CCN(n3c(=O)oc4ccccc43)CC2)cc1Br,0.35
CN1CCN(S(=O)(=O)c2ccc(CF)c(C(=O)NCCc3ccccc3)c2)CC1,0.36885245901639346
O=c1oc2ccccc2n1CCN1CCN(c2nc3ccccc3s2)CC1,0.32
CN(C)S(=O)(=O)CN1CCN(c2nc3ccccc3s2)CC1,0.3611111111111111
Cc1ccc(NC(=O)CS(=O)(=O)N(C)S(=O)(=O)c2ccc(F)c(F)c2)cc1C(=O)NCCN(C)c1ccccc1,0.25161290322580643
Cc1ccc(N2CCN(C)CC2)cc1C(=O)NCCn1c(=O)oc2ccccc21,0.3548387096774194
Cc1ccc(-c2cc(S(C)(=O)=O)ccc2C)cc1CF,0.27522935779816515
Cc1ccc(-c2cc(S(=O)(=O)N3CCN(C)CC3)ccc2C)cc1CCCn1c(=O)oc2ccccc21,0.37681159420289856
CN(C)c1ccc(CN2CCN(CCCCNC(=O)CN(C)S(=O)(=O)c3ccc(F)c(F)c3)CC2)cc1Br,0.3475177304964539
CN(Cc1ccccc1CN1CCN(c2nc3ccccc3s2)CC1)S(=O)(=O)F,0.3548387096774194
CN1CCN(S(=O)(=O)c2ccc(S(=O)(=O)N(C)C)c(Cn3c(=O)oc4ccccc43)c2)CC1,0.4426229508196721
CN(C)S(=O)(=O)c1ccc2c(c1)CCN2C(=O)Cc1ccc2c(c1)CCCN2Cc1ccccc1,0.3602941176470588
CN(C)S(=O)(=O)c1ccc2c(c1)CCCN2Cc1ccc2c(c1)CCCN2Cc1ccccc1,0.3656716417910448
CN(C)S(=O)(=O)c1ccc2c(c1)CCN2Cn1c(=O)oc2ccccc21,0.39823008849557523
CN(c1nc2ccccc2s1)S(=O)(=O)c1ccc2c(c1)CCN2C(=O)CCCn1c(=O)oc2ccccc21,0.2847682119205298
CN(C)c1ccc(CCCn2c(=O)oc3ccccc32)cc1Br,0.2711864406779661
CN1CCN(S(=O)(=O)c2ccc(S(=O)(=O)N(C)C)c(N(C)C)c2)CC1,0.36036036036036034
CN(C)S(=O)(=O)c1ccc2c(c1)CCN2C(=O)CCCc1ccccc1,0.3739130434782609
Cc1ccc(Cn2c(=O)oc3ccccc32)cc1C(=O)NCCn1c(=O)oc2ccccc21,0.2
Cc1ccc(S(=O)(=O)N2CCN(C)CC2)cc1-c1ccc(C)c(N(C)C)c1,0.41964285714285715
Cc1ccc(-c2ccc3c(c2)CCN3C(=O)CCCn2c(=O)oc3ccccc32)cc1Cc1ccccc1,0.20245398773006135
CN(C)S(=O)(=O)c1ccc2c(c1)CCN2C(=O)CCCn1c(=O)oc2ccccc21,0.38524590163934425
Cc1ccc(-c2cc(S(=O)(=O)N3CCN(C)CC3)ccc2C)cc1CCn1c(=O)oc2ccccc21,0.3851851851851852
Cc1ccc(-c2ccccc2CN(C)S(=O)(=O)F)cc1C(=O)NCCN(C)c1ccccc1,0.2642857142857143
Cc1ccc(S(=O)(=O)N2CCN(C)CC2)cc1CN(C)C(=O)c1cc(S(=O)(=O)N2CCN(C)CC2)ccc1C,0.30612244897959184
CN(CCCn1c(=O)oc2ccccc21)S(=O)(=O)c1ccc2c(c1)CCN2Cn1c(=O)oc2ccccc21,0.27631578947368424
Cc1ccc(S(=O)(=O)N2CCN(C)CC2)cc1-c1ccc(C)c(-n2c(=O)oc3ccccc32)c1,0.3712121212121212
CN1CCN(S(=O)(=O)c2ccc3c(c2)CCCN3Cc2ccccc2)CC1,0.3697478991596639
O=c1oc2ccccc2n1CCCCCn1c(=O)oc2ccccc21,0.2153846153846154
CN1CCN(S(=O)(=O)c2ccc(S(=O)(=O)N(C)C)c(Cc3nc4ccccc4s3)c2)CC1,0.46218487394957986
Cc1ccc(S(=O)(=O)N2CCN(C)CC2)cc1C(=O)NCCc1ccccc1,0.3898305084745763
Cc1ccc(S(=O)(=O)N(C)C)cc1C(=O)NCCc1ccccc1,0.36036036036036034
CN(C)S(=O)(=O)c1ccc2c(c1)CCN2C(=O)N1CCCC1,0.3153153153153153
Cc1ccc(S(=O)(=O)Cn2c(=O)oc3ccccc32)cc1C(=O)NCC(=O)N(C)c1ccccc1,0.24489795918367346
CN1CCN(N2CCN(S(=O)(=O)c3ccc(Cc4ccc(N(C)C)c(Br)c4)c(Cc4ccccc4)c3)CC2)CC1,0.35374149659863946
Cc1ccc(S(=O)(=O)N2CCN(C)CC2)cc1C(=O)NCCN1CCN(Cc2ccc(N(C)C)c(Br)c2)CC1,0.36619718309859156
CN1CCN(S(=O)(=O)c2ccc(Cn3c(=O)oc4ccccc43)c(-n3c(=O)oc4ccccc43)c2)CC1,0.31724137931034485
CN(Cc1ccccc1N1CCN(CF)CC1)S(=O)(=O)CF,0.3153153153153153
Cc1ccc(S(=O)(=O)c2ccccc2N2CCN(CF)CC2)cc1-c1ccc(C)c(N(C)C)c1,0.3953488372093023
CN(C)S(=O)(=O)c1ccc2c(c1)CCN2C(=O)CC(=O)CCn1c(=O)oc2ccccc21,0.3700787401574803
O=C(CCCn1c(=O)oc2ccccc21)N1CCc2cc(Cn3c(=O)oc4ccccc43)ccc21,0.2064516129032258
Cc1ccc(CCn2c(=O)oc3ccccc32)cc1C(=O)NCCn1c(=O)oc2ccccc21,0.19607843137254902
CN1CCN(S(=O)(=O)c2ccc(S(=O)(=O)N(C)C)c(C(=O)NCCc3ccccc3)c2)CC1,0.43089430894308944
CCc1cc(-c2cc(S(=O)(=O)N3CCN(C)CC3)ccc2C)ccc1C,0.4017857142857143
Cc1ccc(S(=O)(=O)CCCC(=O)N2CCc3cc(S(=O)(=O)N(C)C)ccc32)cc1-c1ccc(C)c(N(C)C)c1,0.29333333333333333
Cc1ccc(S(=O)(=O)Cc2nc3ccccc3s2)cc1-c1ccc(C)c(N(C)C)c1,0.3
Cc1ccc(S(=O)(=O)N2CCN(C)CC2)cc1C(=O)N(C)C(=O)NCC(=O)N(C)c1ccccc1,0.3712121212121212
Cc1ccc(CN2CCN(N3CCCc4cc(Cc5ccccc5)ccc43)CC2)cc1Cc1ccccc1,0.2375
CN(C)S(=O)(=O)c1ccc(CN2CCCC2)c(NC(=O)Cc2ccccc2)c1,0.4017094017094017
CN(Cc1ccccc1N1CCN(CF)CC1)c1ccc2c(c1)CCCN2Cc1ccccc1,0.27586206896551724
Cc1ccc(-c2cc(N3CCCC3)ccc2C)cc1Cc1ccccc1,0.2578125
Cc1ccc(S(=O)(=O)N(C)C)cc1C(=O)N(C)CCCN1CCN(c2nc3ccccc3s2)CC1,0.464
CN(CCCN1CCN(c2nc3ccccc3s2)CC1)C(=O)c1ccccc1N1CCN(CF)CC1,0.28378378378378377
CN1CCN(S(=O)(=O)c2ccc(S(=O)(=O)N(C)Cc3ccccc3)c(Cc3nc4ccccc4s3)c2)CC1,0.36879432624113473
CN(C(=O)c1ccc2c(c1)CCCN2Cc1ccccc1)c1ccccc1,0.23308270676691728
Cc1ccc(-n2c(=O)oc3ccccc32)cc1C(=O)NCCn1c(=O)oc2ccccc21,0.20408163265306123
Cc1ccc(-c2cc(S(=O)(=O)N3CCN(C)CC3)ccc2C)cc1CN1CCCC1,0.3709677419354839
Cc1ccc(-c2cc(S(=O)(=O)N3CCN(C)CC3)ccc2C)cc1CC(=O)CCn1c(=O)oc2ccccc21,0.36363636363636365
Cc1ccc(CCc2ccccc2)cc1C(=O)NCCc1ccccc1,0.18382352941176472
Cc1ccc(S(=O)(=O)N(C)C)cc1C(=O)N(C)CS(=O)(=O)c1ccc(C)c(-c2ccc(C)c(N(C)C)c2)c1,0.2653061224489796
FCN1CCN(c2ccccc2-c2ccc3c(c2)CCCN3Cc2ccccc2)CC1,0.2826086956521739
Cc1ccc(-c2cc(S(=O)(=O)N3CCN(C)CC3)ccc2C)cc1CCc1nc2ccccc2s1,0.39097744360902253
Cc1ccc(-c2cc(-c3cc(S(=O)(=O)N(C)C)ccc3C)ccc2C)cc1Cc1ccccc1,0.3235294117647059
Cc1ccc(-c2cc(S(=O)(=O)N3CCN(C)CC3)ccc2S(=O)(=O)N(C)C)cc1N(C)C,0.4132231404958678
Cc1ccc(Cc2ccccc2)cc1C(=O)NCC(=O)N(C)c1ccccc1,0.21323529411764705
Cc1ccc(-c2cc(S(=O)(=O)CF)ccc2C)cc1CF,0.26785714285714285
CN1CCN(S(=O)(=O)c2ccc(S(=O)(=O)N(C)C)c(Cc3nc4ccccc4s3)c2)CC1,0.46218487394957986
Cc1ccc(S(=O)(=O)N(C)C)cc1C(=O)N(C)CC(=O)CCn1c(=O)oc2ccccc21,0.34375
CN1CCN(S(=O)(=O)N(C)S(=O)(=O)c2ccc(CN3CCCC3)c(NC(=O)Cc3ccccc3)c2)CC1,0.3695652173913043
Cc1ccc(S(=O)(=O)N2CCN(C)CC2)cc1C(=O)NCCN(C)c1ccccc1,0.4083333333333333
Cc1ccc(S(=O)(=O)N2CCN(C)CC2)cc1C(=O)N(C)CCN1CCN(c2nc3ccccc3s2)CC1,0.41911764705882354
CCc1cc(-c2cc(S(=O)(=O)NCCc3ccccc3)ccc2C)ccc1C,0.28125
CN(C(=O)CNC(=O)NCCc1ccccc1)c1ccccc1,0.1889763779527559
CN1CCN(S(=O)(=O)c2ccc(S(=O)(=O)N(C)C)c(C(=O)c3ccccc3N3CCN(CF)CC3)c2)CC1,0.417910447761194
Cc1ccc(-c2cc(S(C)(=O)=O)ccc2C)cc1CF,0.27522935779816515
CN1CCN(S(=O)(=O)c2ccc(S(=O)(=O)N(C)NCCc3ccccc3)c(-c3nc4ccccc4s3)c2)CC1,0.38028169014084506
CN1CCN(S(=O)(=O)c2ccc(S(=O)(=O)N(C)C)c(-c3nc4ccccc4s3)c2)CC1,0.48695652173913045
Cc1ccc(S(=O)(=O)N2CCN(C)CC2)cc1Cc1ccc2c(c1)CCCN2Cc1ccccc1,0.34782608695652173
Cc1ccc(S(=O)(=O)N(C)C)cc1C(=O)N(C)Cc1ccc(S(=O)(=O)N(C)C)c(-c2nc3ccccc3s2)c1,0.2905405405405405
Cc1ccc(-c2cc(S(=O)(=O)N3CCN(C)CC3)ccc2C)cc1C(=O)N(C)c1ccccc1,0.3953488372093023
Cc1ccc(-c2cc(S(=O)(=O)CN(C)S(=O)(=O)c3ccc(F)c(F)c3)ccc2C)cc1Cc1ccccc1,0.26666666666666666
Cc1ccc(S(=O)(=O)N2CCN(C)CC2)cc1C(=O)S(=O)(=O)N(C)Cc1ccccc1N1CCN(CF)CC1,0.37857142857142856
CN(C)S(=O)(=O)c1ccc(CN2CCCC2)c(NC(=O)CCN2CCN(c3nc4ccccc4s3)CC2)c1,0.41605839416058393
Cc1ccc(S(=O)(=O)N(C)C)cc1N1CCc2cc(S(=O)(=O)N(C)C)ccc21,0.32231404958677684
CN(C)S(=O)(=O)c1ccc(CN2CCCC2)c(NCCc2ccccc2)c1,0.40869565217391307
CN(CN(C)S(=O)(=O)c1ccc2c(c1)CCCN2Cc1ccccc1)S(=O)(=O)c1ccc(F)c(F)c1,0.3028169014084507
Cc1ccc(-c2cc(S(=O)(=O)N3CCN(c4nc5ccccc5s4)CC3)ccc2C)cc1CF,0.3284671532846715
Cc1ccc(C(=O)N(C)CCCN2CCN(c3nc4ccccc4s3)CC2)cc1C(=O)N(C)c1ccccc1,0.3221476510067114
Cc1ccc(S(=O)(=O)N2CCN(C)CC2)cc1CS(=O)(=O)N(C)C,0.35454545454545455
CCc1cc(-c2cc(S(=O)(=O)CCN3CCN(c4nc5ccccc5s4)CC3)ccc2C)ccc1C,0.38235294117647056
Cc1ccc(S(C)(=O)=O)cc1-n1c(=O)oc2ccccc21,0.2882882882882883
Cc1ccc(S(=O)(=O)N2CCN(c3ccccc3N3CCN(CF)CC3)CC2)cc1C(=O)N(C)c1ccccc1,0.3092105263157895
CCc1cc(-c2cc(S(=O)(=O)N3CCN(C)CC3)ccc2C)ccc1N1CCN(c2nc3ccccc3s2)CC1,0.3422818791946309
Cc1ccc(S(=O)(=O)N(C)C)cc1NCCc1ccccc1,0.37735849056603776
CN1CCN(S(=O)(=O)c2ccc(S(=O)(=O)N3CCN(C)CC3)c(Cc3nc4ccccc4s3)c2)CC1,0.34532374100719426
Cc1ccc(CN2CCN(N3CCCc4cc(N(C)C)ccc43)CC2)cc1Cc1ccccc1,0.3049645390070922
CN(CCN1CCN(c2nc3ccccc3s2)CC1)NCCc1ccccc1,0.3125
Cc1ccc(-c2cc(-c3cc(S(=O)(=O)N(C)C)ccc3C)ccc2C)cc1Cc1ccccc1,0.3235294117647059
Cc1ccc(S(=O)(=O)N2CCN(C)CC2)cc1-c1ccc(C)c(N2CCN(c3nc4ccccc4s3)CC2)c1,0.3401360544217687
CN(CCc1ccccc1)S(=O)(=O)c1ccc2c(c1)CCN2Cn1c(=O)oc2ccccc21,0.2949640287769784
Cc1ccc(S(=O)(=O)c2ccccc2N2CCN(CF)CC2)cc1-c1ccc(C)c(N(C)C)c1,0.3953488372093023
Cc1ccc(-c2cc(S(=O)(=O)CN(C)c3ccccc3)ccc2C)cc1CF,0.304
Cc1ccc(-c2cc(S(=O)(=O)N3CCN(C)CC3)ccc2C)cc1CCCc1ccccc1,0.3984375
Cc1ccc(C(=O)c2cc(S(=O)(=O)N3CCN(C)CC3)ccc2C)cc1Cc1ccccc1,0.36923076923076925
Cc1ccc(CCNC(=O)c2cc(S(=O)(=O)N3CCN(C)CC3)ccc2C)cc1Cc1ccccc1,0.35507246376811596
Cc1ccc(S(=O)(=O)N(C)C)c(CCn2c(=O)oc3ccccc32)c1,0.3508771929824561
CN(C)S(=O)(=O)CN1CCCc2cc(S(=O)(=O)N(C)C)ccc21,0.2920353982300885
Cc1ccc(-c2cc(S(=O)(=O)N3CCN(C)CC3)ccc2S(=O)(=O)N2CCN(C)CC2)cc1Cc1ccccc1,0.33783783783783783
CN1CCN(Cc2ccc(S(=O)(=O)N(C)C)cc2NC(=O)Cc2ccccc2)CC1,0.5225225225225225
Cc1ccc(S(=O)(=O)S(=O)(=O)N(C)C)cc1C(=O)NCCN(C)c1ccccc1,0.28346456692913385
c1ccc2sc(N3CCN(c4nc5ccccc5s4)CC3)nc2c1,0.256
CN(C)S(=O)(=O)c1ccc(CN2CCCC2)c(Cc2nc3ccccc3s2)c1,0.43478260869565216
Cc1ccc(S(=O)(=O)CF)cc1-c1ccc(C)c(N(C)C)c1,0.2972972972972973
CN(CCCN1CCN(c2nc3ccccc3s2)CC1)C(=O)CN(C)c1ccccc1,0.32575757575757575
CCc1cc(-c2cc(S(=O)(=O)N3CCN(C)CC3)ccc2C)ccc1-c1ccccc1,0.4180327868852459
Cc1ccc(S(=O)(=O)N2CCN(CN(C)c3ccccc3)CC2)cc1C(=O)N(C)c1ccccc1,0.35294117647058826
CN(C)S(=O)(=O)c1ccc(S(=O)(=O)N(C)C)c(Cc2nc3ccccc3s2)c1,0.35294117647058826
Cc1ccc(-c2cc(-c3cc(S(=O)(=O)N(C)C)ccc3CN3CCCC3)ccc2C)cc1Cc1ccccc1,0.3706293706293706
CN1CCN(S(=O)(=O)c2ccc(S(=O)(=O)N(C)c3ccccc3)c(Cc3nc4ccccc4s3)c2)CC1,0.3669064748201439
Cc1ccc(S(=O)(=O)N(C)C)cc1C(=O)NCCN(C)c1ccccc1,0.3448275862068966
Cc1ccc(S(=O)(=O)N2CCN(C)CC2)cc1C(=O)N(C)CCN1CCN(c2nc3ccccc3s2)CC1,0.41911764705882354
Cc1ccc(S(=O)(=O)N2CCN(C)CC2)cc1C(=O)NCCCN1CCN(c2nc3ccccc3s2)CC1,0.38571428571428573
Cc1ccc(S(=O)(=O)N2CCN(C)CC2)cc1C(=O)N(C)CCN1CCN(c2nc3ccccc3s2)CC1,0.41911764705882354
CN1CCN(S(=O)(=O)c2ccc(S(=O)(=O)N(C)C)c(Cc3ccccc3)c2)CC1,0.46017699115044247
CN(C)S(=O)(=O)c1ccc(S(=O)(=O)CN(C)S(=O)(=O)c2ccc(F)c(F)c2)cc1-c1nc2ccccc2s1,0.296551724137931
CN(C)S(=O)(=O)CN1CCN(N2CCCc3cc(S(=O)(=O)N(C)C)ccc32)CC1,0.3333333333333333
CN(C)S(=O)(=O)c1ccc2c(c1)CCCN2CCCC(=O)Nc1cc(S(=O)(=O)N(C)C)ccc1CN1CCCC1,0.32432432432432434
CN(C)S(=O)(=O)c1ccc2c(c1)CCCN2N1CCN(CN2CCN(c3nc4ccccc4s3)CC2)CC1,0.3829787234042553
CN1CCN(S(=O)(=O)c2ccc(S(=O)(=O)N(C)C)c(C(=O)NCCc3ccccc3)c2)CC1,0.43089430894308944
CN1CCN(S(=O)(=O)S(=O)(=O)c2ccc(S(=O)(=O)N(C)C)c(C(=O)NCCc3ccccc3)c2)CC1,0.4076923076923077
Cc1ccc(S(=O)(=O)N2CCN(C)CC2)cc1C(=O)c1ccccc1N1CCN(CF)CC1,0.3798449612403101
Cc1ccc(S(=O)(=O)N2CCN(C)CC2)cc1C(=O)c1ccccc1N1CCN(CF)CC1,0.3798449612403101
CN1CCN(S(=O)(=O)S(=O)(=O)c2ccc(S(=O)(=O)N(C)C)c(C(=O)NCCc3nc4ccccc4s3)c2)CC1,0.4117647058823529
Cc1ccc(S(=O)(=O)N2CCN(CCc3ccccc3)CC2)cc1C(=O)N(C)c1ccccc1,0.3684210526315789
CN(C)S(=O)(=O)c1ccc(CN2CCCC2)c(NC(=O)CCc2ccccc2N2CCN(CF)CC2)c1,0.38686131386861317
Cc1ccc(S(=O)(=O)N2CCN(C)CC2)cc1C(=O)N(C)Cc1ccccc1,0.41739130434782606
CN(C)S(=O)(=O)c1ccc(S(=O)(=O)CN(C)S(=O)(=O)c2ccc(F)c(F)c2)cc1C(=O)NCCc1ccccc1,0.26973684210526316
Cc1ccc(-c2cc(N(C)CCN3CCN(c4nc5ccccc5s4)CC3)ccc2C)cc1Cc1ccccc1,0.2948717948717949
CN(Cc1ccccc1)S(=O)(=O)c1ccc(CN2CCCC2)c(Cc2nc3ccccc3s2)c1,0.3237410071942446
CN(C)S(=O)(=O)c1ccc(S(=O)(=O)N2CCN(Cc3nc4ccccc4s3)CC2)cc1Cc1ccccc1,0.37857142857142856
Cc1ccc(CN2CCN(N3CCCc4cc(-c5nc6ccccc6s5)ccc43)CC2)cc1Cc1ccccc1,0.23636363636363636
Cc1ccc(Nc2cc(S(=O)(=O)N(C)C)ccc2CN2CCCC2)cc1C(=O)N(C)Cc1ccccc1,0.3597122302158273
Cc1ccc(S(=O)(=O)N2CCN(C)CC2)cc1C(=O)N(C)CCN1CCN(c2nc3ccccc3s2)CC1,0.41911764705882354
CCc1cc(-c2cc(-c3ccccc3)ccc2C)ccc1-c1ccccc1,0.19708029197080293
CN(C)S(=O)(=O)c1ccc(N2CCCC2)cc1-c1nc2ccccc2s1,0.3826086956521739
Cc1ccc(S(=O)(=O)N2CCN(C)CC2)cc1C(=O)N(C)CN(C)C,0.3333333333333333
CCc1cc(-c2cc(S(=O)(=O)N3CCN(C)CC3)ccc2Cc2ccccc2)ccc1-c1ccccc1,0.3617021276595745
Cc1ccc(S(=O)(=O)N2CCN(C)CC2)cc1C(=O)NCCCN1CCN(c2nc3ccccc3s2)CC1,0.38571428571428573
CN(C)S(=O)(=O)c1ccc(N2CCCC2)cc1-c1nc2ccccc2s1,0.3826086956521739
CN1CCN(S(=O)(=O)c2ccc(S(=O)(=O)N(C)C)c(C(=O)NCCc3ccccc3)c2)CC1,0.43089430894308944
CN(C)S(=O)(=O)c1ccc(CCc2ccccc2)cc1Cc1ccccc1,0.2857142857142857
CN(C)S(=O)(=O)c1ccc(CN2CCCC2)c(-c2ccc(S(=O)(=O)N(C)C)c(Cc3ccccc3)c2)c1,0.38235294117647056
Cc1ccc(-c2cc(S(=O)(=O)N3CCN(C)CC3)ccc2S(=O)(=O)N(C)C)cc1-c1nc2ccccc2s1,0.4253731343283582
CN1CCN(S(=O)(=O)c2ccc(S(=O)(=O)N(C)C)c(C(=O)Nc3ccccc3N3CCN(CF)CC3)c2)CC1,0.40875912408759124
Cc1ccc(S(=O)(=O)N2CCN(C)CC2)cc1C(=O)c1ccc(S(=O)(=O)N(C)C)c(-c2nc3ccccc3s2)c1,0.3900709219858156
CN1CCN(S(=O)(=O)c2ccc(S(=O)(=O)N(C)C)c(C(=O)NCNCCc3ccccc3)c2)CC1,0.4108527131782946
Cc1ccc(-c2cc(S(=O)(=O)N3CCN(C)CC3)ccc2S(=O)(=O)N(C)C)cc1-c1nc2ccccc2s1,0.4253731343283582
Cc1ccc(C(=O)NCNCCc2ccccc2)cc1Cc1ccccc1,0.17985611510791366
Cc1ccc(S(=O)(=O)N(C)C)cc1Cc1ccccc1,0.38613861386138615
Cc1ccc(S(=O)(=O)N(C)C)cc1C(=O)N(C)Cc1ccc(S(=O)(=O)N(C)C)c(Cc2ccccc2)c1,0.2937062937062937
CCCc1cc(S(=O)(=O)N2CCN(C)CC2)ccc1S(=O)(=O)N(C)C,0.38181818181818183
CN(Cc1ccccc1N1CCN(CF)CC1)c1ccccc1,0.3103448275862069
CN(C)S(=O)(=O)c1ccc(CCN(C)S(=O)(=O)c2ccc(F)c(F)c2)c(Cc2nc3ccccc3s2)c1,0.2986111111111111
CN(C)S(=O)(=O)c1ccc(CN2CCN(c3nc4ccccc4s3)CC2)cc1Cn1c(=O)oc2ccccc21,0.3493150684931507
Cc1ccc(S(=O)(=O)N(C)C)cc1CN(C)c1ccccc1,0.36792452830188677
Cc1ccc(C(=O)NCNCCc2ccccc2)cc1Cc1ccccc1,0.17985611510791366
CN(N1CCCC1)S(=O)(=O)c1ccc(CN2CCCC2)c(Cc2nc3ccccc3s2)c1,0.36923076923076925
Cc1ccc(CCc2ccccc2)cc1Cc1ccccc1,0.19047619047619047
Cc1ccc(S(=O)(=O)N2CCN(C)CC2)cc1C(=O)N(C)C(=O)Nc1ccccc1N1CCN(CF)CC1,0.37410071942446044
CN(C)Cc1cc(S(=O)(=O)N2CCN(C)CC2)ccc1S(=O)(=O)N(C)C,0.36283185840707965
CN1CCN(S(=O)(=O)c2ccc(S(=O)(=O)N(C)C)c(C(=O)Nc3ccccc3N3CCN(CF)CC3)c2)CC1,0.40875912408759124
O=C(CCN1CCN(c2nc3ccccc3s2)CC1)NC(=O)Nc1ccccc1N1CCN(CF)CC1,0.26143790849673204
CN(C(=O)C(=O)NCNCCc1ccccc1)c1ccccc1,0.1889763779527559
CN(C)N(C(=O)CN1CCN(N2CCCc3cc(S(=O)(=O)N(C)C)ccc32)CC1)c1ccccc1,0.3969465648854962
Cc1ccc(S(=O)(=O)CN(C)S(=O)(=O)c2ccc(F)c(F)c2)cc1-c1ccc(C)c(N(C)C)c1,0.2571428571428571
CN(C)S(=O)(=O)c1ccc(CC(=O)NCNCCc2ccccc2)c(Cc2nc3ccccc3s2)c1,0.2876712328767123
CN1CCN(CCc2cc(S(=O)(=O)N3CCN(C)CC3)ccc2S(=O)(=O)N(C)C)CC1,0.3821138211382114
CN1CCN(S(=O)(=O)c2ccc(F)c(C(=O)c3ccccc3N3CCN(CF)CC3)c2)CC1,0.36923076923076925
FCN1CCN(c2ccccc2CCN2CCN(c3nc4ccccc4s3)CC2)CC1,0.2733812949640288
CN1CCN(S(=O)(=O)c2ccc(S(=O)(=O)S(=O)(=O)N3CCN(C)CC3)c(C(=O)NCCc3ccccc3)c2)CC1,0.30666666666666664
CN1CCN(S(=O)(=O)c2ccc(Cc3nc4ccccc4s3)c(C(=O)NCCN(C)c3ccccc3)c2)CC1,0.3493150684931507
FCN1CCN(c2ccccc2CN2CCN(c3nc4ccccc4s3)CC2)CC1,0.2608695652173913
CN1CCN(c2cc(S(=O)(=O)N3CCN(C)CC3)ccc2S(=O)(=O)N(C)C)CC1,0.3225806451612903
Cc1ccc(S(=O)(=O)N2CCN(C)CC2)cc1C(=O)N(C)CCN1CCN(c2nc3ccccc3s2)CC1,0.41911764705882354
CN1CCN(Cc2ccc(C(=O)N(C)c3ccccc3)cc2NC(=O)Cc2ccccc2)CC1,0.34558823529411764
Cc1ccc(-c2ccc(S(=O)(=O)N(C)C)c(CCn3c(=O)oc4ccccc43)c2)cc1Cc1ccccc1,0.26143790849673204
Cc1ccc(N(C)C)cc1C(=O)N(C)Cc1ccccc1,0.24347826086956523
c1ccc2sc(CCN3CCN(c4nc5ccccc5s4)CC3)nc2c1,0.31451612903225806
CN(Cc1ccccc1N1CCN(CF)CC1)S(=O)(=O)Nc1cc(S(=O)(=O)N(C)C)ccc1CN1CCCC1,0.38571428571428573
Cc1ccc(NCCc2ccccc2)cc1C(=O)NCCN(C)c1ccccc1,0.19858156028368795
CN(C)S(=O)(=O)c1ccc(CN2CCCC2)c(NC(=O)CCCc2nc3ccccc3s2)c1,0.3875968992248062
CN1CCN(S(=O)(=O)c2ccc(S(=O)(=O)N3CCN(C)CC3)c(C(=O)NCCc3ccccc3)c2)CC1,0.32167832167832167
Cc1ccc(S(=O)(=O)CN(C)S(=O)(=O)c2ccc(F)c(F)c2)cc1-c1ccc(C)c(N(C)C)c1,0.2571428571428571
Cc1ccc(S(=O)(=O)N(C)C)cc1C(=O)N(C)CCCN1CCN(c2nc3ccccc3s2)CC1,0.464
Cc1ccc(S(=O)(=O)N2CCN(C)CC2)cc1C(=O)c1ccccc1N1CCN(CF)CC1,0.3798449612403101
CN(C)S(=O)(=O)c1ccc(F)cc1-c1nc2ccccc2s1,0.3394495412844037
Cc1ccc(S(=O)(=O)N2CCN(C)CC2)cc1C(=O)NCCc1ccccc1,0.3898305084745763
CN1CCN(N(C)S(=O)(=O)c2ccc(S(=O)(=O)N3CCN(C)CC3)cc2Cc2nc3ccccc3s2)CC1,0.37142857142857144
CN(C)S(=O)(=O)c1ccc(CN2CCCC2)c(Cc2nc3ccccc3s2)c1,0.43478260869565216
CC(=O)Nc1cc(S(=O)(=O)N(C)C)ccc1CN1CCN(C)CC1,0.4423076923076923
CN(C)S(=O)(=O)c1ccc(CCc2ccccc2)cc1Cc1ccccc1,0.2857142857142857
Cc1ccc(-c2cc(S(=O)(=O)N3CCN(C)CC3)ccc2C(=O)N(C)c2ccccc2)cc1-c1ccccc1,0.3611111111111111
CN(C)S(=O)(=O)c1ccc2c(c1)CCCN2N1CCN(CN2CCN(CF)CC2)CC1,0.3106060606060606
Cc1ccc(-c2cc(S(=O)(=O)N3CCN(C)CC3)ccc2NCCc2ccccc2)cc1-c1ccccc1,0.3541666666666667
Cc1ccc(-c2cc(C(=O)NCCc3ccccc3)ccc2S(=O)(=O)N(C)C)cc1-c1nc2ccccc2s1,0.2645161290322581
Cc1ccc(-c2cc(C(=O)N(C)c3ccccc3)ccc2S(=O)(=O)N(C)C)cc1-c1nc2ccccc2s1,0.2549019607843137
CN1CCN(Cc2ccc(S(=O)(=O)N(C)C)cc2NC(=O)CN2CCN(c3nc4ccccc4s3)CC2)CC1,0.45185185185185184
CN1CCN(S(=O)(=O)c2ccc(S(=O)(=O)N(C)C)c(N(C)C)c2)CC1,0.36036036036036034
CCc1cc(-c2cc(CN3CCN(C)CC3)ccc2C)ccc1-c1ccccc1,0.38524590163934425
CN(CCCN1CCN(c2nc3ccccc3s2)CC1)C(=O)Cc1nc2ccccc2s1,0.3161764705882353
CC(=O)NS(=O)(=O)c1ccc(S(=O)(=O)N2CCN(C)CC2)cc1C(=O)NCCc1ccccc1,0.3458646616541353
Cc1ccc(S(=O)(=O)N2CCN(C)CC2)cc1C(=O)N(C)C,0.34579439252336447
CN(C)S(=O)(=O)c1ccc(CN2CCCC2)c(CNC(=O)CCN2CCN(c3nc4ccccc4s3)CC2)c1,0.40714285714285714
CN(C)S(=O)(=O)c1ccc(CN2CCCC2)c(NC(=O)CCCCN2CCN(c3nc4ccccc4s3)CC2)c1,0.3986013986013986
Cc1ccc(Cc2ccc(S(=O)(=O)N(C)C)cc2Cc2nc3ccccc3s2)cc1Cc1ccccc1,0.2905405405405405
CN1CCN(S(=O)(=O)c2ccc3c(c2)CCCN3N2CCN(CC(=O)N(C)c3ccccc3)CC2)CC1,0.3546099290780142
CN1CCN(S(=O)(=O)c2ccc(S(=O)(=O)N(C)C)c(CCS(=O)(=O)N(C)C)c2)CC1,0.3442622950819672
CC(=O)Nc1ccc(S(=O)(=O)N(C)C)c(-c2nc3ccccc3s2)c1,0.3275862068965517
CN(CCCN1CCN(c2nc3ccccc3s2)CC1)C(=O)NCCc1ccccc1,0.3037037037037037
Cc1ccc(S(=O)(=O)Cc2nc3ccccc3s2)cc1-c1ccc(C)c(N(C)C)c1,0.3
Cc1ccc(S(=O)(=O)N(C)C)cc1C(=O)N(C)CCCN1CCN(c2nc3ccccc3s2)CC1,0.464
Cc1ccc(S(=O)(=O)N2CCN(C)CC2)cc1C(=O)N(C)c1ccc(S(=O)(=O)N(C)C)c(Cc2ccccc2)c1,0.3829787234042553
CN(C)N1CCN(S(=O)(=O)c2ccc(S(=O)(=O)N(C)C)c(Cc3ccccc3)c2)CC1,0.3821138211382114
Cc1ccc(S(=O)(=O)N(C)C)cc1C(=O)N(C)CCCN(C)CCN1CCN(c2nc3ccccc3s2)CC1,0.4264705882352941
CN1CCN(S(=O)(=O)c2ccc(S(=O)(=O)N(C)N3CCCC3)c(Cn3c(=O)oc4ccccc43)c2)CC1,0.3597122302158273
CN(C)S(=O)(=O)c1ccc(CN2CCCC2)c(NC(=O)CCN2CCN(c3nc4ccccc4s3)CC2)c1,0.41605839416058393
CN1CCN(Cc2cc(S(=O)(=O)N(C)C)ccc2CN2CCCC2)CC1,0.42342342342342343
CN(C)S(=O)(=O)c1ccc(CN2CCCC2)c(CN2CCCC2)c1,0.34210526315789475
CN(C)S(=O)(=O)c1ccc(CN2CCCC2)c(Cc2nc3ccccc3s2)c1,0.43478260869565216
Cc1ccc(-c2cc(S(=O)(=O)N3CCN(C)CC3)ccc2CCc2ccccc2)cc1-c1nc2ccccc2s1,0.348993288590604
Cc1ccc(CC(=O)Nc2cc(S(=O)(=O)N(C)C)ccc2CN2CCCC2)cc1Cc1ccccc1,0.36496350364963503
CN(Cc1ccccc1N1CCN(CF)CC1)S(=O)(=O)N1CCCC1,0.2892561983471074
CC(=O)Nc1cc(S(=O)(=O)NCCc2ccccc2)ccc1CN1CCN(C)CC1,0.4049586776859504
Cc1ccc(S(=O)(=O)N(C)C)cc1N1CCN(C)CC1,0.4329896907216495
Cc1ccc(S(=O)(=O)N2CCN(C)CC2)cc1C(=O)CCCN(C)C(=O)c1cc(S(=O)(=O)N(C)C)ccc1C,0.37681159420289856
Cc1ccc(NCCc2ccccc2)cc1C(=O)N(C)Cc1ccccc1,0.2074074074074074
CCc1cc(-c2cc(NC(C)=O)ccc2C)ccc1-c1ccccc1,0.2283464566929134
CN1CCN(Cc2ccc(S(=O)(=O)N(C)C)cc2NC(=O)CCN(C)S(=O)(=O)c2ccc(F)c(F)c2)CC1,0.41353383458646614
CN(C)S(=O)(=O)c1ccc(C(=O)NCCc2ccccc2)cc1Cn1c(=O)oc2ccccc21,0.26573426573426573
O=C(CCN1CCN(c2nc3ccccc3s2)CC1)Nc1cc(S(=O)(=O)N2CCCC2)ccc1CN1CCCC1,0.3032258064516129
CN(C)S(=O)(=O)c1ccc(S(=O)(=O)NCCc2ccccc2)cc1C(=O)NCCc1ccccc1,0.2620689655172414
Cc1ccc(S(=O)(=O)N2CCN(C)CC2)cc1C(=O)N(C)CCCN1CCN(c2nc3ccccc3s2)CC1,0.41007194244604317
Cc1ccc(-c2ccc(S(=O)(=O)N(C)C)c(-c3nc4ccccc4s3)c2)cc1Cc1ccccc1,0.2671232876712329
CN1CCN(S(=O)(=O)c2ccc(S(=O)(=O)N(C)C)c(CCn3c(=O)oc4ccccc43)c2)CC1,0.45528455284552843
O=C(CN1CCN(c2nc3ccccc3s2)CC1)NCCc1ccccc1,0.27906976744186046
Cc1ccc(S(=O)(=O)N(C)C)cc1-c1ccc(CN2CCN(C)CC2)c(NC(=O)Cc2ccccc2)c1,0.4881889763779528
Cc1ccc(S(=O)(=O)N2CCN(C)CC2)cc1C(=O)CCCN(C)C(=O)c1cc(S(=O)(=O)N(C)C)ccc1C,0.37681159420289856
Cc1ccc(S(=O)(=O)N2CCN(C)CC2)cc1C(=O)N(C)CCN1CCN(c2nc3ccccc3s2)CC1,0.41911764705882354
CC(=O)NCCCN(C)C(=O)c1cc(S(=O)(=O)N(C)C)ccc1C,0.24369747899159663
CCc1cc(-c2cc(-c3ccc(C)c(Cc4ccccc4)c3)ccc2C)ccc1-c1ccccc1,0.18354430379746836
Cc1ccc(-c2cc(S(=O)(=O)CN3CCN(C)CC3)ccc2S(=O)(=O)N(C)C)cc1-c1nc2ccccc2s1,0.45864661654135336
CN1CCN(S(=O)(=O)c2ccc(S(=O)(=O)N(C)C)c(CCCN3CCN(c4nc5ccccc5s4)CC3)c2)CC1,0.44525547445255476
CN(C)S(=O)(=O)c1ccc(CN2CCCC2)c(CN2CCN(CCn3c(=O)oc4ccccc43)CC2)c1,0.4148148148148148
Cc1ccc(S(=O)(=O)N2CCN(C)CC2)cc1C(=O)CCCN1CCN(c2nc3ccccc3s2)CC1,0.39416058394160586
Cc1ccc(S(=O)(=O)N(C)C)cc1C(=O)N(C)CN1CCCC1,0.32432432432432434
Cc1ccc(Cc2nc3ccccc3s2)cc1C(=O)N(C)Cc1ccccc1,0.22058823529411764
Cc1ccc(S(=O)(=O)N2CCN(C)CC2)cc1C(=O)c1ccccc1N1CCN(CF)CC1,0.3798449612403101
Cc1ccc(S(=O)(=O)N(C)C)cc1C(=O)N(C)CN1CCN(C)CC1,0.4339622641509434
Cc1ccc(S(=O)(=O)N(C)C)cc1C(=O)N(C)CCCCCN1CCN(c2nc3ccccc3s2)CC1,0.44274809160305345
Cc1ccc(S(=O)(=O)N(C)C)cc1CCCN(C)C(=O)c1cc(S(=O)(=O)N(C)C)ccc1C,0.2740740740740741
Cc1ccc(S(=O)(=O)N2CCN(C)CC2)cc1C(=O)N(C)CCCN1CCN(C)CC1,0.3359375
CN1CCN(S(=O)(=O)c2ccc(S(=O)(=O)N(C)C)c(C(=O)c3ccccc3N3CCN(CF)CC3)c2)CC1,0.417910447761194
Cc1ccc(S(=O)(=O)N(C)C)cc1C(=O)N(C)CCCCN1CCN(c2cc(S(=O)(=O)N(C)C)ccc2C)CC1,0.36879432624113473
CC(=O)Nc1cc(S(=O)(=O)N(C)c2ccc(C)c(N3CCN(C)CC3)c2)ccc1CN1CCN(C)CC1,0.36231884057971014
CN(CCCN1CCN(c2nc3ccccc3s2)CC1)C(=O)c1nc2ccccc2s1,0.3233082706766917
Cc1ccc(S(=O)(=O)S(=O)(=O)N(C)C)cc1C(=O)N(C)CCN1CCN(c2nc3ccccc3s2)CC1,0.40601503759398494
Cc1ccc(S(=O)(=O)N(C)C)cc1C(=O)N(C)CN1CCN(C)CC1,0.4339622641509434
Cc1ccc(-c2cc(CN3CCN(C)CC3)ccc2S(=O)(=O)N(C)C)cc1-c1nc2ccccc2s1,0.4496124031007752
CN1CCN(Cc2ccc(S(=O)(=O)N(C)C)cc2N(C)CCN2CCN(c3nc4ccccc4s3)CC2)CC1,0.47368421052631576
Cc1ccc(CN2CCN(C)CC2)c(NC(=O)Cc2ccccc2)c1,0.37719298245614036
CN1CCN(CN(C)C(=O)Cc2cc(S(=O)(=O)N3CCN(C)CC3)ccc2S(=O)(=O)N(C)C)CC1,0.3333333333333333
CC(=O)Nc1ccc(CN2CCN(C)CC2)c(NC(=O)Cc2ccccc2)c1,0.36363636363636365
Cc1ccc(S(=O)(=O)N(C)N(C)C)cc1C(=O)N(C)CN1CCN(C)CC1,0.37719298245614036
CN1CCN(CN2CCN(c3nc4ccccc4s3)CC2)CC1,0.2857142857142857
CN1CCN(C(=O)N(C)CCCN2CCN(c3nc4ccccc4s3)CC2)CC1,0.3203125
CN(C)S(=O)(=O)c1ccc(-c2nc3ccccc3s2)cc1Cn1c(=O)oc2ccccc21,0.2753623188405797
CN1CCN(S(=O)(=O)c2ccc(S(=O)(=O)N(C)C)c(S(=O)(=O)N(C)C)c2)CC1,0.3389830508474576
Cc1ccc(-c2cc(S(=O)(=O)N3CCN(C)CC3)ccc2N2CCCC2)cc1-c1nc2ccccc2s1,0.352112676056338
CN1CCN(CCc2ccc(S(=O)(=O)N(C)C)cc2Cc2nc3ccccc3s2)CC1,0.5727272727272728
CN1CCN(Cc2ccc(S(=O)(=O)N(C)C)cc2C(=O)N(C)CN2CCN(C)CC2)CC1,0.373015873015873
CN1CCN(S(=O)(=O)c2ccc(S(=O)(=O)N(C)C)c(Cc3ccccc3)c2)CC1,0.46017699115044247
Cc1ccc(S(=O)(=O)N(C)C)cc1C(=O)N(C)CCn1c(=O)oc2ccccc21,0.36666666666666664
Cc1ccc(S(=O)(=O)N(C)C)cc1C(=O)N(C)CCCN1CCN(c2cc(S(=O)(=O)N(C)C)ccc2C)CC1,0.37681159420289856
Cc1ccc(Cc2cc(S(=O)(=O)N(C)C)ccc2CN2CCCC2)cc1N1CCN(C)CC1,0.424
CN1CCN(Cc2ccc(S(=O)(=O)N(C)C)cc2NC(=O)c2nc3ccccc3s2)CC1,0.5217391304347826
Cc1ccc(S(=O)(=O)c2ccc(CN3CCCC3)c(CN3CCN(C)CC3)c2)cc1N1CCN(C)CC1,0.3263888888888889
Cc1ccc(S(=O)(=O)N(C)C)cc1C(=O)n1c(=O)oc2ccccc21,0.36607142857142855
CC(=O)NCc1ccc(S(=O)(=O)N(C)C)cc1NC(=O)CN1CCN(c2nc3ccccc3s2)CC1,0.4307692307692308
Cc1ccc(S(=O)(=O)N(C)C)cc1-c1ccc(CN2CCN(C)CC2)c(S(=O)(=O)N(C)C)c1,0.4745762711864407
CC(=O)NCc1cc(S(=O)(=O)N(C)C)ccc1CCN1CCN(C)CC1,0.45794392523364486
CC(=O)NCc1ccc(S(=O)(=O)N(C)C)cc1NC(=O)c1ccc(S(=O)(=O)N(C)C)cc1CNC(C)=O,0.2534246575342466
Cc1ccc(-c2ccc(S(=O)(=O)N(C)C)c(-c3nc4ccccc4s3)c2)cc1C(=O)N(C)CN1CCN(C)CC1,0.40714285714285714
CC(=O)NCS(=O)(=O)c1cc(-c2cc(S(=O)(=O)N(C)C)ccc2C)ccc1CN1CCN(C)CC1,0.4634146341463415
CN(C)S(=O)(=O)c1ccc(CCN2CCN(c3nc4ccccc4s3)CC2)cc1Cn1c(=O)oc2ccccc21,0.36054421768707484
CN(C)S(=O)(=O)c1ccc(Cc2nc3ccccc3s2)cc1Cc1ccccc1,0.2923076923076923
Cc1ccc(S(=O)(=O)N(C)C)cc1C(=O)N(C)c1cc(S(=O)(=O)N(C)C)ccc1C,0.2734375
CC(=O)N1CCN(CCN(C)c2cc(S(=O)(=O)N(C)C)ccc2CN2CCN(C)CC2)CC1,0.3858267716535433
Cc1ccc(S(=O)(=O)N(C)C)cc1C(=O)N(C)Cc1cc(S(=O)(=O)N2CCN(C)CC2)ccc1S(=O)(=O)N(C)C,0.36428571428571427
CN(C)S(=O)(=O)c1ccc(CN2CCCC2)c(CCCN2CCN(c3nc4ccccc4s3)CC2)c1,0.4318181818181818
Cc1ccc(-c2cc(CN3CCN(C)CC3)ccc2S(=O)(=O)N(C)N2CCCC2)cc1-c1nc2ccccc2s1,0.3793103448275862
CN1CCN(S(=O)(=O)c2ccc(S(=O)(=O)N(C)C)c(Cc3nc4ccccc4s3)c2)CC1,0.46218487394957986
CC(=O)Nc1cc(S(C)(=O)=O)ccc1CN1CCN(C)CC1,0.35514018691588783
Cc1ccc(S(=O)(=O)N(C)C)cc1N1CCN(CCn2c(=O)oc3ccccc32)CC1,0.4956521739130435
CN1CCN(Cc2ccc(S(=O)(=O)N(C)C)c(Cc3nc4ccccc4s3)c2)CC1,0.504424778761062
Cc1ccc(S(=O)(=O)N(C)C)cc1-c1ccc(Cc2ccccc2)c(NC(=O)Cc2ccccc2)c1,0.3076923076923077
Cc1ccc(S(=O)(=O)N(C)CN2CCN(C)CC2)cc1N1CCN(CCn2c(=O)oc3ccccc32)CC1,0.42962962962962964
Cc1ccc(S(=O)(=O)N(C)C)c(-c2nc3ccccc3s2)c1,0.35185185185185186
CC(=O)NCc1cc(S(=O)(=O)N(C)C)ccc1CC(=O)N(C)CCCN1CCN(c2nc3ccccc3s2)CC1,0.4172661870503597
CN1CCN(CCN2CCN(S(=O)(=O)c3ccc(S(=O)(=O)N(C)C)c(Cc4nc5ccccc5s4)c3)CC2)CC1,0.44525547445255476
CN(C)S(=O)(=O)c1ccc(CN2CCCC2)c(CCNC(=O)Cc2ccccc2)c1,0.3821138211382114
Cc1ccc(S(=O)(=O)N(C)C(=O)N(C)CN2CCN(C)CC2)cc1C(=O)N(C)CN1CCN(C)CC1,0.31654676258992803
CN1CCN(CCc2ccc(S(=O)(=O)N(C)C)c(Cn3c(=O)oc4ccccc43)c2)CC1,0.49572649572649574
CC(=O)NCCc1ccc(S(=O)(=O)N(C)C)cc1CNC(C)=O,0.24786324786324787
CN1CCN(Cc2ccc(S(=O)(=O)Cc3ccccc3)c(Cc3nc4ccccc4s3)c2)CC1,0.362962962962963
CN1CCN(Cc2ccc(S(=O)(=O)N(C)C)cc2N(C)CCN2CCN(CN3CCN(C)CC3)CC2)CC1,0.34265734265734266
CN1CCN(CCc2ccc(S(=O)(=O)N(C)C)c(CCn3c(=O)oc4ccccc43)c2)CC1,0.48333333333333334
Cc1ccc(S(=O)(=O)N(C)C)cc1C(=O)N(C)CCCCCCn1c(=O)oc2ccccc21,0.3333333333333333
Cc1ccc(S(=O)(=O)N(C)C)cc1C(=O)N(C)C(=O)c1cc(S(=O)(=O)N(C)C)ccc1C,0.2631578947368421
CC(=O)NCc1cc(S(=O)(=O)N(C)C)ccc1CCS(=O)(=O)c1ccc(CN2CCN(C)CC2)c(NC(C)=O)c1,0.39568345323741005
Cc1ccc(S(=O)(=O)N(C)C)cc1C(=O)CC(=O)Nc1cc(S(=O)(=O)N(C)C)ccc1CN1CCN(C)CC1,0.4074074074074074
CC(=O)NN(C)S(=O)(=O)c1cc(-c2cc(S(=O)(=O)N(C)C)ccc2C)ccc1CN1CCN(C)CC1,0.4444444444444444
Cc1ccc(S(=O)(=O)N(C)C)cc1N1CCN(C)CC1,0.4329896907216495
CC(=O)NCc1cc(S(=O)(=O)N(C)C)ccc1CCCc1cc(CN2CCN(C)CC2)ccc1S(=O)(=O)N(C)C,0.39568345323741005
Cc1ccc(S(=O)(=O)N(C)C)cc1Cc1cc(S(=O)(=O)N(C)C)ccc1CCN1CCN(C)CC1,0.4634146341463415
CN1CCN(CCCn2c(=O)oc3ccccc32)CC1,0.3490566037735849
Cc1ccc(S(=O)(=O)N(C)C)cc1C(=O)N(C)CCCn1c(=O)oc2ccccc21,0.35772357723577236
Cc1ccc(S(=O)(=O)N(C)C)cc1C(=O)N(C)c1ccc(S(=O)(=O)N(C)C)c(Cc2ccccc2)c1,0.2907801418439716
O=C(Cc1ccccc1)NCn1c(=O)oc2ccccc21,0.19672131147540983
CN1CCN(S(=O)(=O)c2ccc(S(=O)(=O)N(C)C)c(Cc3ccccc3)c2)CC1,0.46017699115044247
CN(C)c1ccc(S(=O)(=O)N(C)C)cc1NC(=O)CN1CCN(c2nc3ccccc3s2)CC1,0.44
CN1CCN(CCc2ccc(S(=O)(=O)N(C)C)c(N3CCN(C)CC3)c2)CC1,0.3813559322033898
CC(=O)NS(=O)(=O)c1ccc(CN2CCN(C)CC2)c(NC(=O)CN2CCN(c3nc4ccccc4s3)CC2)c1,0.35374149659863946
Cc1ccc(S(=O)(=O)N(C)C)cc1NC(=O)Cc1ccccc1,0.3577981651376147
CN1CCN(CCc2ccc(S(=O)(=O)N(C)C)c(CCN3CCN(c4nc5ccccc5s4)CC3)c2)CC1,0.43703703703703706
Cc1ccc(CN2CCN(C)CC2)c(NC(=O)c2nc3ccccc3s2)c1,0.3813559322033898
CN(C)S(=O)(=O)c1ccc(Cc2nc3ccccc3s2)cc1CCCN1CCN(c2nc3ccccc3s2)CC1,0.3581081081081081
CN1CCN(CCc2ccc(S(=O)(=O)N(C)C)cc2CS(=O)(=O)N(C)C)CC1,0.44144144144144143
CN1CCN(CCCc2cc(S(=O)(=O)N3CCN(C)CC3)ccc2S(=O)(=O)N(C)C)CC1,0.373015873015873
CN(C)S(=O)(=O)c1ccc(S(=O)(=O)N(C)C)c(CCn2c(=O)oc3ccccc32)c1,0.36065573770491804
Cc1ccc(S(=O)(=O)N(C)C)cc1CN(C)C(=O)c1cc(S(=O)(=O)N(C)C)ccc1C,0.27692307692307694
CN(C)c1ccc(S(=O)(=O)N(C)C)c(Cc2nc3ccccc3s2)c1,0.3275862068965517
CN1CCN(Cc2ccc(S(=O)(=O)N(C)C)cc2NC(=O)Cc2ccccc2)CC1,0.5225225225225225
Cc1ccc(S(=O)(=O)N(C)C)cc1C(=O)N(C)Cc1ccc(S(=O)(=O)N(C)C)cc1CS(=O)(=O)N(C)C,0.2569444444444444
Cc1ccc(-c2cc(CN3CCN(C)CC3)ccc2N2CCN(C)CC2)cc1-c1nc2ccccc2s1,0.3219178082191781
CN(C)S(=O)(=O)Cc1cc(S(=O)(=O)N(C)C)ccc1Cc1nc2ccccc2s1,0.35537190082644626
CN1CCN(CN(C)S(=O)(=O)c2ccc(S(=O)(=O)N3CCN(C)CC3)cc2Cc2ccccc2)CC1,0.39849624060150374
Cc1ccc(S(=O)(=O)N2CCN(C)CC2)cc1C(=O)N(C)CCCN1CCN(c2nc3ccccc3s2)CC1,0.41007194244604317
CN(C)S(=O)(=O)c1ccc(S(=O)(=O)c2ccccc2)cc1CCCN1CCN(c2nc3ccccc3s2)CC1,0.3900709219858156
CN1CCN(CCc2ccc(Cn3c(=O)oc4ccccc43)cc2CS(=O)(=O)N(C)C)CC1,0.45901639344262296
CN(CCCCCN1CCN(c2nc3ccccc3s2)CC1)Cc1ccccc1,0.3053435114503817
CN(C)S(=O)(=O)c1ccc(NC(=O)Cc2ccccc2)cc1Cc1ccccc1,0.2748091603053435
CN1CCN(S(=O)(=O)c2ccc(Cc3nc4ccccc4s3)c(Cc3ccccc3)c2)CC1,0.3609022556390977
CN1CCN(S(=O)(=O)c2ccc(S(=O)(=O)N(C)C)c(Cc3nc4ccccc4s3)c2)CC1,0.46218487394957986
CN(C)S(=O)(=O)c1ccc(Cn2c(=O)oc3ccccc32)cc1Cc1ccccc1,0.2878787878787879
CN1CCN(CCc2ccc(S(=O)(=O)N(C)N(C)C)cc2Cc2nc3ccccc3s2)CC1,0.5084745762711864
Cc1ccc(-c2nc3ccccc3s2)cc1-c1ccc(CN2CCN(C)CC2)c(S(=O)(=O)N(C)C)c1,0.43846153846153846
Cc1ccc(S(=O)(=O)N(C)C)cc1CCc1ccc(Cn2c(=O)oc3ccccc32)cc1CS(=O)(=O)N(C)C,0.28859060402684567
CC(=O)NCc1cc(S(=O)(=O)N(C)C)ccc1N(C)C,0.25688073394495414
Cc1ccc(-c2cc(CN3CCN(C)CC3)ccc2CN2CCN(C)CC2)cc1-c1nc2ccccc2s1,0.32432432432432434
CC(=O)NCc1cc(S(=O)(=O)N(C)C)ccc1CCN1CCN(C)CC1,0.45794392523364486
CN1CCN(Cc2ccc(S(=O)(=O)N(C)Cc3ccccc3)c(Cc3nc4ccccc4s3)c2)CC1,0.3897058823529412
Cc1ccc(S(=O)(=O)N(C)C)cc1C(=O)N(C)CCCCN(C)C(=O)c1cc(S(=O)(=O)N(C)C)ccc1C,0.25
CN1CCN(Cc2ccc(S(=O)(=O)N(C)CN3CCN(C)CC3)c(Cc3nc4ccccc4s3)c2)CC1,0.39416058394160586
CC(=O)NCc1cc(S(=O)(=O)N(C)C)ccc1-c1ccccc1,0.37037037037037035
CN(C)Cc1cc(S(=O)(=O)N(C)N(C)C)ccc1CCN1CCN(C)CC1,0.4107142857142857
CN1CCN(S(=O)(=O)N(C)CCCCCN2CCN(c3nc4ccccc4s3)CC2)CC1,0.3409090909090909
CCc1ccc(S(=O)(=O)N(C)C)c(CCn2c(=O)oc3ccccc32)c1,0.3418803418803419
CN1CCN(S(=O)(=O)c2ccc(CCn3c(=O)oc4ccccc43)c(Cc3ccccc3)c2)CC1,0.34782608695652173
CC(=O)NCc1cc(S(=O)(=O)N(C)C)ccc1CCCc1ccccc1,0.3418803418803419
CN1CCN(CCCc2ccc(S(=O)(=O)N(C)C)c(CCn3c(=O)oc4ccccc43)c2)CC1,0.4715447154471545
Cc1ccc(S(=O)(=O)N2CCN(C)CC2)cc1Cc1ccccc1,0.4166666666666667
CN1CCN(CCc2ccc(S(=O)(=O)NC(=O)Cc3ccccc3)cc2Cc2nc3ccccc3s2)CC1,0.3732394366197183
CC(=O)NCc1cc(S(=O)(=O)N(C)C)ccc1CCCCN1CCN(C)CC1,0.4336283185840708
CN(C)S(=O)(=O)c1ccc(S(=O)(=O)c2nc3ccccc3s2)cc1Cc1nc2ccccc2s1,0.2746478873239437
CN1CCN(CN2CCN(S(=O)(=O)c3ccc(S(=O)(=O)N(C)C)c(Cc4ccccc4)c3)CC2)CC1,0.4307692307692308
Cc1ccc(S(C)(=O)=O)cc1Cc1cc(S(=O)(=O)N(C)C)ccc1CCN1CCN(C)CC1,0.4830508474576271
Cc1ccc(S(=O)(=O)Cc2ccccc2)cc1Cc1cc(S(=O)(=O)N(C)C)ccc1CCN1CCN(C)CC1,0.4696969696969697
CN1CCN(CCS(=O)(=O)c2ccc(S(=O)(=O)N3CCN(C)CC3)cc2Cc2nc3ccccc3s2)CC1,0.38848920863309355
Cc1ccc(S(=O)(=O)N(C)C)cc1C(=O)N(C)CCCCn1c(=O)oc2ccccc21,0.3492063492063492
O=c1oc2ccccc2n1CCCCCN1CCN(c2nc3ccccc3s2)CC1,0.29850746268656714
CN1CCN(c2ccc(Cn3c(=O)oc4ccccc43)cc2CS(=O)(=O)N(C)C)CC1,0.4214876033057851
Cc1ccc(S(=O)(=O)N(C)C)cc1-c1ccc(CN2CCN(C)CC2)c(NC(=O)Cc2ccccc2)c1,0.4881889763779528
CN1CCN(CCN(C)S(=O)(=O)c2ccc(S(=O)(=O)N3CCN(C)CC3)cc2-c2nc3ccccc3s2)CC1,0.4444444444444444
Cc1ccc(S(=O)(=O)N(C)C)cc1C(=O)N(C)c1ccccc1,0.3486238532110092
Cc1ccc(S(=O)(=O)N(C)C)cc1-c1ccc(Cn2c(=O)oc3ccccc32)c(NC(=O)Cc2ccccc2)c1,0.29411764705882354
CN1CCN(CCc2ccc(S(=O)(=O)N(C)N3CCN(C)CC3)cc2Cc2nc3ccccc3s2)CC1,0.44696969696969696
CN1CCN(Cc2ccc(Cc3nc4ccccc4s3)cc2NC(=O)Cc2ccccc2)CC1,0.32142857142857145
CN1CCN(S(=O)(=O)c2ccc(S(=O)(=O)N(C)C)c(CCc3nc4ccccc4s3)c2)CC1,0.4628099173553719
Cc1ccc(Cc2ccccc2)cc1-c1ccc(CN2CCN(C)CC2)c(S(=O)(=O)N(C)C)c1,0.4596774193548387
CN(C)S(=O)(=O)c1ccc(CN2CCN(Cn3c(=O)oc4ccccc43)CC2)c(NC(=O)Cc2ccccc2)c1,0.3724137931034483
CN(C)S(=O)(=O)c1ccc(CCn2c(=O)oc3ccccc32)cc1Cc1ccccc1,0.291044776119403
CN1CCN(CCc2ccc(CN3CCN(C)CC3)c(NC(=O)c3nc4ccccc4s3)c2)CC1,0.34532374100719426
CN1CCN(Cc2ccc(S(=O)(=O)N(C)NC(=O)Cc3ccccc3)c(Cc3nc4ccccc4s3)c2)CC1,0.3680555555555556
CN1CCN(S(=O)(=O)c2ccc(S(=O)(=O)S(=O)(=O)N3CCN(C)CC3)c(Cc3nc4ccccc4s3)c2)CC1,0.3287671232876712
Cc1ccc(S(=O)(=O)N(C)Cc2nc3ccccc3s2)cc1N1CCN(CCn2c(=O)oc3ccccc32)CC1,0.36054421768707484
CN1CCN(Cc2ccc(S(=O)(=O)N3CCN(C)CC3)cc2NC(=O)Cc2ccccc2)CC1,0.3684210526315789
CN1CCN(CCc2ccc(S(=O)(=O)N(C)N(C)C)cc2CS(=O)(=O)N2CCN(C)CC2)CC1,0.3484848484848485
CC(=O)NCc1cc(S(=O)(=O)N(C)C)ccc1CCc1ccc(S(=O)(=O)N(C)C)c(Cc2ccccc2)c1,0.2857142857142857
CN(C)S(=O)(=O)c1ccc(S(=O)(=O)N2CCN(Cc3nc4ccccc4s3)CC2)cc1Cc1ccccc1,0.37857142857142856
Cc1ccc(Cc2ccccc2)cc1-c1ccc(CCn2c(=O)oc3ccccc32)c(S(=O)(=O)N(C)C)c1,0.26973684210526316
CN1CCN(S(=O)(=O)c2ccc(S(=O)(=O)N(C)C)c(Cc3nc4ccccc4s3)c2)CC1,0.46218487394957986
CN1CCN(CCCNC(=O)Cc2ccccc2)CC1,0.3364485981308411
Cc1ccc(S(C)(=O)=O)cc1Cc1cc(S(=O)(=O)N(C)C)ccc1CCCCN1CCN(C)CC1,0.4596774193548387
Cc1ccc(-c2cc(S(=O)(=O)CN3CCN(C)CC3)ccc2S(=O)(=O)S(C)(=O)=O)cc1-c1nc2ccccc2s1,0.3900709219858156
Cc1ccc(S(=O)(=O)N(C)C)cc1CCCN1CCN(c2nc3ccccc3s2)CC1,0.5043478260869565
CC(=O)NCc1cc(S(=O)(=O)N(C)C)ccc1CCCCN1CCN(c2nc3ccccc3s2)CC1,0.4496124031007752
CN1CCN(CCc2ccc(S(=O)(=O)c3ccccc3)cc2Cc2nc3ccccc3s2)CC1,0.40458015267175573
CN1CCN(CCCc2ccc(Cn3c(=O)oc4ccccc43)c(CCn3c(=O)oc4ccccc43)c2)CC1,0.3092105263157895
Cc1ccc(S(=O)(=O)S(=O)(=O)N(C)C)cc1Cc1cc(S(=O)(=O)N(C)C)ccc1CCN1CCN(C)CC1,0.43846153846153846
CN1CCN(CCCc2ccc(CCCN3CCN(C)CC3)c(CCn3c(=O)oc4ccccc43)c2)CC1,0.31543624161073824
CN1CCN(CCc2ccc(S(=O)(=O)N(C)C)cc2Cn2c(=O)oc3ccccc32)CC1,0.5486725663716814
CN1CCN(CCc2ccc(S(=O)(=O)N(C)C)c(-c3ccc(S(=O)(=O)N(C)C)c(Cc4ccccc4)c3)c2)CC1,0.4306569343065693
CC(=O)NCc1cc(-c2cc(S(=O)(=O)N(C)C)ccc2C)ccc1CCN1CCN(C)CC1,0.5042735042735043
CN1CCN(Cc2ccc(S(C)(=O)=O)cc2NC(=O)Cc2ccccc2)CC1,0.4260869565217391
CN(C)c1ccc(S(=O)(=O)N(C)C)cc1NC(=O)c1nc2ccccc2s1,0.3474576271186441
CC(=O)Nc1ccc(CCN2CCN(C)CC2)c(Cc2cc(S(=O)(=O)N(C)C)ccc2C)c1,0.4789915966386555
CN1CCN(CCCc2ccc(S(C)(=O)=O)c(CCn3c(=O)oc4ccccc43)c2)CC1,0.408
CN1CCN(Cc2ccc(S(=O)(=O)N(C)C)cc2NC(=O)CNC(=O)Cc2ccccc2)CC1,0.47540983606557374
CN1CCN(Cc2ccc(S(=O)(=O)N(C)C)cc2NC(=O)CNC(=O)Cc2nc3ccccc3s2)CC1,0.4765625
CN(C)S(=O)(=O)c1ccc(S(=O)(=O)N2CCN(Cc3ccccc3)CC2)cc1Cc1ccccc1,0.38345864661654133
Cc1ccc(S(=O)(=O)Cc2ccccc2)cc1Cc1cc(S(=O)(=O)N(C)C)ccc1N(C)C,0.3157894736842105
CN1CCN(CCc2ccc(S(=O)(=O)N(C)S(C)(=O)=O)c(Cn3c(=O)oc4ccccc43)c2)CC1,0.4330708661417323
CN1CCN(Cc2ccc(S(=O)(=O)CN3CCN(C)CC3)c(Cc3nc4ccccc4s3)c2)CC1,0.36764705882352944
Cc1ccc(S(=O)(=O)N(C)C)cc1-c1ccc(CN2CCN(C)CC2)c(C(=O)Cc2ccccc2)c1,0.5
Cc1ccc(S(=O)(=O)N(C)C)cc1-c1ccc(C(=O)Cc2ccccc2)c(NC(=O)Cc2ccccc2)c1,0.2972972972972973
CN1CCN(CCc2ccc(S(=O)(=O)N(C)N(C)C)cc2CS(=O)(=O)N(C)C)CC1,0.3983050847457627
CN1CCN(N(C)S(=O)(=O)c2ccc(S(=O)(=O)N3CCN(C)CC3)cc2-c2nc3ccccc3s2)CC1,0.3897058823529412
CN1CCN(CCCc2ccc(N(C)C)c(CCn3c(=O)oc4ccccc43)c2)CC1,0.4146341463414634
CN(CCCN1CCN(c2nc3ccccc3s2)CC1)C(=O)CCCN1CCN(c2nc3ccccc3s2)CC1,0.26875
CN1CCN(Cc2ccc(S(=O)(=O)N(C)C)cc2NC(=O)CNC(=O)Cc2nc3ccccc3s2)CC1,0.4765625
CN(C)S(=O)(=O)c1ccc(-c2ccc(S(=O)(=O)N(C)C)c(-c3nc4ccccc4s3)c2)cc1Cc1ccccc1,0.2468354430379747
CN(C)S(=O)(=O)c1ccc(NC(=O)Cc2ccccc2)cc1-c1nc2ccccc2s1,0.2814814814814815
Cc1ccc(Cc2cc(S(=O)(=O)N(C)C)ccc2C)cc1CCCN1CCN(c2nc3ccccc3s2)CC1,0.42028985507246375
Cc1ccc(S(=O)(=O)N(C)C)cc1Cc1cc(CN2CCN(C)CC2)ccc1S(=O)(=O)N(C)C,0.45081967213114754
CN1CCN(CCCCn2c(=O)oc3ccccc32)CC1,0.3394495412844037
CC(=O)Nc1ccc(CCN2CCN(CN3CCN(C)CC3)CC2)c(Cc2cc(S(=O)(=O)N(C)C)ccc2C)c1,0.40714285714285714
CN1CCN(Cc2ccc(S(=O)(=O)N(C)C)cc2NC(=O)Cc2nc3ccccc3s2)CC1,0.5213675213675214
CN1CCN(Cc2ccc(S(=O)(=O)N(C)C)cc2-c2ccccc2)CC1,0.5959595959595959
Cc1ccc(S(=O)(=O)N(C)C)cc1-c1ccc(CN2CCN(C)CC2)c(C(=O)c2ccccc2)c1,0.5
Cc1ccc(-c2nc3ccccc3s2)cc1CCCN1CCN(c2nc3ccccc3s2)CC1,0.2827586206896552
CN1CCN(CCc2ccc(S(=O)(=O)N(C)N(C)C)cc2CC(=O)Cc2ccccc2)CC1,0.475
Cc1ccc(-c2ccccc2)cc1CCCN1CCN(c2nc3ccccc3s2)CC1,0.3014705882352941
Cc1ccc(S(=O)(=O)N(C)C)cc1-c1ccc(-c2nc3ccccc3s2)c(NC(=O)Cc2ccccc2)c1,0.30405405405405406
Cc1ccc(S(=O)(=O)N(C)C)cc1CCc1ccc(S(=O)(=O)N(C)C)cc1Cn1c(=O)oc2ccccc21,0.2945205479452055
Cc1ccc(S(=O)(=O)N(C)C)cc1CCCN1CCN(c2nc3ccccc3s2)CC1,0.5043478260869565
Cc1ccc(S(=O)(=O)N(C)N(C)C)cc1CCCN1CCN(c2nc3ccccc3s2)CC1,0.44715447154471544
CN1CCN(S(=O)(=O)c2ccc(S(=O)(=O)N3CCN(C)CC3)c(CCc3nc4ccccc4s3)c2)CC1,0.3475177304964539
CN(C)Cc1ccc(S(=O)(=O)N(C)C)cc1NC(=O)CNC(=O)Cc1nc2ccccc2s1,0.3233082706766917
CN1CCN(Cc2ccc(S(=O)(=O)N(C)C)cc2NC(=O)C(=O)c2ccccc2)CC1,0.5
CC(=O)Nc1ccc(CNC(=O)Cc2nc3ccccc3s2)c(Cc2cc(S(=O)(=O)N(C)C)ccc2C)c1,0.2905405405405405
CN1CCN(Cc2ccc(S(=O)(=O)N(C)C)cc2-c2ccc(S(=O)(=O)N(C)C)cc2-c2ccccc2)CC1,0.484375
CN1CCN(Cc2ccc(S(=O)(=O)N(C)C)cc2CCCN2CCN(c3nc4ccccc4s3)CC2)CC1,0.48091603053435117
Cc1ccc(S(=O)(=O)N(C)C)cc1-c1ccc(CN2CCN(C)CC2)c(S(=O)(=O)N(C)N2CCN(C)CC2)c1,0.4117647058823529
Cc1ccc(S(=O)(=O)Cc2ccccc2)cc1Cc1cc(S(=O)(=O)N(C)C)ccc1CCN1CCN(C)CC1,0.4696969696969697
CN(C)S(=O)(=O)c1ccc(CC(=O)Cc2ccccc2)c(CCCN2CCN(c3nc4ccccc4s3)CC2)c1,0.3986013986013986
CN1CCN(Cc2ccc(S(=O)(=O)N(C)C)cc2Nc2ccc(S(=O)(=O)N(C)C)cc2-c2ccccc2)CC1,0.4621212121212121
CN(C)Cc1ccc(S(=O)(=O)N(C)C)cc1Cn1c(=O)oc2ccccc21,0.3706896551724138
CN(C)N(C)S(=O)(=O)Cc1ccc(S(=O)(=O)N(C)C)cc1NC(=O)CNC(=O)Cc1nc2ccccc2s1,0.296551724137931
CN(C)S(=O)(=O)c1ccc(Cc2ccccc2)c(NC(=O)C(=O)c2ccccc2)c1,0.3
Cc1ccc(S(C)(=O)=O)cc1Cc1cc(S(=O)(=O)N(C)C)ccc1CCN1CCN(C(=O)c2ccccc2)CC1,0.41007194244604317
CC(=O)Nc1ccc(CCN2CCN(C(=O)c3ccccc3)CC2)c(Cc2cc(S(=O)(=O)N(C)C)ccc2C)c1,0.40714285714285714
Cc1ccc(S(=O)(=O)N(C)C)cc1-c1ccc(CN2CCN(C)CC2)c(C(=O)c2ccccc2)c1,0.5
CN1CCN(Cc2ccc(S(=O)(=O)N(C)CN3CCN(C)CC3)c(Cc3nc4ccccc4s3)c2)CC1,0.39416058394160586
CN1CCN(CCc2ccc(S(=O)(=O)N(C)C)cc2CC(=O)Cc2ccccc2)CC1,0.5357142857142857
CN1CCN(CCCCCc2ccc(S(=O)(=O)N(C)C)cc2CC(=O)Cc2ccccc2)CC1,0.49586776859504134
Cc1ccc(S(=O)(=O)N(C)C)cc1-c1ccc(CN2CCN(C)CC2)c(C(=O)CCN2CCN(C)CC2)c1,0.44696969696969696
Cc1ccc(S(C)(=O)=O)cc1Cc1cc(S(=O)(=O)N(C)C)ccc1CCNC(=O)C(=O)c1ccccc1,0.2916666666666667
CC(=O)Nc1ccc(CCN2CCN(N(C)C)CC2)c(Cc2cc(S(=O)(=O)N(C)C)ccc2C)c1,0.40310077519379844
CC(=O)Nc1ccc(CCN2CCN(NC(C)=O)CC2)c(Cc2cc(S(=O)(=O)N(C)C)ccc2C)c1,0.3939393939393939
CN1CCN(CCC(=O)Nc2cc(S(=O)(=O)N(C)C)ccc2CN2CCN(C)CC2)CC1,0.392
CN1CCN(CCc2ccc(S(=O)(=O)N(C)C)c(CCN3CCN(C)CC3)c2)CC1,0.3629032258064516
Cc1ccc(S(=O)(=O)NC(=O)C(=O)c2ccccc2)cc1CCCN1CCN(c2nc3ccccc3s2)CC1,0.3221476510067114
CN(C)S(=O)(=O)c1ccc(CN2CCN(NC(=O)C(=O)c3ccccc3)CC2)c(NC(=O)Cc2ccccc2)c1,0.36551724137931035
CN(C)S(=O)(=O)c1ccc(CNC(=O)Cc2ccccc2)c(Cn2c(=O)oc3ccccc32)c1,0.302158273381295
O=C(Cc1nc2ccccc2s1)NNC(=O)C(=O)c1ccccc1,0.17557251908396945
CN1CCN(Cc2ccc(S(=O)(=O)N(C)C)cc2NC(=O)CNC(=O)N2CCN(C)CC2)CC1,0.3560606060606061
CN(C)S(=O)(=O)c1ccc(CC(=O)Cc2ccccc2)c(Cn2c(=O)oc3ccccc32)c1,0.3088235294117647
Cc1ccc(S(=O)(=O)N(C)C)cc1Cc1cc(S(=O)(=O)N(C)C)ccc1CCCCCN1CCN(C)CC1,0.4318181818181818
CC(=O)Nc1ccc(-c2cc(S(=O)(=O)N(C)C)ccc2C)cc1NC(=O)Cc1ccccc1,0.3233082706766917
CN1CCN(CCc2ccc(S(=O)(=O)CC(=O)Cc3ccccc3)cc2Cc2nc3ccccc3s2)CC1,0.3732394366197183
CN(C)S(=O)(=O)c1ccc(NC(=O)C(=O)c2ccccc2)c(NC(=O)C(=O)c2ccccc2)c1,0.2695035460992908
CN1CCN(CCc2ccc(S(=O)(=O)N(C)C)c(Cc3ccc(S(=O)(=O)N(C)C)cc3-c3ccccc3)c2)CC1,0.48484848484848486
CN1CCN(CCc2ccc(S(=O)(=O)N(C)C)c(N3CCN(C)CC3)c2)CC1,0.3813559322033898
CCc1ccc(-c2cc(S(=O)(=O)N(C)C)ccc2C)cc1C(=O)Cc1ccccc1,0.3548387096774194
Cc1ccc(S(C)(=O)=O)cc1Cc1cc(S(=O)(=O)N(C)C)ccc1CCNC(=O)Cc1nc2ccccc2s1,0.2866666666666667
CN1CCN(CCc2ccc(S(=O)(=O)N(C)N(C)C)cc2CNC(=O)Cc2ccccc2)CC1,0.4634146341463415
Cc1ccc(S(=O)(=O)N(C)C)cc1-c1ccc(CN2CCN(C)CC2)c(C(=O)NC(=O)C(=O)c2ccccc2)c1,0.45185185185185184
Cc1ccc(S(C)(=O)=O)cc1Cc1cc(S(=O)(=O)N(C)C)ccc1CCS(=O)(=O)N(C)C,0.2803030303030303
CN1CCN(Cc2ccc(S(=O)(=O)N(C)N3CCN(C)CC3)c(Cc3nc4ccccc4s3)c2)CC1,0.40298507462686567
CN1CCN(Cc2ccc(S(=O)(=O)N(C)S(=O)(=O)N(C)N(C)C)cc2NC(=O)Cc2nc3ccccc3s2)CC1,0.4233576642335766
CN(C)S(=O)(=O)c1ccc(S(=O)(=O)N(C)C)c(NC(=O)C(=O)c2ccccc2)c1,0.3064516129032258
O=C(CNC(=O)Cc1nc2ccccc2s1)Cc1ccccc1,0.1875
CN1CCN(CCc2ccc(S(=O)(=O)N(CN3CCN(C)CC3)N(C)C)cc2Cc2nc3ccccc3s2)CC1,0.4316546762589928
CN1CCN(Cc2ccc(S(=O)(=O)N(C)C)cc2CC(=O)Cc2ccccc2)CC1,0.5225225225225225
Cc1ccc(S(C)(=O)=O)cc1Cc1cc(S(=O)(=O)N(C)C)ccc1CCN1CCN(C)CC1,0.4830508474576271
CN1CCN(Cc2ccc(S(=O)(=O)N(C)C)c(CS(=O)(=O)N(C)N(C)C)c2)CC1,0.36134453781512604
CN1CCN(CCc2ccc(S(=O)(=O)N(C)C)cc2-c2ccccc2)CC1,0.6262626262626263
CN1CCN(Cc2ccc(S(=O)(=O)N(C)C)cc2NC(=O)CNC(=O)C(=O)c2ccccc2)CC1,0.46774193548387094
Cc1ccc(S(=O)(=O)N(C)C)cc1CCCc1ccc(S(=O)(=O)N(C)C)cc1Cc1cc(S(C)(=O)=O)ccc1C,0.24675324675324675
Cc1ccc(C(=O)c2ccccc2)cc1-c1ccc(CN2CCN(C)CC2)c(C(=O)c2ccccc2)c1,0.3150684931506849
Cc1ccc(C(=O)Cc2ccccc2)cc1CCCN1CCN(c2nc3ccccc3s2)CC1,0.2937062937062937
CCc1ccc(-c2cc(S(=O)(=O)N(C)C)ccc2C)cc1C(=O)Cc1ccccc1,0.3548387096774194
CN(C)S(=O)(=O)c1ccc(CCN2CCN(S(=O)(=O)N(C)C)CC2)c(-c2ccccc2)c1,0.49137931034482757
CN1CCN(CCCc2ccc(S(=O)(=O)N(C)C)cc2-c2ccccc2)CC1,0.6078431372549019
CN1CCN(CCc2ccc(S(=O)(=O)N(C)C)cc2NC(=O)c2nc3ccccc3s2)CC1,0.5478260869565217
CN1CCN(Cc2ccc(S(=O)(=O)N(C)C)cc2NC(=O)Cc2ccccc2)CC1,0.5225225225225225
Cc1ccc(CC(=O)Cc2ccccc2)cc1-c1ccc(CN2CCN(C)CC2)c(C(=O)c2ccccc2)c1,0.31125827814569534
CN(C)S(=O)(=O)c1ccc(CCN2CCN(S(=O)(=O)N(C)C)CC2)c(NC(=O)C(=O)c2ccccc2)c1,0.4198473282442748
CN1CCN(CCCc2ccc(S(=O)(=O)NC(=O)Cc3nc4ccccc4s3)cc2-c2ccccc2)CC1,0.39285714285714285
CN1CCN(CCCc2ccc(S(=O)(=O)N(C)C)cc2-c2ccccc2)CC1,0.6078431372549019
CN1CCN(CCc2ccc(S(=O)(=O)N(C)C)cc2Cc2cc(S(C)(=O)=O)ccc2CN2CCN(C)CC2)CC1,0.41007194244604317
Cc1ccc(S(C)(=O)=O)cc1Cc1cc(S(=O)(=O)N(C)C)ccc1CN1CCN(C)CC1,0.4700854700854701
CN1CCN(Cc2ccc(S(=O)(=O)N(C)Cc3ccccc3)cc2NC(=O)Cc2ccccc2)CC1,0.40298507462686567
CC(=O)NCc1ccc(S(=O)(=O)N(C)C)c(CCn2c(=O)oc3ccccc32)c1,0.32
CN1CCN(Cc2ccc(S(=O)(=O)N(C)C)cc2CC(=O)Cc2ccccc2)CC1,0.5225225225225225
CN1CCN(CCc2ccc(S(=O)(=O)CN3CCN(C)CC3)cc2Cn2c(=O)oc3ccccc32)CC1,0.38405797101449274
CN1CCN(CCc2ccc(S(=O)(=O)CCN3CCN(C)CC3)cc2NC(=O)c2nc3ccccc3s2)CC1,0.3776223776223776
CN1CCN(Cc2ccc(S(=O)(=O)NC(=O)Cc3nc4ccccc4s3)cc2NC(=O)Cc2ccccc2)CC1,0.3422818791946309
CN1CCN(CCCc2ccc(S(=O)(=O)N(C)C)cc2CC(=O)Cc2ccccc2)CC1,0.5217391304347826
CN1CCN(Cc2ccc(-c3cc(S(=O)(=O)N(C)C)ccc3S(=O)(=O)N(C)C)cc2C(=O)c2ccccc2)CC1,0.4552238805970149
CN1CCN(Cc2ccc(S(=O)(=O)N(C)C)cc2NC(=O)C(=O)c2ccccc2)CC1,0.5
CN1CCN(CS(=O)(=O)c2ccc(CCN3CCN(S(=O)(=O)N(C)C)CC3)c(-c3ccccc3)c2)CC1,0.44274809160305345
CN(C)S(=O)(=O)c1ccc(CCC(=O)Cc2ccccc2)c(-c2ccccc2)c1,0.336
CN(C)S(=O)(=O)Cc1ccc(S(=O)(=O)N(C)C)cc1-c1ccc(S(=O)(=O)N(C)C)cc1-c1ccccc1,0.3142857142857143
CN(C)CC(=O)Nc1cc(S(=O)(=O)N(C)C)ccc1CN1CCN(C)CC1,0.42342342342342343
Cc1ccc(S(=O)(=O)N(C)C)cc1-c1ccc(CN2CCN(C)CC2)c(NC(=O)Cc2ccccc2)c1,0.4881889763779528
CN1CCN(CCCc2ccc(S(=O)(=O)N(C)CCN3CCN(C)CC3)cc2CC(=O)Cc2ccccc2)CC1,0.3916083916083916
CN1CCN(Cc2ccc(S(=O)(=O)NC(=O)C(=O)c3ccccc3)c(Cc3nc4ccccc4s3)c2)CC1,0.33793103448275863
CC(=O)Nc1ccc(S(C)(=O)=O)cc1Cc1cc(S(=O)(=O)N(C)C)ccc1CCN1CCN(C)CC1,0.4523809523809524
CN(C)S(=O)(=O)c1ccc(CN2CCN(Cn3c(=O)oc4ccccc43)CC2)c(NC(=O)Cc2ccccc2)c1,0.3724137931034483
Cc1ccc(-c2cc(S(=O)(=O)N(C)C)ccc2C)cc1NC(=O)Cc1ccccc1,0.344
CN1CCN(Cc2ccc(-c3cc(S(=O)(=O)N(C)C)ccc3CN3CCN(C)CC3)c(-c3ccccc3)c2)CC1,0.4632352941176471
CN1CCN(Cc2ccc(-c3cc(S(=O)(=O)N(C)C)ccc3CN3CCN(C)CC3)c(-c3ccccc3)c2)CC1,0.4632352941176471
CN(C)S(=O)(=O)c1ccc(CCN2CCN(S(=O)(=O)N(C)S(=O)(=O)N(C)C)CC2)c(-c2ccccc2)c1,0.4453125
CN1CCN(CCc2ccc(S(=O)(=O)N(C)N(C)C)cc2Cc2nc3ccccc3s2)CC1,0.5084745762711864
CN(C)N(C)S(=O)(=O)S(=O)(=O)c1ccc(S(=O)(=O)N(C)C)c(-c2nc3ccccc3s2)c1,0.3178294573643411
CN(C)N1CCN(CCCc2ccc(S(=O)(=O)N(C)C)cc2-c2ccccc2)CC1,0.5089285714285714
CN1CCN(CCCc2ccc(S(=O)(=O)N(C)NC(=O)Cc3nc4ccccc4s3)cc2-c2ccccc2)CC1,0.42857142857142855
Cc1ccc(CCN2CCN(C)CC2)cc1CCCN1CCN(c2nc3ccccc3s2)CC1,0.34057971014492755
CN1CCN(CCc2ccc(S(=O)(=O)N(C)C)c(CS(=O)(=O)N(C)N(C)C)c2)CC1,0.375
Cc1ccc(NC(=O)Cc2nc3ccccc3s2)cc1CCCN1CCN(c2nc3ccccc3s2)CC1,0.2709677419354839
CN1CCN(CCc2ccc(S(=O)(=O)N(Cc3ccccc3)N(C)C)cc2Cc2nc3ccccc3s2)CC1,0.43795620437956206
CN1CCN(Cc2ccc(NC(=O)Cc3ccccc3)cc2NC(=O)Cc2ccccc2)CC1,0.3142857142857143
CN1CCN(CCCc2ccc(S(=O)(=O)S(=O)(=O)N(C)C)cc2-c2ccccc2)CC1,0.5132743362831859
CC(=O)NCc1cc(S(=O)(=O)N(C)C)ccc1CN1CCN(C)CC1,0.44339622641509435
CN1CCN(Cc2ccc(S(=O)(=O)N(C)C)cc2C(=O)Cc2ccccc2)CC1,0.5370370370370371
CN1CCN(Cc2ccc(S(=O)(=O)N(C)C)cc2CCc2ccc(S(=O)(=O)N(C)C)cc2-c2ccccc2)CC1,0.4626865671641791
CN1CCN(Cc2ccc(S(=O)(=O)N(C)CN3CCN(C)CC3)cc2-c2ccccc2)CC1,0.45528455284552843
CN1CCN(CCc2ccc(S(=O)(=O)N(C)N3CCN(C)CC3)cc2Cn2c(=O)oc3ccccc32)CC1,0.42962962962962964
CN(C)Cc1cc(S(=O)(=O)N(C)N(C)C)ccc1CCN1CCN(C)CC1,0.4107142857142857
CN1CCN(Cc2ccc(S(=O)(=O)N(C)CC(=O)Cc3ccccc3)c(Cc3nc4ccccc4s3)c2)CC1,0.3680555555555556
CN1CCN(CCCCCc2ccc(S(=O)(=O)N(C)C)cc2NC(=O)Cc2ccccc2)CC1,0.49586776859504134
CC(=O)NN1CCN(Cc2ccc(S(=O)(=O)N(C)C)cc2NC(=O)Cc2ccccc2)CC1,0.4274193548387097
CN(C)S(=O)(=O)c1ccc(CC(=O)Cc2ccccc2)c(NC(=O)c2nc3ccccc3s2)c1,0.302158273381295
CC(=O)Nc1ccc(S(=O)(=O)N(C)C)cc1-c1ccc(CN2CCN(C)CC2)c(NC(=O)Cc2ccccc2)c1,0.45925925925925926
CN(C)Cc1ccc(S(=O)(=O)N(C)C)cc1-c1ccccc1,0.3942307692307692
CN1CCN(Cc2ccc(S(=O)(=O)NC(=O)C(=O)c3ccccc3)cc2NC(=O)C(=O)c2ccccc2)CC1,0.32653061224489793
CN1CCN(Cc2ccc(S(=O)(=O)N(C)C)cc2NC(=O)CCn2c(=O)oc3ccccc32)CC1,0.5
CN1CCN(Cc2ccc(S(=O)(=O)N(C)CN3CCN(C)CC3)c(Cc3nc4ccccc4s3)c2)CC1,0.39416058394160586
CN1CCN(CCc2ccc(S(=O)(=O)N(C)C)cc2CCC(=O)Cc2ccccc2)CC1,0.5217391304347826
CN1CCN(CN2CCN(CCc3ccc(S(=O)(=O)N(C)C)cc3-c3ccccc3)CC2)CC1,0.5166666666666667
Cc1ccc(S(=O)(=O)N(C)N(C)C)cc1-c1ccc(CN2CCN(C)CC2)c(C(=O)c2ccccc2)c1,0.4461538461538462
Cc1ccc(S(=O)(=O)N(C)C)cc1-c1ccc(CCN2CCN(C)CC2)c(CCC(=O)Cc2ccccc2)c1,0.48854961832061067
CN1CCN(Cc2ccc(S(=O)(=O)N(C)C)cc2NC(=O)c2nc3ccccc3s2)CC1,0.5217391304347826
Cc1ccc(C(=O)Cc2ccccc2)cc1-c1ccc(CN2CCN(C)CC2)c(C(=O)c2ccccc2)c1,0.31756756756756754
CN1CCN(CCc2ccc(S(=O)(=O)N(C)C)cc2Cc2nc3ccccc3s2)CC1,0.5727272727272728
Cc1ccc(S(=O)(=O)N(C)c2ccccc2)cc1-c1ccc(CN2CCN(C)CC2)c(C(=O)c2ccccc2)c1,0.4014084507042254
CN(C)S(=O)(=O)Cc1ccc(S(=O)(=O)N(C)C)cc1-c1ccccc1,0.36936936936936937
CN1CCN(Cc2ccc(S(=O)(=O)N(C)C)cc2NC(=O)CCC(=O)Cc2ccccc2)CC1,0.47540983606557374
CN1CCN(CCCc2ccc(S(=O)(=O)N(C)c3ccccc3)cc2CC(=O)Cc2ccccc2)CC1,0.4148148148148148
CN1CCN(CCCc2ccc(S(=O)(=O)N(C)C)cc2-c2ccccc2)CC1,0.6078431372549019
CN(C)S(=O)(=O)c1ccc(CN2CCN(Cc3ccccc3)CC2)c(NC(=O)C(=O)c2ccccc2)c1,0.38686131386861317
CN(C)N(C)S(=O)(=O)N1CCN(CCc2ccc(S(=O)(=O)N(C)C)cc2-c2ccccc2)CC1,0.47107438016528924
CN1CCN(Cc2ccc(N3CCN(C)CC3)cc2CC(=O)Cc2ccccc2)CC1,0.32575757575757575
CN1CCN(CCc2ccc(S(=O)(=O)N3CCN(C)CC3)cc2Cn2c(=O)oc3ccccc32)CC1,0.3925925925925926
CN1CCN(CCCCCc2ccc(S(=O)(=O)C(=O)c3ccccc3)cc2NC(=O)Cc2ccccc2)CC1,0.3493150684931507
Cc1ccc(NC(=O)Cc2nc3ccccc3s2)cc1CCCN1CCN(c2nc3ccccc3s2)CC1,0.2709677419354839
CN(C)S(=O)(=O)c1ccc(Cc2ccccc2)c(-c2ccccc2)c1,0.3565217391304348
CN1CCN(CCCc2ccc(-c3ccc(S(=O)(=O)N(C)C)cc3-c3ccccc3)cc2-c2ccccc2)CC1,0.48148148148148145
CN1CCN(CCCc2ccc(Cc3ccccc3)cc2CC(=O)Cc2ccccc2)CC1,0.3284671532846715
CN1CCN(CCc2ccc(S(=O)(=O)N(C)N(C)C)cc2CC(=O)c2ccccc2)CC1,0.48717948717948717
CN(C)S(=O)(=O)c1ccc(Cc2ccccc2)c(NC(=O)C(=O)c2ccccc2)c1,0.3
CN1CCN(CCc2ccc(S(=O)(=O)N(C)C(=O)c3ccccc3)cc2Cn2c(=O)oc3ccccc32)CC1,0.41007194244604317
CN(C)S(=O)(=O)c1ccc(CN2CCN(S(=O)(=O)N(C)C)CC2)c(CC(=O)Cc2ccccc2)c1,0.4140625
CN(C)N1CCN(CCc2ccc(S(=O)(=O)N(C)N(C)C)cc2Cc2nc3ccccc3s2)CC1,0.4296875
CN(C)S(=O)(=O)c1ccc(Cc2ccccc2)c(CC(=O)Cc2ccccc2)c1,0.31496062992125984
CN1CCN(CCc2ccc(S(=O)(=O)C(=O)c3ccccc3)cc2CCC(=O)Cc2ccccc2)CC1,0.36428571428571427
Cc1ccc(S(=O)(=O)N(C)C)cc1Cc1ccc(CCCN2CCN(C)CC2)c(-c2ccccc2)c1,0.5080645161290323
CN1CCN(CCCc2ccc(S(=O)(=O)N(C)CCN3CCN(C)CC3)cc2CC(=O)Cc2ccccc2)CC1,0.3916083916083916
Cc1ccc(S(=O)(=O)N(C)C)cc1CCc1ccc(S(=O)(=O)N(C)C)cc1CC(=O)Cc1ccccc1,0.2916666666666667
CN1CCN(CCc2ccc(S(=O)(=O)N(C)C)cc2NC(=O)c2nc3ccccc3s2)CC1,0.5478260869565217
Cc1ccc(S(=O)(=O)N(C)S(=O)(=O)N(C)C)cc1CCCN1CCN(c2nc3ccccc3s2)CC1,0.43410852713178294
CN1CCN(Cc2ccc(S(=O)(=O)N(C)C)c(CCCN3CCN(CN4CCN(C)CC4)CC3)c2)CC1,0.3103448275862069
CN1CCN(Cc2ccc(S(=O)(=O)N(C)C)cc2NC(=O)CCn2c(=O)oc3ccccc32)CC1,0.5
CN1CCN(Cc2ccc(S(=O)(=O)N(C)C)cc2CS(=O)(=O)N(C)C)CC1,0.42727272727272725
CCc1cc(CN2CCN(C)CC2)ccc1S(=O)(=O)N(C)C,0.4215686274509804
CN1CCN(CCCc2ccc(S(=O)(=O)N(C)C)cc2CNC(=O)Cc2nc3ccccc3s2)CC1,0.5080645161290323
CN(C)S(=O)(=O)c1ccc(CC(=O)Cc2ccccc2)c(Cn2c(=O)oc3ccccc32)c1,0.3088235294117647
CN1CCN(CCc2ccc(N(C)C)cc2Cc2nc3ccccc3s2)CC1,0.4434782608695652
CN(C)S(=O)(=O)c1ccc(CCN2CCN(CNC(=O)c3nc4ccccc4s3)CC2)c(-c2ccccc2)c1,0.427536231884058
CN1CCN(CN2CCN(Cc3ccc(S(=O)(=O)N(C)C)cc3NC(=O)Cc3ccccc3)CC2)CC1,0.4393939393939394
CN1CCN(CCCc2ccc(S(=O)(=O)N(C)C)cc2CCN2CCN(CN3CCN(C)CC3)CC2)CC1,0.3402777777777778
CN1CCN(Cc2ccc(S(=O)(=O)N(C)C)cc2NS(=O)(=O)N(C)N(C)C)CC1,0.39655172413793105
CN1CCN(Cc2ccc(S(=O)(=O)N(C)C)cc2CC(=O)Cc2ccccc2)CC1,0.5225225225225225
CN1CCN(Cc2ccc(S(=O)(=O)N(C)Cc3ccccc3)c(Cc3nc4ccccc4s3)c2)CC1,0.3897058823529412
Cc1ccc(S(=O)(=O)N(C)C)cc1-c1ccc(S(=O)(=O)N(C)C)c(C(=O)Cc2ccccc2)c1,0.3208955223880597
CN1CCN(CCCc2ccc(S(=O)(=O)N(C)S(=O)(=O)N(C)C)cc2CC(=O)Cc2ccccc2)CC1,0.4496124031007752
CN1CCN(CCc2ccc(S(=O)(=O)N(C)C)cc2CC(=O)Cc2ccccc2)CC1,0.5357142857142857
CC(=O)NN(C)S(=O)(=O)c1ccc(CN2CCN(C)CC2)c(NC(=O)c2nc3ccccc3s2)c1,0.4409448818897638
CN1CCN(CCCc2ccc(S(=O)(=O)c3ccccc3)cc2CNC(=O)Cc2nc3ccccc3s2)CC1,0.36551724137931035
Cc1ccc(S(=O)(=O)N(C)C)cc1CCC(=O)c1cc(S(=O)(=O)N(C)C)ccc1CN1CCN(C)CC1,0.4230769230769231
CN1CCN(CCc2cc(S(=O)(=O)N(C)C)ccc2CN2CCN(C)CC2)CC1,0.4188034188034188
O=C(Cc1ccccc1)NC(=O)c1nc2ccccc2s1,0.18699186991869918
CN1CCN(Cc2ccc(CN3CCN(C)CC3)c(CC(=O)Cc3ccccc3)c2)CC1,0.31851851851851853
Cc1ccc(S(=O)(=O)N(C)C)cc1Cc1ccc(CCCN2CCN(C)CC2)c(CCN2CCN(C)CC2)c1,0.41304347826086957
CN1CCN(CCc2ccc(S(=O)(=O)n3c(=O)oc4ccccc43)cc2NC(=O)c2nc3ccccc3s2)CC1,0.36054421768707484
CN1CCN(CCc2ccc(S(=O)(=O)CN3CCN(C)CC3)cc2CCC(=O)Cc2ccccc2)CC1,0.36428571428571427
Cc1cc(Cc2cc(S(=O)(=O)N(C)C)ccc2C)ccc1CCCN1CCN(C)CC1,0.5
Cc1ccc(S(=O)(=O)N(C)C)cc1CCc1cc(S(=O)(=O)N(C)N(C)C)ccc1CCN1CCN(C)CC1,0.4351145038167939
CN1CCN(CCc2ccc(S(=O)(=O)N(C)N(C)C)cc2Cn2c(=O)oc3ccccc32)CC1,0.48760330578512395
CN1CCN(CCc2ccc(S(=O)(=O)n3c(=O)oc4ccccc43)cc2Cn2c(=O)oc3ccccc32)CC1,0.3586206896551724
CN(C)S(=O)(=O)c1ccc(CN2CCN(c3ccccc3)CC2)c(NC(=O)Cc2ccccc2)c1,0.4015151515151515
Cc1ccc(CCCN2CCN(C)CC2)c(-c2ccccc2)c1,0.4205607476635514
CN1CCN(CCN(C)S(=O)(=O)c2ccc(CCCN3CCN(N(C)C)CC3)c(-c3ccccc3)c2)CC1,0.44029850746268656
Cc1ccc(S(=O)(=O)N(C)C)cc1CCc1ccc(S(=O)(=O)S(=O)(=O)N(C)C)cc1-c1ccccc1,0.3188405797101449
CN(C)Cc1cc(S(=O)(=O)N(C)C)ccc1CCN1CCN(C)CC1,0.47115384615384615
CN1CCN(Cc2ccc(S(=O)(=O)N(C)C)cc2CC(=O)CCC(=O)Cc2ccccc2)CC1,0.47540983606557374
CN(C)S(=O)(=O)c1ccc(CCCC(=O)Cc2ccccc2)c(CC(=O)Cc2ccccc2)c1,0.28368794326241137
CN1CCN(CCc2ccc(S(=O)(=O)N(c3ccccc3)N(C)C)cc2Cc2nc3ccccc3s2)CC1,0.44776119402985076
CN1CCN(CCCN(C)S(=O)(=O)c2ccc(CCN3CCN(C)CC3)c(CC(=O)Cc3ccccc3)c2)CC1,0.3916083916083916
CN(C)S(=O)(=O)c1ccc(NC(=O)Cc2nc3ccccc3s2)c(CC(=O)Cc2ccccc2)c1,0.29577464788732394
CN1CCN(Cc2ccc(S(=O)(=O)N(C)C)cc2C(=O)NC(=O)Cc2nc3ccccc3s2)CC1,0.5
Cc1ccc(S(=O)(=O)NC(=O)c2nc3ccccc3s2)cc1CCCN1CCN(c2nc3ccccc3s2)CC1,0.3137254901960784
CN1CCN(CCc2ccc(S(=O)(=O)N(C)C)cc2CCC(=O)C(=O)Cc2ccccc2)CC1,0.5
CN1CCN(CCCc2ccc(S(=O)(=O)N(C)C)cc2NC(=O)c2nc3ccccc3s2)CC1,0.5338983050847458
Cc1ccc(S(=O)(=O)N(C)C)cc1-c1nc2ccccc2s1,0.4174757281553398
Cc1ccc(CC(=O)Cc2ccccc2)cc1CCCN1CCN(c2nc3ccccc3s2)CC1,0.2876712328767123
CC(=O)NN(C)S(=O)(=O)c1ccc(CCN2CCN(C)CC2)c(CCC(=O)Cc2ccccc2)c1,0.4409448818897638
CN(C)S(=O)(=O)c1ccc(CCn2c(=O)oc3ccccc32)c(-c2ccccc2)c1,0.36
CN1CCN(CCCc2ccc(S(=O)(=O)CCCN3CCN(C)CC3)cc2-c2ccccc2)CC1,0.39849624060150374
CN1CCN(Cc2ccc(S(=O)(=O)N(C)C)cc2CC(=O)S(=O)(=O)N(C)N(C)C)CC1,0.39166666666666666
CN1CCN(Cc2ccc(S(=O)(=O)CC(=O)Cc3ccccc3)c(Cc3nc4ccccc4s3)c2)CC1,0.34265734265734266
CN1CCN(CCCc2ccc(-n3c(=O)oc4ccccc43)cc2-c2ccccc2)CC1,0.3560606060606061
CN1CCN(CCCc2ccc(S(=O)(=O)N(C)C)cc2-c2ccccc2)CC1,0.6078431372549019
CN1CCN(CCCc2ccc(-c3ccccc3)cc2CC(=O)Cc2ccccc2)CC1,0.3358208955223881
Cc1ccc(S(=O)(=O)N(C)C)cc1C(=O)Nc1cc(S(=O)(=O)N(C)C)ccc1CCCN1CCN(C)CC1,0.4351145038167939
CN(C)S(=O)(=O)CN1CCN(CCc2ccc(S(=O)(=O)N(C)C)cc2-c2ccccc2)CC1,0.4789915966386555
CN1CCN(CCc2ccc(S(=O)(=O)N(C)C)cc2CCC(=O)N(C)C)CC1,0.4375
CN(C)S(=O)(=O)c1ccc(-n2c(=O)oc3ccccc32)c(CNC(=O)Cc2nc3ccccc3s2)c1,0.2986111111111111
CN1CCN(CCN(C)S(=O)(=O)c2ccc(CCCN3CCN(N(C)C)CC3)c(-c3ccccc3)c2)CC1,0.44029850746268656
CN1CCN(Cc2ccc(S(=O)(=O)N(C)C)cc2NC(=O)Cc2nc3ccccc3s2)CC1,0.5213675213675214
Cc1ccc(S(=O)(=O)N(C)C)cc1CCc1ccccc1,0.3883495145631068
CN1CCN(CCCCc2cc(S(=O)(=O)N(C)C)ccc2CCN2CCN(C)CC2)CC1,0.3888888888888889
Cc1ccc(S(=O)(=O)N(C)C)cc1CCc1ccc(S(=O)(=O)N(C)C)cc1NC(=O)c1nc2ccccc2s1,0.28859060402684567
CN1CCN(Cc2ccc(-c3ccccc3)cc2NC(=O)Cc2ccccc2)CC1,0.33076923076923076
CN(C)S(=O)(=O)c1ccc(NC(=O)c2nc3ccccc3s2)c(-c2ccccc2)c1,0.328125
CN(C)S(=O)(=O)c1ccc(CCc2nc3ccccc3s2)c(NC(=O)c2nc3ccccc3s2)c1,0.2937062937062937
CN(C)S(=O)(=O)c1ccc(CN2CCN(S(=O)(=O)N(C)C)CC2)c(CC(=O)Cc2ccccc2)c1,0.4140625
CN1CCN(CCCc2ccc(CN3CCN(C)CC3)c(NC(=O)Cc3nc4ccccc4s3)c2)CC1,0.3310344827586207
Cc1ccc(S(=O)(=O)C(=O)Cc2nc3ccccc3s2)cc1CCCN1CCN(c2nc3ccccc3s2)CC1,0.3137254901960784
CN1CCN(Cc2ccc(Cc3ccccc3)cc2CC(=O)Cc2ccccc2)CC1,0.3233082706766917
Cc1ccc(S(=O)(=O)N(C)CCN2CCN(C)CC2)cc1CCCN1CCN(c2nc3ccccc3s2)CC1,0.427536231884058
CN1CCN(CCCN(C)S(=O)(=O)c2ccc(CN3CCN(C)CC3)c(CC(=O)Cc3ccccc3)c2)CC1,0.4
CN1CCN(CCCc2ccc(S(=O)(=O)N(C)C)cc2-n2c(=O)oc3ccccc32)CC1,0.5486725663716814
CN(C)N1CCN(CCCc2ccc(S(=O)(=O)C(=O)Cc3nc4ccccc4s3)cc2-c2ccccc2)CC1,0.3776223776223776
CN1CCN(CCCc2ccc(S(=O)(=O)N(C)CCN3CCN(C)CC3)cc2CC(=O)Cc2ccccc2)CC1,0.3916083916083916
CN1CCN(CCCc2ccc(S(=O)(=O)N(C)C)cc2NC(=O)c2ccccc2)CC1,0.5357142857142857
CN1CCN(CCCc2ccc(NC(=O)Cc3nc4ccccc4s3)cc2-n2c(=O)oc3ccccc32)CC1,0.31788079470198677
CN1CCN(CCc2ccc(S(=O)(=O)N(C)C)cc2CN2CCN(C)CC2)CC1,0.4188034188034188
CN1CCN(Cc2ccc(S(=O)(=O)N(C)C)cc2C(=O)NC(=O)Cc2nc3ccccc3s2)CC1,0.5
CN1CCN(Cc2ccc(S(=O)(=O)N(C)S(=O)(=O)N(C)N(C)C)cc2CC(=O)Cc2ccccc2)CC1,0.4198473282442748
CN1CCN(Cc2ccc(N(C)C)cc2NC(=O)Cc2nc3ccccc3s2)CC1,0.4132231404958678
CN(C)N(C)S(=O)(=O)Cc1ccc(S(=O)(=O)N(C)C)cc1Cn1c(=O)oc2ccccc21,0.3359375
CN(C)CC(=O)Nc1cc(S(=O)(=O)N(C)C)ccc1CN1CCN(C)CC1,0.42342342342342343
O=C(Cc1ccccc1)NC(=O)c1nc2ccccc2s1,0.18699186991869918
CN1CCN(CCCc2ccc(N(C)C)cc2CC(=O)Cc2ccccc2)CC1,0.4117647058823529
CN1CCN(Cc2ccc(S(=O)(=O)S(=O)(=O)N(C)N(C)C)c(Cc3nc4ccccc4s3)c2)CC1,0.421875
CN1CCN(Cc2ccc(C(=O)Cc3ccccc3)cc2NC(=O)Cc2nc3ccccc3s2)CC1,0.3194444444444444
CN1CCN(Cc2ccc(S(=O)(=O)N(C)C)cc2-c2ccc(S(=O)(=O)N(C)C)cc2-c2ccccc2)CC1,0.484375
CN1CCN(CCCc2ccc(S(=O)(=O)Cc3ccccc3)cc2CNC(=O)Cc2nc3ccccc3s2)CC1,0.3581081081081081
CN1CCN(CCc2ccc(-c3ccccc3)cc2Cc2nc3ccccc3s2)CC1,0.3511450381679389
CN1CCN(Cc2ccc(C(=O)Cc3nc4ccccc4s3)cc2NC(=O)c2nc3ccccc3s2)CC1,0.30666666666666664
Cc1ccc(S(=O)(=O)N(C)C)cc1-c1ccc(S(=O)(=O)N(C)C)cc1-n1c(=O)oc2ccccc21,0.3235294117647059
CN1CCN(Cc2ccc(S(=O)(=O)N(C)C)cc2CC(=O)Cc2ccccc2)CC1,0.5225225225225225
CN1CCN(CCCN(C)S(=O)(=O)c2ccc(CCN3CCN(C)CC3)c(Cc3nc4ccccc4s3)c2)CC1,0.41843971631205673
Cc1ccc(CC(=O)Cc2ccccc2)cc1CCCN1CCN(c2nc3ccccc3s2)CC1,0.2876712328767123
CN1CCN(Cc2ccc(S(=O)(=O)N(C)C)cc2Cc2nc3ccccc3s2)CC1,0.5596330275229358
CN1CCN(CCCCc2ccc(S(=O)(=O)S(=O)(=O)N(C)C)cc2-c2ccccc2)CC1,0.5
CN1CCN(CCCc2ccc(S(=O)(=O)N(C)S(=O)(=O)N(C)N(C)C)cc2-c2ccccc2)CC1,0.48360655737704916
O=C(Cc1ccccc1)NC(=O)c1nc2ccccc2s1,0.18699186991869918
CN(C)S(=O)(=O)c1ccc(CCC(=O)Cc2ccccc2)c(-c2ccccc2)c1,0.336
CN1CCN(CCCc2ccc(Cc3ccccc3)cc2-c2ccccc2)CC1,0.35714285714285715
CN1CCN(Cc2ccc(S(=O)(=O)N(C)C)cc2-c2nc3ccccc3s2)CC1,0.5904761904761905
CN1CCN(CCc2ccc(S(=O)(=O)N(C)C)cc2CCN2CCN(C)CC2)CC1,0.4083333333333333
CN1CCN(Cc2ccc(S(=O)(=O)N(C)C)cc2NC(=O)Cc2nc3ccccc3s2)CC1,0.5213675213675214
CN1CCN(Cc2ccc(CC(=O)Cc3ccccc3)cc2CC(=O)Cc2ccccc2)CC1,0.3142857142857143
CN(C)S(=O)(=O)c1ccc(CCCC(=O)Cc2ccccc2)c(CC(=O)Cc2ccccc2)c1,0.28368794326241137
CN1CCN(CCc2ccc(S(=O)(=O)N(C)C)cc2C(=O)Cc2nc3ccccc3s2)CC1,0.5478260869565217
CN1CCN(c2ccc(S(=O)(=O)N(C)C)cc2-n2c(=O)oc3ccccc32)CC1,0.4954954954954955
CN1CCN(CCCc2ccc(S(=O)(=O)N(C)C)cc2CCN2CCN(CN3CCN(C)CC3)CC2)CC1,0.3402777777777778
CN(C)S(=O)(=O)c1ccc(Cc2ccccc2)c(-c2ccccc2)c1,0.3565217391304348
CN(C)S(=O)(=O)c1ccc(Cc2ccc(S(=O)(=O)N(C)C)cc2-c2ccccc2)c(-c2ccccc2)c1,0.3055555555555556
CN1CCN(Cc2ccc(S(=O)(=O)N(C)C)cc2CCN2CCN(CN3CCN(C)CC3)CC2)CC1,0.35507246376811596
CN(C)S(=O)(=O)c1ccc(CCc2ccc(S(=O)(=O)N(C)C)cc2-c2ccccc2)c(-c2ccccc2)c1,0.3082191780821918
CN1CCN(CCCc2ccc(C(=O)Cc3ccccc3)cc2-c2ccccc2)CC1,0.35384615384615387
CN1CCN(Cc2ccc(S(=O)(=O)N(C)C)cc2NNC(=O)Cc2nc3ccccc3s2)CC1,0.5083333333333333
CN(C)S(=O)(=O)c1ccc(Cc2nc3ccccc3s2)c(Cn2c(=O)oc3ccccc32)c1,0.3161764705882353
CN1CCN(CCCc2ccc(N3CCN(C)CC3)cc2CC(=O)Cc2ccccc2)CC1,0.33088235294117646
CN1CCN(CCc2ccc(S(=O)(=O)N(C)N(C)C)cc2CCCN2CCN(CN3CCN(C)CC3)CC2)CC1,0.3026315789473684
CN1CCN(CCCc2ccc(NC(=O)c3nc4ccccc4s3)cc2NC(=O)c2ccccc2)CC1,0.3310344827586207
CN1CCN(CCCc2ccc(S(=O)(=O)N(C)C)cc2S(=O)(=O)N(C)C)CC1,0.44144144144144143
CCN1CCN(CCc2ccc(S(=O)(=O)N(C)C)cc2-c2ccccc2)CC1,0.5327102803738317
CN(C)S(=O)(=O)c1ccc(Cc2ccccc2)c(-c2ccccc2)c1,0.3565217391304348
CN1CCN(Cc2ccc(S(=O)(=O)S(=O)(=O)N(C)C)cc2CC(=O)Cc2ccccc2)CC1,0.4426229508196721
CN1CCN(CCc2ccc(S(=O)(=O)N(C)C)cc2CCC(=O)S(=O)(=O)N(C)N(C)C)CC1,0.3951612903225806
CN1CCN(CCCc2ccc(S(=O)(=O)N(C)CC(=O)Cc3ccccc3)cc2NC(=O)c2ccccc2)CC1,0.3916083916083916
CN1CCN(CCc2ccc(CN3CCN(C)CC3)c(NC(=O)c3nc4ccccc4s3)c2)CC1,0.34532374100719426
CN1CCN(CCc2ccc(S(=O)(=O)S(=O)(=O)N(C)C)cc2CCC(=O)Cc2ccccc2)CC1,0.4444444444444444
CCN1CCN(CCc2ccc(S(=O)(=O)N(C)C)cc2-c2ccccc2)CC1,0.5327102803738317
CN1CCN(CCCc2ccc(S(=O)(=O)N(C)C)cc2NC(=O)c2nc3ccccc3s2)CC1,0.5338983050847458
CN1CCN(CCc2ccc(-c3ccccc3)cc2Cc2nc3ccccc3s2)CC1,0.3511450381679389
CCN1CCN(CCc2ccc(-c3ccccc3)cc2-c2ccccc2)CC1,0.3125
CN1CCN(CN2CCN(CCc3ccc(S(=O)(=O)N(C)C)cc3NC(=O)c3nc4ccccc4s3)CC2)CC1,0.4632352941176471
CN1CCN(Cc2ccc(S(=O)(=O)N(C)C)cc2C(=O)CCCN2CCN(CN3CCN(C)CC3)CC2)CC1,0.3356164383561644
CN1CCN(CCc2ccc(CN3CCN(C)CC3)cc2C(=O)Cc2nc3ccccc3s2)CC1,0.34532374100719426
CN1CCN(CCCc2ccc(S(=O)(=O)N(C)C)cc2-c2ccccc2)CC1,0.6078431372549019
CN1CCN(CCCc2ccc(S(=O)(=O)N(C)CCN3CCN(C)CC3)cc2-c2ccccc2)CC1,0.4461538461538462
CCN1CCN(CN(C)S(=O)(=O)c2ccc(CCN3CCN(C)CC3)c(CC(=O)Cc3ccccc3)c2)CC1,0.4
CCN1CCN(CCCCc2ccc(S(=O)(=O)S(=O)(=O)N(C)C)cc2-c2ccccc2)CC1,0.4274193548387097
CN(C)S(=O)(=O)c1ccc(CCC(=O)Cc2nc3ccccc3s2)c(CC(=O)Cc2ccccc2)c1,0.2896551724137931
CN1CCN(CCc2ccc(S(=O)(=O)CN3CCN(C)CC3)cc2Cc2nc3ccccc3s2)CC1,0.4
CN1CCN(CCc2ccc(S(=O)(=O)N(C)CCN3CCN(C)CC3)cc2CCC(=O)Cc2ccccc2)CC1,0.3916083916083916
CN1CCN(Cc2ccc(S(=O)(=O)N(C)C)cc2-c2nc3ccccc3s2)CC1,0.5904761904761905
CN1CCN(CCCc2ccc(S(=O)(=O)N(C)CCN3CCN(C)CC3)cc2NC(=O)c2ccccc2)CC1,0.4
CN1CCN(NC(=O)Cc2nc3ccccc3s2)CC1,0.2882882882882883
CCN1CCN(CCc2cc(S(=O)(=O)N(C)C)ccc2CN2CCN(C)CC2)CC1,0.4083333333333333
CN1CCN(Cc2ccc(S(=O)(=O)N(C)C)cc2CC(=O)CNC(=O)Cc2nc3ccccc3s2)CC1,0.4765625
CN1CCN(CCCc2ccc(CCN3CCN(C)CC3)cc2-c2ccccc2)CC1,0.3435114503816794
CN(C)S(=O)(=O)c1ccc(CCN2CCN(C(=O)Cc3nc4ccccc4s3)CC2)c(-c2ccccc2)c1,0.43703703703703706
CN1CCN(Cc2ccc(S(=O)(=O)c3nc4ccccc4s3)cc2-c2nc3ccccc3s2)CC1,0.3851851851851852
CN1CCN(Cc2ccc(S(=O)(=O)N(C)C)cc2CC(=O)C(=O)Cc2ccccc2)CC1,0.5
CN1CCN(CC(=O)Cc2cc(S(=O)(=O)N(C)C)ccc2CN2CCN(C)CC2)CC1,0.3790322580645161
CN1CCN(CCCc2ccc(-c3ccccc3)cc2-n2c(=O)oc3ccccc32)CC1,0.3458646616541353
CN1CCN(Cc2ccc(S(=O)(=O)N(C)C)cc2NC(=O)Cc2ccccc2)CC1,0.5225225225225225
CN1CCN(CCCc2ccc(NC(=O)Cc3ccccc3)cc2NC(=O)c2nc3ccccc3s2)CC1,0.32432432432432434
CN(C)S(=O)(=O)c1ccc(C(=O)Cc2ccccc2)c(-n2c(=O)oc3ccccc32)c1,0.31297709923664124
CN1CCN(CCCc2ccc(S(=O)(=O)N(C)c3ccccc3)cc2-c2ccccc2)CC1,0.47540983606557374
CN1CCN(Cc2ccc(S(=O)(=O)NC(=O)Cc3ccccc3)cc2CC(=O)Cc2ccccc2)CC1,0.34507042253521125
CN(C)S(=O)(=O)c1ccc(-c2nc3ccccc3s2)c(CC(=O)Cc2ccccc2)c1,0.33076923076923076
CN1CCN(CCc2ccc(S(=O)(=O)N(C)C)cc2NC(=O)Cc2ccccc2)CC1,0.5357142857142857
CN1CCN(Cc2ccc(S(=O)(=O)S(=O)(=O)N(C)C)cc2NC(=O)Cc2nc3ccccc3s2)CC1,0.4453125
CN1CCN(CCCc2ccc(S(=O)(=O)N(C)c3nc4ccccc4s3)cc2NC(=O)c2ccccc2)CC1,0.4172661870503597
CN1CCN(Cc2ccc(S(=O)(=O)NC(=O)c3nc4ccccc4s3)cc2-c2nc3ccccc3s2)CC1,0.36363636363636365
CN1CCN(CCCc2ccc(S(=O)(=O)N(C)C)cc2CNC(=O)c2nc3ccccc3s2)CC1,0.5206611570247934
CN1CCN(CCc2ccc(S(=O)(=O)N(C)CN3CCN(C)CC3)cc2CC(=O)Cc2ccccc2)CC1,0.40875912408759124
CCN1CCN(CCc2ccc(C(=O)Cc3ccccc3)cc2-c2ccccc2)CC1,0.3037037037037037
CN1CCN(Cc2ccc(S(=O)(=O)N(C)C)cc2-c2ccccc2)CC1,0.5959595959595959
CC(=O)Nc1cc(S(=O)(=O)N(C)C)ccc1CCCN1CCN(C)CC1,0.45794392523364486
CN1CCN(CCc2ccc(S(=O)(=O)N(C)C)cc2CN2CCN(C)CC2)CC1,0.4188034188034188
CN1CCN(Cc2ccc(NC(=O)Cc3ccccc3)cc2CC(=O)Cc2ccccc2)CC1,0.3142857142857143
CN1CCN(Cc2ccc(S(=O)(=O)N(C)C)cc2NS(=O)(=O)N(C)C)CC1,0.4144144144144144
CCC(=O)c1cc(S(=O)(=O)N(C)C)ccc1CN1CCN(C)CC1,0.4563106796116505
CN1CCN(CCc2cc(S(=O)(=O)N(C)C)ccc2CN2CCN(C)CC2)CC1,0.4188034188034188
CN1CCN(CCc2ccc(N3CCN(C)CC3)cc2CC(=O)Cc2ccccc2)CC1,0.3383458646616541
CCN1CCN(CCc2ccc(S(=O)(=O)N(C)c3ccccc3)cc2-c2ccccc2)CC1,0.41732283464566927
CCN1CCN(CC(=O)Nc2cc(S(=O)(=O)N(C)C)ccc2CN2CCN(C)CC2)CC1,0.3700787401574803
CN(C)CC(=O)c1cc(S(=O)(=O)N(C)C)ccc1CN1CCN(C)CC1,0.4351851851851852
CN1CCN(Cc2ccc(S(=O)(=O)C(=O)Cc3nc4ccccc4s3)cc2-c2ccccc2)CC1,0.39849624060150374
CN1CCN(Cc2ccc(S(=O)(=O)N(C)N3CCN(C)CC3)cc2NC(=O)c2nc3ccccc3s2)CC1,0.40875912408759124
CCN1CCN(CS(=O)(=O)c2ccc(CCN3CCN(C)CC3)c(CCC(=O)Cc3ccccc3)c2)CC1,0.35664335664335667
CN1CCN(CCc2ccc(S(=O)(=O)c3nc4ccccc4s3)cc2CCC(=O)Cc2ccccc2)CC1,0.3732394366197183
Cc1cc(S(=O)(=O)N(C)C)ccc1CCCN1CCN(C)CC1,0.494949494949495
CCCC(=O)Cc1cc(S(=O)(=O)N(C)C)ccc1CN1CCN(C)CC1,0.43119266055045874
CN1CCN(CCCc2ccc(C(=O)Cc3ccccc3)cc2-n2c(=O)oc3ccccc32)CC1,0.3357142857142857
CN1CCN(CCS(=O)(=O)c2ccc(CN3CCN(C)CC3)c(NC(=O)Cc3ccccc3)c2)CC1,0.3722627737226277
CN1CCN(CCc2ccc(S(=O)(=O)N(C)C)cc2NC(=O)c2nc3ccccc3s2)CC1,0.5478260869565217
CN1CCN(CCCc2ccc(S(=O)(=O)N(C)C)cc2CC(=O)Cc2ccccc2)CC1,0.5217391304347826
CN1CCN(Cc2ccc(S(=O)(=O)N(C)C)cc2NC(=O)C(=O)Cc2ccccc2)CC1,0.5
CN1CCN(CCc2ccc(S(=O)(=O)N(C)C)cc2CCN2CCN(C)CC2)CC1,0.4083333333333333
CN1CCN(Cc2ccc(S(=O)(=O)N(C)C)cc2NC(=O)Cc2ccccc2)CC1,0.5225225225225225
CN1CCN(Cc2ccc(S(=O)(=O)N(C)C)cc2Nc2ccccc2)CC1,0.5480769230769231
CN1CCN(CCCc2ccc(NC(=O)Cc3nc4ccccc4s3)cc2-n2c(=O)oc3ccccc32)CC1,0.31788079470198677
CN(C)CC(=O)c1cc(S(=O)(=O)N(C)C)ccc1CN1CCN(C)CC1,0.4351851851851852
CCc1ccc(CCCN2CCN(C)CC2)c(NC(=O)c2ccccc2)c1,0.3813559322033898
CN(C)S(=O)(=O)c1ccc(CCC(=O)Cc2ccccc2)c(-c2ccccc2)c1,0.336
CN(C)S(=O)(=O)c1ccc(CCC(=O)Cc2ccccc2)c(NC(=O)c2nc3ccccc3s2)c1,0.29577464788732394
CN1CCN(CCc2ccc(S(=O)(=O)C(=O)Cc3nc4ccccc4s3)cc2Cc2nc3ccccc3s2)CC1,0.3581081081081081
CN1CCN(Cc2ccc(-c3ccccc3)cc2NC(=O)c2nc3ccccc3s2)CC1,0.32592592592592595
CN1CCN(Cc2ccc(S(=O)(=O)N(C)C)cc2-c2ccccc2)CC1,0.5959595959595959
CN1CCN(Cc2ccc(NC(=O)c3nc4ccccc4s3)cc2CC(=O)Cc2ccccc2)CC1,0.3194444444444444
CN1CCN(Cc2ccc(C(=O)Cc3ccccc3)cc2NC(=O)c2nc3ccccc3s2)CC1,0.3262411347517731
CN1CCN(CCc2ccc(S(=O)(=O)N(C)C)cc2-c2ccccc2)CC1,0.6262626262626263
CN1CCN(Cc2ccc(N3CCN(C)CC3)cc2NC(=O)Cc2nc3ccccc3s2)CC1,0.3333333333333333
CN1CCN(CCS(=O)(=O)c2ccc(CN3CCN(C)CC3)c(-c3nc4ccccc4s3)c2)CC1,0.4307692307692308
CN1CCN(Cc2ccc(S(=O)(=O)c3ccccc3)cc2Nc2ccccc2)CC1,0.3870967741935484
CN(C)N1CCN(CCCc2ccc(S(=O)(=O)N(C)C)cc2-c2ccccc2)CC1,0.5089285714285714
CN1CCN(CCc2ccc(S(=O)(=O)N(C)C)cc2CC(=O)Cc2ccccc2)CC1,0.5357142857142857
CCN1CCN(CN(C)S(=O)(=O)c2ccc(CN3CCN(C)CC3)c(-c3ccccc3)c2)CC1,0.4444444444444444
CN1CCN(CCc2ccc(S(=O)(=O)N3CCN(C)CC3)cc2Cn2c(=O)oc3ccccc32)CC1,0.3925925925925926
CCN1CCN(CCc2ccc(S(=O)(=O)N(C)NC(=O)Cc3ccccc3)cc2-c2ccccc2)CC1,0.38405797101449274
CN1CCN(CCN2CCN(Cc3ccc(S(=O)(=O)N(C)C)cc3NC(=O)Cc3ccccc3)CC2)CC1,0.45112781954887216
CCN1CCN(CCc2ccc(S(=O)(=O)N(C)C)cc2C(=O)Cc2nc3ccccc3s2)CC1,0.4715447154471545
CN1CCN(Cc2ccc(S(=O)(=O)N(C)C)cc2NC(=O)C(=O)Cc2ccccc2)CC1,0.5
CN1CCN(CCc2ccc(S(=O)(=O)N(C)C)cc2CCC(=O)NC(=O)Cc2ccccc2)CC1,0.4878048780487805
CCS(=O)(=O)c1ccc(CCN2CCN(C)CC2)c(CCC(=O)Cc2ccccc2)c1,0.4180327868852459
CN1CCN(Cc2ccc(S(=O)(=O)S(=O)(=O)N(C)C)cc2CC(=O)Cc2ccccc2)CC1,0.4426229508196721
CCN1CCN(CN2CCN(Cc3ccc(S(=O)(=O)N(C)C)cc3-c3nc4ccccc4s3)CC2)CC1,0.43609022556390975
CCN1CCN(CCN(C)S(=O)(=O)c2ccc(CCN3CCN(C)CC3)c(-c3ccccc3)c2)CC1,0.4461538461538462
CCN1CCN(CCS(=O)(=O)c2ccc(CN3CCN(C)CC3)c(-c3ccccc3)c2)CC1,0.41732283464566927
CN(C)S(=O)(=O)c1ccc(CCCCc2ccccc2)c(-c2ccccc2)c1,0.34146341463414637
CCN1CCN(CCNC(=O)Cc2ccccc2)CC1,0.2767857142857143
CN1CCN(Cc2ccc(S(=O)(=O)NC(=O)c3nc4ccccc4s3)cc2Nc2ccccc2)CC1,0.3597122302158273
CN(C)S(=O)(=O)c1ccc(Cc2ccccc2)c(CC(=O)Cc2ccccc2)c1,0.31496062992125984
CN1CCN(Cc2ccc(S(=O)(=O)N(C)C)cc2C(=O)Cc2nc3ccccc3s2)CC1,0.5350877192982456
CN(C)S(=O)(=O)c1ccc(CCc2nc3ccccc3s2)c(NC(=O)c2nc3ccccc3s2)c1,0.2937062937062937
CN1CCN(CCCc2ccc(S(=O)(=O)N(C)C)cc2CC(=O)Cc2ccccc2)CC1,0.5217391304347826
CN(C)S(=O)(=O)c1ccc(C[SH](=O)=O)c(Cn2c(=O)oc3ccccc32)c1,0.358974358974359
Cc1ccc([SH](=O)=O)cc1CC(=O)Cc1ccccc1,0.21551724137931033
CCc1ccc(-c2ccccc2)c(-n2c(=O)oc3ccccc32)c1,0.2109375
CN1CCN(Cc2ccc(-c3ccc(S(=O)(=O)N(C)C)cc3CC=O)cc2Nc2ccccc2)CC1,0.496
O=CN1CCN(CCc2ccc([SH](=O)=O)cc2-n2c(=O)oc3ccccc32)CC1,0.3333333333333333
CCN(C)S(=O)(=O)c1ccc(CCN2CCNCC2)c(Cc2nc3ccccc3s2)c1,0.38095238095238093
CN1CCN(C(=O)[C@H]2CO[C@@H](Cc3nc4ccccc4s3)C2)CC1,0.2601626016260163
CCCc1ccc(N[SH](=O)=O)cc1-n1c(=O)oc2ccccc21,0.22950819672131148
Cc1ccc(S(=O)(=O)N(C)Oc2cc(S(=O)(=O)N(C)C)ccc2C)cc1Cn1c(=O)oc2ccccc21,0.2916666666666667
CCN1CCN(CCc2ccc(CCCN3CCNCC3)c(NC(=O)c3nc4ccccc4s3)c2)CC1,0.27631578947368424
CN1CCN(CCc2ccc(S(=O)(=O)N(C)C)cc2-c2ccccc2)CC1,0.6262626262626263
Cc1ccc(CCCN2CCN(C)CC2)cc1NC(=O)c1ccccc1,0.391304347826087
O=C(Nc1ccc(C2CC2)c(Cc2nc3ccccc3s2)c1)c1nc2ccccc2s1,0.18120805369127516
O=C(Nc1cccc(-c2ccccc2)c1)c1nc2ccccc2s1,0.18181818181818182
Cc1cc(S(=O)(=O)N(C)C)ccc1CN1CCN(c2ccccc2)CC1,0.49056603773584906
Cc1ccc(-c2ccc([SH](=O)=O)cc2N)cc1CC(=O)Cc1ccccc1,0.21052631578947367
Cc1ccc(S(=O)(=O)N(C)C)cc1CC(=O)Cc1ccc(CN2CCN(C)CC2)c(C=O)c1,0.4666666666666667
O=C(Cc1ccccc1)Nc1cccc(-c2ccccc2)c1,0.171875
CN1CCN(Cc2ccc(S(=O)(=O)N(C)[SH](=O)=O)cc2NC(=O)c2nc3ccccc3s2)CC1,0.44
CCCc1ccc(S(=O)(=O)NC(=O)n2c(=O)oc3ccccc32)cc1-c1ccccc1,0.2536231884057971
Cc1ccc(S(=O)(=O)N(C)C)cc1NC(=O)c1nc2ccccc2s1,0.36283185840707965
ON1CCN(CCCc2ccc(Cc3ccccc3Br)cc2-c2ccccc2)CC1,0.3007518796992481
CN1CCN(CCc2ccc(S(=O)(=O)N(C)C)cc2CNc2cccc(S(=O)(=O)N(C)C)c2)CC1,0.4715447154471545
CCN1CCN(CCc2ccc([SH](=O)=O)cc2-n2c(=O)oc3ccccc32)CC1,0.3333333333333333
CNS(=O)(=O)c1ccc(CCN2CCN(NC(=O)Cc3ccccc3)CC2)c(-c2ccccc2)c1,0.34782608695652173
C=CCS(=O)(=O)c1ccc(CCCN2CCN(C)CC2)c(-n2c(=O)oc3ccccc32)c1,0.43089430894308944
CN1CCN(CCc2ccc(S(=O)(=O)N(C)C)cc2CC=O)CC1,0.49504950495049505
CC(=O)Cc1cc(S(=O)(=O)N(C)C)ccc1CCCN1CCN(C)CC1,0.45794392523364486
CN1CCN(Cc2ccc(Cc3ccc(S(=O)(=O)N(C)C)cc3Cn3c(=O)oc4ccccc43)cc2N)CC1,0.4444444444444444
CN1CCN(Cc2ccc(S(=O)(=O)N(C)c3ccc(-c4nc5ccccc5s4)cc3)cc2N)CC1,0.4230769230769231
CN(CC=O)S(=O)(=O)c1ccc(CCN2CCN(COCCO)CC2)c(-c2ccccc2)c1,0.4094488188976378
CCCC(=O)c1ccc(S(=O)(=O)N(C)C)cc1N(C)S(=O)(=O)c1ccc(CC)c(-c2ccccc2)c1,0.31654676258992803
CN1CCN(CCCc2ccc(S(=O)(=O)N(C)NC=O)cc2NC=O)CC1,0.391304347826087
CN(C)S(=O)(=O)c1cccc(C(=O)Nc2nc3ccccc3s2)c1,0.3333333333333333
CCCN1CCN([C@H](C)CC(=O)Nc2ccc(Cc3ccccc3)cc2)CC1,0.296875
CN1CCN(Cc2cccc(C(=O)Nc3ccccc3CN3CCN(C)CC3)c2)CC1,0.32575757575757575
CN(C)S(=O)(=O)c1cccc(C(=O)N2CCN(Cc3ccc(S(=O)(=O)N(C)C)cc3-c3ccccc3)CC2)c1,0.40875912408759124
CN1CCN(c2cccc(-c3nc4ccccc4s3)c2)CC1,0.3392857142857143
CN(C)S(=O)(=O)c1ccc(CCCc2ccc(S(=O)(=O)N(C)C3CC3)cc2-c2ccccc2)c(CC=O)c1,0.32867132867132864
CC(=O)CC(=O)OCc1ccc(S(=O)(=O)N(C)C)cc1CC(=O)Cc1ccccc1,0.31496062992125984
CN(C)S(=O)(=O)c1cccc(NC(=O)c2nc3ccccc3s2)c1,0.3333333333333333
Cc1ccc(N(C)S(=O)(=O)c2ccc(CN3CCN(C)CC3)c(NC(=O)c3nc4ccccc4s3)c2)cc1N,0.4028776978417266
O=C(Nc1cc2ccc1CCCN1CCN(CC1)C(=O)N([SH](=O)=O)S2(=O)=O)c1nc2ccccc2s1,0.23026315789473684
Cc1cccc(S(=O)(=O)N(C)c2ccc(CCCN3CCN(C)CC3)c(-n3c(=O)oc4ccccc43)c2)c1,0.41911764705882354
CN1CCN(Cc2ccc(S(=O)(=O)N(C)C)cc2)CC1,0.48936170212765956
O=Cc1ccc(COCN2CCN(C3CCC3)CC2)c(Nc2ccccc2)c1,0.2846153846153846
CCc1ccc(S(=O)(=O)NC(=O)C(=O)N2CCN(C)CC2)cc1-c1ccccc1,0.3949579831932773
CN1CCN(Cc2ccc(S(=O)(=O)COC(C)(C)N)cc2NC(=O)Cc2ccccc2)CC1,0.3937007874015748
CN1CCN(C(=O)Cc2ccc(N(C)c3nc4ccccc4s3)cc2NC=O)CC1,0.368
CN1CCN(Cc2ccc(S(=O)(=O)N(C)C)cc2NC(=O)N(C)S(=O)(=O)c2cccc(C3CC3)c2)CC1,0.4198473282442748
CN1CCN(Cc2ccc(S(C)(=O)=O)cc2Cc2nc3ccccc3s2)CC1,0.46017699115044247
Cc1ccc(S(=O)(=O)c2ccc(CN3CCN(C)CC3)c(Nc3ccccc3)c2)cc1-c1ccccc1,0.37142857142857144
CCc1ccc(Cc2ccc([SH](=O)=O)cc2CC(=O)Cc2ccccc2)cc1C(=O)CCCCO,0.17197452229299362
CN(C)S(=O)(=O)c1ccc(CN2CCNCC2)c(Cc2nc3ccccc3s2)c1,0.423728813559322
CN(C)NS(=O)(=O)c1ccc(C2CC2)c(Nc2ccccc2)c1,0.2956521739130435
NC(=O)Nc1ccc([SH](=O)=O)cc1NC(=O)c1nc2ccccc2s1,0.19230769230769232
Cc1cc([SH](=O)=O)ccc1Cc1ccc(CCCN2CCN(C)CC2)c(NC(=O)c2ccccc2)c1,0.34285714285714286
CCc1ccc(N2CCN(CCc3ccc(S(=O)(=O)N(C)C)cc3-c3ccccc3)CC2)cc1-c1ccccc1,0.42857142857142855
CN1CCN(CCCc2ccc(S(=O)(=O)N(C)C)cc2)CC1,0.5051546391752577
Cc1ccc(N(C)S(=O)(=O)c2ccc(C)c(-c3ccccc3)c2)cc1NC(=O)c1nc2ccccc2s1,0.2582781456953642
CN1CCN(Cc2ccc([SH](=O)=O)cc2Cc2nc3ccccc3s2)CC1,0.39316239316239315
CN1CCN(CCc2ccc(S(=O)(=O)N(C)C)cc2CC(=O)Cc2ccccc2)CC1,0.5357142857142857
CN1CCN(Cc2ccc(S(=O)(=O)N(C)C)cc2-c2ccccc2)CC1,0.5959595959595959
CN1CCN(CCc2ccc(S(=O)(=O)N(C)C)cc2)CC1,0.5212765957446809
Cc1cc(S(=O)(=O)N(C)C)ccc1CN1CCN(C)CC1,0.4791666666666667
Cc1ccc(-c2ccc(S(=O)(=O)N(C)c3ccncc3)cc2-c2ccccc2)cc1-c1ccccc1,0.25165562913907286
O=C(c1nc2ccccc2s1)n1c(=O)oc2ccccc21,0.2066115702479339
CCCc1ccc(Cc2ccc(S(=O)(=O)N(C)C)cc2)cc1-c1ccccc1,0.3442622950819672
CC(=O)Cc1cc(S(=O)(=O)c2ccc(CN3CCN(C)CC3)c(C)c2)ccc1CN1CCN(C)CC1,0.3381294964028777
Cc1ccc(S(=O)(=O)N(C)C)cc1CC(=O)CN1CCN(C)CC1,0.4563106796116505
O=C(Nc1cc([SH](=O)=O)ccc1CCN1CCN(c2ccccc2)CC1)c1nc2ccccc2s1,0.2896551724137931
CN1CCN(CCc2ccc(S(=O)(=O)N(C)C)cc2CCC2CO2)CC1,0.4537037037037037
CNS(=O)(=O)c1ccc(CCCN2CCN(C)CC2)c(CC(=O)CC(=O)Cc2ccccc2)c1,0.3923076923076923
CN1CCN(Cc2ccc(S(=O)(=O)N(C)S(=O)(=O)N(C)C)cc2CC(=O)Cc2ccccc2)CC1,0.448
CC(=O)Cc1cc(S(=O)(=O)N(C)c2ccc(C)c(-c3ccccc3)c2)ccc1CCN1CCN(C)CC1,0.45384615384615384
CN1CCN(Cc2ccc(S(N)(=O)=O)cc2-c2nc3ccccc3s2)CC1,0.4727272727272727
CCc1ccc(S(=O)(=O)N(C)C)cc1C(=O)Cc1nc2ccccc2s1,0.37719298245614036
CN1CCN(Cc2ccc([SH](=O)=O)cc2-c2ccccc2)CC1,0.39814814814814814
Cc1ccc(C(=O)c2cc(S(=O)(=O)N(C)C)ccc2C)cc1C(=O)Cc1nc2ccccc2s1,0.30656934306569344
Cc1ccc(S(=O)(=O)N2CCOCC2)cc1NC(=O)c1nc2ccccc2s1,0.2992125984251969
CN1CCN(Cc2ccc(S(=O)(=O)N(C)C)cc2CC(=O)N2CCNCC2)CC1,0.3949579831932773
CN1CCCc2ccc(cc2-c2ccccc2)S(=O)(=O)C(=O)c2ccc(cc2-c2ccccc2)S1(=O)=O,0.21019108280254778
CN1CCN(CCc2ccc(S(=O)(=O)N(C)C)cc2S(=O)(=O)c2ccc(CN3CCN(C)CC3)c(N)c2)CC1,0.41911764705882354
CCN1CCN(CCc2ccc(CCC(=O)NC)cc2-n2c(=O)oc3ccccc32)CC1,0.3208955223880597
CN(C)S(=O)(=O)c1ccc(CN2CCNCC2)c(CC(=O)Cc2ccccc2)c1,0.39166666666666666
CNS(=O)(=O)c1ccc(CCCCN2CCN(C)CC2)c(-c2ccccc2)c1,0.4732142857142857
Cc1cc(S(=O)(=O)N(C)C)ccc1CN1CCN(C)CC1,0.4791666666666667
CN1CCN(Cc2ccc(N3CCNCC3)cc2-c2nc3ccccc3s2)CC1,0.3464566929133858
CN1CCN(CCc2ccc(S(=O)(=O)NNC(=O)Cc3ccccc3)cc2Cn2c(=O)oc3ccccc32)CC1,0.35135135135135137
CCCCc1ccc(CCCN2CCN(C)CC2)cc1,0.3119266055045872
CN1CCN(Cc2ccc([SH](=O)=O)cc2-c2ccccc2)CC1,0.39814814814814814
CC(=O)Cc1cc(N2CCN(Cc3ccc(S(=O)(=O)N(C)C)cc3-c3ccccc3)CC2)ccc1C,0.4418604651162791
CN1CCN(CCCc2ccccc2NC(=O)c2ccccc2)CC1,0.3620689655172414
CN(C)S(=O)(=O)c1ccc(S(=O)(=O)N(C)CC=C[NH3+])cc1-c1ccccc1,0.3504273504273504
CNN1CCN(CCc2ccc(S(=O)(=O)C(=O)c3ccccc3C)cc2NC(=O)Cc2ccccc2)CC1,0.3310344827586207
CN1CCN(Cc2ccc(C(=O)CC(=O)c3nc4ccccc4s3)cc2N)CC1,0.3770491803278688
CCCCCc1ccc(S(=O)(=O)Cc2ccc(S(=O)(=O)N(C)C)cc2NC=O)cc1Cc1nc2ccccc2s1,0.2875816993464052
CCc1ccc(S(=O)(=O)N(C)c2ccc(S(=O)(=O)N(C)C)cc2C(=O)CC(=O)N2CCN(C)CC2)cc1,0.39097744360902253
CN(C)S(=O)(=O)c1ccc(CCN2CCNCC2)c(N)c1,0.3619047619047619
CN1CCN(CN2CCN(CCc3ccc(S(=O)(=O)N(C)C)cc3N)CC2)CC1,0.4188034188034188
CN1CCN(CCc2ccc(S(=O)(=O)N(C)C)cc2NC(=O)CN(C)[SH](=O)=O)CC1,0.4188034188034188
CN1CCN(CCc2ccc(S(C)(=O)=O)cc2-c2ccccc2)CC1,0.5145631067961165
NC(=O)c1ccc(CCCN2CCN(N3CCCCC3)CC2)c(-n2c(=O)oc3ccccc32)c1,0.2867132867132867
CN1CCN(CCCc2ccc(-c3ccc(S(=O)(=O)N(C)C)cc3C(=O)Cc3nc4ccccc4s3)cc2)CC1,0.4740740740740741
Cc1ccc(S(=O)(=O)N(C)C)cc1CC(=O)CN(C)S(=O)(=O)c1ccc(CN2CCN(C)CC2)c(C)c1,0.4230769230769231
CNCCc1ccc(S(=O)(=O)N(C)C)cc1C(=O)Cc1nc2ccccc2s1,0.35833333333333334
CCc1ccc(S(=O)(=O)N(C)C)cc1C(=O)Cc1nc2ccccc2s1,0.37719298245614036
O=C(Cc1nc2ccccc2s1)c1ccccc1CCN1CCN(C(=O)c2ccccc2)CC1,0.2847222222222222
CN1CCN(CCCc2ccccc2CC(=O)Cc2ccccc2)CC1,0.35294117647058826
CN1CCN(Cc2ccc(S(=O)(=O)N(C)C)cc2C(=O)CN2CCN(Cc3ccc([SH](=O)=O)cc3N)CC2)CC1,0.3900709219858156
CN1CCN(Cc2ccc(S(=O)(=O)N(C)Cc3ccccc3)cc2-c2ccccc2)CC1,0.4628099173553719
O=C(CCc1cc2ccc1C1(CCCC1)S2(=O)=O)Cc1ccccc1,0.21705426356589147
CC(=O)Cc1cccc(S(=O)(=O)c2ccc(S(=O)(=O)N(C)C)cc2CC(=O)Cc2ccccc2)c1,0.302158273381295
Cc1ccc(S(=O)(=O)N(C)N(C)[SH](=O)=O)cc1-c1ccccc1,0.33636363636363636
CN1CCN(CNC(=O)n2c(=O)oc3ccccc32)CC1,0.3181818181818182
CN(C)S(=O)(=O)c1cccc(CC(=O)Cc2ccccc2)c1,0.3394495412844037
O=C(NS(=O)(=O)c1ccc(CCN2CCN(C3CC3)CC2)cc1)c1ccccc1,0.3333333333333333
CN(C)S(=O)(=O)c1cccc(CC(=O)Cc2ccccc2)c1,0.3394495412844037
CN1CCN(Cc2ccc(CCc3ccc([SH](=O)=O)cc3N)cc2Cc2nc3ccccc3s2)CC1,0.32167832167832167
CN1CCN(CCc2ccc(S(=O)(=O)N(C)[SH](=O)=O)cc2CC(=O)Cc2ccccc2)CC1,0.45081967213114754
Nc1cc(S(N)(=O)=O)ccc1NC(=O)Cc1ccccc1,0.24347826086956523
CN(C)S(=O)(=O)c1ccc(Cc2ccc(Cl)cc2)c(C(=O)Cc2nc3ccccc3s2)c1,0.3157894736842105
Cc1cc(-c2ccccc2)ccc1C1(C)CC[NH+](Cc2ccccc2)C1,0.20149253731343283
CCN1CCN(CN(C)S(=O)(=O)c2ccc(CCN3CCN(C)CC3)c(Cc3ccccc3)c2)CC1,0.42424242424242425
CCc1cc(S(=O)(=O)N(C)C)ccc1CN1CCN(C2CC2)CC1,0.3853211009174312
CCN1CCN(CCc2ccc(-c3ccc(CCN4CCN(C)CC4)cc3)cc2-c2ccccc2)CC1,0.3197278911564626
C=CCc1ccc(S(=O)(=O)N(C)S(=O)(=O)N(C)C)cc1C,0.24107142857142858
CN1CCN(CCc2ccc(S(=O)(=O)N(C)C)cc2NCc2cc(S(=O)(=O)N(C)C)ccc2CS(C)(=O)=O)CC1,0.41911764705882354
CN(C)S(=O)(=O)c1ccc(N2CCN(CC3=CC=CC3F)CC2)c(NC(=O)c2nc3ccccc3s2)c1,0.39705882352941174
CN(C)S(=O)(=O)c1cccc(-c2nc3ccccc3s2)c1,0.3584905660377358
CCN(C)S(=O)(=O)c1ccc(N2CCN(C)CC2)c(Cn2c(=O)oc3ccccc32)c1,0.44537815126050423
CN1CCN(CC(=O)c2ccccc2NC(=O)c2nc3ccccc3s2)CC1,0.34959349593495936
CN(C)S(=O)(=O)c1ccc(N2CCOCC2)c(CC(=O)Cc2ccccc2)c1,0.3898305084745763
CCCc1ccc(S(=O)(=O)N(C)S(=O)(=O)c2ccc(CN3CCN(C)CC3)c(N)c2)cc1-c1ccccc1,0.43609022556390975
CN1CCN(CCCCc2ccc(S(=O)(=O)N(C)C)cc2-n2c(=O)oc3ccccc32)CC1,0.5344827586206896
CN1CCN(CCCc2ccc(S(=O)(=O)N(F)F)cc2NC(=O)c2nc3ccccc3s2)CC1,0.448
CN1CCN(Cc2ccc([SH](=O)=O)cc2CC(=O)OC(C)(C)C)CC1,0.2857142857142857
CN1CCN(CCCc2ccc([SH](=O)=O)cc2-n2c(=O)oc3ccccc32)CC1,0.3884297520661157
Cc1ccc(-c2ccc(S(=O)(=O)N(C)C)cc2-n2c(=O)oc3ccccc32)cc1C1CC1,0.3384615384615385
CN1CCN(CCc2ccc(N3CCN(CCc4ccc(S(=O)(=O)N(C)C)cc4C=O)CC3)cc2C2CC2)CC1,0.4142857142857143
