Cc1ccc(C[NH2+]Cc2ccc([C@@H]3S/C(=N/N=C/c4ccco4)NC3=O)cc2)s1,0.22142857142857142
COc1ccc(C[C@]2(C)CC(=O)NC(=O)[C@H]2COc2nc(C)nc3oc(C)c(C)c23)cc1,0.3779527559055118
CC[C@H](C)NC(=O)[C@]1(C)CCC(=O)N1CC1(C)CC[C@H](C[NH+](C)Cc2ccc(OC)cc2)C1=O,0.2517482517482518
CCc1ccc(OC[C@H](O)COc2ccc(CC(=O)Nc3sc4c(c3C(=O)OC)CC[C@H](C)C4)cc2)cc1,0.25161290322580643
CC[C@@H]1C(=O)NC(=O)C[C@@]1(C)Cc1ccc(C[C@@H]2CC(=O)N(Cc3nc(C)c(C)s3)C2=O)cc1,0.31386861313868614
CCCOc1ccc(N2C[C@H](c3ccc(C[C@@H]4S/C(=N\N=C\c5ccccc5)NC4=O)cc3)C(=O)NC2=O)cc1,0.2948717948717949
Cc1nc2sc3c(c2c(=O)n1C[C@H](O)c1ccc(C[C@]2(C)NC(=O)N(CC(C)C)C2=O)cc1)CCC3,0.2827586206896552
CC1(C)CC(=O)C2=C(C1)Nc1[nH]nc(O)c1[C@H]2c1ccc(OCC(=O)N2CCc3c(nc[nH]c3=O)C2)cc1,0.27631578947368424
CCOc1cc([C@H]2CC(=O)NC3=C2C(=O)C[C@@H](c2ccc(CC(C)C)cc2)C3)cc(Cl)c1O,0.2898550724637681
COc1ccc(C[C@]2(C)NC(=O)N(CC(=O)N(C[C@@H]3SC(=O)NC3=O)C3CC3)C2=O)cc1,0.3488372093023256
CCOc1ccc(C[C@@H]2S/C(=N\N=C[C@@H](O)Cn3c(C)nc4sc5c(c4c3=O)CCC5)NC2=O)cc1,0.3897058823529412
Cc1nc(OC[C@@H](O)Cn2c(C)nc3sc4c(c3c2=O)CCC4)c2c(C)c(C)oc2n1,0.21830985915492956
COc1ccc(COc2ccc(CN3C(=O)/C(=C4/C(=O)Nc5ccc(C)cc54)SC3=S)cc2)cc1,0.2653061224489796
Cc1nc(COc2ccc([C@H]3C4=C(CC(C)(C)CC4=O)Nc4[nH]nc(O)c43)cc2)c2c(C)c(C)oc2n1,0.3103448275862069
Cc1nc(OC[C@@H]2S/C(=N/N=C/c3ccco3)NC2=O)c2c(C)c(C)oc2n1,0.25757575757575757
CCOc1ccc(C[C@@H]2S/C(=N\N=CN=C3NC(=O)[C@@H](Cc4ccc(OC)cc4)S3)NC2=O)cc1,0.31690140845070425
COc1ccc(CC[C@]2(C)NC(=O)N(CC(=O)Nc3c(C)n[nH]c3O)C2=O)cc1,0.2868217054263566
Cc1c(C(=O)NCCC[C@@H]2S/C(=N/N=C/c3ccco3)NC2=O)oc2c1C(=O)CC(C)(C)C2,0.2517482517482518
Cc1c(CC(=O)NC[C@@H]2S/C(=N/N=C/c3ccco3)NC2=O)c(=O)oc2c(O)c(O)ccc12,0.2695035460992908
COc1ccc(C[C@H]2SC(=NCOc3nc(C)nc4oc(C)c(C)c34)NC2=O)cc1,0.425
COc1ccc(CC[C@@]2(C)NC(=O)N(Cc3nc(C(=O)N4CCc5c(nc[nH]c5=O)C4)cs3)C2=O)cc1,0.26490066225165565
Cc1c(C)c(C2CC2)c(C)c2c1O[C@](C)(C(=O)N1CCc3c(nc[nH]c3=O)C1)CC2,0.3
Cc1nc2sc3c(c2c(=O)n1CC[C@@H]1S/C(=N\N=C\c2ccccc2)NC1=O)CCC3,0.24822695035460993
Cc1c(CC(=O)NC[C@@H]2S/C(=N/N=C/c3ccco3)NC2=O)c(=O)oc2c(O)c(O)ccc12,0.2695035460992908
C[C@@]1([C@@H]2S/C(=N/N=C/c3ccco3)NC2=O)NC(=O)N(CC(=O)N(C[C@@H]2SC(=O)NC2=O)C2CC2)C1=O,0.22727272727272727
C[C@@]1(C[C@@H]2S/C(=N\N=C\c3ccccc3)NC2=O)NC(=O)N(CC(=O)N(C[C@@H]2SC(=O)NC2=O)C2CC2)C1=O,0.22641509433962265
CCc1ccc(OC[C@H](O)Cc2c(C)c3c(c(C)c2O)CC[C@@](C)(C(=O)N2CCc4c(nc[nH]c4=O)C2)O3)cc1,0.4142857142857143
CCOc1ccc(C[C@@H]2S/C(=N\N=CCn3c(C)nc4sc5c(c4c3=O)CCC5)NC2=O)cc1,0.3939393939393939
CCOc1ccc(C[C@@H]2S/C(=N\N=CCc3ccc(OC)cc3)NC2=O)cc1,0.3253968253968254
Cc1onc(C2CC2)c1COc1ccc(CN2CCOC(C)(C)C2)cc1,0.2698412698412698
Cc1nc(OCN=CCn2c(C)nc3sc4c(c3c2=O)CCC4)c2c(C)c(C)oc2n1,0.20833333333333334
CCOc1c(C)c(C)c2c(c1C)CC[C@@](C)(C(=O)N1CCc3c(nc[nH]c3=O)C1)O2,0.3203125
O=C1Nc2ccccc2[C@H]1Cc1ccc(OC(=O)N2CCc3c(nc[nH]c3=O)C2)cc1,0.2753623188405797
CCc1ccc(OC[C@H](O)Cc2ccc(/C(C)=N/N=C3\NC(=O)[C@H](Cc4cccc(C)c4)S3)cc2)cc1,0.30612244897959184
CCc1ccc(OC[C@H](O)COc2ccc([C@H]3C4=C(CC(C)(C)CC4=O)Nc4[nH]c(C)nc(=O)c43)cc2)cc1,0.30666666666666664
Cc1nc2sc3c(c2c(=O)n1CC=N/N=C1/NC(=O)[C@H](c2ccc(C[C@H]4SC(N)=NC4=O)cc2)S1)CCC3,0.28289473684210525
Cc1nc2sc3c(c2c(=O)n1C[C@H](O)c1ccc(C[C@@H]2S/C(=N\N=C\c4ccccc4)NC2=O)cc1)CCC3,0.3006535947712418
O=C1N/C(=N/N=C/c2ccccc2)S[C@H]1N=Cc1ccccc1,0.14925373134328357
COc1ccc(C[C@]2(C)NC(=O)N(CC(=O)N(C[C@@H]3SC(=O)NC3=O)N3CCc4c(nc[nH]c4=O)C3)C2=O)cc1,0.33783783783783783
COc1ccc(C[C@]2(C)NC(=O)N(NCCCCOc3ccc(C)cc3)C2=O)cc1,0.26666666666666666
CCOc1ccc(-c2ccc([C@H]3C4=C(CC(C)(C)CC4=O)Nc4[nH]nc(O)c43)cc2)cc1,0.2826086956521739
C/C(N=Cc1ccccc1)=N\N=C1/NC(=O)[C@H](Cc2cccc(C)c2)S1,0.23846153846153847
C/C(=N\N=C1/NC(=O)[C@H](Cc2cccc(C)c2)S1)c1ccc(N=Cc2ccccc2)cc1,0.22602739726027396
Cc1c(C)c2c(c(C)c1O)CC[C@@](C)([C@@H]1S/C(=N\N=CCn3c(C)nc4sc5c(c4c3=O)CCC5)NC1=O)O2,0.3541666666666667
C[C@@H]1CC(C)(C)C[C@@]2(C1)NC(=O)N(C[C@@H](O)CON1CCc3c(nc[nH]c3=O)C1)C2=O,0.17006802721088435
CCOOc1ccc(C[C@@H]2S/C(=N\N=CCn3c(C)nc4sc5c(c4c3=O)CCC5)NC2=O)cc1,0.36496350364963503
CC[C@@H]1C(=O)NC(=O)C[C@@]1(C)Cc1ccc([C@H]2SC(=NCOc3nc(C)nc4oc(C)c(C)c34)NC2=O)cc1,0.31756756756756754
Cc1nc(COC[C@H](O)CN2C(=O)N[C@@]3(C[C@H](C)CC(C)(C)C3)C2=O)sc1C,0.19117647058823528
CCOc1ccc([C@@H]2S/C(=N/N=C/c3ccccc3OCC)NC2=O)cc1,0.24242424242424243
CCOc1ccc(C[C@@H]2S/C(=N\N=CC(O)O)NC2=O)cc1,0.3577981651376147
CC[C@@]1([C@@H]2S/C(=N\N=CCn3c(C)nc4sc5c(c4c3=O)CCC5)NC2=O)CCc2c(C)c(O)c(C)c(C)c2O1,0.3469387755102041
CCCC(=O)N(C[C@@H]1SC(=O)NC1=O)N1CCc2c(nc[nH]c2=O)C1,0.2283464566929134
CCOO[C@@H]1S/C(=N\N=CCn2c(C)nc3sc4c(c3c2=O)CCC4)NC1=O,0.2028985507246377
CCc1ccc(OCC=N/N=C2/NC(=O)[C@H]([C@]3(C)CCc4c(C)c(O)c(C)c(C)c4O3)S2)cc1,0.5877192982456141
C[C@@H]1CC(C)(C)C[C@@]2(C1)NC(=O)N(C[C@@H](O)COO)C2=O,0.15447154471544716
CC[C@@H]1C(=O)NC(=O)C[C@@]1(C)Cc1ccc(C[C@@H]2CC(=O)N(C[C@@H]3SC(=O)NC3=O)C2=O)cc1,0.3333333333333333
CCOc1ccc(C[C@]2(CC)CCc3c(C)c(O)c(C)c(C)c3O2)cc1,0.5490196078431373
CCC[C@@H]1C(=O)NC(=O)C[C@@]1(C)Cc1ccc([C@H]2SC(=NCOc3nc(C)nc4oc(C)c(C)c34)NC2=O)cc1,0.31125827814569534
CCOc1ccc(C[C@@H]2S/C(=N\N=CCC[C@H]3S/C(=N/N=C/c4ccc(OC(C)C)cc4)NC3=O)NC2=O)cc1,0.2967741935483871
O=C1NC(=O)[C@H](CN2C(=O)C[C@@H](Cc3ccc(C4CC4)cc3)C2=O)S1,0.3333333333333333
CCOc1ccccc1/C=N/N=C1\NC(=O)[C@H](N=CCn2c(C)nc3sc4c(c3c2=O)CCC4)S1,0.24666666666666667
CC[C@@H]1C(=O)NC(=O)C[C@@]1(C)Cc1ccc(CN2C(=O)C[C@@H](Cc3ccc(C4CC4)cc3)C2=O)cc1,0.24666666666666667
CCOc1ccc(C[C@@H]2SC(=Nc3ccc(C[C@]4(C)CC(=O)NC(=O)[C@H]4CC)cc3)NC2=O)cc1,0.3602941176470588
CCC[C@@H]1C(=O)NC(=O)C[C@@]1(C)C[C@@H]1S/C(=N\N=CN=C2NC(=O)[C@@H](Cc3ccc(OC)cc3)S2)NC1=O,0.3219178082191781
CC[C@@]1([C@@H]2S/C(=N\N=C\c3ccccc3)NC2=O)CCc2c(C)c(O)c(C)c(C)c2O1,0.44166666666666665
CCc1ccc(OCC=N[C@]2(CC)CCc3c(C)c(O)c(C)c(C)c3O2)cc1,0.5185185185185185
O=C1NC(=O)[C@H](C[C@@H]2CC(=O)N(C[C@@H]3SC(=O)NC3=O)C2=O)S1,0.20161290322580644
COc1c(C)c(C)c2c(c1C)CC[C@@](C)(C(=O)N1CCc3c(nc[nH]c3=O)C1)O2,0.30708661417322836
CC[C@@H]1C(=O)NC(=O)C[C@@]1(C)[C@@]1([C@@H]2S/C(=N\N=C\c3ccccc3)NC2=O)CCc2c(C)c(O)c(C)c(C)c2O1,0.40714285714285714
C[C@@]1(c2ccc(C3CC3)cc2)NC(=O)N(CC(=O)N(C[C@@H]2SC(=O)NC2=O)C2CC2)C1=O,0.27007299270072993
CCc1ccc(C[C@@H]2S/C(=N\N=C\c3ccccc3)NC2=O)cc1,0.2682926829268293
CCOc1ccc(C[C@@H]2S/C(=N\N=COC)NC2=O)cc1,0.3644859813084112
COc1ccc([C@@H]2CC(=O)N(C[C@@H]3SC(=O)NC3=O)C2=O)cc1,0.3274336283185841
O=C1N/C(=N/N=CC(O)O)S[C@H]1Cc1ccc(OCCN2C(=O)C[C@@H](Cc3ccc(C4CC4)cc3)C2=O)cc1,0.304635761589404
CC[C@@]1(N=CCOc2ccc(-c3ccc(C4CC4)cc3)cc2)CCc2c(C)c(O)c(C)c(C)c2O1,0.43410852713178294
CC[C@@H]1C(=O)NC(=O)C[C@@]1(C)[C@@]1([C@@H]2S/C(=N\N=C\c3ccccc3)NC2=O)CCc2c(C)c(O)c(C)c(C)c2O1,0.40714285714285714
CC[C@@]1(Cc2ccc(OCc3ccc(C4CC4)cc3)cc2)CCc2c(C)c(O)c(C)c(C)c2O1,0.4796747967479675
CCOc1ccccc1/C=N/N=C1\NC(=O)[C@H](c2ccc(C3CC3)cc2)S1,0.20588235294117646
CCN=C1NC(=O)[C@H]([C@]2([C@]3(C)CC(=O)NC(=O)[C@H]3CC)CCc3c(C)c(O)c(C)c(C)c3O2)S1,0.4126984126984127
Cc1nc2sc3c(c2c(=O)n1COc1ccc(C[C@@H]2S/C(=N\N=CC(O)O)NC2=O)cc1)CCC3,0.3880597014925373
Cc1c(C)c2c(c(C)c1O)CC[C@@](C)([C@@H]1SC(=N[C@@H]3SC(=O)NC3=O)NC1=O)O2,0.4732142857142857
CCOc1ccc(C[C@@H]2SC(=Nc3ccc(N=Cc4ccccc4)cc3)NC2=O)cc1,0.3014705882352941
CCOc1ccc(C[C@@H]2SC(=NOc3ccc([C@@H]4CC(=O)N(C[C@@H]5SC(=O)NC5=O)C4=O)cc3)NC2=O)cc1,0.3493150684931507
CCOc1ccc(C[C@@H]2S/C(=N\N=CC=N[C@]3(CC)CCc4c(C)c(O)c(C)c(C)c4O3)NC2=O)cc1,0.6101694915254238
C(COc1ccc(-c2ccc(C3CC3)cc2)cc1)=Nc1ccc(C2CC2)cc1,0.16666666666666666
COc1ccc(C[C@]2(C)CC(=O)NC(=O)[C@H]2COCn2c(C)nc3sc4c(c3c2=O)CCC4)cc1,0.33093525179856115
CCc1ccc(OCC=N[C@]2(C)NC(=O)N(CC(=O)N(C[C@@H]3SC(=O)NC3=O)C3CC3)C2=O)cc1,0.34558823529411764
COc1ccc(C[C@]2(C)NC(=O)N(COc3ccc(C[C@@H]4S/C(=N\N=CC(O)O)NC4=O)cc3)C2=O)cc1,0.3310344827586207
CCOOc1ccc(C[C@@H]2S/C(=N\N=CCC[C@]3(C)CC(=O)NC(=O)[C@H]3CC)NC2=O)cc1,0.3358208955223881
O=C1NC(=O)[C@H](CN(C(=O)CC2CC2)N2CCc3c(nc[nH]c3=O)C2)S1,0.21374045801526717
Cc1nc2sc3c(c2c(=O)n1CC=N/N=C1/NC(=O)[C@H]([C@@H]2SC(=N[C@@H]4SC(=O)NC4=O)NC2=O)S1)CCC3,0.18292682926829268
O=C1NC(=O)[C@H](Cc2ccc(C[C@@H]3S/C(=N\N=CC(O)O)NC3=O)cc2)S1,0.32786885245901637
CCOc1ccc(C[C@@H]2SC(=Nc3ccc(N(C[C@@H]4SC(=O)NC4=O)C4CC4)cc3)NC2=O)cc1,0.36764705882352944
CCOc1ccc(C[C@@H]2S/C(=N\N=CON(C[C@@H]3SC(=O)NC3=O)C3CC3)NC2=O)cc1,0.37209302325581395
COC=N[C@@H]1S/C(=N\N=CON(C[C@@H]2SC(=O)NC2=O)C2CC2)NC1=O,0.1865671641791045
Cc1c(C)c2c(c(C)c1O)CC[C@@](C)(Cc1ccc(OCc3ccc(C4CC4)cc3)cc1)O2,0.5431034482758621
CCOc1ccc(C[C@@H]2SC(=NN=CCOc3ccc(-c4ccc(C5CC5)cc4)cc3)NC2=O)cc1,0.29931972789115646
CCOc1ccc(C[C@@H]2SC(=NO[C@]3(CC)CCc4c(C)c(O)c(C)c(C)c4O3)NC2=O)cc1,0.6605504587155964
CCOc1ccc(CCOc2ccc(-c3ccc(C4CC4)cc3)cc2)cc1,0.21323529411764705
O=C1NC(=O)[C@H](CN(OC=N/N=C2/NC(=O)[C@H](N=Cc3ccccc3)S2)C2CC2)S1,0.2198581560283688
CCOO[C@@]1([C@@H]2S/C(=N\N=C\c3ccccc3)NC2=O)CCc2c(C)c(O)c(C)c(C)c2O1,0.432
CCOc1ccc(Cc2c(C)c3c(c(C)c2O)CC[C@@](C)([C@@H]2SC(=N[C@@H]4SC(=O)NC4=O)NC2=O)O3)cc1,0.536
CCc1ccc(OC[C@H](O)Cc2c(C)c3c(c(C)c2O)CC[C@@](C)(C(=O)N=Cc2ccccc2)O3)cc1,0.39705882352941174
Cc1c(C)c2c(c(C)c1O)CC[C@@](C)(N=CCn1c(C)nc3sc4c(c3c1=O)CCC4)O2,0.33587786259541985
CCOc1ccc(C[C@@H]2SC(=Nc3ccc(N(CN=Cc4ccccc4)C4CC4)cc3)NC2=O)cc1,0.2905405405405405
COc1ccc(C[C@]2(C)CC(=O)NC(=O)[C@H]2COn2c(C)nc3sc4c(c3c2=O)CCC4)cc1,0.3382352941176471
Cc1c(C)c2c(c(C)c1O)CC[C@@](N=Cc1ccccc1)([C@@H]1S/C(=N\N=C\c3ccccc3)NC1=O)O2,0.391304347826087
Cc1c(C)c(C)c2c(c1C)CC[C@@](C)(C(=O)N1CCc3c(nc[nH]c3=O)C1)O2,0.304
CCOO[C@@]1([C@@H]2S/C(=N\N=C\c3ccccc3)NC2=O)CCc2c(C)c(N=Cc3ccccc3)c(C)c(C)c2O1,0.34
CCOc1ccc(N=C2NC(=O)[C@H]([C@]3(N=Cc4ccccc4)CCc4c(C)c(O)c(C)c(C)c4O3)S2)cc1,0.4696969696969697
Cc1c(C)c([C@@H]2S/C(=N\N=CC(O)O)NC2=O)c(C)c2c1O[C@](C)(C(=O)N1CCc3c(nc[nH]c3=O)C1)CC2,0.3108108108108108
CCOOCc1c(C)c2c(c(C)c1O)CC[C@@](C)(C(=O)N=Cc1ccccc1)O2,0.336
CCOCOc1ccc(C[C@@H]2SC(=NO[C@]3(CC)CCc4c(C)c(O)c(C)c(C)c4O3)NC2=O)cc1,0.6260869565217392
CCOCOc1c(C)c2c(c(C)c1O)CC[C@@](CC)(ON=C1NC(=O)[C@H](Cc3ccc(OCC)cc3)S1)O2,0.5317460317460317
Cc1nc(OCN=C2NC(=O)[C@@H](N=Cc3ccccc3)S2)c2c(C)c(C)oc2n1,0.2518518518518518
CCOOc1c(C)c(O)c(C)c2c1O[C@](C)([C@@H]1SC(=N[C@@H]3SC(=O)NC3=O)NC1=O)CC2,0.4032258064516129
CCOc1ccc(Cc2c(C)c3c(c(C)c2O)CC[C@@](CC)(Cc2ccc(OCC)cc2)O3)cc1,0.4015151515151515
O=C1NC(=O)[C@H](CN(Oc2ccc(OCc3ccc(C4CC4)cc3)cc2)C2CC2)S1,0.3333333333333333
CCOc1ccc(CC[C@]2(C)CCc3c(C)c(O)c(C)c(C)c3O2)cc1,0.6122448979591837
CCOc1ccc(CC[C@]2(C)CCc3c(C)c(O)c(C)c(O)c3O2)cc1,0.5339805825242718
Cc1nc2sc3c(c2c(=O)n1COON(C[C@@H]1SC(=O)NC1=O)C1CC1)CCC3,0.24444444444444444
CCc1ccc(OC[C@H](O)Cc2c(C)c3c(c(C)c2O)CC[C@@](C)(C(=O)N2CCc4c(nc[nH]c4=O)C2)O3)cc1,0.4142857142857143
CCO[C@@]1(N=CCOc2ccc(-c3ccc(C4CC4)cc3)cc2)CCc2c(C)c(O)c(C)c(C)c2O1,0.42424242424242425
CCOc1ccc(C[C@@H]2SC(=NOC[C@@H]3C(=O)NC(=O)C[C@@]3(C)Cc3ccc(OC)cc3)NC2=O)cc1,0.34507042253521125
CC[C@@H]1C(=O)NC(=O)C[C@@]1(C)[C@@]1([C@@H]2SC(=NC)NC2=O)CCc2c(C)c(O)c(C)c(C)c2O1,0.4112903225806452
Cc1nc2sc3c(c2c(=O)n1CC=NN=Cc1ccccc1)CCC3,0.16911764705882354
CCOCO[C@@]1(Cc2ccc(OCc3ccc(C4CC4)cc3)cc2)CCc2c(C)c(O)c(C)c(C)c2O1,0.44696969696969696
Cc1c(O)c(C[C@@H]2SC(=N[C@@H]3SC(=O)NC3=O)NC2=O)c(C)c2c1CC[C@@](C)(C(=O)N=Cc1ccccc1)O2,0.4233576642335766
CCOc1ccc(CC[C@]2(C)CCc3c(C)c(O)c(C)c(O)c3O2)cc1,0.5339805825242718
CCOCOC(=O)[C@]1(C)CCc2c(C)c(O)c(C[C@@H](O)COc3ccc(CC)cc3)c(C)c2O1,0.41732283464566927
CCOCOc1c(C)c2c(c(C)c1O)CC[C@@](CC)(ON=C1NC(=O)[C@H]([C@@H](O)COc3ccc(CC)cc3)S1)O2,0.44525547445255476
CCOCOc1ccc(CC[C@]2(C)CCc3c(C)c(O)c(C)c(O)c3O2)cc1,0.5045871559633027
CC[C@@]1(Cc2ccc(OC[C@]3(C)CCc4c(C)c(O)c(C)c(O)c4O3)cc2)CCc2c(C)c(O)c(C)c(C)c2O1,0.5076923076923077
CCO[C@@]1(N=CCON=CCOc2ccc(-c3ccc(C4CC4)cc3)cc2)CCc2c(C)c(O)c(C)c(C)c2O1,0.3888888888888889
Cc1c(C[C@@H]2SC(=N[C@@H]3SC(=O)NC3=O)NC2=O)c(O)c(O)c2c1O[C@](C)(C(=O)N=Cc1ccccc1)CC2,0.3732394366197183
CCOOc1c(C)c(O)c(CC)c2c1O[C@](C)([C@@H]1SC(=N[C@@H]3SC(=O)NC3=O)NC1=O)CC2,0.3511450381679389
CCOCOc1c(C)c2c(c(C)c1O)CC[C@@](CC)(ON=C1NC(=O)[C@H](CCc3ccc(OCC)cc3)S1)O2,0.47368421052631576
CCOc1ccc(OCc2ccc(C3CC3)cc2)cc1,0.23076923076923078
CC[C@@]1(Cc2ccc(OCO)cc2)CCc2c(C)c(O)c(C)c(C)c2O1,0.5490196078431373
CCOCC[C@]1(C)CCc2c(C)c(O)c(C)c(O)c2O1,0.3592233009708738
CCOCOOc1ccc(C[C@@H]2SC(=NO[C@]3(CC)CCc4c(C)c(O)c(C)c(C)c4O3)NC2=O)cc1,0.5833333333333334
CCOCOOc1ccc(CC[C@]2(C)CCc3c(C)c(O)c(C)c(C)c3O2)cc1,0.5321100917431193
CCOCO[C@@]1(N=CCOc2ccc(-c3ccc(C4CC4)cc3)cc2)CCc2c(C)c(O)c(C)c(C)c2O1,0.4057971014492754
CC[C@@]1(Cc2ccc(O[C@]3(C)CCc4c(C)c(O)c(C)c(O)c4O3)cc2)CCc2c(C)c(O)c(C)c(C)c2O1,0.41911764705882354
CC[C@@]1(ON=C2NC(=O)[C@H](Cc3ccc(OOCO)cc3)S2)CCc2c(C)c(O)c(C)c(C)c2O1,0.6140350877192983
CC[C@@]1(ON=C2NC(=O)[C@H](C)S2)CCc2c(C)c(O)c(C)c(C)c2O1,0.4392523364485981
CCOCOc1c(C)c(C)c2c(c1C)CC[C@@](CC)(ON=C1NC(=O)[C@H](C)S1)O2,0.34959349593495936
CC[C@@]1(Cc2ccc(OC[C@]3(C)CCc4c(C)c(O)c(O)c(O)c4O3)cc2)CCc2c(C)c(O)c(C)c(C)c2O1,0.5076923076923077
Cc1c(O)c(C)c2c(c1O)O[C@](C)(CCc1ccc(O[C@@H]3SC(=N[C@@H]4SC(=O)NC4=O)NC3=O)cc1)CC2,0.536
Cc1c(C)c2c(c(C)c1O)CC[C@@](C)(CCOc1ccc(-c3ccc(C4CC4)cc3)cc1)O2,0.5042016806722689
Cc1c(C)c2c(c(C)c1O)CC[C@](CCOc1ccc(-c3ccc(C4CC4)cc3)cc1)(C1CC1)O2,0.4230769230769231
CC[C@@]1(Cc2ccc(OC[C@]3(C)CCc4c(C)c(O)c(C)c(C)c4O3)cc2)CCc2c(C)c(O)c(C)c(C)c2O1,0.5076923076923077
CCOCOc1c(C)c2c(c(C)c1O)CCC(CC)(CC)O2,0.30357142857142855
Cc1c(C)c2c(c(C)c1O)CC[C@@](C)([C@@H]1SC(=NC[C@]3(C)CCc4c(C)c(O)c(C)c(O)c4O3)NC1=O)O2,0.3795620437956204
CCOc1ccc(N=C2NC(=O)[C@H]([C@]3(N=Cc4ccccc4)CCc4c(c(C)c(C)c(O)c4OCC)O3)S2)cc1,0.4084507042253521
CCOc1ccc(CC[C@]2(C)CCc3c(C)c(O)c([C@]4(C)CCc5c(C)c(O)c(C)c(O)c5O4)c(O)c3O2)cc1,0.4306569343065693
CCOCOc1c(C)c2c(c(C)c1O)CC[C@@](CC)(Cc1ccc(OCc3ccc(C4CC4)cc3)cc1)O2,0.38571428571428573
CCOCO[C@@]1(Cc2ccc(OCc3ccc(C4CC4)cc3)cc2)CCc2c(C)c(O)c(C)c(C)c2O1,0.44696969696969696
Cc1c(O)c(C)c(-c2ccc(OCO)cc2)c2c1CC[C@@](C)([C@@H]1SC(=N[C@@H]3SC(=O)NC3=O)NC1=O)O2,0.4881889763779528
CC[C@@]1(ON=C2NC(=O)[C@H](c3ccc(C4CC4)cc3)S2)CCc2c(C)c(O)c(C)c(C)c2O1,0.47107438016528924
CCOCc1c(C)c(O)c(C)c2c1O[C@](CC)(N=CC=N/N=C1/NC(=O)[C@H](Cc3ccc(OCC)cc3)S1)CC2,0.5075757575757576
Cc1c(O)c(C)c2c(c1O)O[C@](C)(CCO[C@@H]1SC(=N[C@@H]3SC(=O)NC3=O)NC1=O)CC2,0.4380165289256198
CCOCc1ccc(CC[C@]2(C)CCc3c(C)c(O)c(C)c(O)c3O2)cc1,0.45045045045045046
CCc1ccc(OCC=Nc2ccc(OC[C@]3(C)CCc4c(C)c(O)c(C)c(C)c4O3)cc2)cc1,0.5546218487394958
CCC[C@@H]1S/C(=N\N=CC=N[C@]2(CC)CCc3c(C)c(O)c(C)c(COCC)c3O2)NC1=O,0.3383458646616541
CCOc1ccc(CC[C@]2(C)CCc3c(c(O)c(C)c(O)c3-c3ccc(OCC)cc3)O2)cc1,0.4
CCc1ccc(OCC=Nc2ccc(OC[C@]3(C)CCc4c(C)c(O)c(C5CC5)c(C)c4O3)cc2)cc1,0.4806201550387597
CC[C@@]1(C[C@]2(C)CCc3c(C)c(O)c(C)c(O)c3O2)CCc2c(C)c(O)c(C)c(C)c2O1,0.3543307086614173
CCOc1ccc(-c2ccc(OCC[C@]3(C)CCc4c(C)c(O)c(C)c(C)c4O3)cc2)cc1,0.49166666666666664
CC[C@]1(C)CCc2c(C)c(O)c(C)c(-c3ccc(OCO)cc3)c2O1,0.5048543689320388
CCOc1ccc(C[C@@H]2SC(=NO[C@]3(CC)CCc4c(C)c(O)c(C)c(C)c4O3)NC2=O)cc1,0.6605504587155964
O=C1NC(=Nc2ccc(C3CC3)cc2)S[C@H]1Cc1ccc(OOCO)cc1,0.3225806451612903
CC[C@@]1(CC[C@]2(C)CCc3c(C)c(O)c(C)c(O)c3O2)CCc2c(C)c(O)c(C)c(C)c2O1,0.34615384615384615
CCOc1ccc(CCc2c(O)c(C)c(C)c3c2CC[C@@](CC)(N=CCOc2ccc(CC)cc2)O3)cc1,0.375886524822695
CCOCOc1ccc(-c2ccc(OCC[C@]3(C)CCc4c(C)c(O)c(C)c(C)c4O3)cc2)cc1,0.46825396825396826
Cc1c(O)c(C)c(-c2ccc(OCC3CC3)cc2)c2c1CC[C@@](C)([C@@H]1SC(=N[C@@H]3SC(=O)NC3=O)NC1=O)O2,0.46616541353383456
CCOc1ccc(-c2ccc(COc3ccc(-c4c(C)c(O)c(C)c5c4O[C@](C)(CC)CC5)cc3)cc2)cc1,0.40714285714285714
CCOc1ccc(C[C@@H]2S/C(=N\N=CC=NO[C@@H]3SC(=N[C@@H]4SC(=O)NC4=O)NC3=O)NC2=O)cc1,0.33098591549295775
CCOc1ccc(C[C@]2(CC)CCc3c(C)c(O)c(N=CCOc4ccc(CC)cc4)c(C)c3O2)cc1,0.38405797101449274
CCOc1ccc(-c2ccc(-c3ccc(O[C@@H]4SC(=N[C@@H]5SC(=O)NC5=O)NC4=O)cc3)cc2)cc1,0.2582781456953642
Cc1c(C)c2c(c(C)c1O)CC[C@@](C)(CCOc1ccc(-c3ccc(Oc4ccc(OCO)cc4)cc3)cc1)O2,0.41843971631205673
CCOc1ccc(C[C@@H]2S/C(=N\N=CC=NN=CCOc3ccc(CC)cc3)NC2=O)cc1,0.2907801418439716
CCOCOC[C@]1(C)CCc2c(C)c(O)c(C)c(C)c2O1,0.4444444444444444
CCOCOOc1ccc(C[C@@H]2SC(=NO[C@]3(COCC)CCc4c(C)c(O)c(C)c(C)c4O3)NC2=O)cc1,0.568
CCOc1ccc(CC[C@]2(C)CCc3c(C)c(O)c(C)c(O)c3O2)cc1,0.5339805825242718
CCOc1ccc(CCC[C@@H]2SC(=NO[C@]3(CC)CCc4c(C)c(O)c(C)c(C)c4O3)NC2=O)cc1,0.5714285714285714
CCOc1ccc(Cc2ccc(CC[C@]3(C)CCc4c(C)c(O)c(C)c(O)c4O3)cc2)cc1,0.4672131147540984
CCOCc1ccc(C[C@@H]2SC(=NO[C@]3(CC)CCc4c(C)c(O)c(C)c(C)c4O3)NC2=O)cc1,0.5726495726495726
CCc1ccc(OCC=N[C@]2(c3ccc(OCO)cc3)CCc3c(C)c(O)c(C)c(C)c3O2)cc1,0.4566929133858268
CCOc1ccc(CC[C@]2(C)CCc3c(C)c(OCC)c(C)c(O)c3O2)cc1,0.4774774774774775
CC[C@@]1(ON=C2NC(=O)[C@H](Cc3ccc(OCO)cc3)S2)CCc2c(C)c(O)c(C)c(C)c2O1,0.6605504587155964
CCOc1ccc([C@]2(CC)CCc3c(C)c(O)c(C)c(C)c3O2)cc1,0.5196078431372549
CCOc1ccc(CCON=C2NC(=O)[C@H](Cc3ccc(OCO)cc3)S2)cc1,0.3178294573643411
CCOc1ccc(C[C@@H]2SC(=NOc3ccc(O[C@@H]4SC(=N[C@@H]5SC(=O)NC5=O)NC4=O)cc3)NC2=O)cc1,0.3288590604026846
CCOCOOc1ccc(Cc2ccc(COCC)cc2)cc1,0.17692307692307693
CCOCc1ccc(COc2ccc(C[C@]3(CC)CCc4c(C)c(O)c(C)c(C)c4O3)cc2)cc1,0.4566929133858268
CCOc1ccc(CC[C@]2(C)CCc3c(O[C@@H]4SC(=N[C@@H]5SC(=O)NC5=O)NC4=O)c(O)c(C)c(O)c3O2)cc1,0.47761194029850745
CCOc1ccc([C@]2(CC)CCc3c(C)c(O)c(CO)c(C)c3O2)cc1,0.43636363636363634
CCOCOc1ccc(CCc2c(C)c3c(c(C)c2O)CC[C@@](CC)(c2ccc(OCC)cc2)O3)cc1,0.38405797101449274
CCOCc1c(C)c(O)c(C)c2c1O[C@](CC)(C[C@]1(C)CCc3c(C)c(O)c(C)c(C)c3O1)CC2,0.34074074074074073
CCOc1ccc(C[C@@H]2SC(=NO[C@]3(CC)CCc4c(C)c(O)c(CC)c(C)c4O3)NC2=O)cc1,0.5726495726495726
CC[C@@]1(Cc2ccc(OC[C@]3(C)CCc4c(C)c(O)c(C)c(C)c4O3)cc2)CCc2c(C)c(O)c(C)c(C)c2O1,0.5076923076923077
CC[C@@]1(ON=C2NC(=O)[C@H](C[C@]3(C)CCc4c(C)c(O)c(C)c(O)c4O3)S2)CCc2c(C)c(O)c(C)c(C)c2O1,0.4028776978417266
CCOCOOc1ccc(C[C@]2(C)CCc3c(C)c(O)c(C)c(C)c3O2)cc1,0.5471698113207547
CCOCOOc1ccc(CCOOc2ccc(C[C@]3(C)CCc4c(C)c(O)c(C)c(C)c4O3)cc2)cc1,0.44776119402985076
CCOCc1ccc(-c2ccc(OC[C@]3(C)CCc4c(C)c(O)c(C)c(C)c4O3)cc2)cc1,0.584070796460177
Cc1c(O)c(C)c2c(c1O)O[C@](C)(CCc1ccc(Oc3ccc(OCO)cc3)cc1)CC2,0.45528455284552843
CCOc1ccc(CC[C@]2(C)CCc3c(C)c(-c4ccc(OOCO)cc4)c(C)c(O)c3O2)cc1,0.4230769230769231
CC[C@@]1(Cc2ccc(OCc3ccc(C4CC4)cc3)cc2)CCc2c(C)c(O)c(C)c(C)c2O1,0.4796747967479675
Cc1c(O)c(C)c2c(c1O)O[C@](CO)(CCc1ccc(O[C@@H]3SC(=N[C@@H]4SC(=O)NC4=O)NC3=O)cc1)CC2,0.46616541353383456
CCOCc1ccc(C[C@@H]2SC(=N[C@]3(CC)CCc4c(C)c(O)c(C)c(COCC)c4O3)NC2=O)cc1,0.484375
CCOc1ccc(CC[C@]2(C)CCc3c(C)c(O)c(-c4ccc(OCC)cc4)c(O)c3O2)cc1,0.421875
CC[C@@]1(Cc2ccc(OC[C@]3(C)CCc4c(C)c(O)c(C)c(O)c4O3)cc2)CCc2c(C)c(O)c(C)c(C)c2O1,0.5076923076923077
Cc1c(O)c(C)c2c(c1O)O[C@](C)(COC[C@]1(C)CCc3c(C)c(O)c(C)c(O)c3O1)CC2,0.34615384615384615
CCOCOc1ccc(C[C@@H]2SC(=NO[C@]3(CCO)CCc4c(C)c(O)c(C)c(C)c4O3)NC2=O)cc1,0.6101694915254238
CCOCOOc1ccc(COc2ccc(CC[C@]3(C)CCc4c(C)c(O)c(C)c(O)c4O3)cc2)cc1,0.4253731343283582
Cc1c(O)c(C)c2c(c1O)O[C@](C)(CCc1ccc(OOCO)cc1)CC2,0.47706422018348627
CCOc1ccc(-c2ccc(C[C@]3(CC)CCc4c(C)c(O)c(C)c(C)c4O3)cc2)cc1,0.4915254237288136
CCOCOOc1ccc(N=CCOc2ccc(CC)cc2)cc1,0.19083969465648856
CCOCOOc1ccc(Cc2ccc(OC[C@]3(C)CCc4c(C)c(O)c(C)c(C)c4O3)cc2)cc1,0.5409836065573771
CC[C@@]1(ON=C2NC(=O)[C@H](Cc3ccc(OCO)cc3)S2)CCc2c(C)c(O)c(C)c(C)c2O1,0.6605504587155964
CCOCc1ccc(C[C@@H]2SC(=NC[C@]3(C)CCc4c(C)c(O)c(C)c(C)c4O3)NC2=O)cc1,0.6454545454545455
CCOCOOc1ccc(-c2ccc(OCc3ccc(C4CC4)cc3)cc2)cc1,0.20422535211267606
Cc1c(O)c(C)c2c(c1O)O[C@](C)(CN=C1NC(=O)[C@H](Cc3ccc(OOCO)cc3)S1)CC2,0.6017699115044248
CCOc1ccc(C[C@@H]2S/C(=N\N=CC=N[C@]3(CC)CCc4c(C)c(O)c(C)c(O)c4O3)NC2=O)cc1,0.5447154471544715
CC[C@@]1(Cc2ccc(OCO[C@@H]3SC(=N[C@@H]4SC(=O)NC4=O)NC3=O)cc2)CCc2c(C)c(O)c(C)c(C)c2O1,0.5590551181102362
CCOCc1ccc(-c2ccc(OO[C@]3(CC)CCc4c(C)c(O)c(C)c(C)c4O3)cc2)cc1,0.4444444444444444
Cc1c(C)c2c(c(C)c1O)CC[C@@](C)(COc1ccc(Cc3ccc(-c4ccc(OOCO)cc4)cc3)cc1)O2,0.4925373134328358
CC[C@@]1(ON=C2NC(=O)[C@H](Cc3ccc(OCO)cc3)S2)CCc2c(C)c(O)c(C)c(C)c2O1,0.6605504587155964
CCc1ccc(OCC=Nc2ccc(OC[C@]3(C)CCc4c(C)c(O)c(C)c(OOCO)c4O3)cc2)cc1,0.45864661654135336
CCOCON=C1NC(=O)[C@H]([C@]2(C)CCc3c(C)c(O)c(C)c(C)c3O2)S1,0.44144144144144143
Cc1c(O)c(C)c2c(c1O)O[C@](C)(CCC[C@]1(C)CCc3c(C)c(O)c(C)c(O)c3O1)CC2,0.3157894736842105
CCOCOOc1ccc(CCOOc2ccc(C[C@]3(C)CCc4c(C)c(O)c(C)c(C)c4O3)cc2)cc1,0.44776119402985076
CCOCOOc1ccc([C@@H]2SC(=NO[C@]3(CC)CCc4c(C)c(O)c(C)c(C)c4O3)NC2=O)cc1,0.48412698412698413
CCOCOc1ccc(C[C@@H]2SC(=NO[C@]3(CC)CCc4c(C)c(O)c(C)c(C)c4O3)NC2=O)cc1,0.6260869565217392
CC[C@@]1(ON=C2NC(=O)[C@H](C)S2)CCc2c(C)c(O)c(C)c(C)c2O1,0.4392523364485981
Cc1c(C)c2c(c(C)c1O)CC[C@@](C)([C@@H]1SC(=NOCO)NC1=O)O2,0.4528301886792453
CCOc1ccc(CCc2c(O)c(C)c(O)c3c2CC[C@@](C)(CCc2ccc(OCC)cc2)O3)cc1,0.38235294117647056
CCOCOOc1ccc(C[C@@H]2SC(=NO[C@]3(CCO)CCc4c(C)c(O)c(C)c(C)c4O3)NC2=O)cc1,0.5691056910569106
CC[C@@]1(ON=C2NC(=O)[C@H](OOCO)S2)CCc2c(C)c(O)c(C)c(C)c2O1,0.41739130434782606
CCOOc1ccc(CC[C@]2(C)CCc3c(C)c(O)c(C)c(O)c3O2)cc1,0.49074074074074076
CCc1ccc(OCC=N/N=C2/NC(=O)[C@H]([C@]3(C)CCc4c(c(C)c(C)c(O)c4[C@@H]4SC(=O)NC4=O)O3)S2)cc1,0.5114503816793893
Cc1c(C)c2c(c(C)c1O)CC[C@@](C)([C@@H]1SC(=NOCO[C@@H]3SC(=N[C@@H]4SC(=O)NC4=O)NC3=O)NC1=O)O2,0.39568345323741005
Cc1c(O)c(C)c2c(c1O)O[C@](C)(CCc1ccc(OCO)cc1)CC2,0.5192307692307693
Cc1c(C)c2c(c(C)c1O)CC[C@@](C)(c1ccc(OOCO)cc1)O2,0.49038461538461536
CCOc1ccc(C[C@@H]2SC(=NOc3ccc(OCO)cc3)NC2=O)cc1,0.3333333333333333
CCOCc1ccc(C[C@@H]2SC(=NO[C@]3(CC)CCc4c(C)c(O)c(C)c(C)c4O3)NC2=O)cc1,0.5726495726495726
CCOCOCOOc1ccc(Cc2ccc(OC[C@]3(C)CCc4c(C)c(O)c(C)c(C)c4O3)cc2)cc1,0.515625
CCOCc1ccc(C[C@@H]2SC(=NO[C@]3(CC)CCc4c(C)c(O)c(C)c(C)c4O3)NC2=O)cc1,0.5726495726495726
CCN=C1NC(=O)[C@H](Cc2ccc(COCC)cc2)S1,0.3119266055045872
CCOCc1ccc(Cc2c(O)c(C)c3c(c2O)O[C@](C)(CCc2ccc(OCC)cc2)CC3)cc1,0.40298507462686567
CCOCOOc1ccc(CC[C@@H]2SC(=NC[C@]3(C)CCc4c(C)c(O)c(C)c(O)c4O3)NC2=O)cc1,0.52
CCc1ccc(OCC=NOCO[C@@H]2SC(=N[C@@H]3SC(=O)NC3=O)NC2=O)cc1,0.3
CCOCc1ccc(C[C@@H]2SC(=NCON=C3NC(=O)[C@H](Cc4ccc(OCO)cc4)S3)NC2=O)cc1,0.30405405405405406
CCOCc1ccc(CO[C@]2(CC)CCc3c(C)c(O)c(C)c(C)c3O2)cc1,0.45132743362831856
CC[C@@]1(Cc2ccc(O[C@]3(CC)CCc4c(C)c(O)c(C)c(C)c4O3)cc2)CCc2c(C)c(O)c(C)c(C)c2O1,0.4
CCOCc1ccc(C[C@@H]2SC(=NO[C@]3(CC)CCc4c(C)c(O)c(COCC)c(C)c4O3)NC2=O)cc1,0.4732824427480916
CCOCc1ccc(-c2ccc(OCCC[C@]3(C)CCc4c(C)c(O)c(C)c(O)c4O3)cc2)cc1,0.4453125
CC[C@@]1(Cc2ccc(-c3ccc(OCc4ccc(C5CC5)cc4)cc3)cc2)CCc2c(C)c(O)c(C)c(C)c2O1,0.41843971631205673
CCOC[C@@]1(ON=C2NC(=O)[C@H](CO)S2)CCc2c(C)c(O)c(C)c(C)c2O1,0.45535714285714285
CCOCc1ccc(-c2ccc(OC[C@]3(C)CCc4c(C)c(O)c(C)c(C)c4O3)cc2)cc1,0.584070796460177
CCOc1ccc(CCC[C@]2(CC)CCc3c(C)c(O)c(C)c(C)c3O2)cc1,0.5185185185185185
CC[C@@]1(Oc2ccc(OCc3ccc(C4CC4)cc3)cc2)CCc2c(C)c(O)c(C)c(C)c2O1,0.4796747967479675
CCOCc1ccc(C[C@@H]2SC(=NO[C@]3(CC)CCc4c(C)c(O)c(C)c(C)c4O3)NC2=O)cc1,0.5726495726495726
CC[C@@]1(ON=C2NC(=O)[C@H](CCO)S2)CCc2c(C)c(O)c(C)c(C)c2O1,0.45454545454545453
CCOCOOc1c(C)c2c(c(C)c1O)CC[C@@](CC)(Cc1ccc(OCC)cc1)O2,0.4180327868852459
CC[C@@]1(Cc2ccc(O[C@]3(CC)CCc4c(C)c(O)c(C)c(C)c4O3)cc2)CCc2c(C)c(O)c(C)c(C)c2O1,0.4
CCOCOOc1ccc(C[C@@H]2SC(=NO[C@]3(COCC)CCc4c(C)c(O)c(C)c(C)c4O3)NC2=O)cc1,0.568
CCOCOOc1ccc(C[C@@H]2SC(=NO[C@]3(CC)CCc4c(C)c(O)c(C)c(C)c4O3)NC2=O)cc1,0.5833333333333334
CC[C@@]1(C[C@]2(C)CCc3c(C)c(O)c(C)c(C)c3O2)CCc2c(C)c(O)c(C)c(C)c2O1,0.3543307086614173
CCOCO[C@]1(CC)CCc2c(C)c(O)c(C)c(C)c2O1,0.3619047619047619
CCOCc1ccc(C[C@@H]2SC(=NCN=CC=N/N=C3/NC(=O)[C@H](Cc4ccc(OCC)cc4)S3)NC2=O)cc1,0.28662420382165604
CCOCOOc1ccc(C[C@@H]2SC(=NO[C@]3(C)CCc4c(C)c(O)c(C)c(C)c4O3)NC2=O)cc1,0.6120689655172413
CCOc1ccc(C[C@@H]2SC(=NO[C@]3(CC)CCc4c(C)c(O)c(C)c(C)c4O3)NC2=O)cc1,0.6605504587155964
CCOc1ccc(CN=CCOc2ccc(CC)cc2)cc1,0.2
CCOCc1ccc(C[C@@H]2SC(=NO[C@]3(COCO)CCc4c(C)c(O)c(C)c(C)c4O3)NC2=O)cc1,0.5573770491803278
CCOc1ccc(CN=CCOc2ccc(CC)cc2)cc1,0.2
CCOCOOc1ccc(CN=CCOc2ccc(CC)cc2)cc1,0.1865671641791045
CCOCOc1ccc(C[C@@H]2SC(=NO[C@]3(CC)CCc4c(C)c(O)c(C)c(O)c4O3)NC2=O)cc1,0.5583333333333333
CCOCc1ccc(O[C@]2(CC)CCc3c(C)c(O)c(C)c(C)c3O2)cc1,0.5046728971962616
CCOCc1ccc(C[C@@H]2SC(=NO[C@]3(COCO)CCc4c(C)c(O)c(C)c(OCC)c4O3)NC2=O)cc1,0.48484848484848486
Cc1c(C)c2c(c(C)c1O)CC[C@@](CCO)(ON=C1NC(=O)[C@H](Cc3ccc(OCOCOOCO)cc3)S1)O2,0.5546875
CC[C@@]1(ON=C2NC(=O)[C@H](Cc3ccc(OCO)cc3)S2)CCc2c(C)c(O)c([C@@H]3SC(=O)NC3=O)c(C)c2O1,0.5590551181102362
CCOC[C@@]1(ON=C2NC(=O)[C@H](Cc3ccc(OOCC)cc3)S2)CCc2c(C)c(O)c(C)c(C)c2O1,0.5966386554621849
CCOCOc1ccc(OCO[C@@H]2SC(=N[C@@H]3SC(=O)NC3=O)NC2=O)cc1,0.27692307692307694
CC[C@@]1(ON=C2NC(=O)[C@H](Cc3ccc(OCO)cc3)S2)CCc2c(C)c(O)c([C@@H]3SC(=O)NC3=O)c(O)c2O1,0.5114503816793893
CCOc1ccc(CCCc2ccc(OCO)cc2)cc1,0.20491803278688525
Cc1c(C)c2c(c(C)c1O)CC[C@@](C)([C@@H]1SC(=NON=C3NC(=O)[C@H](Cc4ccc(OCO)cc4)S3)NC1=O)O2,0.6097560975609756
CCOCOCOOc1ccc(C[C@@H]2SC(=NO[C@]3(CC)CCc4c(C)c(O)c(C)c(C)c4O3)NC2=O)cc1,0.5555555555555556
CCOC[C@@]1(O[C@]2(CC)CCc3c(C)c(O)c(C)c(C)c3O2)CCc2c(C)c(O)c(C)c(C)c2O1,0.3115942028985507
CCOc1ccc(CC[C@]2(C)CCc3c(C)c(O)c(C)c(OCC)c3O2)cc1,0.5045871559633027
CC[C@@]1(ON=C2NC(=O)[C@H](COOCO)S2)CCc2c(C)c(O)c(C)c(O)c2O1,0.36065573770491804
CCc1ccc(OCC=N/N=C2/NC(=O)[C@H]([C@]3(C)CCc4c(CC)c(O)c(C)c(C)c4O3)S2)cc1,0.5081967213114754
CCCOc1ccc(C[C@@H]2SC(=NO[C@]3(CC)CCc4c(C)c(O)c(C)c(C)c4O3)NC2=O)cc1,0.6428571428571429
CCCOc1ccc(-c2ccc(OOCO)cc2)cc1,0.18032786885245902
CCOCOc1ccc(C[C@@H]2SC(=NO[C@]3(CC)CCc4c(C)c(O)c(C)c(CC)c4O3)NC2=O)cc1,0.5447154471544715
Cc1c(C)c2c(c(C)c1O)CC[C@](ON=C1NC(=O)[C@H](Cc3ccc(OOCO)cc3)S1)([C@@H]1SC(=O)NC1=O)O2,0.5967741935483871
CCOCOOc1ccc(C[C@@H]2SC(=NO[C@]3(CCO)CCc4c(CC)c(O)c(C)c(C)c4O3)NC2=O)cc1,0.4961832061068702
CCOCc1ccc(-c2ccc(OCN=C3NC(=O)[C@H](Cc4ccc(OOCO)cc4)S3)cc2)cc1,0.2905405405405405
Cc1c(C)c2c(c(C)c1O)CC[C@](OON=C1NC(=O)[C@H](Cc3ccc(OCO)cc3)S1)([C@@H]1SC(=O)NC1=O)O2,0.6229508196721312
CCOCC[C@@H]1SC(=NON=C2NC(=O)[C@H]([C@]3(C)CCc4c(C)c(O)c(C)c(C)c4O3)S2)NC1=O,0.4296875
CCOc1ccc(C[C@@H]2SC(=N[C@]3(C)CCc4c(C)c(O)c(C)c(C)c4O3)NC2=O)cc1,0.7156862745098039
Cc1c(C)c2c(c(C)c1O)CC[C@@](C)([C@@H]1SC(=Nc3ccc(OOCO)cc3)NC1=O)O2,0.5350877192982456
CC[C@@]1(Cc2ccc([C@]3(CC)CCc4c(C)c(O)c(C)c(C)c4O3)cc2)CCc2c(C)c(O)c(C)c(C)c2O1,0.36879432624113473
CCOCOOc1ccc(C[C@@H]2SC(=Nc3ccc(COCC)cc3)NC2=O)cc1,0.291044776119403
CCc1ccc(OCC=NC[C@@H]2SC(=NO[C@]3(CC)CCc4c(C)c(O)c(C)c(C)c4O3)NC2=O)cc1,0.5573770491803278
CC[C@@]1(ON=C2NC(=O)[C@H](Cc3ccc(COCO)cc3)S2)CCc2c(C)c(O)c(C)c(C)c2O1,0.5726495726495726
CCOCOOc1ccc(Cc2ccc(OCO)cc2)cc1,0.2
CCCOc1ccc(N=CCOc2ccc(CC)cc2)cc1,0.2
CCOCOOc1ccc(C[C@@H]2SC(=NN=C3NC(=O)[C@H](Cc4ccc(OCC)cc4)S3)NC2=O)cc1,0.30405405405405406
Cc1c(C)c2c(c(C)c1O)CC[C@@](C)(N=C1NC(=O)[C@H](Cc3ccc(OCc4ccc(OCO)cc4)cc3)S1)O2,0.5793650793650794
CCCOc1ccc(CCc2ccc(OCC)cc2)cc1,0.20491803278688525
CCOCOOc1ccc(C[C@@H]2SC(=NO[C@]3(OCO)CCc4c(C)c(O)c(C)c(C)c4O3)NC2=O)cc1,0.5691056910569106
CCCOON=C1NC(=O)[C@H](Cc2ccc(OCCC)cc2)S1,0.34513274336283184
CC[C@@]1(ON=C2NC(=O)[C@H](C)S2)CCc2c(C)c(O)c(C)c(C)c2O1,0.4392523364485981
CCOCOOc1ccc(CC[C@@H]2SC(=NC[C@]3(C)CCc4c(C)c(O)c(C)c(O)c4O3)NC2=O)cc1,0.52
Cc1c(C)c2c(c(C)c1O)CC[C@@](C)(N=C1NC(=O)[C@H](Cc3ccc(OCc4ccc(OCO)cc4)cc3)S1)O2,0.5793650793650794
CCOCOOc1ccc(CO[C@]2(COCC)CCc3c(C)c(O)c(C)c(C)c3O2)cc1,0.45454545454545453
Cc1c(C)c2c(c(C)c1O)CC[C@@](O)(ON=C1NC(=O)[C@H](Cc3ccc(OOCO)cc3)S1)O2,0.6160714285714286
CCOC[C@@]1(ON=C2NC(=O)[C@H](Cc3ccc(OCC)cc3)S2)CCc2c(C)c(O)c(C)c(C)c2O1,0.6403508771929824
CCOCc1ccc(C[C@@H]2SC(=NO[C@]3(CC)CCc4c(C)c(O)c(C)c(OOCO)c4O3)NC2=O)cc1,0.4732824427480916
CCOCc1ccc(C[C@@H]2SC(=NO[C@]3(CC)CCc4c(C)c(O)c(OCC)c(C)c4O3)NC2=O)cc1,0.49606299212598426
CCOc1ccc(CCc2ccc(OCO)cc2)cc1,0.21008403361344538
CC[C@@]1([C@]2(C)CCc3c(C)c(O)c(C)c(C)c3O2)CCc2c(C)c(O)c(C)c(C)c2O1,0.3203125
CCOc1ccc(C[C@@H]2S/C(=N\N=CC=N[C@]3(CC)CCc4c(C)c(O)c(C)c(C)c4O3)NC2=O)cc1,0.6101694915254238
Cc1c(C)c2c(c(C)c1O)CC[C@@](C)(c1ccc(OOCO)cc1)O2,0.49038461538461536
CCc1ccc(C[C@@H]2SC(=NO[C@]3(CCO)CCc4c(C)c(O)c(C)c(C)c4O3)NC2=O)cc1,0.5877192982456141
CCOc1ccc(C[C@@H]2S/C(=N\N=CC=N[C@]3(CC)CCc4c(C)c(O)c(CO)c(C)c4O3)NC2=O)cc1,0.5317460317460317
Cc1c(C)c2c(c(C)c1O)CC[C@@](CCO)(ON=C1NC(=O)[C@H](Cc3ccc(OCOCCO)cc3)S1)O2,0.5819672131147541
CCOOc1ccc(C[C@@H]2SC(=NOCO)NC2=O)cc1,0.3394495412844037
CCOC[C@@H]1SC(=NOO[C@]2([C@@H]3SC(=O)NC3=O)CCc3c(C)c(O)c(C)c(C)c3O2)NC1=O,0.4634146341463415
CCOCc1ccc(O[C@]2([C@@H]3SC(=O)NC3=O)CCc3c(C)c(O)c(C)c(C)c3O2)cc1,0.6509433962264151
CCOCc1ccc(O[C@]2([C@@H]3SC(=O)NC3=O)CCc3c(C)c(O)c(C)c(CCO)c3O2)cc1,0.5338983050847458
CC[C@@]1(ON=C2NC(=O)[C@H](Cc3ccc(OOCO)cc3)S2)CCc2c(C)c(O)c(C)c(C)c2O1,0.6140350877192983
CCOc1ccc(C[C@@H]2S/C(=N\N=CC=NCc3ccc(OOCO)cc3)NC2=O)cc1,0.2971014492753623
CCOc1ccc(C[C@@H]2SC(=NOOOCO)NC2=O)cc1,0.35454545454545455
Cc1c(C)c2c(c(C)c1O)CC[C@@](O)(ON=C1NC(=O)[C@H](C)S1)O2,0.4380952380952381
Cc1c(C)c2c(c(C)c1O)CC[C@@](C)([C@@H]1SC(=NCO)NC1=O)O2,0.4519230769230769
CC[C@@]1(ON=C2NC(=O)[C@H](Cc3ccc(OOOCO)cc3)S2)CCc2c(C)c(O)c(C)c(C)c2O1,0.5982905982905983
CC[C@@]1(ON=C2NC(=O)[C@H](c3ccc(OCO)cc3)S2)CCc2c(C)c(O)c(C)c(C)c2O1,0.5478260869565217
CCOCOOc1ccc(C[C@@H]2SC(=NO[C@]3(O)CCc4c(C)c(O)c(C)c(C)c4O3)NC2=O)cc1,0.5982905982905983
CCOc1ccc(C[C@@H]2S/C(=N\N=CC=N[C@]3(CC)CCc4c(C)c(O)c(C)c(C)c4O3)NC2=O)cc1,0.6101694915254238
CCOc1ccc(CCc2ccc(-c3ccc(OC[C@]4(C)CCc5c(C)c(O)c(C)c(C)c5O4)cc3)cc2)cc1,0.4925373134328358
O=C1NC(=Nc2ccc(OOCO)cc2)S[C@H]1Cc1ccc(OOCO)cc1,0.29457364341085274
Cc1c(C)c2c(c(C)c1O)CC[C@@](C)(N=C1NC(=O)[C@H](Cc3ccc(Oc4ccc(OCO)cc4)cc3)S1)O2,0.5934959349593496
CCOCc1ccc(-c2ccc(OO[C@]3([C@@H]4SC(=O)NC4=O)CCc4c(C)c(O)c(C)c(C)c4O3)cc2)cc1,0.5433070866141733
CCOCOc1ccc(C[C@@H]2SC(=NO[C@]3(CC)CCc4c(C)c(O)c(C)c(C)c4O3)NC2=O)cc1,0.6260869565217392
CCOc1ccc(C[C@]2(CC)CCc3c(C)c(O)c(C)c(C)c3O2)cc1,0.5490196078431373
Cc1c(C)c2c(c(C)c1O)CC[C@](ON=C1NC(=O)[C@H](Cc3ccc(OOCO)cc3)S1)(OOCO)O2,0.5702479338842975
CC[C@@]1(O[C@]2(CC)CCc3c(C)c(O)c(C)c(C)c3O2)CCc2c(C)c(O)c(C)c(C)c2O1,0.3157894736842105
CCOCc1ccc(C[C@@H]2SC(=NCCc3ccc(OOCO)cc3)NC2=O)cc1,0.291044776119403
Cc1c(C)c2c(c(C)c1O)CC[C@@](C)(N=C1NC(=O)[C@H](Cc3ccc(OO)cc3)S1)O2,0.6862745098039216
CCOc1ccc(C[C@@H]2S/C(=N\N=CC=N[C@]3(CC)CCc4c(C)c(O)c(C)c(C)c4O3)NC2=O)cc1,0.6101694915254238
CCOc1ccc([C@]2(O)CCc3c(C)c(O)c(C)c(C)c3O2)cc1,0.52
CCOCOOc1ccc(C[C@@H]2SC(=NO[C@]3(C)CCc4c(C)c(O)c(C)c(C)c4O3)NC2=O)cc1,0.6120689655172413
CCOc1ccc(Cc2ccc(C[C@@H]3SC(=NC[C@]4(C)CCc5c(C)c(O)c(C)c(O)c5O4)NC3=O)cc2)cc1,0.5546875
CCCOO[C@]1(CC)CCc2c(C)c(O)c(C)c(C)c2O1,0.3619047619047619
OCOOc1ccc(Cc2ccc(OOCO)cc2)cc1,0.176
CCCON=CC=N[C@]1(CC)CCc2c(C)c(O)c(C)c(C)c2O1,0.3333333333333333
OCOOc1ccc(Cc2ccc(OCO)cc2)cc1,0.2
Cc1c(C)c2c(c(C)c1O)CC[C@@](C)(CN=C1NC(=O)[C@H](Cc3ccc(COO)cc3)S1)O2,0.6635514018691588
CCCOc1ccc(Cc2ccc(OOOCO)cc2)cc1,0.2
CCOCOOOCc1ccc(O[C@]2([C@@H]3SC(=O)NC3=O)CCc3c(C)c(O)c(C)c(C)c3O2)cc1,0.5847457627118644
CCOCO[C@@]1(ON=C2NC(=O)[C@H](Cc3ccc(OOCO)cc3)S2)CCc2c(C)c(O)c(C)c(C)c2O1,0.5691056910569106
CCOc1ccc(C[C@@H]2SC(=NN=CC=N[C@]3(CC)CCc4c(C)c(O)c(C)c(C)c4O3)NC2=O)cc1,0.6101694915254238
Cc1c(C)c2c(c(C)c1O)CC[C@@](C)(ON=C1NC(=O)[C@H](Cc3ccc(OOOOCO)cc3)S1)O2,0.6120689655172413
Cc1c(C)c2c(c(C)c1O)CC[C@@](O)(c1ccc(OCO)cc1)O2,0.504950495049505
CCOCOOc1ccc(C[C@@H]2SC(=NON=C3NC(=O)[C@H](Cc4ccc(OCC)cc4)S3)NC2=O)cc1,0.2980132450331126
Cc1c(C)c2c(c(C)c1O)CC[C@@](CCO)(ON=C1NC(=O)[C@H](Cc3ccc(OOCO)cc3)S1)O2,0.5847457627118644
CCOc1ccc(O[C@]2(CC)CCc3c(C)c(O)c(C)c(C)c3O2)cc1,0.5047619047619047
CCOc1ccc(C[C@@H]2SC(=NO[C@]3(CC)CCc4c(C)c(O)c(OOCO)c(C)c4O3)NC2=O)cc1,0.5447154471544715
Cc1c(C)c2c(c(C)c1O)CC[C@@](C)(N=C1NC(=O)[C@H](Cc3ccc(OO)cc3)S1)O2,0.6862745098039216
CCCOC[C@@]1(ON=C2NC(=O)[C@H](Cc3ccc(OCC)cc3)S2)CCc2c(C)c(O)c(C)c(C)c2O1,0.6239316239316239
CC[C@@]1(ON=C2NC(=O)[C@H](Cc3ccc(OCCOO)cc3)S2)CCc2c(C)c(O)c(C)c(C)c2O1,0.6260869565217392
O=C1NC(=Nc2ccc(OO)cc2)S[C@H]1Cc1ccc(OOOOCO)cc1,0.29457364341085274
Cc1c(C)c2c(c(C)c1O)CC[C@@](C)(ON=C1NC(=O)[C@H](Cc3ccc(OCCOO)cc3)S1)O2,0.6576576576576577
CC[C@@]1(N=CC=N/N=C2/NC(=O)[C@H](CCOO)S2)CCc2c(C)c(O)c(C)c(C)c2O1,0.4098360655737705
O=C1NC(=NOc2ccc(OOCO)cc2)S[C@H]1Cc1ccc(OCO)cc1,0.31496062992125984
CCOc1ccc(C[C@@H]2SC(=NON=C3NC(=O)[C@H](Cc4ccc(OCCOO)cc4)S3)NC2=O)cc1,0.30405405405405406
CCCOC[C@@]1(ON=C2NC(=O)[C@H](Cc3ccc(OCO)cc3)S2)CCc2c(C)c(O)c(C)c(C)c2O1,0.6239316239316239
O=C1NC(=Nc2ccc(OOCO)cc2)S[C@H]1Cc1ccc(OO)cc1,0.3089430894308943
CCOCOc1c(C)c2c(c(C)c1O)CC[C@@](CC)(ON=C1NC(=O)[C@H](Cc3ccc(OCCOO)cc3)S1)O2,0.5075757575757576
CCOCOc1c(C)c(O)c(C)c2c1O[C@](C)(CCc1ccc(OCC)cc1)CC2,0.4782608695652174
CCOc1ccc(C[C@@H]2SC(=NO[C@]3(CC)CCc4c(C)c(O)c(C)c(C)c4O3)NC2=O)cc1,0.6605504587155964
CCOc1ccc(CCON=C2NC(=O)[C@H](Cc3ccc(OCC)cc3)S2)cc1,0.3178294573643411
CCCOC[C@@]1(Oc2ccc(OOCO)cc2)CCc2c(C)c(O)c(C)c(C)c2O1,0.4406779661016949
CCOCCOc1ccc(C[C@@H]2SC(=NO[C@]3(CC)CCc4c(C)c(O)c(C)c(C)c4O3)NC2=O)cc1,0.6101694915254238
CCOCOc1c(O)c(C)c(C)c2c1CC[C@@](CC)(ON=C1NC(=O)[C@H](Cc3ccc(OCO)cc3)S1)O2,0.5317460317460317
CCON=C1NC(=O)[C@H](Cc2ccc(OOOOCO)cc2)S1,0.3217391304347826
Cc1c(C)c2c(c(C)c1O)CC[C@@](C)(ON=C1NC(=O)[C@H](Cc3ccc(OOCO)cc3)S1)O2,0.6454545454545455
CCOc1ccc(CCCc2ccc(OOCO)cc2)cc1,0.2
CCOCOOOOc1ccc(C[C@@H]2SC(=NO[C@]3(C)CCc4c(C)c(O)c(C)c(C)c4O3)NC2=O)cc1,0.5819672131147541
CCOc1ccc(OCc2ccc(O[C@]3([C@@H]4SC(=O)NC4=O)CCc4c(C)c(O)c(C)c(C)c4O3)cc2)cc1,0.568
Cc1ccc(C[C@@H]2SC(=NO[C@]3(CCO)CCc4c(C)c(O)c(C)c(C)c4O3)NC2=O)cc1,0.6036036036036037
O=C1NC(=NCc2ccc(OCCOO)cc2)S[C@H]1Cc1ccc(OCO)cc1,0.3076923076923077
Cc1c(C)c2c(c(C)c1O)CC[C@@](C)(CN=C1NC(=O)[C@H](Cc3ccc(COO)cc3)S1)O2,0.6635514018691588
Cc1c(C)c2c(c(C)c1O)CC[C@@](C)(CON=C1NC(=O)[C@H](Cc3ccc(OOOOCO)cc3)S1)O2,0.6666666666666666
CCOc1ccc(C[C@@H]2SC(=NCN=C3NC(=O)[C@H](Cc4ccc(COO)cc4)S3)NC2=O)cc1,0.31690140845070425
CCCOC[C@@]1(ON=C2NC(=O)[C@H](Cc3ccc(OOCOCC)cc3)S2)CCc2c(C)c(O)c(C)c(C)c2O1,0.5546875
O=C1NC(=NN=C2NC(=O)[C@H](Cc3ccc(OCO)cc3)S2)S[C@H]1Cc1ccc(COO)cc1,0.3142857142857143
CCCOC[C@@]1(ON=C2NC(=O)[C@H](CCc3ccc(OCCOO)cc3)S2)CCc2c(C)c(O)c(C)c(C)c2O1,0.5307692307692308
CCCOc1ccc(C[C@@H]2SC(=NO[C@]3(CCO)CCc4c(C)c(O)c(C)c(C)c4O3)NC2=O)cc1,0.6260869565217392
O=C1NC(=NOCO)S[C@H]1Cc1ccc(COO)cc1,0.3
Cc1c(C)c2c(c(C)c1CCOO)CC[C@@](C)(N=C1NC(=O)[C@H](Cc3ccc(OO)cc3)S1)O2,0.5739130434782609
CCOCON=C1NC(=O)[C@H](Cc2ccc(OOOOCO)cc2)S1,0.30578512396694213
Cc1c(C)c2c(c(C)c1O)CC[C@](OON=C1NC(=O)[C@H](OOOCO)S1)([C@@H]1SC(=O)NC1=O)O2,0.4076923076923077
CCCOc1ccc(-c2ccc(C[C@@H]3SC(=NO[C@]4(C)CCc5c(C)c(O)c(C)c(C)c5O4)NC3=O)cc2)cc1,0.5793650793650794
CCCC[C@@]1(ON=C2NC(=O)[C@H](Cc3ccc(OCO)cc3)S2)CCc2c(C)c(O)c(C)c(C)c2O1,0.6260869565217392
CCCOC[C@@]1(OOCCC)CCc2c(C)c(O)c(C)c(C)c2O1,0.34513274336283184
Cc1c(C)c2c(c(C)c1O)CC[C@@](C)(CCc1ccc(OOCO)cc1)O2,0.5631067961165048
CCOCOc1ccc(C[C@@H]2SC(=N[C@]3(C)CCc4c(C)c(O)c(C)c(C)c4O3)NC2=O)cc1,0.6759259259259259
O=C1NC(=NON=C2NC(=O)[C@H](Cc3ccc(OOOOCO)cc3)S2)S[C@H]1Cc1ccc(OOCO)cc1,0.267515923566879
Cc1c(C)c2c(c(C)c1O)CC[C@@](O)(ON=C1NC(=O)[C@H](Cc3ccc(OCOO)cc3)S1)O2,0.6454545454545455
CCOc1ccc(C[C@@H]2SC(=NO[C@]3(COOOCO)CCc4c(C)c(O)c(C)c(C)c4O3)NC2=O)cc1,0.6083333333333333
CCCOC[C@@]1(ON=C2NC(=O)[C@H](Cc3ccc(OOCOCC)cc3)S2)CCc2c(C)c(O)c(C)c(C)c2O1,0.5546875
CCCC[C@@]1(ON=C2NC(=O)[C@H](Cc3ccc(OCO)cc3)S2)CCc2c(C)c(O)c(COO)c(C)c2O1,0.5196850393700787
CCOc1ccc(COCc2ccc(O[C@]3([C@@H]4SC(=O)NC4=O)CCc4c(C)c(O)c(C)c(C)c4O3)cc2)cc1,0.5546875
CCCOc1c(C)c(O)c(C)c2c1O[C@](O)(ON=C1NC(=O)[C@H](Cc3ccc(OOCO)cc3)S1)CC2,0.52
CCOCc1ccc(C[C@@H]2SC(=NCc3ccc(OO)cc3)NC2=O)cc1,0.312
CCOON=C1NC(=O)[C@H](Cc2ccc(OCO)cc2)S1,0.3644859813084112
CCOCOOOc1ccc(C[C@@H]2SC(=NOC[C@]3(C)CCc4c(C)c(O)c(C)c(C)c4O3)NC2=O)cc1,0.6495726495726496
Cc1c(C)c2c(c(C)c1O)CC[C@@](C)(N=C1NC(=O)[C@H](Cc3ccc(OCCCOO)cc3)S1)O2,0.6576576576576577
CCCC[C@@]1(ON=C2NC(=O)[C@H](Cc3ccc(OCO)cc3)S2)CCc2c(C)c(O)c(OCOCC)c(C)c2O1,0.5075757575757576
Cc1c(C)c2c(c(C)c1O)CC[C@@](C)(N=C1NC(=O)[C@H](OOOCO)S1)O2,0.42857142857142855
CCCC[C@@]1(ON=C2NC(=O)[C@H](Cc3ccc(OCC)cc3)S2)CCc2c(C)c(O)c(C)c(C)c2O1,0.6260869565217392
Cc1c(C)c2c(c(C)c1O)CC[C@](Oc1ccc(COCOO)cc1)([C@@H]1SC(=O)NC1=O)O2,0.6181818181818182
Cc1c(O)c(C)c(COCOO)c2c1CC[C@@](O)(ON=C1NC(=O)[C@H](Cc3ccc(OOCO)cc3)S1)O2,0.4846153846153846
CC[C@@]1(ON=C2NC(=O)[C@H](Cc3ccc(C)cc3)S2)CCc2c(C)c(O)c(C)c(C)c2O1,0.6203703703703703
CCCOC[C@@]1(ON=C2NC(=O)[C@H](CCc3ccc(OCC)cc3)S2)CCc2c(C)c(O)c(C)c(C)c2O1,0.5564516129032258
CCCOc1ccc(C[C@@H]2SC(=NN=C3NC(=O)[C@H](Cc4ccc(COO)cc4)S3)NC2=O)cc1,0.31690140845070425
CCCCc1c(C)c(O)c(C)c2c1O[C@](C)(N=C1NC(=O)[C@H](Cc3ccc(OO)cc3)S1)CC2,0.5739130434782609
CCCC[C@@]1(ON=C2NC(=O)[C@H](Cc3ccc(OCOO)cc3)S2)CCc2c(C)c(O)c(C)c(C)c2O1,0.6101694915254238
Cc1c(C)c2c(c(C)c1O)CC[C@@](C)(CON=C1NC(=O)[C@H](CCc3ccc(OCCOO)cc3)S1)O2,0.6379310344827587
CCCOC[C@@]1(OON=C2NC(=O)[C@H](Cc3ccc(OCCC)cc3)S2)CCc2c(C)c(O)c(C)c(C)c2O1,0.5934959349593496
Cc1c(C)c2c(c(C)c1O)CC[C@@](C)(N=C1NC(=O)[C@H](Cc3ccc(OCOOOCO)cc3)S1)O2,0.6403508771929824
CCCOON=C1NC(=O)[C@H](Cc2ccc(OCCOO)cc2)S1,0.33620689655172414
CCOCOOOc1ccc(C[C@@H]2SC(=NOC[C@]3(C)CCc4c(C)c(O)c(C)c(OCC)c4O3)NC2=O)cc1,0.5669291338582677
Cc1c(C)c2c(c(OOOCO)c1O)CC[C@@](O)(ON=C1NC(=O)[C@H](Cc3ccc(OCOO)cc3)S1)O2,0.5078125
Cc1c(C)c2c(c(C)c1O)CC[C@@](C)(N=C1NC(=O)[C@H](Cc3ccc(OCOO)cc3)S1)O2,0.6952380952380952
CCOc1ccc(C[C@@H]2SC(=NOCCOO)NC2=O)cc1,0.35454545454545455
CCOOCc1ccc(C[C@@H]2SC(=NC[C@]3(C)CCc4c(C)c(O)c(C)c(C)c4O3)NC2=O)cc1,0.6283185840707964
COOOCOc1ccc(C[C@@H]2SC(=N[C@]3(C)CCc4c(C)c(O)c(C)c(C)c4O3)NC2=O)cc1,0.6576576576576577
CCCC[C@@]1(ON=C2NC(=O)[C@H](Cc3ccc(OCC)cc3)S2)CCc2c(C)c(COO)c(C)c(C)c2O1,0.5317460317460317
CCOCOOOc1ccc(C[C@@H]2SC(=NOC[C@]3(C)CCc4c(C)c(O)c(C)c(COO)c4O3)NC2=O)cc1,0.5546875
Cc1c(C)c2c(c(COO)c1O)CC[C@@](O)(ON=C1NC(=O)[C@H](Cc3ccc(OCOO)cc3)S1)O2,0.5327868852459017
CCOOc1ccc(C[C@@H]2SC(=NO[C@]3(CCO)CCc4c(C)c(O)c(C)c(C)c4O3)NC2=O)cc1,0.5982905982905983
CCOCOOOc1ccc(C[C@@H]2SC(=NOC[C@]3(C)CCc4c(C)c(O)c(C)c(COO)c4O3)NC2=O)cc1,0.5546875
CCOC[C@@]1([C@]2(C)CCc3c(C)c(O)c(C)c(C)c3O2)CCc2c(C)c(O)c(C)c(C)c2O1,0.33587786259541985
CCOCOc1ccc(C[C@@H]2SC(=N[C@]3(C)CCc4c(C)c(O)c(OOOCO)c(C)c4O3)NC2=O)cc1,0.544
CC[C@@H]1SC(=N[C@]2(C)CCc3c(C)c(O)c(C)c(C)c3O2)NC1=O,0.4803921568627451
CCOCN=C1NC(=O)[C@H](Cc2ccc(COOCC)cc2)S1,0.288135593220339
CC[C@@]1(Cc2ccc(OCCOO)cc2)CCc2c(C)c(O)c(C)c(C)c2O1,0.5185185185185185
CCOC[C@@]1(N=C2NC(=O)[C@H](Cc3ccc(OCOOOC)cc3)S2)CCc2c(C)c(O)c(C)c(C)c2O1,0.6083333333333333
Cc1c(C)c2c(c(C)c1O)CC[C@](Oc1ccc(COCO)cc1)([C@@H]1SC(=O)NC1=O)O2,0.6355140186915887
CCOCOOc1ccc(C[C@@H]2SC(=NO[C@]3(CCO)CCc4c(C)c(O)c(C)c(C)c4O3)NC2=O)cc1,0.5691056910569106
Cc1c(C)c2c(c(C)c1O)CC[C@@](C)(ON=C1NC(=O)[C@H](Cc3ccc(OOCO)cc3)S1)O2,0.6454545454545455
Cc1c(C)c2c(c(C)c1O)CC[C@@](C)(N=C1NC(=O)[C@H](OCOOOCO)S1)O2,0.4188034188034188
CCCOc1ccc(C[C@@H]2SC(=NC[C@]3(C)CCc4c(C)c(O)c(C)c(C)c4O3)NC2=O)cc1,0.7238095238095238
CCCOc1ccc(C[C@@H]2SC(=NOCN=C3NC(=O)[C@H](Cc4ccc(COO)cc4)S3)NC2=O)cc1,0.30405405405405406
O=C1NC(=NOc2ccc(COCO)cc2)S[C@H]1CCc1ccc(OCCOO)cc1,0.2571428571428571
CCOCc1ccc(C[C@@H]2SC(=NCCc3ccc(OCCOO)cc3)NC2=O)cc1,0.3037037037037037
Cc1c(C)c2c(c(C)c1O)CC[C@@](C)(N=C1NC(=O)[C@H](Cc3ccc(OCOOOOCO)cc3)S1)O2,0.6239316239316239
CCCOc1ccc(C[C@@H]2SC(=NCN=C3NC(=O)[C@H](Cc4ccc(COO)cc4)S3)NC2=O)cc1,0.3103448275862069
Cc1c(C)c2c(c(C)c1O)CC[C@](Oc1ccc(COCCCOO)cc1)([C@@H]1SC(=O)NC1=O)O2,0.5862068965517241
CCON=C1NC(=O)[C@H](Cc2ccc(COOCC)cc2)S1,0.2956521739130435
Cc1c(C)c2c(c(C)c1O)CC[C@@](C)(N=C1NC(=O)[C@H](Cc3ccc(OCc4ccc(OO)cc4)cc3)S1)O2,0.5934959349593496
Cc1c(C)c2c(c(C)c1OO)CC[C@@](C)(CON=C1NC(=O)[C@H](CCc3ccc(OCCOO)cc3)S1)O2,0.5564516129032258
Cc1c(C)c2c(c(C)c1O)CC[C@@](CCO)(ON=C1NC(=O)[C@H](Cc3ccc(OCO)cc3)S1)O2,0.6283185840707964
CCCOc1ccc(C[C@@H]2SC(=NCN=C3NC(=O)[C@H](Cc4ccc(COCC)cc4)S3)NC2=O)cc1,0.30405405405405406
CCOCc1ccc(O[C@]2([C@@H]3SC(=O)NC3=O)CCc3c(C)c(O)c(C)c(OCOOOCO)c3O2)cc1,0.49612403100775193
CCOOCc1ccc(C[C@@H]2SC(=NN=C3NC(=O)[C@H](Cc4ccc(OCOOOC)cc4)S3)NC2=O)cc1,0.2922077922077922
Cc1c(C)c2c(c(C)c1O)CC[C@](c1ccc(OO)cc1)([C@@H]1SC(=O)NC1=O)O2,0.6116504854368932
O=C1NC(=NN=C2NC(=O)[C@H](Cc3ccc(OO)cc3)S2)S[C@H]1Cc1ccc(COO)cc1,0.302158273381295
CCCOc1ccc(C[C@@H]2SC(=NCN=C3NC(=O)[C@H](Cc4ccc(COO)cc4)S3)NC2=O)cc1,0.3103448275862069
CCOc1ccc(C[C@@H]2SC(=NN=C3NC(=O)[C@H](Cc4ccc(COO)cc4)S3)NC2=O)cc1,0.3237410071942446
Cc1c(C)c2c(c(C)c1O)CC[C@@](C)(COC[C@@H]1SC(=N[C@]3(C)CCc4c(C)c(O)c(C)c(C)c4O3)NC1=O)O2,0.4233576642335766
Cc1c(C)c2c(c(C)c1O)CC[C@@](CCCO)(ON=C1NC(=O)[C@H](Cc3ccc(OCO)cc3)S1)O2,0.6120689655172413
CCOc1ccc(CN=C2NC(=O)[C@H](Cc3ccc(OCOOOC)cc3)S2)cc1,0.3106060606060606
O=C1NC(=Nc2ccc(OO)cc2)S[C@H]1Cc1ccc(OCOO)cc1,0.3305785123966942
CCOOCc1ccc(C[C@@H]2SC(=NN=C3NC(=O)[C@H](Cc4ccc(OCC)cc4)S3)NC2=O)cc1,0.3103448275862069
Cc1c(C)c2c(c(C)c1O)CC[C@@](CCO)(ON=C1NC(=O)[C@H](Cc3ccc(OCO)cc3)S1)O2,0.6283185840707964
CCCOc1ccc(C[C@@H]2SC(=NN=C3NC(=O)[C@H](Cc4ccc(OCOO)cc4)S3)NC2=O)cc1,0.3103448275862069
CCOC[C@@]1(c2ccc(OO)cc2)CCc2c(C)c(O)c(C)c(C)c2O1,0.49056603773584906
Cc1c(C)c2c(c(C)c1O)CC[C@](Oc1ccc(COCO)cc1)([C@@H]1SC(=O)NC1=O)O2,0.6355140186915887
Cc1c(C)c2c(c(C)c1O)CC[C@@](C)(ON=C1NC(=O)[C@H](Cc3ccc(OO)cc3)S1)O2,0.6666666666666666
CCOc1c(C)c2c(c(C)c1O)CC[C@@](CC)(ON=C1NC(=O)[C@H](Cc3ccc(OCO)cc3)S1)O2,0.5583333333333333
Cc1c(C)c2c(c(C)c1O)CC[C@@](C)(N=C1NC(=O)[C@H](Cc3ccc(OO)cc3)S1)O2,0.6862745098039216
Cc1c(C)c2c(c(C)c1O)CC[C@@](C)(CON=C1NC(=O)[C@H](CCc3ccc(OCCOO)cc3)S1)O2,0.6379310344827587
CCOCOOOc1ccc(Oc2ccc(COCO)cc2)cc1,0.17293233082706766
Cc1c(C)c2c(c(C)c1O)CC[C@@](C)(CON=C1NC(=O)[C@H](Cc3ccc(OOOOCCO)cc3)S1)O2,0.6495726495726496
CCCON=C1NC(=O)[C@H](Cc2ccc(OO)cc2)S1,0.3490566037735849
CCCOOc1ccc(C[C@@H]2SC(=NOC[C@]3(C)CCc4c(C)c(O)c(C)c(C)c4O3)NC2=O)cc1,0.6846846846846847
CCCOOc1ccc(ON=C2NC(=O)[C@H](Cc3ccc(OCCC)cc3)S2)cc1,0.3106060606060606
CCCOc1ccc(C[C@@H]2SC(=NON=C3NC(=O)[C@H](Cc4ccc(OCC)cc4)S3)NC2=O)cc1,0.3103448275862069
Cc1c(C)c2c(c(C)c1O)CC[C@@](C)(N=C1NC(=O)[C@H](COO)S1)O2,0.4807692307692308
CC[C@@]1([C@]2([C@@H]3SC(=O)NC3=O)CCc3c(C)c(O)c(C)c(C)c3O2)CCc2c(C)c(O)c(C)c(C)c2O1,0.39849624060150374
Cc1c(C)c2c(c(C)c1O)CC[C@@](C)(N=C1NC(=O)[C@H](Cc3ccc(OO)cc3)S1)O2,0.6862745098039216
CC[C@@]1([C@@H]2SC(=N[C@]3(C)CCc4c(C)c(O)c(C)c(C)c4O3)NC2=O)CCc2c(C)c(O)c(C)c(C)c2O1,0.35
Cc1c(C)c2c(c(C)c1O)CC[C@@](C)(CON=C1NC(=O)[C@H](Cc3ccc(OOCO)cc3)S1)O2,0.7037037037037037
Cc1c(C)c2c(c(C)c1OO)CC[C@@](C)(CON=C1NC(=O)[C@H](Cc3ccc(OOOOCO)cc3)S1)O2,0.5819672131147541
CCOON=C1NC(=O)[C@H](Cc2ccc(OCC)cc2)S1,0.3644859813084112
CCOc1c(O)c(C)c(C)c2c1CC[C@@](C)(ON=C1NC(=O)[C@H](Cc3ccc(OO)cc3)S1)O2,0.5877192982456141
CCCOOOOCOc1ccc(C[C@@H]2SC(=N[C@]3(C)CCc4c(C)c(O)c(C)c(C)c4O3)NC2=O)cc1,0.6083333333333333
Cc1c(C)c2c(c(C)c1O)CC[C@@](C)(N=C1NC(=O)[C@H](Cc3ccc(OCOOOCO)cc3)S1)O2,0.6403508771929824
CCOc1ccc(C[C@@H]2SC(=NO[C@]3(CCO)CCc4c(C)c(O)c(C)c(C)c4O3)NC2=O)cc1,0.6428571428571429
Cc1c(C)c2c(c(C)c1O)CC[C@@](C)(N=C1NC(=O)[C@H](Cc3ccc(OCOOOOOCO)cc3)S1)O2,0.6083333333333333
CCCOc1ccc(C[C@@H]2SC(=NOOOOCCO)NC2=O)cc1,0.3277310924369748
CCCOOc1ccc(N=C2NC(=O)[C@H](Cc3ccc(COO)cc3)S2)cc1,0.3046875
Cc1c(C)c2c(c(C)c1O)CC[C@@](C)(CN=C1NC(=O)[C@H](Cc3ccc(OCCCCOO)cc3)S1)O2,0.6666666666666666
CCCOc1c(C)c(C)c2c(c1C)CC[C@@](C)(CN=C1NC(=O)[C@H](Cc3ccc(COCC)cc3)S1)O2,0.532258064516129
CCOC[C@@]1(Cc2ccc(OCC)cc2)CCc2c(C)c(O)c(C)c(C)c2O1,0.5327102803738317
COOc1ccc(C[C@@H]2SC(=N[C@]3(C)CCc4c(C)c(O)c(C)c(C)c4O3)NC2=O)cc1,0.6666666666666666
CC[C@@]1(ON=C2NC(=O)[C@H](Cc3ccc(OCO)cc3)S2)CCc2c(C)c(O)c(CCOO)c(C)c2O1,0.532258064516129
CCOc1ccc(CN=C2NC(=O)[C@H](Cc3ccc(COO)cc3)S2)cc1,0.3333333333333333
Cc1c(C)c2c(c(C)c1O)CC[C@@](C)(C[C@@H]1SC(=NO[C@]3(C)CCc4c(C)c(O)c(C)c(C)c4O3)NC1=O)O2,0.40145985401459855
CCCOOc1ccc([C@@H]2SC(=N[C@]3(C)CCc4c(C)c(O)c(C)c(C)c4O3)NC2=O)cc1,0.5344827586206896
CCCOc1ccc(N=C2NC(=O)[C@H](Cc3ccc(OCOOOC)cc3)S2)cc1,0.3106060606060606
CC[C@@]1(c2ccc(OOCO)cc2)CCc2c(C)c(O)c(C)c(C)c2O1,0.4766355140186916
Cc1c(C)c2c(c(C)c1O)CC[C@@](C)(ON=C1NC(=O)[C@H](COO)S1)O2,0.4672897196261682
O=C1NC(=NOCc2ccc(OCCOO)cc2)S[C@H]1Cc1ccc(OCO)cc1,0.3007518796992481
Cc1c(C)c2c(c(C)c1O)CC[C@@](C)(ON=C1NC(=O)[C@H](Cc3ccc(OO)cc3)S1)O2,0.6666666666666666
Cc1c(C)c2c(c(C)c1O)CC[C@@](C)(N=C1NC(=O)[C@H](Cc3ccc(Oc4ccc(OOCO)cc4)cc3)S1)O2,0.5546875
Cc1c(C)c2c(c(C)c1O)CC[C@@](C)(N=C1NC(=O)[C@H](Cc3ccc(OCCCOO)cc3)S1)O2,0.6576576576576577
O=C1NC(=NCc2ccc(OCCCOO)cc2)S[C@H]1Cc1ccc(OO)cc1,0.3076923076923077
O=C1NC(=NCc2ccc(OCCCOO)cc2)S[C@H]1Cc1ccc(OCCCCOO)cc1,0.27586206896551724
CC[C@@]1(ON=C2NC(=O)[C@H](Cc3ccc(OCO)cc3)S2)CCc2c(C)c(O)c(O)c(C)c2O1,0.5739130434782609
CCOCOOOc1ccc(C[C@@H]2SC(=NOC[C@]3(C)CCc4c(C)c(O)c(C)c(C)c4O3)NC2=O)cc1,0.6495726495726496
CCCOc1ccc(C[C@@H]2SC(=NOOOOCCO)NC2=O)cc1,0.3277310924369748
COCc1ccc(C[C@@H]2SC(=NC[C@]3(C)CCc4c(C)c(O)c(C)c(C)c4O3)NC2=O)cc1,0.6635514018691588
COOc1ccc(C[C@@H]2SC(=N[C@]3(C)CCc4c(C)c(-c5ccc(OO)cc5)c(C)c(C)c4O3)NC2=O)cc1,0.4961832061068702
Cc1c(C)c2c(c(C)c1O)CC[C@@](C)(N=C1NC(=O)[C@H](Cc3ccc(OO)cc3)S1)O2,0.6862745098039216
CCCOOC[C@@]1(ON=C2NC(=O)[C@H](Cc3ccc(OCO)cc3)S2)CCc2c(C)c(O)c(C)c(C)c2O1,0.6083333333333333
CCOCOOOc1ccc(C[C@@H]2SC(=NO)NC2=O)cc1,0.33035714285714285
Cc1c(C)c2c(c(C)c1COO)CC[C@@](C)(CON=C1NC(=O)[C@H](Cc3ccc(OOOOCO)cc3)S1)O2,0.568
CCOc1c(O)c(C)c(C)c2c1CC[C@@](O)(ON=C1NC(=O)[C@H](Cc3ccc(OCOO)cc3)S1)O2,0.5454545454545454
CCCOOc1c(C)c2c(c(C)c1O)CC[C@@](C)(CN=C1NC(=O)[C@H](Cc3ccc(COC)cc3)S1)O2,0.532258064516129
COOc1ccc(C[C@@H]2SC(=NOC[C@]3(C)CCc4c(C)c(O)c(C)c(C)c4O3)NC2=O)cc1,0.7238095238095238
Cc1c(O)c(-c2ccc(OOCO)cc2)c(C)c2c1CC[C@@](C)(N=C1NC(=O)[C@H](Cc3ccc(OO)cc3)S1)O2,0.48507462686567165
O=C1NC(=NCCOO)S[C@H]1Cc1ccc(OCOO)cc1,0.34234234234234234
CON=C1NC(=O)[C@H](Cc2ccc(OCOOOC)cc2)S1,0.35454545454545455
CCCOO[C@]1(CC)CCc2c(C)c(O)c(C)c(C)c2O1,0.3619047619047619
Cc1c(C)c2c(c(C)c1O)CC[C@](N=C1NC(=O)[C@H](Cc3ccc(OCCCOO)cc3)S1)(OCO)O2,0.5966386554621849
CCCOOc1c(C)c(O)c(C)c2c1O[C@@](Oc1ccc(COCC)cc1)([C@@H]1SC(=O)NC1=O)CC2,0.5203252032520326
CCCOOO[C@]1(C)CCc2c(C)c(O)c(C)c(C)c2O1,0.375
CCOCc1ccc(C[C@@H]2SC(=NC[C@]3(C)CCc4c(C)c(COO)c(C)c(C)c4O3)NC2=O)cc1,0.5454545454545454
CCOCOOc1ccc(C[C@@H]2SC(=NOC[C@]3(C)CCc4c(C)c(O)c(C)c(C)c4O3)NC2=O)cc1,0.6666666666666666
Cc1c(C)c2c(c(C)c1O)CC[C@](N=C1NC(=O)[C@H](Cc3ccc(OO)cc3)S1)(c1ccc(OOCO)cc1)O2,0.5307692307692308
CCCOOc1c(O)c(C)c(C)c2c1CC[C@@](C)(CN=C1NC(=O)[C@H](Cc3ccc(COO)cc3)S1)O2,0.532258064516129
CCOCc1c(C)c(C)c2c(c1C)CC[C@@](C)(N=C1NC(=O)[C@H](Cc3ccc(OO)cc3)S1)O2,0.5739130434782609
O=C1NC(=NN=C2NC(=O)[C@H](Cc3ccc(OCOO)cc3)S2)S[C@H]1Cc1ccc(COO)cc1,0.3076923076923077
CCOc1ccc(COCc2ccc(O[C@]3([C@@H]4SC(=O)NC4=O)CCc4c(C)c(O)c(C)c(C)c4O3)cc2)cc1,0.5546875
Cc1c(C)c2c(c(C)c1O)CC[C@@](C)(CN=C1NC(=O)[C@H](Cc3ccc(OCCCOO)cc3)S1)O2,0.6846846846846847
CCOc1ccc(C[C@@H]2SC(=NCCCOO)NC2=O)cc1,0.35454545454545455
CCOC[C@@]1(N=C2NC(=O)[C@H](Cc3ccc(OOC)cc3)S2)CCc2c(C)c(O)c(C)c(C)c2O1,0.6283185840707964
CCCOc1ccc(C[C@@H]2SC(=NOOOCO)NC2=O)cc1,0.34513274336283184
CC[C@@]1(C[C@@H]2SC(=NO[C@]3(C)CCc4c(C)c(O)c(C)c(C)c4O3)NC2=O)CCc2c(C)c(O)c(C)c(C)c2O1,0.3732394366197183
CO[C@@]1(N=C2NC(=O)[C@H](Cc3ccc(OCCCOO)cc3)S2)CCc2c(C)c(O)c(C)c(C)c2O1,0.6260869565217392
O=C1NC(=NCCCOO)S[C@H]1Cc1ccc(COO)cc1,0.28448275862068967
CCOCOOc1ccc(C[C@@H]2SC(=NOCOCCCOO)NC2=O)cc1,0.2846153846153846
CCCOc1ccc(C[C@@H]2SC(=NCOOOCCO)NC2=O)cc1,0.3277310924369748
CCOc1ccc(C[C@@H]2SC(=NOOOOCCO)NC2=O)cc1,0.33620689655172414
CCCOOC[C@@H]1SC(=NOC[C@]2(C)CCc3c(C)c(O)c(C)c(C)c3O2)NC1=O,0.49557522123893805
Cc1c(C)c2c(c(C)c1O)CC[C@@](C)(CON=C1NC(=O)[C@H](Cc3ccc(OOOCOO)cc3)S1)O2,0.6666666666666666
Cc1c(C)c2c(c(C)c1O)CC[C@@](C)(CON=C1NC(=O)[C@H](Cc3ccc(OO)cc3)S1)O2,0.7450980392156863
Cc1c(C)c2c(c(C)c1O)CC[C@@](C)(ON=C1NC(=O)[C@H](Cc3ccc(Oc4ccc(OO)cc4)cc3)S1)O2,0.5555555555555556
O=C1NC(=NCOOOOCCO)S[C@H]1Cc1ccc(COO)cc1,0.264
CCOc1ccc(C[C@@H]2SC(=NON=C3NC(=O)[C@H](Cc4ccc(OOOCOO)cc4)S3)NC2=O)cc1,0.2980132450331126
Cc1c(O)c(C)c(OOOCO)c2c1CC[C@@](C)(ON=C1NC(=O)[C@H](Cc3ccc(OO)cc3)S1)O2,0.5327868852459017
Cc1c(C)c2c(c(C)c1O)CC[C@@](C)(CN=C1NC(=O)[C@H](Cc3ccc(OOOCO)cc3)S1)O2,0.6727272727272727
Cc1c(C)c2c(c(C)c1O)CC[C@](Oc1ccc(COCCOO)cc1)([C@@H]1SC(=O)NC1=O)O2,0.6017699115044248
CCOCc1ccc(O[C@]2([C@@H]3SC(=O)NC3=O)CCc3c(C)c(O)c(C)c(OC)c3O2)cc1,0.5614035087719298
O=C1NC(=Nc2ccc(OO)cc2)S[C@H]1Cc1ccc(OO)cc1,0.3135593220338983
CCCOOc1ccc(CN=C2NC(=O)[C@H](Cc3ccc(COC)cc3)S2)cc1,0.29770992366412213
COOOCOc1ccc(C[C@@H]2SC(=N[C@]3(C)CCc4c(C)c(O)c(O)c(C)c4O3)NC2=O)cc1,0.5862068965517241
COCc1ccc(C[C@@H]2SC(=NCN=C3NC(=O)[C@H](Cc4ccc(OCOO)cc4)S3)NC2=O)cc1,0.3103448275862069
Cc1c(C)c2c(c(C)c1O)CC[C@@](C)(C[C@@H]1SC(=N[C@]3(C)CCc4c(C)c(O)c(C)c(C)c4O3)NC1=O)O2,0.4
CCOOc1ccc(C[C@@H]2SC(=NC[C@]3(C)CCc4c(C)c(O)c(C)c(C)c4O3)NC2=O)cc1,0.6915887850467289
O=C1NC(=NON=C2NC(=O)[C@H](Cc3ccc(OOOCOO)cc3)S2)S[C@H]1Cc1ccc(OOCO)cc1,0.267515923566879
COOc1ccc(C[C@@H]2SC(=N[C@]3(C)CCc4c(C)c(OCO)c(C)c(C)c4O3)NC2=O)cc1,0.5877192982456141
CCOc1ccc(COCc2ccc(O[C@]3([C@@H]4SC(=O)NC4=O)CCc4c(C)c(O)c(C)c(C)c4O3)cc2)cc1,0.5546875
CCOOc1ccc(CON=C2NC(=O)[C@H](Cc3ccc(OOCO)cc3)S2)cc1,0.291044776119403
O=C1NC(=NCCCOO)S[C@H]1Cc1ccc(OO)cc1,0.32727272727272727
Cc1c(C)c2c(c(C)c1O)CC[C@](N=C1NC(=O)[C@H](Cc3ccc(OO)cc3)S1)(OCCCOO)O2,0.5847457627118644
O=C1NC(=NCc2ccc(OCCCCOO)cc2)S[C@H]1Cc1ccc(OOOCO)cc1,0.28169014084507044
CCOCOOc1ccc(C[C@@H]2SC(=NOCN=C3NC(=O)[C@H](Cc4ccc(OCC)cc4)S3)NC2=O)cc1,0.2922077922077922
Cc1c(C)c2c(c(C)c1O)CC[C@@](C)(N=C1NC(=O)[C@H](Cc3ccc(OCOO)cc3)S1)O2,0.6952380952380952
COCCOc1ccc(C[C@@H]2SC(=NC[C@]3(C)CCc4c(C)c(O)c(C)c(C)c4O3)NC2=O)cc1,0.7037037037037037
CCOc1c(C)c(O)c(C)c2c1O[C@](C)(CON=C1NC(=O)[C@H](Cc3ccc(OO)cc3)S1)CC2,0.6428571428571429
CCOc1ccc(C[C@@H]2SC(=NN=C3NC(=O)[C@H](Cc4ccc(OCOO)cc4)S3)NC2=O)cc1,0.31690140845070425
CCCOO[C@@]1(N=C2NC(=O)[C@H](Cc3ccc(OOC)cc3)S2)CCc2c(C)c(O)c(C)c(C)c2O1,0.5982905982905983
CCOc1ccc(C[C@@H]2SC(=NON=C3NC(=O)[C@H](Cc4ccc(OOOCO)cc4)S3)NC2=O)cc1,0.30405405405405406
O=C1NC(=Nc2ccc(OOCO)cc2)S[C@H]1Cc1ccc(OCOO)cc1,0.31496062992125984
O=C1NC(=NCc2ccc(OCCOO)cc2)S[C@H]1Cc1ccc(OOOCOO)cc1,0.28776978417266186
COCCOc1ccc(-c2ccc(OOCO)cc2)cc1,0.176
Cc1c(C)c2c(c(C)c1O)CC[C@@](C)(CN=C1NC(=O)[C@H](CCOO)S1)O2,0.5094339622641509
COON=C1NC(=O)[C@H](Cc2ccc(OCOOOC)cc2)S1,0.34513274336283184
Cc1c(C)c2c(c(C)c1O)CC[C@@](C)(ON=C1NC(=O)[C@H](CO)S1)O2,0.4807692307692308
Cc1c(C)c2c(c(C)c1COO)CC[C@@](C)(CON=C1NC(=O)[C@H](Cc3ccc(OO)cc3)S1)O2,0.6283185840707964
O=C1NC(=NOOCCCOO)S[C@H]1Cc1ccc(OCO)cc1,0.3247863247863248
O=C1NC(=NOOCO)S[C@H]1Cc1ccc(OCOO)cc1,0.34234234234234234
COCc1c(C)c(O)c(C)c2c1O[C@](C)(N=C1NC(=O)[C@H](Cc3ccc(OO)cc3)S1)CC2,0.5892857142857143
COOc1ccc(C[C@@H]2SC(=N[C@]3(C)CCc4c(C)c(O)c(C)c(OC)c4O3)NC2=O)cc1,0.5752212389380531
CCO[C@@H]1SC(=NO[C@]2(C)CCc3c(C)c(O)c(C)c(C)c3O2)NC1=O,0.44036697247706424
COOc1ccc(C[C@@H]2SC(=NOC[C@]3(C)CCc4c(C)c(O)c(C)c(C)c4O3)NC2=O)cc1,0.7238095238095238
CCCOc1ccc(C[C@@H]2SC(=NCCOO)NC2=O)cc1,0.35454545454545455
Cc1c(C)c2c(c(C)c1O)CC[C@@](C)(ON=C1NC(=O)[C@H](COCCCOO)S1)O2,0.4322033898305085
Cc1c(C)c2c(c(C)c1O)CC[C@@](C)(Cc1ccc(OCCOO)cc1)O2,0.594059405940594
O=C1NC(=NCc2ccc(OCCCOO)cc2)S[C@H]1Cc1ccc(OCCCCOO)cc1,0.27586206896551724
CCCOc1ccc(C[C@@H]2SC(=NCOO)NC2=O)cc1,0.3644859813084112
CCOc1ccc(CC[C@@H]2SC(=NOC[C@]3(C)CCc4c(C)c(O)c(C)c(C)c4O3)NC2=O)cc1,0.6727272727272727
Cc1c(C)c2c(c(C)c1O)CC[C@@](C)(ON=C1NC(=O)[C@H](OCO)S1)O2,0.44036697247706424
Cc1c(C)c2c(c(C)c1O)CC[C@@](COO)(N=C1NC(=O)[C@H](Cc3ccc(OCCCOO)cc3)S1)O2,0.6101694915254238
CCOc1ccc(C[C@@H]2SC(=NON=C3NC(=O)[C@H](Cc4ccc(OOOCO)cc4)S3)NC2=O)cc1,0.30405405405405406
O=C1NC(=NCOO)S[C@H]1Cc1ccc(OOOCO)cc1,0.3185840707964602
Cc1c(O)c(C)c(COO)c2c1CC[C@@](C)(N=C1NC(=O)[C@H](Cc3ccc(OCOO)cc3)S1)O2,0.5726495726495726
COOc1ccc(C[C@@H]2SC(=N[C@]3(COO)CCc4c(C)c(O)c(C)c(C)c4O3)NC2=O)cc1,0.6454545454545455
Cc1c(C)c2c(c(OOOCO)c1O)CC[C@@](C)(CN=C1NC(=O)[C@H](Cc3ccc(COO)cc3)S1)O2,0.52
CCCOc1ccc(C[C@@H]2SC(=NCON=C3NC(=O)[C@H](Cc4ccc(OCO)cc4)S3)NC2=O)cc1,0.30405405405405406
Cc1c(C)c2c(c(C)c1OCCCOO)CC[C@@](C)(CON=C1NC(=O)[C@H](Cc3ccc(OO)cc3)S1)O2,0.5950413223140496
CCOc1ccc(C[C@@H]2SC(=NON=C3NC(=O)[C@H](Cc4ccc(COO)cc4)S3)NC2=O)cc1,0.31690140845070425
COOc1c(C)c(O)c(C)c2c1O[C@](C)(ON=C1NC(=O)[C@H](Cc3ccc(OO)cc3)S1)CC2,0.5603448275862069
CCCOOc1c(C)c(O)c(C)c2c1O[C@](C)(N=C1NC(=O)[C@H](Cc3ccc(OOC)cc3)S1)CC2,0.5454545454545454
CCOc1ccc(C[C@@H]2SC(=NOC[C@]3(C)CCc4c(C)c(O)c(C)c(C)c4O3)NC2=O)cc1,0.7572815533980582
Cc1c(C)c2c(c(C)c1O)CC[C@@](C)(CON=C1NC(=O)[C@H](COCO)S1)O2,0.5233644859813084
Cc1c(C)c2c(c(C)c1O)CC[C@@](C)(CON=C1NC(=O)[C@H](Cc3ccc(OOOCO)cc3)S1)O2,0.6846846846846847
O=C1NC(=NCc2ccc(OOCO)cc2)S[C@H]1Cc1ccc(OOOCO)cc1,0.2814814814814815
O=C1NC(=Nc2ccc(OCOO)cc2)S[C@H]1Cc1ccc(OOOCOO)cc1,0.3007518796992481
O=C1NC(=NOCO)S[C@H]1Cc1ccc(OOOCO)cc1,0.3185840707964602
Cc1c(O)c(C)c(-c2ccc(OO)cc2)c2c1CC[C@@](C)(N=C1NC(=O)[C@H](Cc3ccc(OO)cc3)S1)O2,0.49612403100775193
Cc1c(O)c(OOOCO)c(C)c2c1CC[C@@](C)(N=C1NC(=O)[C@H](Cc3ccc(OO)cc3)S1)O2,0.5462184873949579
CCCOOc1c(C)c(C)c2c(c1C)CC[C@@](C)(CON=C1NC(=O)[C@H](Cc3ccc(OO)cc3)S1)O2,0.5966386554621849
CCOCOOc1ccc(C[C@@H]2SC(=NOC[C@]3(C)CCc4c(C)c(O)c(O)c(C)c4O3)NC2=O)cc1,0.5966386554621849
O=C1NC(=NON=C2NC(=O)[C@H](Cc3ccc(OOOCO)cc3)S2)S[C@H]1Cc1ccc(OOCO)cc1,0.2727272727272727
COO[C@@H]1SC(=N[C@]2(C)CCc3c(C)c(O)c(C)c(C)c3O2)NC1=O,0.4392523364485981
Cc1c(C)c2c(c(C)c1O)CC[C@@](C)(CC[C@@H]1SC(=N[C@]3(C)CCc4c(C)c(O)c(C)c(C)c4O3)NC1=O)O2,0.40145985401459855
CCOc1ccc(N=C2NC(=O)[C@H](Cc3ccc(OCOO)cc3)S2)cc1,0.3333333333333333
Cc1c(C)c2c(c(C)c1O)CC[C@@](C)(N=C1NC(=O)[C@H](COCO)S1)O2,0.4811320754716981
Cc1c(C)c2c(c(C)c1O)CC[C@@](C)(CON=C1NC(=O)[C@H](CCc3ccc(OCOOOCO)cc3)S1)O2,0.6065573770491803
COOc1c(O)c(C)c(C)c2c1CC[C@@](C)(CON=C1NC(=O)[C@H](Cc3ccc(OOOCO)cc3)S1)O2,0.5819672131147541
Cc1c(C)c2c(c(C)c1O)CC[C@@](C)(N=C1NC(=O)[C@H](Cc3ccc(OCOOCO)cc3)S1)O2,0.6576576576576577
CCCOOc1ccc(N=C2NC(=O)[C@H](Cc3ccc(OCOO)cc3)S2)cc1,0.3178294573643411
CCOc1ccc(-c2c(C)c(O)c(C)c3c2O[C@](C)(N=C2NC(=O)[C@H](Cc4ccc(OO)cc4)S2)CC3)cc1,0.53125
CCOc1ccc(C[C@@H]2SC(=NON=C3NC(=O)[C@H](Cc4ccc(OCOO)cc4)S3)NC2=O)cc1,0.3103448275862069
COCCOc1ccc(CN=C2NC(=O)[C@H](Cc3ccc(OOOCO)cc3)S2)cc1,0.3037037037037037
Cc1c(C)c2c(c(C)c1O)CC[C@@](C)(CON=C1NC(=O)[C@H](Cc3ccc(OOOOCO)cc3)S1)O2,0.6666666666666666
CCCOOc1ccc(Cc2ccc(OCC)cc2)cc1,0.20491803278688525
CC[C@@]1(ON=C2NC(=O)[C@H](Cc3ccc(OCO)cc3)S2)CCc2c(C)c(O)c(C)c(C)c2O1,0.6605504587155964
CCCOc1ccc(C[C@@H]2SC(=NO[C@]3(C)CCc4c(C)c(O)c(C)c(C)c4O3)NC2=O)cc1,0.6759259259259259
CCOON=C1NC(=O)[C@H](Cc2ccc(OOC)cc2)S1,0.3394495412844037
Cc1c(O)c(OOCO)c(C)c2c1CC[C@@](C)(CON=C1NC(=O)[C@H](Cc3ccc(OOOCOO)cc3)S1)O2,0.5426356589147286
CCOc1c(C)c(O)c(C)c2c1O[C@](C)(N=C1NC(=O)[C@H](Cc3ccc(OOC)cc3)S1)CC2,0.5877192982456141
CCCOOCCCOc1ccc(C[C@@H]2SC(=NC[C@]3(C)CCc4c(C)c(O)c(C)c(C)c4O3)NC2=O)cc1,0.6333333333333333
COOc1ccc(C[C@@H]2SC(=NO[C@]3(C)CCc4c(C)c(O)c(C)c(C)c4O3)NC2=O)cc1,0.6481481481481481
Cc1c(C)c2c(c(OOOCO)c1O)CC[C@@](C)(CON=C1NC(=O)[C@H](Cc3ccc(OOOCO)cc3)S1)O2,0.5426356589147286
COOc1ccc(C[C@@H]2SC(=NOC[C@]3(C)CCc4c(C)c(O)c(OOCO)c(C)c4O3)NC2=O)cc1,0.5966386554621849
CCCOc1ccc(CO[C@]2(C)CCc3c(C)c(O)c(C)c(C)c3O2)cc1,0.5480769230769231
Cc1c(C)c2c(c(C)c1O)CC[C@](N=C1NC(=O)[C@H](Cc3ccc(OO)cc3)S1)(c1ccc(OCOO)cc1)O2,0.5546875
CCOc1ccc(C[C@@H]2SC(=NCOC)NC2=O)cc1,0.375
COCCOc1ccc(C[C@@H]2SC(=N[C@]3(C)CCc4c(C)c(O)c(C)c(C)c4O3)NC2=O)cc1,0.6759259259259259
Cc1c(C)c2c(c(C)c1O)CC[C@@](C)(N=C1NC(=O)[C@H](Cc3ccc(OCOOOCO)cc3)S1)O2,0.6403508771929824
CCOc1ccc(N=C2NC(=O)[C@H](Cc3ccc(OO)cc3)S2)cc1,0.3504273504273504
CC[C@@]1(N=C2NC(=O)[C@H](Cc3ccc(OO)cc3)S2)CCc2c(C)c(O)c(C)c(C)c2O1,0.6666666666666666
COCc1ccc(C[C@@H]2SC(=NCc3ccc(OOOCO)cc3)NC2=O)cc1,0.29770992366412213
O=C1NC(=NCO)S[C@H]1Cc1ccc(OOOCO)cc1,0.32727272727272727
CCCOc1c(O)c(C)c(C)c2c1CC[C@@](CC)(ON=C1NC(=O)[C@H](Cc3ccc(OCO)cc3)S1)O2,0.5447154471544715
CCOCOOc1ccc(C[C@@H]2SC(=NOCC)NC2=O)cc1,0.3217391304347826
CCOc1ccc(Oc2ccc(C[C@@H]3SC(=NC[C@]4(C)CCc5c(C)c(O)c(C)c(C)c5O4)NC3=O)cc2)cc1,0.6178861788617886
CCCOOc1c(C)c(C)c2c(c1C)CC[C@@](C)(CON=C1NC(=O)[C@H](Cc3ccc(OO)cc3)S1)O2,0.5966386554621849
Cc1c(C)c2c(c(C)c1O)CC[C@](N=C1NC(=O)[C@H](Cc3ccc(OO)cc3)S1)(OOOCO)O2,0.6
CCCOOCOc1ccc(CC[C@@H]2SC(=NOC[C@]3(C)CCc4c(C)c(O)c(C)c(C)c4O3)NC2=O)cc1,0.6065573770491803
CCCCCOc1ccc(C[C@@H]2SC(=NC[C@]3(C)CCc4c(C)c(O)c(C)c(C)c4O3)NC2=O)cc1,0.6846846846846847
O=C1NC(=NCN=C2NC(=O)[C@H](Cc3ccc(OOOCO)cc3)S2)S[C@H]1Cc1ccc(COO)cc1,0.2781456953642384
Cc1c(C)c2c(c(C)c1O)CC[C@@](C)(COc1ccc(OCOO)cc1)O2,0.61
CCc1c(C)c2c(c(C)c1O)CC[C@@](C)(CON=C1NC(=O)[C@H](Cc3ccc(OOC)cc3)S1)O2,0.6283185840707964
CCCCCOc1ccc(C[C@@H]2SC(=NC[C@]3(O)CCc4c(C)c(O)c(C)c(C)c4O3)NC2=O)cc1,0.6260869565217392
O=C1NC(=NCOOOCO)S[C@H]1Cc1ccc(COO)cc1,0.2773109243697479
CC[C@@]1(C[C@@H]2SC(=NO[C@]3(C)CCc4c(C)c(O)c(C)c(C)c4O3)NC2=O)CCc2c(C)c(O)c(C)c(C)c2O1,0.3732394366197183
CCCOc1ccc(C[C@@H]2SC(=NC[C@]3(C)CCc4c(C)c(O)c(C)c(C)c4O3)NC2=O)cc1,0.7238095238095238
Cc1c(C)c2c(c(C)c1O)CC[C@@](C)(N=C1NC(=O)[C@H](Cc3ccc(OCOO)cc3)S1)O2,0.6952380952380952
CCc1c(C)c2c(c(C)c1O)CC[C@@](C)(N=C1NC(=O)[C@H](Cc3ccc(OO)cc3)S1)O2,0.6055045871559633
CCCOc1ccc(C[C@@H]2SC(=NCC)NC2=O)cc1,0.375
CCCCCOc1ccc(C[C@@H]2SC(=NC[C@]3(OCCC)CCc4c(C)c(O)c(C)c(C)c4O3)NC2=O)cc1,0.5806451612903226
CCOc1ccc(C[C@@H]2SC(=NOC[C@]3(C)CCc4c(C)c(COO)c(C)c(C)c4O3)NC2=O)cc1,0.6403508771929824
CCOc1ccc(CC[C@@H]2SC(=NOC[C@]3(COO)CCc4c(C)c(O)c(C)c(C)c4O3)NC2=O)cc1,0.5702479338842975
Cc1c(C)c2c(c(C)c1O)CC[C@@](C)(CCN=C1NC(=O)[C@H](Cc3ccc(OOOCO)cc3)S1)O2,0.6548672566371682
Cc1c(C)c2c(c(C)c1O)CC[C@@](C)(N=C1NC(=O)[C@H](Cc3ccc(OCCCCOO)cc3)S1)O2,0.6403508771929824
CCOCOc1ccc(C[C@@H]2SC(=N[C@]3(C)CCc4c(C)c(O)c(COO)c(C)c4O3)NC2=O)cc1,0.5714285714285714
O=C1NC(=Nc2ccc(OOOCO)cc2)S[C@H]1Cc1ccc(OOOCO)cc1,0.2814814814814815
CCCOc1ccc(C[C@@H]2SC(=NCN=C3NC(=O)[C@H](Cc4ccc(OO)cc4)S3)NC2=O)cc1,0.31690140845070425
Cc1c(C)c2c(c(C)c1O)CC[C@](N=C1NC(=O)[C@H](Cc3ccc(OO)cc3)S1)(OOOCO)O2,0.6
CCOCOOc1ccc(C[C@@H]2SC(=NOCCOO)NC2=O)cc1,0.30578512396694213
Cc1c(C)c2c(c(C)c1O)CC[C@@](C)(CN=C1NC(=O)[C@H](Cc3ccc(-c4ccc(OCOO)cc4)cc3)S1)O2,0.6178861788617886
CCOc1ccc(-c2c(C)c(O)c(C)c3c2O[C@](C)(ON=C2NC(=O)[C@H](Cc4ccc(OO)cc4)S2)CC3)cc1,0.5190839694656488
CCCOc1ccc(C[C@@H]2SC(=NOOCO)NC2=O)cc1,0.35454545454545455
CCOCOOc1ccc(C[C@@H]2SC(=NOCOOC)NC2=O)cc1,0.30578512396694213
COCc1c(C)c(O)c(C)c2c1O[C@](C)(ON=C1NC(=O)[C@H](Cc3ccc(OO)cc3)S1)CC2,0.5739130434782609
CCCOOc1c(C)c2c(c(C)c1O)CC[C@@](C)(N=C1NC(=O)[C@H](Cc3ccc(OO)cc3)S1)O2,0.559322033898305
CCCCCOc1ccc(C[C@@H]2SC(=NC[C@]3(C)CCc4c(c(C)c(C)c(O)c4OOCCC)O3)NC2=O)cc1,0.5546875
Cc1c(C)c2c(c(C)c1O)CC[C@@](C)(CON=C1NC(=O)[C@H](Cc3ccc(OOCO)cc3)S1)O2,0.7037037037037037
O=C1NC(=Nc2ccc(OO)cc2)S[C@H]1Cc1ccc(OO)cc1,0.3135593220338983
Cc1c(C)c2c(c(C)c1O)CC[C@@](C)(ON=C1NC(=O)[C@H](Cc3ccc(OO)cc3)S1)O2,0.6666666666666666
CCOOc1ccc(CC[C@@H]2SC(=NC[C@]3(C)CCc4c(C)c(O)c(C)c(C)c4O3)NC2=O)cc1,0.6140350877192983
Cc1c(C)c2c(c(C)c1O)CC[C@@](C)(CON=C1NC(=O)[C@H](Cc3ccc(OCCCCOO)cc3)S1)O2,0.6782608695652174
O=C1NC(=NON=C2NC(=O)[C@H](Cc3ccc(OOOCOO)cc3)S2)S[C@H]1Cc1ccc(OOCO)cc1,0.267515923566879
CCN=C1NC(=O)[C@H](Cc2ccc(OOOCOO)cc2)S1,0.33035714285714285
CCCOc1ccc(C[C@@H]2SC(=NCCc3ccc(OOCC)cc3)NC2=O)cc1,0.3106060606060606
Cc1c(C)c2c(c(C)c1O)CC[C@@](C)(CON=C1NC(=O)[C@H](Cc3ccc(OCCCOOCO)cc3)S1)O2,0.6610169491525424
CCCOOc1ccc(Cc2ccc(OOCC)cc2)cc1,0.18110236220472442
CCCCCc1c(C)c(C)c2c(c1C)CC[C@@](C)(CON=C1NC(=O)[C@H](Cc3ccc(OCC)cc3)S1)O2,0.5950413223140496
CCc1c(C)c2c(c(C)c1O)CC[C@@](C)(CON=C1NC(=O)[C@H](Cc3ccc(OOC)cc3)S1)O2,0.6283185840707964
CCCOc1ccc(C[C@@H]2SC(=NOOOCO)NC2=O)cc1,0.34513274336283184
OCOOOc1ccc(-c2ccc(OCCCCOO)cc2)cc1,0.15555555555555556
COOc1c(C)c(C)c2c(c1C)CC[C@@](C)(CON=C1NC(=O)[C@H](Cc3ccc(OOCO)cc3)S1)O2,0.5966386554621849
O=C1NC(=NCCc2ccc(OOCO)cc2)S[C@H]1Cc1ccc(OOOCO)cc1,0.2753623188405797
Cc1c(C)c2c(c(C)c1O)CC[C@@](C)(CN=C1NC(=O)[C@H](OC[C@]3(C)CCc4c(C)c(O)c(C)c(C)c4O3)S1)O2,0.4028776978417266
CCc1ccc(C[C@@H]2SC(=NC[C@]3(C)CCc4c(C)c(O)c(C)c(C)c4O3)NC2=O)cc1,0.6666666666666666
Cc1c(C)c2c(c(C)c1O)CC[C@@](C)(CN=C1NC(=O)[C@H](OOOCO)S1)O2,0.46846846846846846
Cc1c(O)c(C)c(OOCO)c2c1CC[C@@](C)(N=C1NC(=O)[C@H](Cc3ccc(OCOO)cc3)S1)O2,0.5583333333333333
CCCCCOc1ccc(C[C@@H]2SC(=NC[C@]3(COO)CCc4c(C)c(O)c(C)c(C)c4O3)NC2=O)cc1,0.6083333333333333
CCCOc1ccc(C[C@@H]2SC(=NN=C3NC(=O)[C@H](Cc4ccc(OO)cc4)S3)NC2=O)cc1,0.3237410071942446
CCCOOc1ccc(ON=C2NC(=O)[C@H](Cc3ccc(OOCO)cc3)S2)cc1,0.291044776119403
COO[C@@H]1SC(=NC[C@]2(C)CCc3c(C)c(O)c(C)c(C)c3O2)NC1=O,0.4811320754716981
Cc1c(C)c2c(c(C)c1O)CC[C@@](C)(CN=C1NC(=O)[C@H](c3ccc(OO)cc3)S1)O2,0.5925925925925926
CCc1ccc(C[C@@H]2SC(=NCN=C3NC(=O)[C@H](Cc4ccc(OCOO)cc4)S3)NC2=O)cc1,0.31690140845070425
CCCOc1ccc(C[C@@H]2SC(=Nc3ccc(OCCCCOO)cc3)NC2=O)cc1,0.3037037037037037
CCCOOc1c(O)c(C)c(C)c2c1CC[C@@](C)(CN=C1NC(=O)[C@H](Cc3ccc(OCCC)cc3)S1)O2,0.5819672131147541
COCON=C1NC(=O)[C@H](Cc2ccc(OO)cc2)S1,0.3490566037735849
CCCOc1c(C)c(O)c(C)c2c1O[C@](C)(ON=C1NC(=O)[C@H](Cc3ccc(OO)cc3)S1)CC2,0.5726495726495726
O=C1NC(=NOO)S[C@H]1Cc1ccc(OOCO)cc1,0.3364485981308411
COc1ccc(C[C@@H]2SC(=N[C@]3(C)CCc4c(C)c(O)c(C)c(C)c4O3)NC2=O)cc1,0.6862745098039216
CCCOCOOc1ccc(C[C@@H]2SC(=NOC[C@]3(C)CCc4c(C)c(O)c(C)c(C)c4O3)NC2=O)cc1,0.6495726495726496
O=C1NC(=NCOOCO)S[C@H]1Cc1ccc(OOOCO)cc1,0.3025210084033613
COCCON=C1NC(=O)[C@H](Cc2ccc(OOOOCO)cc2)S1,0.30578512396694213
O=C1NC(=NOc2ccc(OOCO)cc2)S[C@H]1Cc1ccc(OO)cc1,0.30158730158730157
Cc1c(C)c2c(c(C)c1O)CC[C@@](C)(CN=C1NC(=O)[C@H](OOOCO)S1)O2,0.46846846846846846
CCOCOc1ccc(C[C@@H]2SC(=N[C@]3(C)CCc4c(COC)c(O)c(C)c(C)c4O3)NC2=O)cc1,0.5714285714285714
Cc1c(C)c2c(c(C)c1O)CC[C@@](C)(OCc1ccc(OOCO)cc1)O2,0.5188679245283019
CCCOOC[C@@H]1SC(=NO[C@]2(C)CCc3c(C)c(O)c(C)c(C)c3O2)NC1=O,0.4434782608695652
Cc1c(C)c(-c2ccc(OO)cc2)c(C)c2c1O[C@](C)(N=C1NC(=O)[C@H](Cc3ccc(OO)cc3)S1)CC2,0.5078125
O=C1NC(=NCc2ccc(OCOO)cc2)S[C@H]1Cc1ccc(OOOCO)cc1,0.3007518796992481
CCCOOCN=C1NC(=O)[C@H](Cc2ccc(OCCC)cc2)S1,0.33620689655172414
CN=C1NC(=O)[C@H](Cc2ccc(OOOCO)cc2)S1,0.3490566037735849
CCCOc1ccc(C[C@@H]2SC(=NCN=C3NC(=O)[C@H](Cc4ccc(OOOCO)cc4)S3)NC2=O)cc1,0.2980132450331126
Cc1c(C)c2c(c(O)c1O)CC[C@@](C)(CON=C1NC(=O)[C@H](Cc3ccc(OOOCO)cc3)S1)O2,0.5982905982905983
CCCOc1ccc(Cc2ccc(OCCCCOO)cc2)cc1,0.19083969465648856
Cc1c(O)c(OOCO)c(C)c2c1CC[C@@](C)(CON=C1NC(=O)[C@H](Cc3ccc(OOOCOO)cc3)S1)O2,0.5426356589147286
COOC[C@@H]1SC(=NOC[C@]2(C)CCc3c(C)c(O)c(C)c(C)c3O2)NC1=O,0.5233644859813084
COOc1ccc(C[C@@H]2SC(=NON=C3NC(=O)[C@H](Cc4ccc(OO)cc4)S3)NC2=O)cc1,0.3049645390070922
CCCOc1ccc(C[C@@H]2SC(=NCN=C3NC(=O)[C@H](Cc4ccc(OOOCOO)cc4)S3)NC2=O)cc1,0.2922077922077922
Cc1c(C)c2c(c(C)c1O)CC[C@@](C)(N=C1NC(=O)[C@H](Cc3ccc(OCOc4ccc(OO)cc4)cc3)S1)O2,0.5793650793650794
CCCOc1ccc(COC[C@]2(C)CCc3c(C)c(O)c(C)c(C)c3O2)cc1,0.6078431372549019
CCCOCN=C1NC(=O)[C@H](Cc2ccc(OCCC)cc2)S1,0.34513274336283184
CCOOc1ccc(C[C@@H]2SC(=NC[C@]3(C)CCc4c(C)c(O)c(C)c(C)c4O3)NC2=O)cc1,0.6915887850467289
Cc1c(O)c(C)c(OOCO)c2c1CC[C@@](C)(N=C1NC(=O)[C@H](Cc3ccc(OCOO)cc3)S1)O2,0.5583333333333333
CCOOc1ccc(Cc2ccc(OCCCCOO)cc2)cc1,0.19083969465648856
CCCOc1ccc(C[C@@H]2SC(=NCCN=C3NC(=O)[C@H](Cc4ccc(OOCC)cc4)S3)NC2=O)cc1,0.2980132450331126
Cc1c(O)c(COO)c(C)c2c1CC[C@@](C)(CON=C1NC(=O)[C@H](Cc3ccc(OOOCOO)cc3)S1)O2,0.5555555555555556
CCCCCCOc1ccc(C[C@@H]2SC(=NC[C@]3(C)CCc4c(C)c(O)c(C)c(C)c4O3)NC2=O)cc1,0.6666666666666666
CCCOc1ccc(C[C@@H]2SC(=NO[C@]3(C)CCc4c(C)c(O)c(C)c(C)c4O3)NC2=O)cc1,0.6759259259259259
CCc1c(C)c(O)c(C)c2c1O[C@](C)(ON=C1NC(=O)[C@H](Cc3ccc(OO)cc3)S1)CC2,0.5892857142857143
CCOOc1c(C)c(C)c2c(c1C)CC[C@@](C)(CON=C1NC(=O)[C@H](Cc3ccc(OCC)cc3)S1)O2,0.6101694915254238
CCOOc1ccc(C[C@@H]2SC(=NC[C@]3(C)CCc4c(C)c(O)c(C)c(C)c4O3)NC2=O)cc1,0.6915887850467289
Cc1c(C)c2c(c(C)c1O)CC[C@@](C)(N=C1NC(=O)[C@H](Cc3ccc(OCOO)cc3)S1)O2,0.6952380952380952
CCCOc1ccc(C[C@@H]2SC(=NCN=C3NC(=O)[C@H](Cc4ccc(OCCC)cc4)S3)NC2=O)cc1,0.30405405405405406
O=C1NC(=NCc2ccc(OCOO)cc2)S[C@H]1Cc1ccc(OO)cc1,0.3225806451612903
Cc1c(O)c(O)c(C)c2c1CC[C@@](C)(ON=C1NC(=O)[C@H](Cc3ccc(OO)cc3)S1)O2,0.5765765765765766
O=C1NC(=NOc2ccc(OOOCO)cc2)S[C@H]1Cc1ccc(OCCCCOO)cc1,0.28169014084507044
CCCOc1c(C)c(C)c2c(c1C)CC[C@@](C)(N=C1NC(=O)[C@H](Cc3ccc(OOC)cc3)S1)O2,0.559322033898305
Cc1c(C)c2c(c(C)c1O)CC[C@@](C)(CN=C1NC(=O)[C@H](c3ccc(OCCCCOO)cc3)S1)O2,0.5583333333333333
CCc1c(C)c(C)c2c(c1C)CC[C@@](C)(CON=C1NC(=O)[C@H](Cc3ccc(OOOOCO)cc3)S1)O2,0.5819672131147541
Cc1c(C)c2c(c(C)c1O)CC[C@@](C)(ON=C1NC(=O)[C@H](Cc3ccc(OOOCO)cc3)S1)O2,0.6283185840707964
CCCOc1ccc(C[C@@H]2SC(=NC[C@]3(C)CCc4c(C)c(O)c(C)c(OOCC)c4O3)NC2=O)cc1,0.5966386554621849
COCCOc1ccc(C[C@@H]2SC(=N[C@]3(C)CCc4c(COO)c(O)c(C)c(C)c4O3)NC2=O)cc1,0.5714285714285714
COc1ccc([C@@H]2SC(=N[C@]3(C)CCc4c(C)c(O)c(C)c(C)c4O3)NC2=O)cc1,0.5504587155963303
CCOOc1c(C)c(O)c(C)c2c1O[C@](C)(N=C1NC(=O)[C@H](Cc3ccc(OOC)cc3)S1)CC2,0.559322033898305
CCCOc1ccc(C[C@@H]2SC(=NOOCC)NC2=O)cc1,0.35454545454545455
CCOOCOc1ccc(C[C@@H]2SC(=NC[C@]3(C)CCc4c(C)c(O)c(C)c(C)c4O3)NC2=O)cc1,0.6846846846846847
Cc1c(C)c2c(c(C)c1O)CC[C@@](C)(CN=C1NC(=O)[C@H](c3ccc(OOOCO)cc3)S1)O2,0.5603448275862069
CCCOc1ccc(C[C@@H]2SC(=NC[C@]3(C)CCc4c(C)c(O)c(C)c(O)c4O3)NC2=O)cc1,0.6454545454545455
CCOc1ccc(Oc2ccc(C[C@@H]3SC(=N[C@]4(C)CCc5c(C)c(O)c(C)c(C)c5O4)NC3=O)cc2)cc1,0.5934959349593496
Cc1c(C)c2c(c(C)c1O)CC[C@@](C)(CN=C1NC(=O)[C@H](Cc3ccc(COO)cc3)S1)O2,0.6635514018691588
Cc1c(C)c2c(c(C)c1O)CC[C@@](C)(COCc1ccc(OCOO)cc1)O2,0.6078431372549019
Cc1c(C)c2c(c(C)c1O)CC[C@@](O)(N=C1NC(=O)[C@H](Cc3ccc(OO)cc3)S1)O2,0.6538461538461539
COCc1c(C)c(C)c2c(c1C)CC[C@@](C)(CON=C1NC(=O)[C@H](Cc3ccc(OO)cc3)S1)O2,0.6283185840707964
Cc1c(C)c2c(c(C)c1O)CC[C@@](C)(CO[C@@H]1SC(=NO[C@]3(C)CCc4c(C)c(O)c(C)c(C)c4O3)NC1=O)O2,0.39285714285714285
CCCOOOCOc1ccc(C[C@@H]2SC(=N[C@]3(C)CCc4c(C)c(O)c(C)c(C)c4O3)NC2=O)cc1,0.6239316239316239
CCCOc1ccc(C[C@@H]2SC(=NC[C@]3(C)CCc4c(C)c(O)c(C)c(C)c4O3)NC2=O)cc1,0.7238095238095238
O=C1NC(=NOO)S[C@H]1Cc1ccc(OCCCCOO)cc1,0.3333333333333333
CCCCCc1c(C)c2c(c(C)c1O)CC[C@@](C)(ON=C1NC(=O)[C@H](Cc3ccc(OO)cc3)S1)O2,0.5454545454545454
Cc1c(C)c2c(c(C)c1O)CC[C@@](C)(N=C1NC(=O)[C@H](Cc3ccc(OCOO)cc3)S1)O2,0.6952380952380952
CCCOc1ccc(C[C@@H]2SC(=NON=C3NC(=O)[C@H](Cc4ccc(OCCCCOO)cc4)S3)NC2=O)cc1,0.28662420382165604
CCOOc1c(C)c2c(c(C)c1O)CC[C@@](C)(CON=C1NC(=O)[C@H](Cc3ccc(OOC)cc3)S1)O2,0.5966386554621849
O=C1NC(=NCc2ccc(OCOO)cc2)S[C@H]1Cc1ccc(OOOCO)cc1,0.3007518796992481
COOc1ccc(C[C@@H]2SC(=NOc3ccc(OCCCCOO)cc3)NC2=O)cc1,0.3037037037037037
CCCOc1ccc(C[C@@H]2SC(=NCON=C3NC(=O)[C@H](Cc4ccc(OOCO)cc4)S3)NC2=O)cc1,0.2980132450331126
COc1ccc([C@@H]2SC(=N[C@]3(C)CCc4c(C)c(O)c(C)c(C)c4O3)NC2=O)cc1,0.5504587155963303
Cc1c(C)c2c(c(C)c1O)CC[C@@](C)(CON=C1NC(=O)[C@H](c3ccc(OOOCO)cc3)S1)O2,0.5726495726495726
Cc1c(O)c(C)c(OOCO)c2c1CC[C@@](C)(CON=C1NC(=O)[C@H](Cc3ccc(OOOCOO)cc3)S1)O2,0.5426356589147286
CCCOc1c(O)c(C)c(C)c2c1CC[C@@](C)(ON=C1NC(=O)[C@H](Cc3ccc(OO)cc3)S1)O2,0.5726495726495726
CCCOc1ccc(C[C@@H]2SC(=NC[C@]3(C)CCc4c(C)c(O)c(C)c(C)c4O3)NC2=O)cc1,0.7238095238095238
CCOOc1ccc(C[C@@H]2SC(=NCN=C3NC(=O)[C@H](Cc4ccc(OO)cc4)S3)NC2=O)cc1,0.2986111111111111
OOCCCCOc1ccc(Cc2ccc(OCOO)cc2)cc1,0.18181818181818182
COc1ccc(COc2ccc(C[C@@H]3SC(=NO[C@]4(C)CCc5c(C)c(O)c(C)c(C)c5O4)NC3=O)cc2)cc1,0.5793650793650794
COc1ccc([C@@H]2SC(=N[C@]3(C)CCc4c(C)c(O)c(C)c(C)c4O3)NC2=O)cc1,0.5504587155963303
CCCCCOC[C@]1(C)CCc2c(C)c(O)c(C)c(C)c2O1,0.43137254901960786
O=C1NC(=Nc2ccc(OCCCCOO)cc2)S[C@H]1Cc1ccc(OO)cc1,0.3076923076923077
O=C1NC(=NOO)S[C@H]1Cc1ccc(OOCO)cc1,0.3364485981308411
Cc1c(C)c2c(c(C)c1O)CC[C@@](C)(N=C1NC(=O)[C@H](Cc3ccc(OO)cc3)S1)O2,0.6862745098039216
COOCOc1ccc(C[C@@H]2SC(=NO[C@]3(C)CCc4c(C)c(O)c(C)c(C)c4O3)NC2=O)cc1,0.6576576576576577
Cc1c(C)c2c(c(C)c1O)CC[C@@](C)(N=C1NC(=O)[C@H](Cc3ccc(OCCOO)cc3)S1)O2,0.6759259259259259
COCCCCOc1ccc(C[C@@H]2SC(=NOC[C@]3(C)CCc4c(C)c(O)c(C)c(C)c4O3)NC2=O)cc1,0.6782608695652174
CCOc1ccc(-c2ccc(C[C@@H]3SC(=NC[C@]4(C)CCc5c(C)c(O)c(C)c(C)c5O4)NC3=O)cc2)cc1,0.6333333333333333
Cc1c(C)c2c(c(C)c1O)CC[C@@](C)(CON=C1NC(=O)[C@H](CCc3ccc(OOCO)cc3)S1)O2,0.6260869565217392
COC[C@@H]1SC(=N[C@]2(C)CCc3c(C)c(O)c(C)c(C)c3O2)NC1=O,0.4807692307692308
CCCOc1ccc(COC[C@]2(C)CCc3c(C)c(O)c(C)c(C)c3O2)cc1,0.6078431372549019
CCCOc1ccc(C[C@@H]2SC(=NCOCCOO)NC2=O)cc1,0.33620689655172414
Cc1c(C)c2c(c(O)c1O)CC[C@@](C)(N=C1NC(=O)[C@H](Cc3ccc(OO)cc3)S1)O2,0.5925925925925926
O=C1NC(=NCN=C2NC(=O)[C@H](Cc3ccc(OOOCO)cc3)S2)S[C@H]1Cc1ccc(OCOO)cc1,0.2894736842105263
COCCCCOc1ccc(Cc2ccc(OC)cc2)cc1,0.2
CCOOc1ccc(CON=C2NC(=O)[C@H](Cc3ccc(OOC)cc3)S2)cc1,0.29770992366412213
CCN=C1NC(=O)[C@H](Cc2ccc(OOOCO)cc2)S1,0.3394495412844037
COCCCCOc1ccc(C[C@]2(C)CCc3c(C)c(O)c(C)c(C)c3O2)cc1,0.5607476635514018
COC[C@@]1(N=C2NC(=O)[C@H](Cc3ccc(OCOO)cc3)S2)CCc2c(C)c(O)c(C)c(C)c2O1,0.6576576576576577
CCCOOc1ccc(ON=C2NC(=O)[C@H](Cc3ccc(OOCO)cc3)S2)cc1,0.291044776119403
COOc1c(C)c(O)c(C)c2c1O[C@](C)(N=C1NC(=O)[C@H](Cc3ccc(OCOO)cc3)S1)CC2,0.5862068965517241
CCOCOc1ccc(C[C@@H]2SC(=N[C@]3(C)CCc4c(c(C)c(C)c(O)c4OCCOO)O3)NC2=O)cc1,0.544
COOc1ccc(C[C@@H]2SC(=NOOO)NC2=O)cc1,0.3364485981308411
CCCOc1ccc(C[C@@H]2SC(=Nc3ccc(OC)cc3)NC2=O)cc1,0.3416666666666667
CCCOc1ccc(C[C@@H]2SC(=NCN=C3NC(=O)[C@H](Cc4ccc(OOOCO)cc4)S3)NC2=O)cc1,0.2980132450331126
Cc1c(C)c2c(c(C)c1O)CC[C@@](C)(ON=C1NC(=O)[C@H](Cc3ccc(OO)cc3)S1)O2,0.6666666666666666
COCOc1ccc(C[C@@H]2SC(=NC[C@]3(C)CCc4c(C)c(O)c(C)c(C)c4O3)NC2=O)cc1,0.7238095238095238
CCOOc1ccc(C[C@@H]2SC(=NC[C@]3(C)CCc4c(c(C)c(C)c(O)c4OCCOO)O3)NC2=O)cc1,0.5691056910569106
Cc1c(C)c2c(c(C)c1O)CC[C@@](C)(CON=C1NC(=O)[C@H](Cc3ccc(OCCCCOOCO)cc3)S1)O2,0.6446280991735537
CCOOC[C@@H]1SC(=N[C@]2(C)CCc3c(C)c(O)c(C)c(C)c3O2)NC1=O,0.46788990825688076
CCCOON=C1NC(=O)[C@H](Cc2ccc(OCOO)cc2)S1,0.34513274336283184
COCCCCOc1ccc(CN=C2NC(=O)[C@H](Cc3ccc(OOOCO)cc3)S2)cc1,0.2907801418439716
CCCOOc1ccc(N=C2NC(=O)[C@H](Cc3ccc(OCOO)cc3)S2)cc1,0.3178294573643411
CCCCC[C@@H]1SC(=NO[C@]2(C)CCc3c(C)c(O)c(C)c(C)c3O2)NC1=O,0.45535714285714285
CCOOCOc1ccc(CN=C2NC(=O)[C@H](Cc3ccc(OOCC)cc3)S2)cc1,0.3037037037037037
CCOc1ccc(ON=C2NC(=O)[C@H](Cc3ccc(OOCO)cc3)S2)cc1,0.3253968253968254
Cc1c(C)c2c(c(C)c1O)CC[C@@](C)(CN=C1NC(=O)[C@H](Cc3ccc(OOCO)cc3)S1)O2,0.6915887850467289
CCCCCON=C1NC(=O)[C@H](Cc2ccc(OOCO)cc2)S1,0.3135593220338983
COCCOc1ccc(C[C@@H]2SC(=NC[C@]3(C)CCc4c(C)c(O)c(C)c(C)c4O3)NC2=O)cc1,0.7037037037037037
Cc1c(C)c2c(c(C)c1O)CC[C@@](C)(CN=C1NC(=O)[C@H](COO)S1)O2,0.5242718446601942
Cc1c(O)c(C)c2c(c1O)O[C@](C)(N=C1NC(=O)[C@H](Cc3ccc(OCOO)cc3)S1)CC2,0.6036036036036037
COCc1ccc(C[C@@H]2SC(=NOC[C@]3(C)CCc4c(C)c(O)c(C)c(C)c4O3)NC2=O)cc1,0.6759259259259259
Cc1c(C)c2c(c(C)c1O)CC[C@@](C)(CON=C1NC(=O)[C@H](Cc3ccc(OCO)cc3)S1)O2,0.7572815533980582
CCCOc1ccc(C[C@@H]2SC(=NC[C@]3(COC)CCc4c(C)c(O)c(C)c(C)c4O3)NC2=O)cc1,0.6403508771929824
COCOc1ccc(C[C@@H]2SC(=NCc3ccc(OC)cc3)NC2=O)cc1,0.3333333333333333
Cc1c(C)c2c(c(C)c1O)CC[C@@](C)(CN=C1NC(=O)[C@H](Cc3ccc(OCCOCCOO)cc3)S1)O2,0.6495726495726496
Cc1c(C)c2c(c(C)c1O)CC[C@@](C)(CON=C1NC(=O)[C@H](CCOO)S1)O2,0.5233644859813084
CCCOOc1c(C)c(C)c2c(c1C)CC[C@@](C)(CON=C1NC(=O)[C@H](Cc3ccc(OO)cc3)S1)O2,0.5966386554621849
COC[C@@H]1SC(=NOC[C@]2(C)CCc3c(C)c(O)c(C)c(C)c3O2)NC1=O,0.5384615384615384
Cc1c(C)c2c(c(C)c1O)CC[C@@](C)(CON=C1NC(=O)[C@H](OCO)S1)O2,0.5094339622641509
CCCOCOc1ccc(C[C@@H]2SC(=NC[C@]3(C)CCc4c(C)c(O)c(C)c(C)c4O3)NC2=O)cc1,0.6846846846846847
CCCOOc1ccc(Cc2ccc(OCCCCOO)cc2)cc1,0.1865671641791045
CCCOCOc1ccc(CC[C@@H]2SC(=NC[C@]3(C)CCc4c(C)c(O)c(C)c(C)c4O3)NC2=O)cc1,0.6101694915254238
O=C1NC(=NCc2ccc(OOCO)cc2)S[C@H]1Cc1ccc(OO)cc1,0.30158730158730157
CCCOc1ccc(C[C@@H]2SC(=NCc3ccc(OOOCO)cc3)NC2=O)cc1,0.3106060606060606
COCON=C1NC(=O)[C@H](Cc2ccc(OCCCCOO)cc2)S1,0.3277310924369748
OCOOc1ccc(Cc2ccc(OCOO)cc2)cc1,0.1951219512195122
COCCOc1ccc(C[C@@H]2SC(=NC[C@]3(C)CCc4c(C)c(O)c(C)c(C)c4O3)NC2=O)cc1,0.7037037037037037
COc1ccc(C[C@@H]2SC(=N[C@]3(C)CCc4c(C)c(O)c(C)c(C)c4O3)NC2=O)cc1,0.6862745098039216
COOc1ccc(C[C@@H]2SC(=NC[C@]3(C)CCc4c(C)c(O)c(C)c(C)c4O3)NC2=O)cc1,0.7115384615384616
CCCOc1ccc(C[C@@H]2SC(=Nc3ccc(OCO)cc3)NC2=O)cc1,0.3333333333333333
COCCOc1ccc(C[C@]2(C)CCc3c(C)c(O)c(C)c(C)c3O2)cc1,0.594059405940594
COCCOc1ccc(C[C@@H]2SC(=NC[C@]3(C)CCc4c(O)c(O)c(C)c(C)c4O3)NC2=O)cc1,0.6283185840707964
CCCOc1ccc(C[C@@H]2SC(=NC[C@]3(C)CCc4c(C)c(O)c(C)c(OCCOC)c4O3)NC2=O)cc1,0.5819672131147541
CCOOc1ccc(C[C@@H]2SC(=NCc3ccc(OOCO)cc3)NC2=O)cc1,0.29770992366412213
CCOOCOc1ccc(C[C@@H]2SC(=N[C@]3(C)CCc4c(C)c(O)c(C)c(C)c4O3)NC2=O)cc1,0.6576576576576577
CCOOc1ccc(C[C@@H]2SC(=NCCc3ccc(OOC)cc3)NC2=O)cc1,0.29770992366412213
COCCCCOc1ccc(C[C@@H]2SC(=NOC[C@]3(C)CCc4c(C)c(O)c(C)c(OC)c4O3)NC2=O)cc1,0.5934959349593496
COCCOc1ccc(C[C@@H]2SC(=NCCc3ccc(OCOO)cc3)NC2=O)cc1,0.3037037037037037
O=C1NC(=NOCc2ccc(OCOO)cc2)S[C@H]1Cc1ccc(OCCCCOO)cc1,0.28169014084507044
COCCON=C1NC(=O)[C@H](Cc2ccc(OO)cc2)S1,0.3394495412844037
CON=C1NC(=O)[C@H](Cc2ccc(OCCCCOO)cc2)S1,0.34513274336283184
Cc1c(C)c2c(c(C)c1O)CC[C@@](C)(CN=C1NC(=O)[C@H](Cc3ccc(OCOO)cc3)S1)O2,0.7238095238095238
COCOc1ccc(C[C@@H]2SC(=NCON=C3NC(=O)[C@H](Cc4ccc(OOC)cc4)S3)NC2=O)cc1,0.30405405405405406
Cc1c(O)c(OCO)c(C)c2c1CC[C@@](C)(N=C1NC(=O)[C@H](Cc3ccc(OCOO)cc3)S1)O2,0.5726495726495726
COc1c(O)c(C)c(C)c2c1CC[C@@](C)(CN=C1NC(=O)[C@H](Cc3ccc(OOCO)cc3)S1)O2,0.6
CCCOO[C@@]1(CN=C2NC(=O)[C@H](Cc3ccc(OCCC)cc3)S2)CCc2c(C)c(O)c(C)c(C)c2O1,0.5950413223140496
Cc1c(C)c2c(c(C)c1O)CC[C@@](C)(CN=C1NC(=O)[C@H](Cc3ccc(OOCO)cc3)S1)O2,0.6915887850467289
COOC[C@@H]1SC(=NC[C@]2(C)CCc3c(C)c(O)c(C)c(C)c3O2)NC1=O,0.5094339622641509
CCCCCc1c(C)c(C)c2c(c1C)CC[C@@](C)(CN=C1NC(=O)[C@H](Cc3ccc(OCOC)cc3)S1)O2,0.5691056910569106
CCCOOc1ccc(C[C@]2(C)CCc3c(C)c(O)c(C)c(C)c3O2)cc1,0.5631067961165048
CCOOc1c(C)c(C)c2c(c1C)CC[C@@](C)(CON=C1NC(=O)[C@H](Cc3ccc(OCC)cc3)S1)O2,0.6101694915254238
O=C1NC(=NOc2ccc(OCO)cc2)S[C@H]1Cc1ccc(OOCO)cc1,0.31496062992125984
CCOOCOc1ccc(CN=C2NC(=O)[C@H](Cc3ccc(OCCOC)cc3)S2)cc1,0.2971014492753623
Cc1c(C)c2c(c(C)c1O)CC[C@@](C)(CON=C1NC(=O)[C@H](Cc3ccc(OCOO)cc3)S1)O2,0.7358490566037735
Cc1c(C)c2c(c(C)c1O)CC[C@@](C)(CON=C1NC(=O)[C@H](Cc3ccc(OO)cc3)S1)O2,0.7450980392156863
Cc1c(C)c2c(c(C)c1O)CC[C@@](C)(ON=C1NC(=O)[C@H](Cc3ccc(OCOO)cc3)S1)O2,0.6759259259259259
CCOOc1ccc(C[C@@H]2SC(=NCN=C3NC(=O)[C@H](Cc4ccc(OCO)cc4)S3)NC2=O)cc1,0.3103448275862069
COCCCCOc1ccc(C[C@@H]2SC(=NOC[C@]3(C)CCc4c(C)c(O)c(C)c(OCO)c4O3)NC2=O)cc1,0.5793650793650794
Cc1c(C)c2c(c(C)c1O)CC[C@@](C)(Cc1ccc(OCOO)cc1)O2,0.6122448979591837
Cc1c(C)c2c(c(C)c1O)CC[C@](N=C1NC(=O)[C@H](Cc3ccc(OO)cc3)S1)(c1ccc(OO)cc1)O2,0.544
CCCOOc1ccc(C[C@@H]2SC(=N[C@]3(C)CCc4c(C)c(O)c(C)c(C)c4O3)NC2=O)cc1,0.6454545454545455
CON=C1NC(=O)[C@H](Cc2ccc(OCOO)cc2)S1,0.375
Cc1c(C)c2c(c(C)c1O)CC[C@@](C)(C[C@@H]1SC(=N[C@]3(C)CCc4c(C)c(O)c(C)c(C)c4O3)NC1=O)O2,0.4
CCCOc1ccc(C[C@@H]2SC(=NC[C@]3(C)CCc4c(C)c(O)c(C)c(C)c4O3)NC2=O)cc1,0.7238095238095238
CCCOCOc1ccc(CC[C@@H]2SC(=NC[C@]3(C)CCc4c(C)c(O)c(C)c(C)c4O3)NC2=O)cc1,0.6101694915254238
CCCOc1ccc(C[C@@H]2SC(=NN=C3NC(=O)[C@H](Cc4ccc(OO)cc4)S3)NC2=O)cc1,0.3237410071942446
COOOCOc1ccc(C[C@@H]2SC(=N[C@]3(C)CCc4c(C)c(O)c(C)c(C)c4O3)NC2=O)cc1,0.6576576576576577
Cc1c(C)c2c(c(C)c1O)CC[C@@](C)(CON=C1NC(=O)[C@H](Cc3ccc(O)cc3)S1)O2,0.7156862745098039
CCCOOc1ccc(-c2ccc(OCOO)cc2)cc1,0.176
Cc1c(C)c2c(c(C)c1O)CC[C@@](C)(CN=C1NC(=O)[C@H](Cc3ccc(OCOO)cc3)S1)O2,0.7238095238095238
CCCOc1ccc(C[C@@H]2SC(=N[C@]3(C)CCc4c(C)c(O)c(C)c(C)c4O3)NC2=O)cc1,0.6952380952380952
COC[C@@H]1SC(=NOC[C@]2(C)CCc3c(C)c(O)c(C)c(C)c3O2)NC1=O,0.5384615384615384
CCCOc1ccc(C[C@@H]2SC(=NN=C3NC(=O)[C@H](Cc4ccc(OOCO)cc4)S3)NC2=O)cc1,0.3103448275862069
CCCCN=C1NC(=O)[C@H](Cc2ccc(OCCOC)cc2)S1,0.34513274336283184
COc1ccc(C[C@@H]2SC(=N[C@]3(C)CCc4c(C)c(O)c(-c5ccc(OC)cc5)c(C)c4O3)NC2=O)cc1,0.5078125
COOc1ccc(C[C@@H]2SC(=NCOO)NC2=O)cc1,0.3490566037735849
Cc1c(C)c2c(c(C)c1O)CC[C@@](C)(CN=C1NC(=O)[C@H](c3ccc(OCOO)cc3)S1)O2,0.6036036036036037
Cc1c(C)c2c(c(-c3ccc(OOCO)cc3)c1O)CC[C@@](C)(N=C1NC(=O)[C@H](Cc3ccc(OO)cc3)S1)O2,0.48507462686567165
Cc1c(O)c(-c2ccc(OO)cc2)c(C)c2c1CC[C@@](C)(N=C1NC(=O)[C@H](Cc3ccc(OO)cc3)S1)O2,0.49612403100775193
O=C1NC(=NOc2ccc(OCO)cc2)S[C@H]1Cc1ccc(OO)cc1,0.3305785123966942
COOc1ccc(Cc2ccc(C[C@@H]3SC(=N[C@]4(C)CCc5c(C)c(O)c(C)c(C)c5O4)NC3=O)cc2)cc1,0.568
COOc1ccc(C[C@@H]2SC(=NOCc3ccc(OCOO)cc3)NC2=O)cc1,0.3178294573643411
COc1ccc(C[C@@H]2SC(=N[C@]3(C)CCc4c(C)c(-c5ccc(OC)cc5)c(C)c(C)c4O3)NC2=O)cc1,0.49612403100775193
Cc1c(C)c2c(c(C)c1O)CC[C@@](C)(CN=C1NC(=O)[C@H](c3ccc(OOCO)cc3)S1)O2,0.5752212389380531
O=C1NC(=NCc2ccc(OOCO)cc2)S[C@H]1Cc1ccc(OO)cc1,0.30158730158730157
COCOc1ccc(C[C@@H]2SC(=NC[C@]3(COC)CCc4c(C)c(O)c(C)c(C)c4O3)NC2=O)cc1,0.6403508771929824
CCCOCOc1ccc(C[C@@H]2SC(=NC[C@]3(C)CCc4c(C)c(COC)c(C)c(C)c4O3)NC2=O)cc1,0.5691056910569106
COc1ccc(C[C@@H]2SC(=N[C@]3(C)CCc4c(C)c(O)c(-c5ccc(OCOO)cc5)c(C)c4O3)NC2=O)cc1,0.5190839694656488
Cc1c(C)c2c(c(C)c1O)CC[C@@](C)(N=C1NC(=O)[C@H](Cc3ccc(OCOOO)cc3)S1)O2,0.6759259259259259
CCCO[C@@]1(CON=C2NC(=O)[C@H](Cc3ccc(OOCO)cc3)S2)CCc2c(C)c(O)c(C)c(C)c2O1,0.5819672131147541
COc1ccc(-c2c(C)c3c(c(C)c2O)CC[C@@](C)(N=C2NC(=O)[C@H](Cc4ccc(OO)cc4)S2)O3)cc1,0.5078125
COCCOc1c(O)c(C)c(C)c2c1CC[C@@](C)(CN=C1NC(=O)[C@H](Cc3ccc(OOCO)cc3)S1)O2,0.5691056910569106
CCOOc1ccc(C[C@@H]2SC(=NCN=C3NC(=O)[C@H](Cc4ccc(OCOO)cc4)S3)NC2=O)cc1,0.30405405405405406
COCCOc1ccc(C[C@@H]2SC(=NCCN=C3NC(=O)[C@H](Cc4ccc(OCOC)cc4)S3)NC2=O)cc1,0.2922077922077922
COOCOOc1ccc(C[C@@H]2SC(=NC[C@]3(C)CCc4c(C)c(O)c(C)c(C)c4O3)NC2=O)cc1,0.6548672566371682
Cc1c(C)c2c(c(C)c1O)CC[C@@](C)(CN=C1NC(=O)[C@H](Cc3ccc(COO)cc3)S1)O2,0.6635514018691588
O=C1NC(=NCc2ccc(OOCO)cc2)S[C@H]1Cc1ccc(OCOO)cc1,0.3076923076923077
O=C1NC(=NCc2ccc(OCOO)cc2)S[C@H]1Cc1ccc(OOCO)cc1,0.3076923076923077
Cc1c(C)c2c(c(C)c1O)CC[C@@](C)(N=C1NC(=O)[C@H](C)S1)O2,0.45098039215686275
CCCON=C1NC(=O)[C@H](Cc2ccc(OOC)cc2)S1,0.3394495412844037
CCCCCOc1ccc(C[C@@H]2SC(=NC[C@]3(CCC)CCc4c(C)c(O)c(C)c(C)c4O3)NC2=O)cc1,0.5950413223140496
Cc1c(C)c2c(c(C)c1O)CC[C@@](C)(N=C1NC(=O)[C@H](Cc3ccc(OOCO)cc3)S1)O2,0.6635514018691588
COOON=C1NC(=O)[C@H](Cc2ccc(OOCO)cc2)S1,0.33035714285714285
CCCOOc1ccc(C[C@@H]2SC(=NC[C@]3(C)CCc4c(C)c(O)c(C)c(C)c4O3)NC2=O)cc1,0.6727272727272727
COc1ccc(-c2ccc(C[C@@H]3SC(=NOC[C@]4(C)CCc5c(C)c(O)c(C)c(C)c5O4)NC3=O)cc2)cc1,0.6333333333333333
O=C1NC(=NON=C2NC(=O)[C@H](Cc3ccc(OOCO)cc3)S2)S[C@H]1Cc1ccc(OOCO)cc1,0.2781456953642384
CCc1c(C)c2c(c(C)c1O)CC[C@@](C)(CN=C1NC(=O)[C@H](Cc3ccc(OCCOC)cc3)S1)O2,0.6120689655172413
Cc1c(C)c2c(c(C)c1O)CC[C@@](C)(CON=C1NC(=O)[C@H](Cc3ccc(OO)cc3)S1)O2,0.7450980392156863
CCCOc1c(C)c2c(c(C)c1O)CC[C@@](C)(N=C1NC(=O)[C@H](Cc3ccc(OO)cc3)S1)O2,0.5877192982456141
Cc1c(C)c2c(c(C)c1O)CC[C@@](C)(c1ccc(OOOCO)cc1)O2,0.4766355140186916
COOc1ccc(C[C@@H]2SC(=NC[C@]3(C)CCc4c(C)c(O)c(C)c(C)c4O3)NC2=O)cc1,0.7115384615384616
CCOOc1ccc(C[C@@H]2SC(=NC[C@]3(CC)CCc4c(C)c(O)c(C)c(C)c4O3)NC2=O)cc1,0.6140350877192983
COCCOCN=C1NC(=O)[C@H](Cc2ccc(OOC)cc2)S1,0.3217391304347826
CCCOc1ccc(C[C@@H]2SC(=Nc3ccc(OC)cc3)NC2=O)cc1,0.3416666666666667
Cc1c(O)c(-c2ccc(OO)cc2)c(C)c2c1CC[C@@](C)(N=C1NC(=O)[C@H](Cc3ccc(OO)cc3)S1)O2,0.49612403100775193
CCCOOc1ccc(C[C@@H]2SC(=N[C@]3(C)CCc4c(C)c(O)c(C)c(C)c4O3)NC2=O)cc1,0.6454545454545455
CCOOCOc1ccc(CN=C2NC(=O)[C@H](Cc3ccc(OOC)cc3)S2)cc1,0.3106060606060606
OCOOc1ccc(-c2ccc(OCOO)cc2)cc1,0.17073170731707318
COCCOc1ccc(C[C@@H]2SC(=NCOO)NC2=O)cc1,0.35454545454545455
COc1ccc(COc2ccc(C[C@@H]3SC(=N[C@]4(C)CCc5c(C)c(O)c(C)c(C)c5O4)NC3=O)cc2)cc1,0.5934959349593496
O=C1NC(=Nc2ccc(OCOO)cc2)S[C@H]1Cc1ccc(OCO)cc1,0.3225806451612903
CCCOc1c(O)c(C)c(C)c2c1CC[C@@](C)(CN=C1NC(=O)[C@H](Cc3ccc(OCOO)cc3)S1)O2,0.5966386554621849
CCCOOc1ccc(-c2ccc(OCCOC)cc2)cc1,0.171875
Cc1c(C)c2c(c(C)c1O)CC[C@@](C)(CCc1ccc(OOCO)cc1)O2,0.5631067961165048
COCOc1ccc(C[C@@H]2SC(=NCc3ccc(OOCO)cc3)NC2=O)cc1,0.3178294573643411
Cc1c(C)c2c(c(C)c1O)CC[C@@](C)(c1ccc(OOOCO)cc1)O2,0.4766355140186916
Cc1c(C)c2c(c(C)c1O)CC[C@](N=C1NC(=O)[C@H](Cc3ccc(OO)cc3)S1)(OCO)O2,0.6330275229357798
COOc1ccc(C[C@@H]2SC(=NCCc3ccc(OCOO)cc3)NC2=O)cc1,0.3178294573643411
Cc1c(C)c2c(c(C)c1O)CC[C@@](C)(CN=C1NC(=O)[C@H](Cc3ccc(O)cc3)S1)O2,0.6862745098039216
Cc1c(O)c(C)c(COO)c2c1CC[C@@](C)(N=C1NC(=O)[C@H](Cc3ccc(OCOO)cc3)S1)O2,0.5726495726495726
COOc1ccc(C[C@@H]2SC(=NOc3ccc(OCOO)cc3)NC2=O)cc1,0.3253968253968254
COCCOc1c(O)c(C)c(C)c2c1CC[C@@](C)(CN=C1NC(=O)[C@H](Cc3ccc(OOCO)cc3)S1)O2,0.5691056910569106
CCOOc1ccc(C[C@@H]2SC(=NC[C@]3(C)CCc4c(O)c(O)c(C)c(C)c4O3)NC2=O)cc1,0.6160714285714286
CCCON=C1NC(=O)[C@H](Cc2ccc(OCCC)cc2)S1,0.35454545454545455
Cc1c(O)c(C)c2c(c1O)O[C@](C)(N=C1NC(=O)[C@H](Cc3ccc(OO)cc3)S1)CC2,0.5925925925925926
COCCOc1c(O)c(C)c(C)c2c1CC[C@@](C)(CN=C1NC(=O)[C@H](Cc3ccc(OCOO)cc3)S1)O2,0.5819672131147541
COc1ccc(C[C@@H]2SC(=N[C@]3(C)CCc4c(C)c(O)c(-c5ccc(OCOO)cc5)c(C)c4O3)NC2=O)cc1,0.5190839694656488
COOc1ccc(C[C@@H]2SC(=NOC[C@]3(C)CCc4c(C)c(O)c(C)c(C)c4O3)NC2=O)cc1,0.7238095238095238
Cc1c(C)c2c(c(C)c1O)CC[C@@](C)(CON=C1NC(=O)[C@H](COCO)S1)O2,0.5233644859813084
COCc1c(O)c(C)c(C)c2c1CC[C@@](C)(CN=C1NC(=O)[C@H](Cc3ccc(OOCO)cc3)S1)O2,0.5847457627118644
O=C1NC(=NOc2ccc(OO)cc2)S[C@H]1Cc1ccc(O)cc1,0.3247863247863248
COOOc1ccc(C[C@@H]2SC(=NC[C@]3(C)CCc4c(C)c(O)c(C)c(C)c4O3)NC2=O)cc1,0.6915887850467289
CCOOc1c(C)c(O)c(C)c2c1O[C@](C)(N=C1NC(=O)[C@H](Cc3ccc(OO)cc3)S1)CC2,0.5739130434782609
CCCOc1ccc(C[C@@H]2SC(=NC[C@]3(COO)CCc4c(C)c(O)c(C)c(C)c4O3)NC2=O)cc1,0.6403508771929824
O=C1NC(=NON=C2NC(=O)[C@H](Cc3ccc(OOCO)cc3)S2)S[C@H]1Cc1ccc(OCO)cc1,0.3013698630136986
O=C1NC(=NOON=C2NC(=O)[C@H](Cc3ccc(OO)cc3)S2)S[C@H]1Cc1ccc(O)cc1,0.3115942028985507
COCCOC[C@@H]1SC(=NC[C@]2(C)CCc3c(C)c(O)c(C)c(C)c3O2)NC1=O,0.48214285714285715
OCOOc1ccc(Cc2ccc(OCOO)cc2)cc1,0.1951219512195122
CCCOc1ccc(C[C@@H]2SC(=NCc3ccc(OCO)cc3)NC2=O)cc1,0.3253968253968254
COc1c(O)c(C)c(C)c2c1CC[C@@](C)(CON=C1NC(=O)[C@H](Cc3ccc(OCOO)cc3)S1)O2,0.6403508771929824
CCCOc1c(C)c(C)c2c(c1C)CC[C@@](C)(CON=C1NC(=O)[C@H](Cc3ccc(OOCO)cc3)S1)O2,0.5950413223140496
CCCOc1ccc(C[C@@H]2SC(=NC[C@]3(C)CCc4c(C)c(O)c(C)c(C)c4O3)NC2=O)cc1,0.7238095238095238
COOc1ccc(Cc2ccc(C[C@@H]3SC(=NC[C@]4(C)CCc5c(C)c(O)c(C)c(C)c5O4)NC3=O)cc2)cc1,0.592
COCCOOc1ccc(C[C@@H]2SC(=N[C@]3(C)CCc4c(C)c(O)c(C)c(C)c4O3)NC2=O)cc1,0.6283185840707964
COOc1ccc(C[C@@H]2SC(=NOC[C@]3(C)CCc4c(C)c(O)c(OOC)c(C)c4O3)NC2=O)cc1,0.6120689655172413
CCOOc1ccc(C[C@@H]2SC(=NCON=C3NC(=O)[C@H](Cc4ccc(OCOO)cc4)S3)NC2=O)cc1,0.2980132450331126
CCOOCN=C1NC(=O)[C@H](Cc2ccc(OCOC)cc2)S1,0.34513274336283184
COCOc1ccc(C[C@@H]2SC(=NC[C@]3(C)CCc4c(C)c(O)c(C)c(C)c4O3)NC2=O)cc1,0.7238095238095238
COOc1ccc(C[C@@H]2SC(=NCON=C3NC(=O)[C@H](Cc4ccc(OCOO)cc4)S3)NC2=O)cc1,0.30405405405405406
CCCO[C@@H]1SC(=NOC[C@]2(C)CCc3c(C)c(O)c(C)c(C)c3O2)NC1=O,0.4954128440366973
CCOO[C@@]1(CON=C2NC(=O)[C@H](Cc3ccc(OOCO)cc3)S2)CCc2c(C)c(O)c(C)c(C)c2O1,0.5819672131147541
CCc1c(C)c(O)c(C)c2c1O[C@](C)(CN=C1NC(=O)[C@H](Cc3ccc(OOOC)cc3)S1)CC2,0.6
Cc1c(O)c(-c2ccc(OOCO)cc2)c(C)c2c1CC[C@@](C)(N=C1NC(=O)[C@H](Cc3ccc(OO)cc3)S1)O2,0.48507462686567165
CCCO[C@@H]1SC(=N[C@]2(C)CCc3c(C)c(O)c(C)c(C)c3O2)NC1=O,0.4537037037037037
CCOOc1ccc(C[C@@H]2SC(=NC[C@]3(C)CCc4c(C)c(OCOC)c(C)c(C)c4O3)NC2=O)cc1,0.5702479338842975
COCCOOc1ccc(C[C@@H]2SC(=NC[C@]3(C)CCc4c(C)c(O)c(C)c(C)c4O3)NC2=O)cc1,0.6548672566371682
CCOc1c(C)c2c(C)c3c1OC(C)(CC3)CON=C1NC(=O)C(Cc3ccc(cc3)OCC2)S1,0.35766423357664234
Cc1c(C)c2c(c(C)c1O)CCC(C)(N=C1NC(=O)C(C)S1)O2,0.45098039215686275
Cc1c(C)c2c3c(c1O)-c1ccc(cc1)NC1SC(=NC(C(=O)COO)(CC3)O2)NC1=O,0.408
c1cc2cc(c1)Oc1ccc(cc1)-c1ccc(cc1)O2,0.11450381679389313
Cc1c(C)c2c(c(C)c1O)CCC(C)(CN=C1NC(=O)C(Cc3ccc(O)cc3)S1)O2,0.6862745098039216
COCOC[C@@H]1SC(=NOC[C@]2(C)CCc3c(C)c(O)c(C)c(C)c3O2)NC1=O,0.509090909090909
COOOc1ccc(CC2SC(=NCC3(C)CCc4c(C)c(O)c(C)c(N=C5NC(=O)CS5)c4O3)NC2=O)cc1,0.5546875
CCN(c1ccc(C)cc1)C1SC(=NOCC2(C)CCc3c(C)cc(C)c(C)c3O2)NC1=O,0.424
Cc1c(C)c2c3c(c1O)OC1SC(=NOC(CON=C4NC(=O)C(C)S4)(CC3)O2)NC1=O,0.35384615384615387
CCCOc1ccc(CC2SC(=NCC3(C)CCc4c(C)c(O)c(C)c(OC)c4O3)NC2=O)cc1,0.6283185840707964
COCCOc1ccc(CC2SC(=NCC3(C)CCc4c(cc(OCO)c(O)c4C)O3)NC2=O)cc1,0.504
Cc1c(C)c2c(c(C)c1O)CCC(C)(CN=C1NC(=O)C(Cc3ccc(-c4ccccc4)cc3)S1)O2,0.5932203389830508
CCC1(CON=C2NC(=O)C(Cc3ccc(O)cc3)S2)CCc2c(C)c(O)c(C)c(OC)c2O1,0.5338983050847458
Cc1c(O)c(C)c(Cc2c(O)c(C)c3c4c2OCC2SC(=NC(C)(CC3)O4)NC2=O)c2c1CCC(C)(CO)O2,0.3472222222222222
O=C1NC(=NO)SC1Cc1ccc(-c2ccc3cc2-3)cc1,0.3008849557522124
Cc1c(C)c2c(c(C)c1O)CC[C@@](C)(N=C1NC(=O)[C@H](OCO)S1)O2,0.4528301886792453
Cc1c(C)c2c(c(C)c1O)CCC(N=C1NC(=O)C(Cc3ccccc3)S1)(OCCc1ccccc1)O2,0.5
Cc1c(C)c2c(c(C)c1O)CCC(C)(N=C1NC(=O)C(Cc3ccc(Oc4ccc(OCO)cc4)cc3)S1)O2,0.5934959349593496
CCCCON=C1NC(=O)C(Cc2ccc(OCOO)cc2)S1,0.34513274336283184
CCCOOc1ccc(CC2SC(=NC3(C)CCc4c(C)c(O)c(C)c(C)c4O3)NC2=O)cc1,0.6454545454545455
COCCOc1ccc(CC2SC(=NCc3ccccc3)NC2=O)cc1,0.3170731707317073
CCCOc1ccc(CC2SC(=NCOc3cncs3)NC2=O)cc1,0.325
N=C1NC(=O)C(CN=C2NC(=O)C(Cc3ccc(OCC4CC4)cc3)S2)S1,0.35833333333333334
O=C1NC2=Nc3ccc(cc3)OOCc3cccc(c3)-c3ccc(cc3)CC1S2,0.18620689655172415
Cc1c(C)c2c(c(C)c1O)CCC(C)(N=C1NC(=O)C(Cc3ccc(O)cc3)S1)O2,0.6407766990291263
Cc1noc(-c2ccc(C(=O)c3c(O)c(C)c(C)c4c3CCC(C)(N=C3NC(=O)C(C)S3)O4)cc2)n1,0.39849624060150374
Cc1c(C)c2c(c(C)c1CN1CCCC(C)CC1)CCC(C)O2,0.20967741935483872
COCOc1ccc(CC2SC(=Nc3ccc(OC)cc3C)NC2=O)cc1,0.3697478991596639
COc1ccc(Cc2ccc(OCOCCC(=O)O)cc2)cc1,0.20634920634920634
COc1ccc(-c2c(C)c(C)c3c(c2C)CCC(C)(CN=C2NC(=O)CS2)O3)cc1,0.4782608695652174
CON=C1NC(=O)C(Cc2ccc(OCc3ccc(OC)cc3)cc2)S1,0.3416666666666667
CCCOc1ccc(CC2SC(=NCC3(C)CCc4c(C)c(O)c(C)c(CC)c4O3)NC2=O)cc1,0.6283185840707964
COOc1ccc(CC2SC(=NOCC3(C)CCc4c(C)c(O)c(OO)c(C)c4O3)NC2=O)cc1,0.6283185840707964
CCCc1c(O)c(C)c(C)c2c1CCC(C)(CN=C1NC(=O)CS1)O2,0.38392857142857145
CCc1c(C)c(C)c2c(c1C)CCC(C)(CON=C1NC(=O)CS1)O2,0.4090909090909091
CCCCN=C1NC(=O)C(Cc2ccc(OOCO)cc2)S1,0.33035714285714285
Cc1c(C)c2c(c(C)c1O)CCC(C)(CN=C1NC(=O)C(Cc3ccc(OCCN=C4NC(=O)CS4)cc3)S1)O2,0.6446280991735537
O=C1NC(=NO)SC1c1ccc(-c2ccccc2)cc1,0.18032786885245902
COOc1c(C)c(O)c(C)c2c1OC(CN=C1NC(=O)C(Cc3ccc(O)cc3)S1)CC2,0.4789915966386555
O=C1CSC(=NOCc2ccc(OOCC3CO3)cc2)N1,0.2564102564102564
CCCOc1ccc(Cc2c(C)c(O)c(C)c3c2OC(C)(Cc2ccc(F)cc2)CC3)cc1,0.4672131147540984
Cc1c(O)c2oc1c1c2CCC(C)(N=C2NC(=O)C(Cc3ccc(OCOCOO)cc3)S2)O1,0.5
Cc1c(C)c(-c2c(C)c3c4c(c2O)OC(C)(CC4)O3)c(C)c2c1OC(C)(CON=C1NC(=O)C(C)S1)CC2,0.37410071942446044
CCOOc1ccc(Cc2c(C)c3c(c(C)c2O)CCC(C)(C2CCOCC2)O3)cc1,0.4146341463414634
O=C1NC(=NOc2ccccc2)SC1Cc1ccc(O)cc1,0.30434782608695654
COOc1c(C)c2c(c(C)c1O)CCC(N=C1NC(=O)C(Cc3ccc(OCOO)cc3)S1)O2,0.5041322314049587
CCCOc1c(O)c(C)c(C)c2c1CCC(C)(CN=C1NC(=O)C(Cc3ccc(OC4CCCC4)cc3)S1)O2,0.5511811023622047
CCC(OOC)c1c(C)c(O)c(C)c2c1OC(C)(CON=C1NC(=O)C(C)S1)CC2,0.4117647058823529
Cc1c(C)c2c(c(C)c1O)CCC(N=C1NC(=O)CS1)(c1ccc(OC(F)(F)F)cc1)O2,0.46218487394957986
Cc1c(C)c2c(c(C)c1O)CCC(C)(CN=C1NC(=O)C(C3CC3)S1)O2,0.4672897196261682
Cc1c(O)c(C)c(-c2c(C)c(O)c(C)c3c2OC(C)(N=C2NC(=O)C(C)S2)CC3)c2c1CCC(C)(COC=O)O2,0.3732394366197183
O=C1NC(=NOCc2ccc(OCOO)cc2)SC1Cc1ccc(OCO)cc1,0.3076923076923077
Cc1c(C)c2c(c(C)c1O)CCC(C)(CON=C1NC(=O)C(Cc3ccccc3)S1)O2,0.6476190476190476
COCOc1c(O)cc2c(c1C)OC(C)(N=C1NC(=O)C(Cc3ccc(OC)cc3)S1)CC2,0.4793388429752066
Cc1c(C)c2c(c(C)c1O)CCC(C)(N=C1NC(=O)C(Cc3ccc(-c4ccco4)cc3)S1)O2,0.5689655172413793
Cc1c(O)c(C)c2c3c1CCC(C)(CN=C1NC(=O)C(S1)C(=O)O2)O3,0.38392857142857145
Cc1c(O)c(C)c(OS(=O)(=S)C(=O)c2ccccc2)c2c1CCC(C)(CN=C1NC(=O)CS1)O2,0.38461538461538464
Cc1c(C)c2c(c(C)c1O)CCC(C)(N=C1NC(=O)CS1)O2,0.4174757281553398
COOOc1ccc(Oc2ccc(CC3SC(=N)NC3=O)cc2)cc1,0.30578512396694213
Cc1c(C)c2c(c(OCCOC3CO3)c1O)CCC(C)(N=C1NC(=O)C(Cc3ccccc3)S1)O2,0.4566929133858268
Cc1c(O)c(C)c(OCO)c2c1CCC(N=C1NC(=O)C(Cc3ccc(OCOO)cc3)S1)O2,0.5041322314049587
CCCCOc1ccc(CC2SC(=NC3(C)CCc4c(C)c(O)c(C)c(C)c4O3)NC2=O)cc1,0.6759259259259259
CCCc1c(C)c(O)c2c(c1C)CCC(C)(CON=C1NC(=O)C(Cc3ccc(OCC)cc3)S1)O2,0.6120689655172413
Cc1cc(C)c2c(c1C)OC(C)(CON=C1NC(=O)C(Cc3ccc(OO)cc3)S1)CC2,0.6
Cc1c(O)c2c(C)c3c1CCC(C)(CN=C1NC(=O)C(Cc4ccc(cc4)C4CCC2(CO)C4)S1)O3,0.3722627737226277
Cc1c(C)c2c(c(C)c1O)CCC(C)(CON=C1NC(=O)C(Cc3ccc(OO)cc3)S1)O2,0.7450980392156863
COCCOc1ccc(C[C@@H]2SC(=NC[C@]3(C)CCc4c(c(C)c(C)c(O)c4OO)O3)NC2=O)cc1,0.6120689655172413
Cc1c(C)c2c(c(C)c1O)CCC(C)(CON=C1NC(=O)C(Cc3ccc(OO)cc3)S1)O2,0.7450980392156863
Cc1c(O)c(C)c(-c2ccc(O)cc2)c2c1CCC(C)(CN=C1NC(=O)C(Cc3ccc(OC(=O)O)cc3)S1)O2,0.5348837209302325
CCCOc1ccc(CC2SC(=NCC3(C)CCc4c(C)c(C(F)F)c(C)c(C)c4O3)NC2=O)cc1,0.603448275862069
CCCCCC1SC(=NC2(C)CCc3cc(O)c(C)c(C)c3O2)NC1=O,0.3389830508474576
CN=C1NC(=O)C(Cc2ccc(OCCN=C3NC(=O)C(Cc4ccccc4)S3)cc2)S1,0.3161764705882353
COOc1ccc(CC2SC(=NOC3CC3)NC2=O)cc1,0.3394495412844037
COOc1ccc(CCN=C2NC(=O)C(Cc3ccc(OOC)cc3)S2)cc1,0.3046875
CCC1SC(=NCC2(C)CCc3c(C)c(C4CC4)c(C)c(C)c3O2)NC1=O,0.415929203539823
COCCOc1ccc(C[C@@H]2SC(=NC[C@]3(C)CCc4c(COO)c(O)c(C)c(C)c4O3)NC2=O)cc1,0.5966386554621849
Cc1c(C)c2c(c(C)c1O)CCC(C)(N=C1NC(=O)C(c3ccc(OOCO)cc3)S1)O2,0.5350877192982456
Cc1c(O)cc2c(c1C)OC(C)(CN=C1NC(=O)C(Cc3ccc(OCOO)cc3)S1)CC2,0.5565217391304348
Cc1cc(O)c(C)c2c1OC(C)(N=C1NC(=O)C(Cc3ccc(OCc4ccccc4F)cc3)S1)CC2,0.4921875
COC1SC(=NC2(C)CCc3c(C)c(O)c(-c4c(C)c(C)c5c(c4C)CCC(C)O5)c(C)c3O2)NC1=O,0.3357142857142857
Cc1c(C)c2c(c(C34CCc5c(C)c(c(C)c(C)c5O3)CO4)c1O)CCC(C)(C)O2,0.2923076923076923
CON=C1NC(=O)C(CCC2SC(=NCC3(C)CCc4c(C)c(O)c(C)c(C)c4O3)NC2=O)S1,0.47540983606557374
Cc1c(C)c2c(c(C)c1O)CCC(C)(COc1c(C)c3c(c(C)c1O)CCC(C)(CN=C1NC(=O)C(C)S1)O3)O2,0.4233576642335766
CON=C1NC(=O)C(ON=C2NC(=O)C(Cc3ccc(OCOO)cc3)S2)S1,0.34959349593495936
CCOOc1ccc(CC2SC(=NCC3(OCOC)CCc4c(CC(=O)O)c(O)c(C)c(C)c4O3)NC2=O)cc1,0.5
COc1ccc(-c2c(C)c3c(c(C)c2O)CCC(C)(CN=C2NC(=O)C(Cc4ccc(O)cc4)S2)O3)cc1,0.5564516129032258
Cc1c(O)c2c(C)c3c1CCC(C)(N=C1NC(=O)C(Cc4cc(CO)cc(c4)-c4ccc-2cc4)S1)O3,0.38235294117647056
COc1ccc(CC2SC(=NCC3(C)CCc4c(C)c(O)c(C)c(C)c4O3)NC2=O)cc1,0.7326732673267327
Cc1c(C)c2c3c(C)c1COC(CON=C1NC(=O)C(Cc4ccc(OO)cc4)S1)(CC3)O2,0.5652173913043478
Cc1c(C)c2c(c(C)c1O)CCC(C)(CN=C1NC(=O)C(Cc3ccc(OO)cc3)S1)O2,0.7326732673267327
Cc1c(O)c(CO)c(C)c2c1CCC(O)(c1c(C)c(C)c3c(c1C)CCC(C)(CO)O3)O2,0.3333333333333333
Cc1c(C)c2c(c(C)c1O)CCC(C)(Cc1c(O)c(C)c(C)c3c1CCC(C)(CN=C1NC(=O)C(C)S1)O3)O2,0.381294964028777
CCCc1c(C)c(O)c(C)c2c1OC(C)(CON=C1NC(=O)C(Cc3ccc(OO)cc3)S1)CC2,0.6283185840707964
CCc1c(C)c2c3c(c1C1COC1)CCC(C1(N=C4NC(=O)C(C)S4)CCc4c(C)c(O)c(C)c(C)c4O1)(O2)O3,0.3221476510067114
COCCc1ccc(-c2c(C)c(O)c(C)c3c2OC(C)(CN=C2NC(=O)C(C)S2)CC3)cc1,0.5084745762711864
O=C1NC(=NCc2ccc(OOOc3ccccc3)cc2)SC1Cc1ccc(OCCOO)cc1,0.27702702702702703
COc1c(C)c(C)c2c3c1C(=O)C(CON=C1NC(=O)C(C)S1)(CC3)O2,0.3620689655172414
COCOCC1(C(C)C)CCc2c(C)c(OCO)c(C)c(C)c2O1,0.3017241379310345
Cc1c(C)c2c(c(C)c1O)CCC(CN=C1NC(=O)C(Cc3ccc(O)cc3)S1)(c1ccc(OCO)cc1)O2,0.568
Cc1c(O)cc2c(c1C)OC(C)(N=C1NC(=O)C(OCO)S1)CC2,0.3217391304347826
CCCOC1SC(=NOCC2(C)CCc3c(C)c(O)c(OC)c(C)c3O2)NC1=O,0.4188034188034188
CCCOc1ccc(CC2SC(=Nc3c(C)c(O)c(C)c4c3OC(C)(CC3CC3)CC4)NC2=O)cc1,0.6120689655172413
Cc1nn(C)cc1C1SC(=NCC2(C)CCc3c(C)c(O)c(C)c(O)c3O2)NC1=O,0.4117647058823529
Cc1c(C)c2c(c(C)c1O)CCC(C)(N=C1NC(=O)C(Cc3ccc(OCOC4CCOCC4)cc3)S1)O2,0.6033057851239669
CCCOc1ccc(C(=O)c2c(O)c(C)c(C)c3c2CCC(CN=C2NC(=O)C(C)S2)O3)cc1,0.4251968503937008
Cc1c(C)c(C)c2c(c1C)CCC(C)(CN=C1NC(=O)C(Cc3ccccc3)S1)O2,0.5315315315315315
Cc1c(C)c2c(c(C)c1O)CCC(O)(CN=C1NC(=O)C(Cc3ccc(OCc4ccc(Cl)cc4)cc3)S1)O2,0.568
CON=C1NC(=O)C(Cc2ccc(Oc3ccc(OC)cc3)cc2)S1,0.31666666666666665
C=COC1(COC)CCc2c(C)c(O)c(C)c(C)c2O1,0.37254901960784315
Cc1c(C)c2c(c(C)c1O)CCC(C)(CN=C1NC(=O)C(CCN=C3NC(=O)C(C)S3)S1)O2,0.475
Cc1c(O)c(ON=C2NC(=O)C(Cc3ccc(OCCN(C)C)cc3)S2)c(C)c2c1CCC(C)O2,0.5081967213114754
Cc1c(C)c2c(c(C)c1O)CCC(C)(CN=C1NC(=O)C(C)S1)O2,0.49504950495049505
COc1ccc(CC2SC(=Nc3ccc(OC)cc3)NC2=O)cc1,0.3247863247863248
CN=C1NC(=O)C(Cc2ccc(ON=C3NC(=O)C(Cc4ccc(OOC)cc4)S3)cc2)S1,0.3115942028985507
O=C1CSC(=NCCON=C2NC(=O)C(Cc3ccc(OO)cc3)S2)N1,0.3416666666666667
CC1SC(=NOc2ccc(C(=O)CCO)cc2)NC1=O,0.25663716814159293
CCOOc1ccc(CC2SC(=NCC3(C)CCc4c(c(C)c(C)c(O)c4-c4ccc(O)cc4)O3)NC2=O)cc1,0.5307692307692308
Cc1cc(C)c2c(c1C)OC(C)(CON=C1NC(=O)C(Cc3ccc(C4CC4)cc3)S1)CC2,0.5299145299145299
Cc1ccc(CC2SC(=NCC3(C)CCc4c(c(C)c(C)c(O)c4N(C)C)O3)NC2=O)cc1,0.5945945945945946
Cc1c(C)c2c(c(C)c1O)CCC(C)(CON=C1NC(=O)C(c3ccccc3)S1)O2,0.5454545454545454
CN=C1NC(=O)C(Cc2ccc(OCCOC)cc2)S1,0.375
Cc1ccc(-c2c(O)c(C)c(C)c3c2CCC(C)(CON=C2NC(=O)C(C)S2)O3)cc1,0.5221238938053098
COOc1ccc(Cc2c(C)c(O)c(C)c3c2OC(C)(CON=C2NC(=O)CS2)CC3)cc1,0.5299145299145299
O=C1NC(=NOO)SC1Cc1ccc(OC2CCCCO2)cc1,0.33043478260869563
COc1ccc(-c2ccc(C3SC(=NCC4(C)CCc5c(c(C)c(C)c(O)c5OC)O4)NC3=O)cc2C)cc1,0.4444444444444444
CCOOc1ccc(CC2SC(=NCC3(Cc4ccccc4)CCc4c(C)c(O)c(C)c(C)c4O3)NC2=O)cc1,0.5384615384615384
CCCOc1ccc(CC2SC(=NCC3SC(=NOC)NC3=O)NC2=O)cc1,0.34959349593495936
Cc1c(C)c2c(c(Cc3ccc(OOCO)cc3)c1O)CCC(C)(CON=C1NC(=O)C(C)S1)O2,0.5462184873949579
