O=C(C=Cc1ccc(NNC(=O)c2ccn(-c3ccc(F)cc3)n2)cc1Cl)Nc1cccc2cccnc12,0.0
CCOC(=O)c1ccc(-c2coc3cc(O)cc(C[C@@H]4CSCCS4)c3c2=O)o1,0.0
Cc1cc([N+](=O)[O-])c(-c2ccc(C=Cc3c[nH]nc3-c3cnn(C)c3C)o2)cc1Cl,0.0
O=C(Cc1ccc(S(=O)(=O)C2=CCCCC2)s1)N1CCC[NH+](Cc2ccc(Cl)cc2)CC1,0.0
O=C(N[C@H]1CC[NH+](CC2CCCC2)C1)[C@@H]1CC(=O)N(CCOC2=CCCCC2)C1,0.0
CCOCCCNC(=O)[C@H]1c2c(n(C)c3ccccc23)SCC(=O)N1c1cccc(C2CC2)c1,0.0
C[C@@H]1C[NH+](C[C@@](C=O)(c2ccccc2)[C@H]2C=NN=C2c2cccs2)C[C@H]1C,0.0
CC[C@@H](NC(=O)N(C)Cc1cccc(/C=C/C(=O)Nc2cccc3cccnc23)c1)c1ccncc1,0.0
c1ccc(C2CC2)c(-c2nc3c(c(C4CC4)n2)CCCC3)c1,0.0
Cc1nn2cccnc2c1C(=O)Nc1nc(-c2cnn3cccnc23)cs1,0.0
CCOC(=O)c1ccc(-c2coc3cc(-c4nc(CSc5nc6ccccc6o5)no4)cc(O)c3c2=O)o1,0.0
C[C@@H](Cn1cccn1)[NH2+][C@H](C)c1cc(F)cc(C2CC2)c1,0.0
Cc1c(-c2n[nH]cc2OCCCCCNC(=O)c2cncc(Br)c2)cnn1C,0.0
O=C(NC1CCC(Oc2ccc(Cc3ccc(S(=O)(=O)N4CCCCC4)s3)cn2)CC1)[C@H]1C[C@@H]2C=C[C@H]1C2,0.0
C[C@H](NS(=O)(=O)CN1CCCC1=O)c1cccc(C(F)(F)F)c1,0.0
C[C@H]([NH2+][C@H](C)c1cc(F)cc(F)c1)c1nc2ccccc2nc1S(=O)(=O)C[C@H]1CCC[NH2+]1,0.0
CC1=C(C(=O)N[C@H]2CC[C@](C#N)(NC3CC3)C2)[C@@H](c2ccccc2)n2nc(N3CCOCC3)c(C#N)c2N1,0.0
C[C@H](N[C@H](C)[NH2+][C@H](C)c1cc(F)cc(F)c1)C(=O)NCc1ccccc1-c1ccc(CN2CCCC2=O)cc1,6.053499419193809e-15
COC(=O)c1ccc(C)c(S(=O)(=O)N[C@@H](C)c2cccc(-n3ncc(-c4n[nH]cc4I)c3C)c2)c1,0.0
COCCN1C[C@H](C(=O)N[C@H]2CC[NH+](CCc3ccc(-c4ccccc4)cc3)C2)CC1=O,0.0
N#C[C@]1(NC2CC2)CC[C@H](Sc2ccc(-c3ccccc3)cc2)C1,0.0
O=C(CN1CCCC1=O)c1cc2ccccc2oc1=O,0.0
Cc1[nH]ncc1C(=O)N(c1c(-c2n[nH]cc2I)cnn1C)[C@@H](C)c1ccc(-c2ccccc2)cc1,0.0
C[C@H]([NH2+][C@H](C)c1cc(F)cc(F)c1)[C@H](c1ccc2c(c1)OCO2)N1CCOCC1,0.0
Cc1oc(C(=O)N2C[C@@H](c3csc(S[C@H]4CC[C@](C#N)(NC5CC5)C4)n3)O[C@@H](C)C2)cc1S(=O)(=O)N(C)C,0.0
COCCN1C[C@H](C(=O)N[C@H]2CC[NH+](CCN3C(=O)C(=O)N(CCC4=CCCCC4)C3=O)C2)CC1=O,0.0
C[C@@H]1C[NH+](C[C@@](C)(C=O)c2ccccc2)C[C@H]1NCc1ccccc1-c1ccc(CN2CCCC2=O)cc1,1.2234438675453499e-12
Cc1[nH]ncc1C(=O)N(S[C@H]1CC[C@](C#N)(NC2CC2)C1)[C@@H](C)c1ccc(-c2ccccc2)cc1,0.0
C[C@@H]1C[NH+](C[C@@](C)(C=O)c2ccccc2)C[C@H]1NCc1ccccc1-c1ccc(CN2CCCC2=O)cc1,1.2234438675453499e-12
C[C@@H]1C[NH+](C[C@@](C)(C=O)c2ccccc2)C[C@H]1NC[C@@]1(C)NC(=O)N(Cc2ccc(-c3ccccc3)cc2)C1=O,6.404467856894998e-14
O=c1c(-c2ccc(Cc3ccc(-c4ccccc4)cc3)o2)coc2cc(O)cc(O)c12,0.0
C[C@]1(c2ccc(CN3CCCC3=O)cc2)NC(=O)N(Cc2ccc(-c3ccccc3)cc2)C1=O,3.1285818431930503e-15
Cc1c(-c2n[nH]cc2S(=O)(=O)c2nc3ccccc3nc2Cl)cnn1C,0.0
C[C@H](NS(=O)(=O)c1nc(-c2ccccc2C2CC2)nc2c1CCCC2)c1cccc(C(F)(F)F)c1,0.0
Cc1ccc(NNC(=O)c2ccn(-c3ccc(F)cc3)n2)cc1[C@H](C)N[C@H](C)[NH2+][C@H](C)c1cc(F)cc(F)c1,0.0
Fc1ccc(-n2cc([C@H]3C=NN=C3c3cccs3)nn2)cc1,0.0
C[C@]1(c2ccc(CN3CCCC3=O)cc2)NC(=O)N(C[C@H]2CC[C@](C#N)(NC3CC3)C2)C1=O,0.0
Cc1oc(C(=O)N2C[C@@H]([C@@](C)(C=O)c3ccccc3)O[C@@H](C)C2)cc1S(=O)(=O)N(C)C,0.0
Cc1c(-c2n[nH]cc2I)cnn1S(=O)(=O)c1ccc(CC(=O)N2CCC[NH+](Cc3ccc(Cl)cc3)CC2)s1,0.0
COC[C@H](NC(=O)Cc1ccc(C)c(O)c1)c1ccccc1,0.0
O=C(CN1CCN(CCO)CC1)N1CCC(CCc2ccc([C@H]3C=NN=C3c3cccs3)cc2)CC1,0.0
CC(C)C[NH+](C)[C@]1(C(=O)c2cc3ccccc3oc2=O)CCN(Cc2ccccc2)C1,0.0
C[C@H](N[C@H](C)[NH2+][C@H](C)c1cc(F)cc(F)c1)C(=O)NC=O,0.0
O=C1CCCN1Cc1ccc([C@@]2(c3ccccc3)NC(=O)N(Cc3ccc(-c4ccccc4)cc3)C2=O)cc1,3.712043968781578e-39
CN(Cc1ccc(-c2ccccc2)cc1)C(=O)c1csc(S[C@H]2CC[C@](C#N)(NC3CC3)C2)n1,1.1583500902000402e-24
N#C[C@]1(NC2CC2)CC[C@H](c2ccc(NNC(=O)c3ccn(-c4ccc(F)cc4)n3)cc2Cl)C1,0.0
N#C[C@]1(NC2CC2)CC[C@H](CN2C(=O)C(=O)N(CCC3=CCCCC3)C2=O)C1,0.0
CC1=C(C(=O)Nc2ccc(Cl)cc2)[C@@H](c2ccccc2)n2nc(N3CCOCC3)c(C=O)c2N1,0.0
Cc1ccc(NNC(=O)c2ccn(-c3ccc(F)cc3)n2)cc1CN1C(=O)C(=O)N(CCC2=CCCCC2)C1=O,0.0
Cc1oc(C(=O)N2C[C@@H](CN[C@@H]3C[NH+](C[C@@](C)(C=O)c4ccccc4)C[C@H]3C)O[C@@H](C)C2)cc1S(=O)(=O)N(C)C,0.0
COc1c(F)cc(NC(=O)CCOc2ccccc2CN2C(=O)C(=O)N(CCC3=CCCCC3)C2=O)cc1F,0.0
C[C@H]([NH2+][C@H](C)c1cc(F)cc(F)c1)C(=O)N(C)Cc1ccc(-c2ccccc2)cc1,1.2152342044717823e-11
C[C@@H](Cn1cccn1)[NH2+][C@H](C)c1cc(F)cc(C2CC2)c1,0.0
CN(Cc1ccc(-c2ccccc2)cc1)C(=O)c1ccc(CN2CCCC2=O)cc1,1.57599457778077e-14
N#C[C@]1(NC2CC2)CC[C@H](Sc2nc(C(=O)[C@H]3CC[C@](C#N)(NC4CC4)C3)cs2)C1,0.0
CC[C@@H](N[C@H](COC)NC(=O)Cc1ccc(C)c(O)c1)c1ccncc1,0.0
C[C@@H]1C[NH+](C[C@@](C)(C=O)c2ccccc2)C[C@H]1NCc1ccccc1[C@H]1CC[C@](C#N)(NC2CC2)C1,0.0
C[C@@H]1C[NH+](Cc2c(-c3n[nH]cc3I)cnn2C)C[C@H]1NCc1ccccc1-c1ccc(CN2CCCC2=O)cc1,9.71670031046113e-24
C[C@]1(c2ccc(CN3CCCC3=O)cc2)NC(=O)N(Cc2ccc(-c3ccccc3C#N)cc2)C1=O,2.6981863329248602e-22
O=C1CCCN1Cc1ccc(-c2ccccc2-c2ccc(-c3coc4cc(O)cc(O)c4c3=O)o2)cc1,1.4025013769440982e-61
CC[C@@H](Nc1cccc(/C=C/C(=O)Nc2cccc3cccnc23)c1)c1ccncc1,0.0
Cc1c(-c2n[nH]cc2-c2[nH]ncc2C(=O)N(C)[C@@H](C)c2ccc(-c3ccccc3)cc2)cnn1C,7.571666608484874e-33
CC[C@@H](NC(=O)c1cc2ccccc2oc1=O)c1ccncc1,0.0
CC[C@@H](Nc1cccc(/C=C/C(=O)Nc2cccc3cccnc23)c1)c1ccncc1,0.0
O=S(=O)(C[C@H]1CCC[NH2+]1)c1nc2ccccc2nc1-c1cn(-c2ccc(F)cc2)nn1,0.0
C[C@H](N[C@H](C)[NH2+][C@H](C)c1cc(F)cc(F)c1)C(=O)Nc1ccc(-c2coc3cc(O)cc(O)c3c2=O)o1,0.0
C[C@]1(C#N)NC(=O)N(Cc2ccc(-c3ccccc3)cc2)C1=O,0.051911095295126025
CC(=O)N[C@@H](CN1C(=O)N[C@](C)(C#N)C1=O)C(=O)NCc1ccccc1-c1ccc(CN2CCCC2=O)cc1,9.186876602245328e-26
CCN(C)C(=O)c1csc(S[C@H]2CC[C@](C#N)(NC3CC3)C2)n1,0.0
C[C@@H]1C[NH+](C[C@@](C)(C=O)c2ccccc2)C[C@H]1NCc1ccccc1Cc1ccc(-c2ccccc2C#N)cc1,0.0
CCOCCCNC(=O)[C@H]1c2c(n(CN3CCCC3=O)c3ccccc23)SCC(=O)N1c1cccc(Cl)c1,0.0
C[C@]1(c2csc(S[C@H]3CC[C@](C#N)(NC4CC4)C3)n2)NC(=O)N(Cc2ccc(-c3ccccc3C#N)cc2)C1=O,8.19276649543138e-46
C[C@@H]1C[NH+](C[C@@](C)(C=O)c2ccccc2)C[C@H]1NCc1ccccc1-c1cnn2cccnc12,0.0
N#Cc1ccccc1-c1ccc(-c2nc(CSc3nc4ccccc4o3)no2)cc1,0.0
N#C[C@]1(NC2CC2)CC[C@H](Sc2nc(C(=O)c3cnn4cccnc34)cs2)C1,0.0
C[C@]1(c2ccc(CN3CCCC3=O)cc2)NC(=O)N(Cc2ccc(-c3ccccc3NC3CC3)cc2)C1=O,3.6587459373015354e-27
Cc1[nH]ncc1C(=O)N([C@@H](C)c1ccc(-c2ccccc2)cc1)N(C)Cc1ccc(-c2ccccc2)cc1,0.0
O=C1CCCN1Cc1ccc(-c2ccccc2CNNC2CC2)cc1,1.3936762075599026e-06
CC(=O)c1ccc(CN2C(=O)N[C@](C)(C#N)C2=O)cc1,0.0
CC(=O)c1ccccc1-c1ccc(CN2CCCC2=O)cc1,3.927960469629289e-10
CC(=O)c1nc(-c2ccccc2C2CC2)nc2c1CCCC2,0.0
CC(=O)c1ccccc1N[C@@H](C)C(=O)NCc1ccccc1-c1ccc(CN2CCCC2=O)cc1,1.597713904897902e-17
N#Cc1ccccc1-c1ccc(CN2C(=O)C(=O)N(CCc3ccccc3)C2=O)cc1,9.194398347030917e-10
N#Cc1ccccc1-c1ccc(CN2C(=O)C(=O)N(C=O)C2=O)cc1,0.059437528327684765
CC(=O)[C@@]1(C#N)CC[C@H](Sc2nc([C@@]3(C)NC(=O)N(Cc4ccc(-c5ccccc5C#N)cc4)C3=O)cs2)C1,1.130320620800058e-47
CC(=O)c1ccccc1N[C@@H](C)CN(C)C(=O)c1csc(S[C@H]2CC[C@](C#N)(NC3CC3)C2)n1,0.0
CC(=O)c1ccccc1N[C@@H](C)N1C(=O)N[C@](C)(C2CC2)C1=O,0.0
Cc1[nH]ncc1C(=O)N(CN1C(=O)C(=O)N(CCc2ccccc2)C1=O)[C@@H](C)c1ccc(-c2ccccc2)cc1,5.406976065640491e-36
N#C[C@@]1(CN2C(=O)C(=O)N(CCC3=CCCCC3)C2=O)NC(=O)N(Cc2ccc(-c3ccccc3)cc2)C1=O,1.8599712544240772e-25
C[C@@H]1C[NH+](C[C@@](C)(C#N)c2ccccc2)C[C@H]1NCc1ccccc1-c1ccc(CN2CCCC2=O)cc1,2.2383145926855482e-15
Cc1c(-c2n[nH]cc2-c2[nH]ncc2C(=O)N(C)[C@@H](C)Cc2ccc(-c3ccccc3NC3CC3)cc2)cnn1C,0.0
C[C@]1(c2ccc(CN3CCCC3=O)cc2)NC(=O)N(Cc2ccc(-c3ccccc3)cc2)C1=O,3.1285818431930503e-15
CN(Cc1ccc(-c2ccccc2C#N)cc1)C(=O)c1csc(S[C@H]2CC[C@](C#N)(NC3CC3)C2)n1,2.0099854107180556e-30
C[C@@H]1C[NH+](C[C@@](C)(C=O)c2ccccc2)C[C@H]1NC[C@@]1(C)NC(=O)N(N2C(=O)N[C@](C)(C3CC3)C2=O)C1=O,0.0
C[C@]1(C#N)NC(=O)N(Cc2cc3ccccc3oc2=O)C1=O,0.0
CC(=O)c1ccccc1-c1ccc(Cc2ccc(CN(C)C(=O)c3cnn4cccnc34)cc2)cc1,0.0
C[C@@H](c1ccc(-c2ccccc2)cc1)N(C)C(=O)c1cn[nH]c1N(C)Cc1ccc(-c2ccccc2)cc1,5.488011947455142e-59
C[C@]1(C=O)NC(=O)N(Cc2ccc(-c3ccccc3NC3CC3)cc2)C1=O,0.06917815905603365
C[C@]1(CCc2ccccc2)NC(=O)N(Cc2ccc(-c3ccccc3C#N)cc2)C1=O,3.66927202976861e-14
O=C(NCc1ccccc1-c1ccc(CN2CCCC2=O)cc1)c1cc2ccccc2oc1=O,6.781875529865128e-26
CC[C@@H](NCN1C(=O)N[C@](C)(C=O)C1=O)c1ccncc1,0.0
N#C[C@@]1(N2C(=O)C(=O)N(C=O)C2=O)NC(=O)N(Cc2ccc(-c3ccccc3)cc2)C1=O,8.932835515799242e-21
CC(=O)c1ccccc1-c1ccc(Cc2ccc(CN(C)C(=O)c3cnn4cccnc34)cc2)cc1,0.0
N#Cc1ccccc1-c1ccccc1-c1ccc(CN2CCCC2=O)cc1,3.9326832183526196e-16
c1ccc(-c2ccc(Cc3cnn4cccnc34)cc2)cc1,0.0
C[C@@H]1C[NH+](C[C@@](C)(C#N)c2ccccc2)C[C@H]1NCc1ccccc1CN1C(=O)N[C@](C)(C=O)C1=O,0.0
CC[C@@H](NC(=O)N(C)CCN(C)C(=O)c1csc(S[C@H]2CC[C@](C#N)(NC3CC3)C2)n1)c1ccncc1,0.0
C[C@]1(C#N)NC(=O)N(Cc2ccc(NCc3ccccc3-c3ccc(CN4CCCC4=O)cc3)cc2)C1=O,2.537023405367524e-26
CN(Cc1ccc(-c2ccccc2)cc1)c1ccc(-c2ccccc2NC2CC2)cc1,0.0
C[C@@H]1C[NH+](C[C@@](C)(C#N)c2ccccc2)C[C@H]1NCc1ccccc1-c1ccc(-c2ccccc2)cc1,0.0
C[C@]1(c2ccc(CN3CCCC3=O)cc2)NC(=O)N(CN2C(=O)C(=O)N(C=O)C2=O)C1=O,0.0
O=C1CCCN1Cc1ccc(-c2ccccc2CNC(=O)N2CCCC2=O)cc1,0.003771143713037773
O=CN1C(=O)C(=O)N(Cc2ccc(Cc3ccc(-c4ccccc4)cc3)cc2)C1=O,0.0
N#CNNCc1ccccc1-c1ccc(CN2CCCC2=O)cc1,0.013342609120498174
O=CN1C(=O)C(=O)N(Cc2ccc(-c3ccccc3-c3ccc(CN4CCCC4=O)cc3)cc2)C1=O,5.0602228727624165e-18
C[C@H](N[C@H](C)[NH2+][C@H](C)c1cc(F)cc(F)c1)C(=O)N[C@@]1(C)NC(=O)N(Cc2ccc(-c3ccccc3)cc2)C1=O,9.158310643915941e-18
C[C@@H]1C[NH+](C[C@@](C)(C=O)c2ccccc2)C[C@H]1NC[C@@]1(C)NC(=O)N(CN2C(=O)N[C@](C)(C=O)C2=O)C1=O,0.0
CC(=O)c1ccccc1N[C@@H](C)Cc1ccc(C(=O)N(C)Cc2ccc(-c3ccccc3)cc2)cc1,7.963974335824166e-45
CN(C(=O)c1ccc(CN2CCCC2=O)cc1)C1=CCCCC1,0.0
N#CNNCc1ccccc1-c1ccc(-c2ccccc2-c2ccc(CN3C(=O)C(=O)N(C=O)C3=O)cc2)cc1,2.75857137091128e-45
O=C1CCCN1Cc1ccc(-c2ccccc2CNNc2ccc(-c3ccccc3NC3CC3)cc2)cc1,4.7254323636635244e-48
C[C@]1(C=O)NC(=O)N(Cc2ccc(-c3ccccc3)cc2)C1=O,0.02508265583629114
C[C@]1(C=O)NC(=O)N([C@@]2(C)NC(=O)N(Cc3ccc(-c4ccccc4C#N)cc3)C2=O)C1=O,3.5614497961458156e-17
N#CNNCc1ccccc1-c1ccc(-c2ccc(CN3C(=O)C(=O)N(C=O)C3=O)cc2)cc1,2.9879364463876044e-15
CC[C@@H](NCN1C(=O)C(=O)N(CCC2=CCCCC2)C1=O)c1ccncc1,0.0
C[C@@H]1C[NH+](C[C@@](C)(C=O)c2ccccc2)C[C@H]1NCNC#N,0.0
C[C@]1(c2ccc(CN3CCCC3=O)cc2)NC(=O)N(CN2C(=O)C(=O)N(CCC3=CCCCC3)C2=O)C1=O,0.0
C[C@]1(NNNC#N)NC(=O)N(Cc2ccc(-c3ccccc3)cc2)C1=O,0.0004879185104223035
C[C@]1(C#N)NC(=O)N(Cc2ccc(-c3ccc(-c4ccccc4-c4ccccc4C#N)cc3)cc2)C1=O,2.286618613162413e-51
N#Cc1ccccc1N(Cc1ccc(-c2ccccc2)cc1)C(=O)c1ccc(CN2CCCC2=O)cc1,0.0
C[C@@H](CN1C(=O)N[C@](C)(N2C(=O)N[C@](C)(C=O)C2=O)C1=O)N[C@H](C)[NH2+][C@H](C)c1cc(F)cc(F)c1,0.0
CN(Cc1ccc(-c2ccccc2)cc1)C(=O)c1cnn2cccnc12,3.532952198784043e-07
CC(=O)c1ccccc1N[C@@H](C)[C@H](C)N[C@H](C)[NH2+][C@H](C)c1cc(F)cc(F)c1,0.0
C[C@@H]1C[NH+](C[C@@](C)(C=O)c2ccccc2)C[C@H]1NCN(C)C(=O)c1ccc(CN2CCCC2=O)cc1,0.0
N#CNNN[C@@]1(C=O)NC(=O)N(Cc2ccc(-c3ccccc3)cc2)C1=O,1.2160365269552904e-09
C[C@@H]1C[NH+](C[C@@](C)(C=O)c2ccccc2)C[C@H]1NCC1=CCCCC1,0.0
C[C@@H]([NH2+][C@@H](NNC#N)C(=O)N(C)Cc1ccc(-c2ccccc2)cc1)c1cc(F)cc(F)c1,0.00040495818843069007
C[C@]1(C#N)NC(=O)N(Cc2ccc(CN3C(=O)C(=O)N(CCC4=CCCCC4)C3=O)cc2)C1=O,0.0
C[C@]1(c2ccccc2-c2ccccc2C#N)NC(=O)N(Cc2ccc(-c3ccccc3)cc2)C1=O,1.2276597501513359e-39
CC[C@@H](Nc1cc(F)cc([C@@H](C)[NH2+][C@@H](C)C(=O)N(C)Cc2ccc(-c3ccccc3)cc2)c1)c1ccncc1,2.826455667863001e-36
C[C@@H]1C[NH+](C[C@@](C)(C=O)c2ccccc2)C[C@H]1NCCN(C)C(=O)[C@H](NNC#N)[NH2+][C@H](C)c1cc(F)cc(F)c1,0.0
CC(=O)c1ccccc1CN1C(=O)C(=O)N(CCC2=CCCCC2)C1=O,0.0
N#CNNN[C@@]1(C=O)NC(=O)N(CC2=CCCCC2)C1=O,0.0
CN(Cc1ccc(-c2ccccc2)cc1)C(=O)c1ccc(CCN2C(=O)N[C@](C=O)(NNNC#N)C2=O)cc1,5.542654074680668e-26
C[C@@H]1C[NH+](C[C@@](C)(C#N)c2ccccc2)C[C@H]1NCc1ccccc1C1CC1,0.0
C[C@]1(C=O)NC(=O)N([C@]2(C#N)NC(=O)N(Cc3ccc(-c4ccccc4)cc3)C2=O)C1=O,1.7531329524636008e-15
N#CNNN[C@@]1(NC#N)NC(=O)N(Cc2ccc(-c3ccccc3)cc2)C1=O,2.2164759877343087e-15
CN(Cc1ccc(-c2ccccc2)cc1)C(=O)N1C(=O)N[C@](C)(C2CC2)C1=O,0.00021348318835688596
C[C@H]([NH2+][C@H](C)c1cc(F)cc(F)c1)C(=O)c1ccccc1CN[C@@H]1C[NH+](C[C@@](C)(C#N)c2ccccc2)C[C@H]1C,0.0
C[C@H](N[C@H](C)[NH2+][C@H](C)c1cc(F)cc(F)c1)C(=O)Nc1ccc(-c2ccccc2NC2CC2)cc1,0.0
C[C@]1(C#N)NC(=O)N(Cc2ccc(NNNC#N)cc2)C1=O,0.0
Cc1[nH]ncc1C(=O)N([C@@H](C)c1ccc(-c2ccccc2)cc1)N1CCCC1=O,0.0
C[C@H]([NH2+][C@H](C)c1cc(F)cc(F)c1)C(=O)c1ccccc1-c1ccccc1-c1ccc(CN2CCCC2=O)cc1,6.246483842026952e-50
Cc1[nH]ncc1C(=O)N(c1ccc(-c2ccccc2C#N)cc1)[C@@H](C)c1ccc(-c2ccccc2)cc1,0.0
CC(=O)c1ccccc1CN1C(=O)N[C@](C)(c2ccc(CN3CCCC3=O)cc2)C1=O,0.0
N#Cc1ccccc1-c1ccc(CN2C(=O)C(=O)N(c3ccccc3-c3ccccc3C#N)C2=O)cc1,1.6662917785996383e-50
C[C@]1(C2CC2)NC(=O)N(C(=O)c2ccccc2-c2ccc(CN3CCCC3=O)cc2)C1=O,2.2414055574336423e-06
C[C@@H]([NH2+][C@@H](NNC#N)C(=O)N(C)CCN1C(=O)N[C@](C)(C#N)C1=O)c1cc(F)cc(F)c1,0.0
CN(Cc1ccc(-c2ccccc2)cc1)C(=O)N1C(=O)N[C@](C)(C=O)C1=O,0.37860410109324655
C[C@]1(NNNC#N)NC(=O)N(CCCN2C(=O)C(=O)N(Cc3ccc(-c4ccccc4C#N)cc3)C2=O)C1=O,4.0641683226060637e-50
O=CNN[C@@]1(C=O)NC(=O)N(Cc2ccc(-c3ccccc3)cc2)C1=O,7.101388316487202e-06
O=C1CCCN1Cc1ccc([C@@]2(c3ccccc3)NC(=O)N(Cc3ccc(-c4ccccc4)cc3)C2=O)cc1,3.712043968781578e-39
C[C@H]([NH2+][C@H](C)c1cc(F)cc(N2CCCC2=O)c1)C(=O)N(C)Cc1ccc(-c2ccccc2)cc1,1.8395761813038212e-13
C[C@@H]1C[NH+](C[C@@](C)(C#N)c2ccccc2)C[C@H]1NCN1C(=O)N[C@](C)(C#N)C1=O,0.0
C[C@@H]([NH2+][C@H](C(=O)N(C)Cc1ccc(-c2ccccc2)cc1)N1C(=O)C(=O)N(C=O)C1=O)c1cc(F)cc(F)c1,2.2734917348296053e-19
CN(Cc1ccc(-c2ccccc2)cc1)C(=O)c1ccc(Cc2ccc(-c3ccccc3C#N)cc2)cc1,1.3368447559713176e-74
C[C@@H]1C[NH+](C[C@@](C)(C#N)c2ccccc2)C[C@H]1NCc1ccccc1C(=O)N1C(=O)N[C@](C)(C2CC2)C1=O,0.0
O=CNCN1C(=O)C(=O)N(CCc2ccccc2)C1=O,0.0
C[C@]1(C=O)NC(=O)N(Cc2ccc(NNC=O)cc2)C1=O,0.0
CN(C(=O)c1ccc(CN2CCCC2=O)cc1)c1ccc(-c2ccccc2NC2CC2)cc1,0.0
O=C[C@]1(c2cnn3cccnc23)NC(=O)N(Cc2ccc(-c3ccccc3)cc2)C1=O,9.341281710835947e-12
O=C1CCCN1Cc1ccc(NNCc2ccccc2-c2ccc(CN3CCCC3=O)cc2)cc1,1.3623679718104867e-15
CN(Cc1ccc(-c2ccccc2)cc1)C(=O)c1ccc(CN2C(=O)N[C@](C)(C=O)C2=O)cc1,6.352183061607489e-11
CC(=O)c1ccccc1-c1ccc(CN2CCCC2=O)cc1,3.927960469629289e-10
C[C@@H]([NH2+][C@@H](NNC#N)C(=O)N(C)CN1C(=O)N[C@](C=O)(c2cnn3cccnc23)C1=O)c1cc(F)cc(F)c1,0.0
N#C[C@@]1(CCc2ccccc2)NC(=O)N(Cc2ccc(-c3ccccc3)cc2)C1=O,4.5237418927211385e-10
CN(Cc1ccccc1-c1ccc(CN2CCCC2=O)cc1)C(=O)c1ccc(CN2CCCC2=O)cc1,2.1239144464746714e-21
O=CNC(=O)c1ccccc1-c1ccc(CN2CCCC2=O)cc1,0.04057498265704727
C[C@]1(C=O)NC(=O)N(c2ccccc2C(=O)NC=O)C1=O,0.0
Cc1[nH]ncc1C(=O)N(Cc1ccc(-c2ccccc2)cc1)[C@@H](C)c1ccc(-c2ccccc2)cc1,2.654869720395392e-59
N#C[C@@]1(CCc2ccccc2)NC(=O)N(CN2C(=O)N[C@](C=O)(c3cnn4cccnc34)C2=O)C1=O,0.0
C[C@@H]([NH2+][C@@H](CN1CCCC1=O)C(=O)N(C)Cc1ccc(-c2ccccc2)cc1)c1cc(F)cc(F)c1,2.6862327553021008e-11
CC(=O)c1ccccc1CN1C(=O)N[C@](C)(NNNC#N)C1=O,0.0
CC(=O)c1ccccc1-c1ccc(C[NH2+][C@@H](C)C(=O)N(C)Cc2ccc(-c3ccccc3)cc2)cc1,2.8906954542411772e-27
C[C@@H](c1ccc(-c2ccccc2)cc1)N(C)C(=O)c1cn[nH]c1N(C)C(=O)N1C(=O)N[C@](C)(C=O)C1=O,5.640862023205378e-23
C[C@]1(C=O)NC(=O)N(Cc2ccc(C(=O)c3ccccc3C#N)cc2)C1=O,0.0
O=CN1C(=O)C(=O)N(Cc2ccc(C3=CCCCC3)cc2)C1=O,0.0
C[C@@H]1C[NH+](C[C@@](C)(C=O)c2ccccc2)C[C@H]1NC[C@@]1(C)NC(=O)N(C2=CCCCC2)C1=O,0.0
CN(Cc1ccc(-c2ccccc2)cc1)C(=O)N1C(=O)N[C@](C)(N2C(=O)N[C@](C)(C3CC3)C2=O)C1=O,2.7773516331766166e-14
CC(=O)[C@@]1(C)NC(=O)N(C(=O)N(C)Cc2ccc(-c3ccccc3)cc2)C1=O,0.06852378595943348
C[C@]1(C2CC2)NC(=O)N(C(=O)c2ccc(-c3ccccc3CNNC#N)cc2)C1=O,2.2805543212778506e-05
O=CNC(=O)NNCc1ccccc1-c1ccc(CN2CCCC2=O)cc1,0.1760879745730096
N#C[C@@]1(c2cnn3cccnc23)NC(=O)N(Cc2ccc(-c3ccccc3)cc2)C1=O,4.351748068711849e-15
N#CNNCc1ccccc1-c1ccc(N2C(=O)C(=O)N(C=O)C2=O)cc1,0.0
C[C@]1(C2CC2)NC(=O)N(N2C(=O)C(=O)N(Cc3ccc(-c4ccccc4C#N)cc3)C2=O)C1=O,2.3441988662487883e-17
C[C@@H]1C[NH+](C[C@@](C)(C=O)c2ccccc2)C[C@H]1NCC(=O)c1ccccc1-c1ccc(CN2CCCC2=O)cc1,6.032082249527677e-15
N#CNNCc1ccccc1-c1ccc(Cc2ccc(-c3ccccc3)cc2)cc1,0.0
O=CNC(=O)NNCC(=O)c1ccccc1-c1ccc(CN2CCCC2=O)cc1,0.005533427236582321
C[C@]1(C2CC2)NC(=O)N(C(=O)c2ccc(-c3ccccc3CC(=O)NC=O)cc2)C1=O,9.328785036378314e-06
CC(=O)[C@@]1(C)NC(=O)N(CCN2C(=O)C(=O)N(Cc3ccc(-c4ccccc4C#N)cc3)C2=O)C1=O,3.3543212144503173e-25
C[C@H]([NH2+][C@H](C)c1cc(F)cc(F)c1)C(=O)c1[nH]ncc1C(=O)N(C)[C@@H](C)c1ccc(-c2ccccc2)cc1,7.593127046167496e-29
C[C@]1(NNNC#N)NC(=O)N(Cc2ccc(CN3CCCC3=O)cc2)C1=O,0.0
Cc1[nH]ncc1C(=O)N(F)[C@@H](C)c1ccc(-c2ccccc2)cc1,0.0
C[C@@H]([NH2+][C@@H](CN1CCCC1=O)C(=O)N(C)Cc1ccccc1)c1cc(F)cc(F)c1,0.0
CN(Cc1ccc(-c2ccccc2)cc1)C(=O)NNCc1ccccc1-c1ccc(CN2CCCC2=O)cc1,6.651348523847565e-38
N#CNNN(Cc1ccc(-c2ccccc2)cc1)C(=O)c1cnn2cccnc12,0.0
CC(=O)[C@]1(NNNC#N)NC(=O)N(Cc2ccc(-c3ccccc3)cc2)C1=O,3.1971259422643476e-08
C[C@]1(c2ccccc2C(=O)NC=O)NC(=O)N(C(=O)c2ccc(-c3ccccc3CNNC#N)cc2)C1=O,2.1534794108072748e-36
O=CNCN1C(=O)C(=O)N(CCC2=CCCCC2)C1=O,0.0
N#CNNNCc1ccccc1-c1ccc(CN2CCCC2=O)cc1,0.08974630322865022
N#C[C@@]1(CCc2ccccc2)NC(=O)N(c2ccc(-c3ccccc3NC3CC3)cc2)C1=O,0.0
O=CNC(=O)NNCc1ccccc1-c1ccc(-c2ccccc2C(=O)NC=O)cc1,0.0
N#CNNN[C@@]1(C(=O)C(=O)NC=O)NC(=O)N(Cc2ccc(-c3ccccc3)cc2)C1=O,3.9702338007283057e-35
CN(Cc1ccc(-c2ccccc2)cc1)c1ccc(-c2ccccc2C(=O)NC=O)cc1,0.0
O=C(CNCN1CCCC1=O)c1ccccc1-c1ccc(CN2CCCC2=O)cc1,0.07587003897741922
C[C@]1(C=O)NC(=O)N(Cc2ccc(-c3ccccc3CNNC(=O)NC=O)cc2)C1=O,2.3317299878323156e-11
CN(N[C@@]1(C=O)NC(=O)N(Cc2ccc(-c3ccccc3)cc2)C1=O)C(=O)N1C(=O)N[C@](C)(C=O)C1=O,6.881339919427103e-32
O=CNN[C@@]1(CNNC(=O)NC=O)NC(=O)N(Cc2ccc(-c3ccccc3)cc2)C1=O,1.6449885405763667e-26
C[C@]1(C=O)NC(=O)N(Cc2ccc(-c3ccccc3C(=O)CNCN3CCCC3=O)cc2)C1=O,6.813344716008395e-08
N#Cc1ccccc1CN1C(=O)C(=O)N(CCC2=CCCCC2)C1=O,0.0
N#CNNN[C@@]1(C(=O)C=O)NC(=O)N(Cc2ccc(-c3ccccc3)cc2)C1=O,1.4007032045296942e-16
C[C@]1(C#N)NC(=O)N(Cc2ccc(N3C(=O)N[C@](C)(C=O)C3=O)cc2)C1=O,0.0
O=C(CN1CCCC1=O)c1ccccc1-c1ccc(CN2CCCC2=O)cc1,0.0010297851941021236
CN(Cc1ccc(-c2ccccc2)cc1)C(=O)c1ccc(-c2ccccc2NC2CC2)cc1,1.4243761104099034e-43
C[C@]1(C#N)NC(=O)N(CN(Cc2ccc(-c3ccccc3)cc2)C(=O)c2cnn3cccnc23)C1=O,6.353913975882473e-29
CN(Cc1ccc(-c2ccccc2)cc1)C(=O)c1ccc(CN2C(=O)N[C@@](C=O)(NC(=O)NC=O)C2=O)cc1,1.401678224331123e-26
O=CNC(=O)Cc1ccccc1-c1ccc(C=O)cc1,0.0
N#CNNCN1C(=O)C(=O)N(CCc2ccccc2)C1=O,0.0
C[C@]1(C=O)NC(=O)N(CC(=O)N2C(=O)N[C@](C)(C=O)C2=O)C1=O,0.0
O=CN1C(=O)C(=O)N(CNCC(=O)c2ccccc2-c2ccc(CN3CCCC3=O)cc2)C1=O,2.7569941663302258e-11
O=C(NNCC(=O)c1ccccc1-c1ccc(CN2CCCC2=O)cc1)Nc1ccccc1,1.145780230221507e-09
C[C@]1(C2CC2)NC(=O)N(C(=O)c2ccc(-c3ccccc3CNCNNC(=O)NC=O)cc2)C1=O,4.8228736421174844e-17
CN(Cc1ccc(CN2C(=O)N[C@](C)(C=O)C2=O)cc1)C(=O)N1C(=O)N[C@](C)(C2CC2)C1=O,0.0
C[C@]1(NNNC#N)NC(=O)N(CCc2ccc(-c3ccccc3)cc2)C1=O,0.0
CC(=O)c1ccccc1Cc1ccc(-c2ccccc2C(C)=O)cc1,0.0
O=C(NCN1CCCC1=O)NNCC(=O)c1ccccc1-c1ccc(CN2CCCC2=O)cc1,5.184337738582382e-05
N#Cc1ccccc1-c1ccc(CN2C(=O)C(=O)N(CNC(=O)N3CCCC3=O)C2=O)cc1,1.1617649269636865e-12
O=CNC(=O)CC(=O)c1ccccc1-c1ccc(CN2CCCC2=O)cc1,0.5644250037164008
CC(=O)[C@@]1(C)NC(=O)N(NNCc2ccccc2-c2ccc(CN3CCCC3=O)cc2)C1=O,9.687772745821093e-06
CC(=O)[C@@]1(NC(=O)NC=O)NC(=O)N(NNCc2ccccc2-c2ccc(CN3CCCC3=O)cc2)C1=O,3.811665196395302e-32
CN(Cc1ccc(-c2ccccc2)cc1)C(=O)C(=O)CC(=O)NC=O,0.0434322307617138
CC(=O)[C@@]1(C)NC(=O)N(C(=O)Cc2ccccc2-c2ccc(C(=O)N3C(=O)N[C@](C)(C4CC4)C3=O)cc2)C1=O,8.318208650985565e-33
O=CNC(=O)NNCc1ccccc1-c1ccc(-c2ccccc2NC2CC2)cc1,0.0
O=CN1C(=O)C(=O)N(CN2C(=O)C(=O)N(CCc3ccccc3)C2=O)C1=O,0.0
C[C@]1(C2CC2)NC(=O)N(C(=O)c2ccc(-c3ccccc3CNNC#N)cc2)C1=O,2.2805543212778506e-05
C[C@]1(C#N)NC(=O)N(CN2C(=O)C(=O)N(Cc3ccc(-c4ccccc4C#N)cc3)C2=O)C1=O,2.624895298935876e-26
O=C(CN1CCCC1=O)C(=O)NNCC(=O)c1ccccc1-c1ccc(CN2CCCC2=O)cc1,3.978376528897606e-08
CCc1ccccc1-c1ccc(CN2CCCC2=O)cc1,1.5555231728825448e-17
CC(=O)[C@@]1(C)NC(=O)N(NNCc2ccccc2-c2ccc(C(=O)CC(=O)NC=O)cc2)C1=O,0.0
O=CNNC(=O)NNCC(=O)c1ccccc1-c1ccc(CN2CCCC2=O)cc1,8.163200186709423e-06
N#C[C@@]1(c2ccc(CN3CCCC3=O)cc2)NC(=O)N(Cc2ccc(-c3ccccc3)cc2)C1=O,7.600557923766077e-17
N#CNNc1ccc(-c2ccccc2C(=O)CNNC(=O)C(=O)CN2CCCC2=O)cc1,0.0
O=C[C@]1(Nc2ccc(-c3ccccc3NC3CC3)cc2)NC(=O)N(Cc2ccc(-c3ccccc3)cc2)C1=O,3.321498653676802e-42
N#CNNc1ccccc1-c1ccc(CN2C(=O)C(=O)N(C=O)C2=O)cc1,2.0076984239340484e-06
CC(=O)N[C@H](C(=O)NCc1ccccc1-c1ccc(CN2CCCC2=O)cc1)N1C(=O)C(=O)N(C=O)C1=O,1.827298808467455e-27
CN(Cc1ccc(-c2ccccc2)cc1)C(=O)N1C(=O)N[C@](C)(NNC#N)C1=O,0.0001021046443868804
C[C@]1(C2CC2)NC(=O)N(c2ccccc2NNC#N)C1=O,0.0
CC(=O)[C@@]1(c2ccccc2NNC#N)NC(=O)N(C(=O)N(C)Cc2ccc(-c3ccccc3)cc2)C1=O,1.2527226989322843e-25
N#CNNCc1ccccc1-c1ccc(Cc2ccc(-c3ccccc3C(=O)CC(=O)NC=O)cc2)cc1,0.0
CN(Cc1ccc(-c2ccccc2)cc1)C(=O)N[C@@]1(C=O)NC(=O)N(Cc2ccc(-c3ccccc3)cc2)C1=O,4.8407949874671516e-36
C[C@]1(C=O)NC(=O)N(CC(=O)NNCC(=O)c2ccccc2-c2ccc(CN3CCCC3=O)cc2)C1=O,8.661574555059595e-21
CN(CCc1ccc(-c2ccccc2C(=O)CC(=O)NC=O)cc1)C(=O)N1C(=O)N[C@](C)(NNC#N)C1=O,0.0
CN(C(=O)N1C(=O)N[C@](C)(C=O)C1=O)c1ccc(CN2CCCC2=O)cc1,0.0
C[C@]1(C#N)NC(=O)N(Cc2ccc(-c3ccccc3)cc2)C1=O,0.051911095295126025
CNC(=O)NNCC(=O)c1ccccc1-c1ccc(CN2CCCC2=O)cc1,0.34199722622379813
C[C@]1(NNNC#N)NC(=O)N(C[C@]2(NNNC#N)NC(=O)N(Cc3ccc(-c4ccccc4)cc3)C2=O)C1=O,1.812490953598207e-73
N#CNNc1ccc(-c2ccccc2C(=O)CNCN2CCCC2=O)cc1,0.0
O=C1CCCN1Cc1ccc(-c2ccccc2-c2ccc(CN3CCCC3=O)cc2)cc1,5.527734255262873e-19
C[C@]1(C#N)NC(=O)N(c2ccccc2C(=O)CNNC(=O)NCN2CCCC2=O)C1=O,0.0
N#CNNNCc1ccccc1-c1ccccc1-c1ccc(CN2CCCC2=O)cc1,6.636848559330892e-07
CC(=O)Cc1ccccc1-c1ccc(CN2CCCC2=O)cc1,1.7550570949905963e-09
C[C@]1(c2ccc(-c3ccccc3)cc2)NC(=O)N(Cc2ccc(-c3ccccc3)cc2)C1=O,8.084953445997211e-33
CNC(=O)NNCC(=O)c1ccc(CN2C(=O)N[C@](C)(C=O)C2=O)cc1,0.0
C[C@]1(C=O)NC(=O)N(Cc2ccc(-c3ccccc3NN3C(=O)C(=O)N(C=O)C3=O)cc2)C1=O,7.720140299711468e-24
C[C@]1(C#N)NC(=O)N(Cc2ccc(Cc3ccc(-c4ccccc4C(=O)CC(=O)NC=O)cc3)cc2)C1=O,0.0
N#CNNNCc1ccccc1-c1ccccc1-c1ccc(-c2ccccc2NC2CC2)cc1,0.0
C[C@]1(NC=O)NC(=O)N(C(=O)c2ccc(-c3ccccc3CNNC#N)cc2)C1=O,1.9496355489407537e-14
C[C@@H]([NH2+][C@@H](NNC#N)c1ccccc1NNC#N)c1cc(F)cc(F)c1,0.0
O=CNC(=O)Cc1ccccc1-c1ccc(N2CCCC2=O)cc1,0.0
C[C@]1(C=O)NC(=O)N([C@]2(C#N)NC(=O)N(Cc3ccc(-c4ccccc4)cc3)C2=O)C1=O,1.7531329524636008e-15
O=CNC(=O)CC(=O)NC(=O)NNCC(=O)c1ccccc1-c1ccc(CN2CCCC2=O)cc1,2.2419639571111384e-19
O=C[C@]1(NN2CCCC2=O)NC(=O)N(Cc2ccc(-c3ccccc3)cc2)C1=O,0.017864348911905897
O=C[C@]1(NN2CCCC2=O)NC(=O)N(CNCC(=O)c2ccccc2-c2ccc(CN3CCCC3=O)cc2)C1=O,7.596209101489241e-27
C[C@]1(C=O)NC(=O)N(NCC(=O)c2ccccc2-c2ccc(CN3CCCC3=O)cc2)C1=O,1.8708692388639597e-07
C[C@]1(C2CC2)NC(=O)N(C(=O)c2ccc(-c3ccccc3C(=O)NC=O)cc2)C1=O,2.1111604350516064e-05
CC(=O)N1C(=O)C(=O)N(Cc2ccc(-c3ccccc3NNC#N)cc2)C1=O,2.931304099862461e-06
N#CNN[C@@]1(C=O)NC(=O)N(Cc2ccc(-c3ccccc3)cc2)C1=O,1.5473769853285164e-05
C[C@]1(C#N)NC(=O)N(CCc2ccc(-c3ccccc3C(=O)CC(=O)NC=O)cc2)C1=O,0.0
CN(Cc1ccc(-c2ccccc2)cc1)N1C(=O)N[C@](C)(C=O)C1=O,0.0
N#CNN[C@]1(C#N)NC(=O)N(Cc2ccc(-c3ccccc3)cc2)C1=O,7.464856319315296e-06
C[C@]1(C#N)NC(=O)N(Cc2ccc(-c3ccc(CN4C(=O)N[C@](C)(C=O)C4=O)cc3)cc2)C1=O,6.281922935468938e-17
O=C(CNCN1CCCC1=O)c1ccccc1-c1ccc(CN2CCCC2=O)cc1,0.07587003897741922
O=C(CNCN1CCCC1=O)c1ccccc1-c1ccc(-c2ccc(-c3ccccc3)cc2)cc1,0.0
C[C@]1(C#N)NC(=O)N(CCc2ccccc2-c2ccc(C(=O)N3C(=O)N[C@](C)(C4CC4)C3=O)cc2)C1=O,1.5027278309578822e-24
C[C@]1(C#N)NC(=O)N(Cc2ccccc2C(=O)NC=O)C1=O,0.0
C[C@]1(NNc2ccc(-c3ccccc3CNNC#N)cc2)NC(=O)N(Cc2ccc(-c3ccccc3)cc2)C1=O,1.1442660455629058e-37
O=CNC(=O)CC(=O)c1ccccc1CNCN1CCCC1=O,0.0
O=C(CNCN1CCCC1=O)c1ccccc1-c1ccc(-c2ccccc2)cc1,0.0
CN(NC(=O)NC=O)C(=O)N1C(=O)N[C@](C)(C=O)C1=O,0.0
N#CNN[C@@]1(C(=O)CN2CCCC2=O)NC(=O)N(Cc2ccc(-c3ccccc3)cc2)C1=O,5.942856191698893e-13
C[C@]1(C2CC2)NC(=O)N(C(=O)c2ccc(-c3ccccc3C(=O)NC#N)cc2)C1=O,1.0170832738071196e-07
O=CNNC(=O)NNCC(=O)c1ccc(CN2C(=O)C(=O)N(C=O)C2=O)cc1,0.0
CN(CN1CCCC1=O)C(=O)N1C(=O)N[C@](C)(NNC#N)C1=O,0.0
C[C@]1(NNNC#N)NC(=O)N(CCNNC(=O)NC=O)C1=O,0.0
O=C(Cc1ccc(-c2ccccc2)cc1)NCN1CCCC1=O,0.0
CN(Cc1ccc(-c2ccccc2)cc1)C(=O)C(=O)c1ccc(CN2C(=O)N[C@](C)(C#N)C2=O)cc1,2.560496673432488e-19
C[C@]1(C#N)NC(=O)N(c2ccc(CN3CCCC3=O)cc2)C1=O,0.0
N#CNCC(=O)c1ccccc1-c1ccc(CN2CCCC2=O)cc1,0.08725293763595514
C[C@@H]([NH2+][C@@H](NNC#N)c1ccccc1C#N)c1cc(F)cc(F)c1,0.0
C[C@@H]([NH2+][C@@H](NNC#N)C(=O)N(C)CCN1C(=O)N[C@](C)(NNNC#N)C1=O)c1cc(F)cc(F)c1,0.0
C[C@]1(C#N)NC(=O)N(CC(=O)C(=O)CC(=O)NC=O)C1=O,0.0
N#CNCC(=O)c1ccccc1-c1ccc(NNC#N)cc1,0.0
O=CNC(=O)CC(=O)c1ccccc1C(=O)c1ccc(-c2ccccc2CC(=O)NC=O)cc1,0.0
CN(Cc1ccc(-c2ccccc2)cc1)N1C(=O)N[C@](C)(C=O)C1=O,0.0
C[C@]1(Cc2ccc(-c3ccccc3)cc2)NC(=O)N(C(=O)c2ccc(-c3ccccc3CNNC#N)cc2)C1=O,1.3733736754853321e-43
O=CNNC(=O)Nc1ccccc1C(=O)CNNC(=O)NCN1CCCC1=O,0.0
C[C@]1(C=O)NC(=O)N(CCc2ccc(-c3ccccc3C(=O)CC(=O)NC=O)cc2)C1=O,0.0
C[C@]1(NNNC#N)NC(=O)N(CCN2CCCC2=O)C1=O,0.0
C[C@]1(C2CC2)NC(=O)N(C(=O)c2ccc(-c3ccccc3C(=O)NCNC#N)cc2)C1=O,5.119876349638169e-11
O=CNC(=O)c1ccccc1-c1ccc(C(=O)NCN2CCCC2=O)cc1,0.0
CC(=O)[C@@]1(C)NC(=O)N(c2ccc(-c3ccccc3CC(=O)NC=O)cc2)C1=O,0.0
CC(=O)[C@@]1(C(=O)N2C(=O)N[C@](C)(C3CC3)C2=O)NC(=O)N(C(=O)N(C)Cc2ccc(-c3ccccc3)cc2)C1=O,3.629821919714718e-33
O=CN1C(=O)C(=O)N(Cc2ccc(N3CCCC3=O)cc2)C1=O,0.0
O=CNNC(=O)NCN1C(=O)N[C@](C=O)(NN2CCCC2=O)C1=O,0.0
C[C@H](NC=O)C(=O)NCc1ccccc1-c1ccc(CN2CCCC2=O)cc1,0.6255354191723157
CN(C(=O)N1C(=O)N[C@](C)(C=O)C1=O)N1C(=O)N[C@](C=O)(NN2CCCC2=O)C1=O,0.0
O=CNC(=O)c1ccccc1C(=O)CNNC(=O)NCN1CCCC1=O,0.0
CC(=O)[C@@]1(C)NC(=O)N(CN2C(=O)N[C@](C)(C=O)C2=O)C1=O,0.0
CN(Cc1ccc(-c2ccccc2)cc1)C(=O)C(=O)C(=O)c1ccc(-c2ccccc2CC(=O)NC=O)cc1,1.9122481219433412e-31
N#C[C@@]1(c2ccc(-c3ccccc3)cc2)NC(=O)N(Cc2ccc(-c3ccccc3)cc2)C1=O,5.225846947449751e-31
O=CNC(=O)CC(=O)c1ccccc1C(=O)NNCC(=O)c1ccccc1-c1ccc(CN2CCCC2=O)cc1,1.381450924655989e-28
C[C@H](NC=O)c1ccc(-c2ccccc2CC(=O)NC=O)cc1,0.0
C[C@]1(C=O)NC(=O)N(Cc2ccc(-c3ccccc3C(=O)CNCN3CCCC3=O)cc2)C1=O,6.813344716008395e-08
O=CNC(=O)Cc1ccccc1-c1ccc(C(=O)NC=O)cc1,0.0
O=C1CCCN1CCc1ccc(-c2ccccc2)cc1,0.0
O=CNC(=O)c1ccccc1-c1ccc(C(=O)N2C(=O)N[C@](CN3CCCC3=O)(C3CC3)C2=O)cc1,8.685381455025738e-17
CN(Cc1ccc(-c2ccc(CN3CCCC3=O)cc2)cc1)C(=O)N1C(=O)N[C@](C)(C2CC2)C1=O,9.092747615730585e-10
CN(Cc1ccc(-c2ccccc2)cc1)C(=O)C(=O)NC#N,0.00495631623088516
N#CNC(=O)NCC(=O)c1ccccc1-c1ccc(CN2CCCC2=O)cc1,0.019869627117053427
C[C@H](NC=O)C(=O)NCc1ccccc1C(=O)C(=O)CC(=O)NC=O,0.0
CN(C(=O)N1C(=O)N[C@](C)(C=O)C1=O)c1ccccc1C(=O)CNCN1CCCC1=O,0.0
CC(=O)N[C@H](C(=O)NCc1ccccc1-c1ccc(CN2CCCC2=O)cc1)C(=O)NCN1CCCC1=O,4.419287156452344e-13
N#CNNCc1ccccc1-c1ccc(Cc2ccc(-c3ccccc3C(=O)CC(=O)NC=O)cc2)cc1,0.0
C[C@]1(C#N)NC(=O)N(Cc2ccc(-c3ccccc3C(=O)CC(=O)NC=O)cc2)C1=O,1.0452065586587115e-11
C[C@]1(C#N)NC(=O)N(Cc2ccc(C(=O)NC=O)cc2)C1=O,0.0
CC(=O)[C@@]1(C)NC(=O)N(C(=O)CN(C)C(=O)[C@H](NNC#N)[NH2+][C@H](C)c2cc(F)cc(F)c2)C1=O,0.0
N#CNNNCc1ccccc1[C@]1(NNNC#N)NC(=O)N(Cc2ccc(-c3ccccc3)cc2)C1=O,2.3762525148895197e-32
C[C@]1(C=O)NC(=O)N(Cc2ccc(-c3ccccc3CNNNC#N)cc2)C1=O,6.857446273854883e-08
O=CNC(=O)NNCc1ccccc1CNNC(=O)NC=O,0.0
N#CNNCNC(=O)NNCC(=O)c1ccccc1-c1ccc(CN2CCCC2=O)cc1,5.587528797754086e-11
CN(Cc1ccc(C(=O)NCN2CCCC2=O)cc1)C(=O)N1C(=O)N[C@](C)(C2CC2)C1=O,0.0
CN(CC(=O)C(=O)NC#N)C(=O)N1C(=O)N[C@](C)(NNC#N)C1=O,0.0
N#CNNCc1ccccc1-c1ccc(C(=O)c2ccccc2C(=O)CNNC(=O)NCN2CCCC2=O)cc1,0.0
CN(Cc1ccc(-c2ccccc2)cc1)C(=O)[C@H](NNC#N)[NH2+][C@H](CN1CCCC1=O)c1cc(F)cc(F)c1,5.936322566888469e-13
N#CNC(=O)C(=O)NNCC(=O)c1ccccc1-c1ccc(CN2CCCC2=O)cc1,3.392604101816414e-10
C[C@]1(C=O)NC(=O)N(CCNC(=O)NNCC(=O)c2ccccc2-c2ccc(CN3CCCC3=O)cc2)C1=O,9.98727995006125e-26
C[C@]1(C2CC2)NC(=O)N(C(=O)c2ccc(N3C(=O)N[C@](C=O)(NN4CCCC4=O)C3=O)cc2)C1=O,0.0
CN(Cc1ccc(-c2ccccc2)cc1)C(=O)NNNC#N,0.0001864058804769065
C[C@]1(c2ccc(CN3CCCC3=O)cc2)NC(=O)N(C(=O)c2ccc(-c3ccccc3CNNC#N)cc2)C1=O,1.3658727600229226e-32
C[C@]1(C#N)NC(=O)N(Cc2ccc(C(=O)N3C(=O)N[C@](C)(C=O)C3=O)cc2)C1=O,0.0
CN(Cc1ccc(-c2ccccc2C(=O)CNCN2CCCC2=O)cc1)C(=O)N1C(=O)N[C@](C)(C2CC2)C1=O,9.809802270226556e-17
C[C@]1(NNNC#N)NC(=O)N(CCc2ccc(-c3ccccc3)cc2)C1=O,0.0
c1ccc(-c2ccc(Cc3ccc(-c4ccccc4NC4CC4)cc3)cc2)cc1,0.0
C[C@]1(C#N)NC(=O)N(c2ccc(-c3ccccc3)cc2)C1=O,0.0
CN(CNNC(=O)NC=O)Cc1ccc(-c2ccccc2)cc1,0.0
CN(Cc1ccc(-c2ccccc2)cc1)C(=O)N1C(=O)N[C@](C)(C(=O)C(=O)NC#N)C1=O,2.3279146783630803e-13
N#CNC(=O)NNCC(=O)c1ccccc1-c1ccc(CN2CCCC2=O)cc1,0.0006350920662885397
CNC(=O)NNCC(=O)C(=O)NCC(=O)c1ccccc1-c1ccc(CN2CCCC2=O)cc1,1.1892678006602115e-12
CN(Cc1ccc(-c2ccccc2)cc1)C(=O)C(=O)CNNC(=O)NC#N,6.801103757684057e-05
O=CNC(=O)Nc1ccc(-c2ccccc2C(=O)NC=O)cc1,0.0
C[C@@H]([NH2+][C@@H](NNC#N)C(=O)C(=O)CC(=O)NC=O)c1cc(F)cc(F)c1,0.0
C[C@H](NCNNC(=O)NC=O)C(=O)NCc1ccccc1-c1ccc(CN2CCCC2=O)cc1,1.969575143847939e-09
C[C@]1(C#N)NC(=O)N(Cc2ccc(C(=O)NCc3ccccc3-c3ccc(CN4CCCC4=O)cc3)cc2)C1=O,5.658178453967271e-32
O=CNC(=O)NNCc1ccccc1C(=O)NCc1ccccc1-c1ccc(CN2CCCC2=O)cc1,2.548894592855071e-14
O=CNC(=O)CC(=O)c1ccccc1-c1ccc(Cc2ccccc2C(=O)CNCN2CCCC2=O)cc1,0.0
CN(Cc1ccc(-c2ccccc2)cc1)C(=O)N1C(=O)N[C@](C)(C(=O)NNNC#N)C1=O,2.937341738983803e-15
N#CNC(=O)NNCC(=O)c1ccccc1-c1ccc(C(=O)CC(=O)NC=O)cc1,0.0
CN(Cc1ccc(-c2ccccc2)cc1)C(=O)C(=O)c1ccc(-c2ccccc2C(=O)CNC#N)cc1,6.218257354630925e-33
C[C@]1(C=O)NC(=O)N(C(=O)N2C(=O)N[C@](C)(C=O)C2=O)C1=O,0.0
CN(Cc1ccc(-c2ccccc2)cc1)C(=O)C(=O)CNNC(=O)NC#N,6.801103757684057e-05
O=CN1C(=O)C(=O)N(CNC(=O)N2CCCC2=O)C1=O,0.0
C[C@]1(C=O)NC(=O)N(Cc2ccc(-c3ccccc3)cc2)C1=O,0.02508265583629114
CN(CN1CCCC1=O)C(=O)N1C(=O)N[C@](C)(C=O)C1=O,0.0
CNC(=O)C(=O)C(=O)N(C)Cc1ccc(-c2ccccc2)cc1,0.0026903274556623093
CNC(=O)C(=O)C(=O)N(Cc1ccc(-c2ccccc2)cc1)c1ccc(CN2C(=O)N[C@](C)(C=O)C2=O)cc1,0.0
C[C@@H]([NH2+][C@@H](NNC#N)c1ccc(-c2ccccc2C(=O)CNNC(=O)NC#N)cc1)c1cc(F)cc(F)c1,0.0
C[C@H](NC=O)[C@]1(C#N)NC(=O)N(Cc2ccc(-c3ccccc3)cc2)C1=O,0.03528695260385561
O=CNC(=O)CC(=O)NNCC(=O)c1ccccc1-c1ccc(CN2CCCC2=O)cc1,3.9260965830412045e-08
N#CNCC(=O)c1ccccc1-c1ccc(CN2CCCC2=O)cc1,0.08725293763595514
C[C@]1(C#N)NC(=O)N(NNCC(=O)c2ccccc2-c2ccc(CN3CCCC3=O)cc2)C1=O,1.915190005457888e-13
CNC(=O)C(=O)C(=O)N(C)Cc1ccc(-c2ccccc2)cc1,0.0026903274556623093
CNC(=O)C(=O)C(=O)N(Cc1ccc(-c2ccccc2)cc1)NC#N,0.0
N#Cc1ccccc1-c1ccc(CN2CCCC2=O)cc1,7.290462183438563e-08
C[C@H](NC=O)C(=O)NCc1ccccc1-c1ccc(-c2ccccc2C(=O)NC=O)cc1,0.0
C[C@]1(C#N)NC(=O)N(CCc2ccccc2-c2ccc(CN3CCCC3=O)cc2)C1=O,0.00038118929590104297
CNNc1ccccc1-c1ccc(CN2C(=O)N[C@](C)(C=O)C2=O)cc1,0.28810833284129933
CN(Cc1ccc(-c2ccccc2)cc1)C(=O)C(=O)C(=O)CNC(=O)N1CCCC1=O,0.004958246312380522
CN(Cc1ccc(-c2ccccc2)cc1)C(=O)N1CCCC1=O,3.762046902435776e-09
C[C@]1(C=O)NC(=O)N(Cc2ccc(CN3C(=O)C(=O)N(C=O)C3=O)cc2)C1=O,0.0
N#C[C@@]1(c2ccccc2C(=O)CNCN2CCCC2=O)NC(=O)N(Cc2ccc(-c3ccccc3)cc2)C1=O,1.526124621089558e-26
O=CNC(=O)NNCc1ccccc1CN1CCCC1=O,0.0
C[C@]1(C#N)NC(=O)N(N2C(=O)N[C@](C)(C=O)C2=O)C1=O,0.0
C[C@H](NC=O)[C@H](NNC#N)[NH2+][C@H](C)c1cc(F)cc(F)c1,0.0
O=CNC(=O)NNCc1ccccc1C(=O)NNCC(=O)c1ccccc1-c1ccc(CN2CCCC2=O)cc1,1.0910832370295288e-26
CNC(=O)C(=O)C(=O)N(Cc1ccc(-c2ccccc2)cc1)c1ccccc1CNC(=O)[C@H](C)NC=O,0.0
O=CNC(=O)CC(=O)c1ccccc1C(=O)NCc1ccccc1-c1ccc(CN2CCCC2=O)cc1,4.5484527903946075e-17
O=CN1C(=O)C(=O)N(Cc2ccc(-c3ccccc3N3C(=O)N[C@](C=O)(NN4CCCC4=O)C3=O)cc2)C1=O,4.2063614695236475e-46
C[C@H](NC=O)C(=O)NCc1ccccc1-c1ccc(CN2CCCC2=O)cc1,0.6255354191723157
C[C@]1(C#N)NC(=O)N(Cc2ccc(C(=O)C(=O)NC#N)cc2)C1=O,0.0
N#CNNCc1ccccc1-c1ccc(-c2ccccc2C(=O)NC=O)cc1,0.0
CC(=O)[C@@]1(C)NC(=O)N(CNC(=O)N2CCCC2=O)C1=O,0.0
CNC(=O)C(=O)C(=O)N(CNC#N)Cc1ccc(-c2ccccc2)cc1,0.0009632130860841188
C[C@]1(C#N)NC(=O)N(CCc2ccc(-c3ccccc3C(=O)CC(=O)NC=O)cc2)C1=O,0.0
N#CNNCc1ccccc1-c1ccc(C(=O)NC#N)cc1,0.0
CN(C(=O)N1C(=O)N[C@](C)(C=O)C1=O)c1ccccc1C#N,0.0
C[C@]1(C#N)NC(=O)N(Cc2ccc(-c3ccc(CN4C(=O)N[C@](C)(C=O)C4=O)cc3)cc2)C1=O,6.281922935468938e-17
C[C@]1(C#N)NC(=O)N(Cc2ccccc2-c2ccc(CN3CCCC3=O)cc2)C1=O,0.001006407017340781
O=C(CNCN1CCCC1=O)c1ccccc1-c1ccc(CN2CCCC2=O)cc1,0.07587003897741922
O=CNC(=O)NC(=O)NNCC(=O)c1ccccc1-c1ccc(CN2CCCC2=O)cc1,4.78466413214717e-10
N#CNCC(=O)c1ccccc1-c1ccc(CCNCN2CCCC2=O)cc1,0.0
CC(=O)[C@@]1(N2C(=O)N[C@](C)(C#N)C2=O)NC(=O)N(C(=O)N(C)Cc2ccc(-c3ccccc3)cc2)C1=O,2.6105768141695678e-30
CN(CC(=O)N1C(=O)N[C@](C)(C=O)C1=O)C(=O)C(=O)C(=O)CNC(=O)N1CCCC1=O,0.0
O=C(NCc1ccccc1-c1ccc(CN2CCCC2=O)cc1)NN1CCCC1=O,0.09283147194203448
CN(Cc1ccc(-c2ccccc2)cc1)C(=O)C(=O)C(=O)Nc1ccc(CN2C(=O)C(=O)N(C=O)C2=O)cc1,2.1718277901429824e-29
C[C@]1(C#N)NC(=O)N(CC(=O)N2C(=O)N[C@](C)(C=O)C2=O)C1=O,0.0
O=CNC(=O)CC(=O)C(=O)CNC(=O)N1CCCC1=O,0.0
O=C[C@]1(NN2CCCC2=O)NC(=O)N(Cc2ccccc2C(=O)CNCN2CCCC2=O)C1=O,0.0
CN(Cc1ccc(-c2ccccc2)cc1)C(=O)C(=O)C(=O)c1ccc(CN2C(=O)N[C@](C)(C=O)C2=O)cc1,4.951118879420029e-22
CC(=O)[C@@]1(C)NC(=O)N(C(=O)NNCC(=O)c2ccccc2-c2ccc(CN3CCCC3=O)cc2)C1=O,3.2969500775314414e-20
CC(=O)N[C@@H](CN1C(=O)N[C@](C)(C=O)C1=O)C(=O)NCc1ccccc1-c1ccc(CN2CCCC2=O)cc1,3.4773654273720825e-22
O=CNC(=O)c1ccccc1-c1ccc(-c2ccccc2-c2ccc(CN3CCCC3=O)cc2)cc1,3.5438567001190873e-35
CNC(=O)C(=O)C(=O)N(C)CC(=O)NCc1ccccc1-c1ccc(CN2CCCC2=O)cc1,3.189835877221434e-08
O=CNC(=O)NNCCc1ccccc1-c1ccc(CN2CCCC2=O)cc1,0.24040050247978859
N#C[C@@]1(NC=O)NC(=O)N(Cc2ccc(-c3ccccc3)cc2)C1=O,0.009146301938695645
O=CNC(=O)NNCc1ccccc1-c1ccc(-c2ccccc2NC2CC2)cc1,0.0
CN(Cc1ccc(-c2ccccc2)cc1)C(=O)C(=O)Cc1ccc(-c2ccccc2C(=O)CC(=O)NC=O)cc1,2.7729978532016877e-35
N#C[C@@]1(NC(=O)CNC(=O)N2CCCC2=O)NC(=O)N(Cc2ccc(-c3ccccc3)cc2)C1=O,1.7477627958940694e-20
O=C(CNC(=O)N1CCCC1=O)C(=O)NNCC(=O)c1ccccc1-c1ccc(CN2CCCC2=O)cc1,1.259644513339186e-19
CNCc1ccc(-c2ccccc2C(=O)CC(=O)NC=O)cc1,0.0
C[C@]1(C#N)NC(=O)N(Cc2ccc(N3C(=O)N[C@](C)(C=O)C3=O)cc2)C1=O,0.0
CNC(=O)NNCC(=O)NNc1ccccc1-c1ccc(CN2C(=O)N[C@](C)(C=O)C2=O)cc1,7.322848989396818e-23
C[C@H](Nc1ccccc1CNNC(=O)NC=O)C(=O)NCc1ccccc1-c1ccc(CN2CCCC2=O)cc1,9.413855634482978e-21
C[C@]1(C=O)NC(=O)N(Cc2ccc(-c3ccccc3NNNC(=O)NN3CCCC3=O)cc2)C1=O,1.001724181883824e-18
C[C@]1(C=O)NC(=O)N(Cc2ccc(-c3ccccc3NNNC#N)cc2)C1=O,5.744920549568231e-07
CN(Cc1ccc(-c2ccccc2)cc1)C(=O)Cc1ccc(-c2ccccc2C(=O)CNC#N)cc1,1.1853801177395915e-30
O=C(CNCc1ccccc1)c1ccccc1-c1ccc(CN2CCCC2=O)cc1,3.153023534143899e-11
CNC(=O)NC(=O)NNCC(=O)c1ccccc1-c1ccc(CN2CCCC2=O)cc1,4.2879627583361636e-05
CN(Cc1ccc(-c2ccccc2)cc1)C(=O)C(=O)C(=O)Nc1ccc(CN2C(=O)C(=O)N(C=O)C2=O)cc1,2.1718277901429824e-29
CNNc1ccccc1-c1ccc(CN2C(=O)N[C@](C)(NNNC#N)C2=O)cc1,6.538526138861866e-10
N#CNC(=O)c1ccccc1-c1ccc(CN2CCCC2=O)cc1,0.07353560615310047
CC(=O)N[C@@H](NC(=O)NC=O)C(=O)NCc1ccccc1-c1ccc(CN2CCCC2=O)cc1,1.2080481566249375e-11
CN(Cc1ccc(CN2C(=O)N[C@](C)(C=O)C2=O)cc1)C(=O)C(=O)NC#N,0.0
C[C@]1(C=O)NC(=O)N(Cc2ccccc2-c2ccc(CN3CCCC3=O)cc2)C1=O,0.04095467552678372
N#Cc1ccccc1-c1ccc(-c2ccccc2C(=O)CNCN2CCCC2=O)cc1,0.0
CN(C(=O)N1C(=O)N[C@](C)(C=O)C1=O)c1ccccc1C#N,0.0
N#CNC(=O)NCC(=O)c1ccccc1-c1ccc(CN2CCCC2=O)cc1,0.019869627117053427
N#CNC(=O)NCC(=O)c1ccccc1-c1ccc(CCc2ccc(-c3ccccc3)cc2)cc1,0.0
O=CNC(=O)c1ccccc1-c1ccc(CC(=O)c2ccccc2-c2ccc(CN3CCCC3=O)cc2)cc1,1.1994646523331169e-40
O=CNC(NC=O)C(=O)NCc1ccccc1-c1ccc(CN2CCCC2=O)cc1,0.00020268130750922598
O=C(CNNc1ccc(-c2ccccc2NC2CC2)cc1)c1ccccc1-c1ccc(CN2CCCC2=O)cc1,9.741805308348258e-50
CN(Cc1ccc(-c2ccccc2)cc1)C(=O)C(=O)NC(=O)NC=O,0.004191535481672545
N#CN[C@]1(C#N)NC(=O)N(Cc2ccc(-c3ccccc3)cc2)C1=O,0.004362416730086634
N#CNNNCc1ccccc1N1C(=O)N[C@@](C#N)(NC=O)C1=O,0.0
N#CNC(=O)c1ccc(-c2ccccc2C(=O)NC=O)cc1,0.0
C[C@]1(C=O)NC(=O)N(Cc2ccc(-c3ccccc3NNCc3ccc(-c4ccccc4)cc3)cc2)C1=O,4.1698881873159714e-33
N#CNNCc1ccccc1-c1ccc(CC(=O)c2ccccc2-c2ccc(CN3CCCC3=O)cc2)cc1,5.15678767432887e-41
C[C@]1(C#N)NC(=O)N(Cc2ccc(-c3ccccc3CNNC(=O)NC=O)cc2)C1=O,5.555675255413677e-13
CNC(=O)NNCC(=O)[C@]1(C(C)=O)NC(=O)N(C(=O)N(C)Cc2ccc(-c3ccccc3)cc2)C1=O,3.342255157689154e-22
C[C@]1(C=O)NC(=O)N(C(=O)NCc2ccccc2-c2ccc(CN3CCCC3=O)cc2)C1=O,2.450283544310779e-07
CN(Cc1ccc(-c2ccccc2)cc1)C(=O)N1C(=O)N[C@](C)(CN2C(=O)N[C@](C)(C=O)C2=O)C1=O,1.4359915984735932e-16
CC(=O)[C@@]1(C)NC(=O)N(C(=O)CNCC(=O)c2ccccc2-c2ccc(CN3CCCC3=O)cc2)C1=O,6.271603520931777e-17
O=CNC(=O)c1ccccc1NC(=O)NN1CCCC1=O,0.0
C[C@H](NC=O)C(=O)NCc1ccccc1-c1ccc(CN2C(=O)N[C@](C)(C#N)C2=O)cc1,6.518194875489049e-10
CN(Cc1ccc(-c2ccccc2)cc1)C(=O)C(=O)C#N,0.00035722909977620404
C[C@]1(C=O)NC(=O)N(C(=O)Cc2ccccc2-c2ccc(CN3CCCC3=O)cc2)C1=O,4.581390024443408e-05
O=CNC(=O)CC(=O)C(=O)c1ccccc1C(=O)NC=O,0.0
O=C[C@@]1(Cc2ccc(-c3ccccc3)cc2)NC(=O)N(Cc2ccc(-c3ccccc3)cc2)C1=O,1.2473344767927587e-27
C[C@]1(C=O)NC(=O)N(Cc2ccc(NC(=O)NN3CCCC3=O)cc2)C1=O,0.0
CNNc1ccccc1-c1ccc(CN2C(=O)N[C@](C)(c3ccc(-c4ccccc4NC4CC4)cc3)C2=O)cc1,4.527675050340229e-49
O=C(CNCN1CCCC1=O)c1ccccc1CC(=O)c1ccccc1-c1ccc(CN2CCCC2=O)cc1,5.843711020186256e-22
CC(=O)N[C@H](C(=O)NCc1ccccc1-c1ccc(CN2CCCC2=O)cc1)N1C(=O)N[C@](C)(C#N)C1=O,6.229823268034577e-25
CN(Cc1ccc(-c2ccccc2)cc1)C(=O)C(=O)c1ccc(CN2CCCC2=O)cc1,2.2623104984268832e-11
CC(=O)[C@@]1(C)NC(=O)N(N2C(=O)N[C@](C)(C=O)C2=O)C1=O,0.0
C[C@]1(c2ccccc2C#N)NC(=O)N(Cc2ccc(-c3ccccc3)cc2)C1=O,4.0696974211576254e-10
CN(Cc1ccc(-c2ccccc2)cc1)C(=O)N1C(=O)N[C@](C)(NNNC#N)C1=O,5.099328387307573e-08
CN(Cc1ccc(-c2ccccc2)cc1)C(=O)C(=O)NC(=O)NN1CCCC1=O,0.06266763574242729
CN(C(=O)N1C(=O)N[C@](C)(C=O)C1=O)c1ccc(-c2ccccc2NC2CC2)cc1,0.0
O=CNC(=O)CC(=O)c1ccccc1N1C(=O)N[C@](C=O)(NN2CCCC2=O)C1=O,0.0
CNC(=O)NNCC(=O)[C@@]1(C)NC(=O)N(Cc2ccc(-c3ccccc3)cc2)C1=O,6.708308273210664e-06
O=CNC(=O)Cc1ccc(-c2ccccc2CCNNC(=O)NC=O)cc1,0.0
N#CNNCc1ccccc1-c1ccc(-c2ccc(CN3C(=O)N[C@@](C#N)(NC=O)C3=O)cc2)cc1,3.965595285689958e-26
C[C@]1(C#N)NC(=O)N(Cc2ccc(C(=O)N3C(=O)N[C@](C)(C=O)C3=O)cc2)C1=O,0.0
O=CNC(=O)c1ccccc1-c1ccc(CN2CCCC2=O)cc1,0.04057498265704727
C[C@H](NC=O)C(=O)NCc1ccccc1Cc1ccc(-c2ccccc2CNC(=O)NN2CCCC2=O)cc1,0.0
C[C@]1(C#N)NC(=O)N(CNC(=O)NN2CCCC2=O)C1=O,0.0
C[C@]1(C#N)NC(=O)N(Cc2ccc(-c3ccccc3C(=O)NC#N)cc2)C1=O,2.2722379425745227e-07
CN(Cc1ccc(-c2ccccc2)cc1)C(=O)C(=O)C(=O)c1ccccc1-c1ccc(CN2CCCC2=O)cc1,5.752835397507199e-43
O=CNC(=O)c1ccc(-c2ccccc2C(=O)CNCN2CCCC2=O)cc1,0.0
CN(NCc1ccccc1-c1ccc(CN2CCCC2=O)cc1)C(=O)C(=O)NC(=O)NN1CCCC1=O,2.835834693464027e-13
C[C@]1(C=O)NC(=O)N(CNC(=O)NNCC(=O)c2ccccc2-c2ccc(CN3CCCC3=O)cc2)C1=O,4.611361321335853e-25
CC(=O)N[C@@H](NC(=O)NN1CCCC1=O)C(=O)NCc1ccccc1-c1ccc(CN2CCCC2=O)cc1,5.798919477164792e-16
N#C[C@@]1(NC=O)NC(=O)N(C(=O)NNCC(=O)c2ccccc2-c2ccc(CN3CCCC3=O)cc2)C1=O,2.940434064343858e-40
N#CNCC(=O)c1ccccc1-c1ccc(Cc2ccc(-c3ccccc3C(=O)NC#N)cc2)cc1,0.0
CC(=O)[C@@]1(N2C(=O)N[C@](C)(C=O)C2=O)NC(=O)N(C(=O)N(C)Cc2ccc(-c3ccccc3)cc2)C1=O,3.6193052768636355e-26
CNC(=O)C(=O)NNCC(=O)c1ccccc1-c1ccc(CN2CCCC2=O)cc1,0.00026571926737083487
N#CNC(=O)c1ccccc1-c1ccc(CC(=O)NC=O)cc1,0.0
C[C@]1(C#N)NC(=O)N(Cc2ccc(NC(=O)NN3CCCC3=O)cc2)C1=O,0.0
N#CNNCc1ccccc1-c1ccc(CC(=O)c2ccccc2-c2ccc(CN3CCCC3=O)cc2)cc1,5.15678767432887e-41
N#CNC(=O)c1ccccc1-c1ccc(C(=O)C(=O)NC(=O)NN2CCCC2=O)cc1,0.0
N#CNCC(=O)c1ccccc1-c1ccc(-c2ccc(-c3ccccc3C(=O)NC#N)cc2)cc1,0.0
C[C@]1(C=O)NC(=O)N(C(=O)Cc2ccc(-c3ccccc3C(=O)CNC#N)cc2)C1=O,0.0
N#CNC[C@]1(C#N)NC(=O)N(Cc2ccc(-c3ccccc3)cc2)C1=O,0.004572388040514012
CNC(=O)Nc1ccccc1-c1ccc(CN2C(=O)C(=O)N(C=O)C2=O)cc1,0.00012533784689915678
N#C[C@@]1(NC=O)NC(=O)N(C(=O)NN2CCCC2=O)C1=O,0.0
CC(=O)c1ccccc1-c1ccc(CN2CCCC2=O)cc1,3.927960469629289e-10
C[C@]1(C#N)NC(=O)N(CNC(=O)NN2CCCC2=O)C1=O,0.0
O=C[C@]1(NN2CCCC2=O)NC(=O)N(NNCC(=O)c2ccccc2-c2ccc(CN3CCCC3=O)cc2)C1=O,3.400996411329387e-33
CC(=O)[C@@]1(N2C(=O)C(=O)N(C=O)C2=O)NC(=O)N(C(=O)N(C)Cc2ccc(-c3ccccc3)cc2)C1=O,2.4240296979773933e-32
CN(Cc1ccc(-c2ccccc2)cc1)C(=O)C(=O)N1C(=O)C(=O)N(C=O)C1=O,2.524098748898782e-06
O=C1CCCN1Cc1ccc(-c2ccccc2CNNN2CCCC2=O)cc1,0.11576811861426578
C[C@H](NC=O)C(=O)NCc1ccccc1C(=O)NCC(=O)c1ccccc1-c1ccc(CN2CCCC2=O)cc1,4.792652414018197e-22
C[C@]1(C=O)NC(=O)N(Cc2ccc(-c3ccccc3NCNC#N)cc2)C1=O,0.0005474195683324283
CN(Cc1ccc(NNN2CCCC2=O)cc1)C(=O)C(=O)NC(=O)NN1CCCC1=O,0.0
C[C@H](NC=O)C(=O)NCc1ccccc1-c1ccc(CN2C(=O)N[C@@](C#N)(NC=O)C2=O)cc1,6.875125768373503e-25
O=C[C@]1(NN2CCCC2=O)NC(=O)N(Cc2ccccc2C(=O)CNCN2CCCC2=O)C1=O,0.0
CNNc1ccccc1-c1ccc(CNNCC(=O)c2ccccc2-c2ccc(CN3CCCC3=O)cc2)cc1,7.027128667237154e-33
C[C@H](NC=O)C(=O)NCc1ccccc1-c1ccc(CNNN2CCCC2=O)cc1,0.0
C[C@H](NC=O)C(=O)NCc1ccccc1C(=O)C(=O)N(C)Cc1ccc(-c2ccccc2)cc1,7.761630047291644e-07
CNC(=O)NNCC(=O)c1ccccc1-c1ccc(CN2CCCC2=O)cc1,0.34199722622379813
N#CNNCc1ccccc1-c1ccc(C(=O)CC(=O)NC=O)cc1,0.0
O=C(NC(=O)C(=O)NNCCc1ccccc1-c1ccc(CN2CCCC2=O)cc1)NN1CCCC1=O,1.2072577546933524e-15
C[C@H](NC=O)C(=O)NCc1ccccc1N1C(=O)N[C@](C)(C#N)C1=O,0.0
C[C@]1(C=O)NC(=O)N(Cc2ccc(-c3ccccc3NNc3ccccc3CNNN3CCCC3=O)cc2)C1=O,3.517592265146045e-26
N#Cc1ccccc1-c1ccccc1-c1ccc(CN2CCCC2=O)cc1,3.9326832183526196e-16
CC(=O)[C@@]1(C)NC(=O)N(C(=O)c2ccccc2CNC(=O)[C@H](C)NC=O)C1=O,0.0
CN(Cc1ccc(-c2ccccc2C(=O)CNC(=O)NC#N)cc1)C(=O)C(=O)NC(=O)NN1CCCC1=O,1.29871606819086e-36
C[C@]1(C=O)NC(=O)N(C(=O)N2C(=O)N[C@](C=O)(NN3CCCC3=O)C2=O)C1=O,0.0
C[C@]1(C=O)NC(=O)N(C(=O)Cc2ccc(-c3ccccc3CNC(=O)NN3CCCC3=O)cc2)C1=O,0.0
CNC(=O)NNCC(=O)c1ccc(CN2C(=O)N[C@](C)(C=O)C2=O)cc1,0.0
CNC(=O)c1ccccc1-c1ccc(CN2CCCC2=O)cc1,4.03641443967812e-05
O=CNC(=O)NNCCc1ccccc1-c1ccc(Cc2ccc(-c3ccccc3C(=O)NC=O)cc2)cc1,0.0
C[C@]1(C#N)NC(=O)N(Cc2ccc([C@]3(C#N)NC(=O)N(Cc4ccc(-c5ccccc5)cc4)C3=O)cc2)C1=O,1.4213645214535237e-40
CNC(=O)Nc1ccccc1CN1C(=O)N[C@](C)(C=O)C1=O,0.0
C[C@]1(C=O)NC(=O)N(C(=O)C(=O)NCC(=O)c2ccccc2-c2ccc(CN3CCCC3=O)cc2)C1=O,4.081854223382876e-25
CN(Cc1ccc(-c2ccccc2)cc1)[C@]1(C#N)NC(=O)N(Cc2ccc(-c3ccccc3)cc2)C1=O,1.1079814211752172e-34
C[C@]1(C=O)NC(=O)N(Cc2ccc(-c3ccccc3NNc3ccccc3C#N)cc2)C1=O,1.0800894152528907e-15
CN(C(=O)C(=O)CC(=O)NC=O)C(=O)C(=O)NC(=O)NN1CCCC1=O,0.0
O=CNC(=O)CC(=O)c1ccccc1-c1ccc(CN2CCCC2=O)cc1,0.5644250037164008
N#C[C@@]1(NC=O)NC(=O)N(c2ccccc2-c2ccc(CN3C(=O)C(=O)N(C=O)C3=O)cc2)C1=O,2.507501135233444e-41
C[C@H](CN1C(=O)N[C@](C)(C=O)C1=O)C(=O)NCc1ccccc1-c1ccc(CN2CCCC2=O)cc1,1.908647545689958e-09
CN(Cc1ccc(-c2ccccc2)cc1)Cc1ccc(-c2ccccc2)cc1,0.0
C[C@H](NC=O)C(=O)NCc1ccccc1C(=O)C(=O)CC(=O)NC=O,0.0
CN(Cc1ccc(-c2ccccc2)cc1)N1C(=O)N[C@@](C#N)(NC=O)C1=O,0.0
O=C1CCCN1Cc1ccc(-c2ccccc2CNNNN2CCCC2=O)cc1,0.8668208048657012
CC(=O)[C@@]1(C)NC(=O)N(c2ccccc2CNNC(=O)NC=O)C1=O,0.0
O=C(NCc1ccccc1-c1ccc(CN2CCCC2=O)cc1)NN1CCCC1=O,0.09283147194203448
C[C@]1(C=O)NC(=O)N(Cc2ccc(-c3ccccc3NNC(=O)NN3CCCC3=O)cc2)C1=O,1.4995312218172873e-13
CNC(=O)Cc1ccc(-c2ccccc2CNC(=O)[C@H](C)NC=O)cc1,0.0
C[C@@H](Cc1ccc(-c2ccccc2C(=O)CNC#N)cc1)NC=O,0.0
N#CNCC(=O)c1ccccc1-c1ccc(CN2CCCC2=O)cc1,0.08725293763595514
C[C@]1(C=O)NC(=O)N(Cc2ccc(-c3ccccc3NNC=O)cc2)C1=O,0.0032598319126341526
N#CNC(=O)c1ccccc1-c1ccc(-c2ccccc2C#N)cc1,0.0
O=CNC(=O)c1ccccc1-c1ccc(CN2CCCC2=O)cc1,0.04057498265704727
C[C@]1(C=O)NC(=O)N(Cc2ccc(-c3ccccc3NNC#N)cc2)C1=O,0.0006325923268513941
C[C@]1(C#N)NC(=O)N(N2C(=O)C(=O)N(C=O)C2=O)C1=O,0.0
C[C@]1(C=O)NC(=O)N(Cc2ccccc2CN2C(=O)N[C@](C)(C=O)C2=O)C1=O,0.0
CNC(=O)c1ccc(CN2C(=O)N[C@@](C#N)([C@H](C)NC=O)C2=O)cc1,0.0
C[C@]1(c2ccccc2C#N)NC(=O)N(Cc2ccc(-c3ccccc3)cc2)C1=O,4.0696974211576254e-10
O=CNC(=O)CC(=O)C(=O)NNCCc1ccccc1-c1ccc(CN2CCCC2=O)cc1,1.3345534922407315e-08
C[C@H](NC=O)c1ccccc1CNNN1CCCC1=O,0.0
O=C(NC(=O)C(=O)NC(=O)c1ccccc1-c1ccc(CN2CCCC2=O)cc1)NN1CCCC1=O,1.9109618500032724e-18
CNNc1ccccc1-c1ccc(CNN2CCCC2=O)cc1,0.0
CNC(=O)NCc1ccc(-c2ccccc2CNC(=O)[C@H](C)NC=O)cc1,0.0
O=CCc1ccc(-c2ccccc2C(=O)NC=O)cc1,0.0
O=CN1C(=O)C(=O)N(CN2C(=O)N[C@](C=O)(NN3CCCC3=O)C2=O)C1=O,0.0
N#Cc1ccccc1NC(=O)NCC(=O)c1ccccc1-c1ccc(CN2CCCC2=O)cc1,1.499074403906425e-17
CNC(=O)NNCC(=O)NNc1ccccc1-c1ccc(CN2C(=O)N[C@](C)(C=O)C2=O)cc1,7.322848989396818e-23
CN(Cc1ccc(NNNC#N)cc1)C(=O)C(=O)NC(=O)NN1CCCC1=O,0.0
O=CNC(=O)NNCCc1ccccc1-c1ccc(CCN2C(=O)N[C@](C=O)(NN3CCCC3=O)C2=O)cc1,0.0
CN(CN1C(=O)N[C@](C=O)(NN2CCCC2=O)C1=O)C(=O)N1C(=O)N[C@](C)(C=O)C1=O,0.0
CNC(=O)C(=O)c1ccccc1-c1ccc(CN2CCCC2=O)cc1,0.1328320818826611
C[C@H](NC=O)C(=O)NCc1ccccc1CNCN1CCCC1=O,0.0
CCc1ccc(-c2ccccc2C(=O)CC(=O)NC=O)cc1,0.0
O=CNC(=O)CCNCC(=O)c1ccccc1-c1ccc(CN2CCCC2=O)cc1,0.15540714883116774
O=C1CCCN1Cc1ccccc1CNNNN1CCCC1=O,0.0
CNC(=O)NN(C)C(=O)C(=O)NC(=O)NN1CCCC1=O,0.0
N#CNCC(=O)c1ccccc1-c1ccc(CNNN2CCCC2=O)cc1,0.0
N#Cc1ccccc1C(=O)C(=O)NC(=O)NN1CCCC1=O,0.0
O=C(NCc1ccccc1-c1ccc(CN2CCCC2=O)cc1)c1ccc(CN2CCCC2=O)cc1,5.3316200872905816e-17
O=CNC(=O)CNC(=O)NCC(=O)c1ccccc1-c1ccc(CN2CCCC2=O)cc1,2.0981890901623733e-07
CC(=O)[C@@]1(C)NC(=O)N(CC(=O)c2ccccc2-c2ccc(CN3CCCC3=O)cc2)C1=O,8.83755447631918e-07
CNNNCc1ccccc1-c1ccc(CN2CCCC2=O)cc1,0.0002026518430301889
CN(Cc1ccc(-c2ccccc2)cc1)C(=O)C(=O)N1CCCC1=O,0.014512108320740664
N#CNNNCC(=O)c1ccccc1-c1ccc(CN2CCCC2=O)cc1,0.08237877880872486
N#CNC(=O)NCC(=O)c1ccccc1-c1ccc(CCNNC(=O)NC=O)cc1,0.0
C[C@]1(C#N)NC(=O)N([C@H](NC=O)C(=O)NCc2ccccc2-c2ccc(CN3CCCC3=O)cc2)C1=O,1.8932463564726266e-23
CC(=O)[C@@]1(N2C(=O)C(=O)N(C=O)C2=O)NC(=O)N(C(=O)N(C)Cc2ccc(-c3ccccc3)cc2)C1=O,2.4240296979773933e-32
CNC(=O)Cc1ccccc1-c1ccc(CN2CCCC2=O)cc1,0.0001151926482408391
O=CNC(=O)CCNCC(=O)c1ccccc1-c1ccc(CN2CCCC2=O)cc1,0.15540714883116774
N#CNNNCc1ccccc1-c1ccc(CN2CCCC2=O)cc1,0.08974630322865022
CN(C(=O)C(=O)NC(=O)NN1CCCC1=O)c1ccccc1-c1ccc(CN2CCCC2=O)cc1,6.307539049219238e-09
N#CNNNCC(=O)c1ccccc1-c1ccc(CN2CCCC2=O)cc1,0.08237877880872486
CNC(=O)N[C@]1(C=O)NC(=O)N(Cc2ccc(-c3ccccc3)cc2)C1=O,0.001313538023988959
C[C@]1(C=O)NC(=O)N(C(=O)c2ccc(-c3ccccc3C(=O)NC=O)cc2)C1=O,7.789109001415933e-10
N#CNc1ccccc1C(=O)CNCCC(=O)NC=O,0.0
O=CNC(=O)CCNCC(=O)CNCCC(=O)NC=O,0.0
CN(Cc1ccccc1-c1ccc(CN2CCCC2=O)cc1)C(=O)N1C(=O)N[C@](C)(C=O)C1=O,2.5664791540991034e-07
N#CNNNCc1ccccc1-c1ccccc1-c1ccc(CN2C(=O)C(=O)N(C=O)C2=O)cc1,2.1528039995180662e-19
C[C@H](NC=O)[C@]1(C#N)NC(=O)N(Cc2ccc(CN3C(=O)N[C@](C)(C=O)C3=O)cc2)C1=O,0.0
C[C@H](NC=O)C(=O)NCc1ccccc1-c1ccc(CCN2C(=O)N[C@](C)(C=O)C2=O)cc1,0.0
O=C(Nc1ccccc1-c1ccc(CN2CCCC2=O)cc1)NN1CCCC1=O,0.01590956407992731
CNC(=O)NNCC(=O)CNCC(=O)c1ccccc1-c1ccc(CN2CCCC2=O)cc1,3.443155389323958e-06
C[C@H](NC=O)C(=O)NCc1ccccc1-c1ccc(CN2C(=O)N[C@](C)(C#N)C2=O)cc1,6.518194875489049e-10
O=CNC(=O)CCNCNCc1ccccc1-c1ccc(CN2CCCC2=O)cc1,0.2973818050072583
CN(Cc1ccc(-c2ccccc2)cc1)c1ccc(-c2ccccc2NC2CC2)cc1,0.0
O=C1CCCN1CCc1ccccc1-c1ccc(CN2CCCC2=O)cc1,1.8233837433073903e-07
CN(Cc1ccc(-c2ccccc2)cc1)C(=O)N1C(=O)N[C@](C)(CN2C(=O)N[C@](C)(C=O)C2=O)C1=O,1.4359915984735932e-16
O=CNC(=O)CC(=O)c1ccccc1CNCN1CCCC1=O,0.0
CC(=O)[C@@]1(C)NC(=O)N(NNCC(=O)c2ccccc2-c2ccc(CN3CCCC3=O)cc2)C1=O,5.325914419175734e-12
C[C@]1(C=O)NC(=O)N(Cc2ccc(-c3ccccc3NNCNCN3CCCC3=O)cc2)C1=O,4.911203090764506e-08
CN(Cc1ccc(-c2ccccc2)cc1)C(=O)C(=O)c1ccc(-c2ccccc2NC2CC2)cc1,5.76916624474301e-40
C[C@]1(C#N)NC(=O)N(CN2C(=O)C(=O)N(C=O)C2=O)C1=O,0.0
CNNc1ccccc1-c1ccc(Cc2ccccc2CNNNC#N)cc1,0.0
O=CNC(=O)CNC(=O)c1ccccc1-c1ccc(CN2CCCC2=O)cc1,0.07241740344326701
N#CNC(=O)c1ccccc1-c1ccc(NNN2CCCC2=O)cc1,0.0
O=CNC(=O)c1ccccc1-c1ccc(CNC(=O)c2ccccc2-c2ccc(CN3CCCC3=O)cc2)cc1,1.3370926033023394e-38
O=C1CCCN1Cc1ccc(-c2ccccc2CNNNN2CCCC2=O)cc1,0.8668208048657012
CC(=O)[C@@]1(NNNN2CCCC2=O)NC(=O)N(C(=O)N(C)Cc2ccc(-c3ccccc3)cc2)C1=O,4.395340216841761e-17
O=CNC(=O)NNCCNCc1ccccc1-c1ccc(CN2CCCC2=O)cc1,0.016358971237792997
CN(C(=O)N1C(=O)N[C@](C)(C=O)C1=O)c1ccccc1CNNNC#N,0.0
O=CNC(=O)CC(=O)c1ccccc1-c1ccc(-c2ccccc2NC2CC2)cc1,0.0
CNC(=O)C(=O)c1ccccc1NNNCC(=O)c1ccccc1-c1ccc(CN2CCCC2=O)cc1,1.9565972478235154e-15
CNNc1ccccc1-c1ccc(CC(=O)N2C(=O)N[C@](C)(C(C)=O)C2=O)cc1,0.0
C[C@]1(C#N)NC(=O)N(Cc2ccc(-c3ccccc3C(=O)CNCCC(=O)NC=O)cc2)C1=O,1.9349147699653946e-17
CN(Cc1ccc(NNNN2CCCC2=O)cc1)C(=O)C(=O)NC(=O)NN1CCCC1=O,0.0
O=CNC(=O)NNCc1ccccc1C(=O)NCc1ccccc1-c1ccc(CN2CCCC2=O)cc1,2.548894592855071e-14
CN(C(=O)C(=O)NC(=O)NN1CCCC1=O)c1ccccc1C(=O)CNCCC(=O)NC=O,0.0
O=C(CNNN1CCCC1=O)c1ccccc1-c1ccc(CN2CCCC2=O)cc1,0.5322232934726131
O=CNC(=O)NNCCc1ccccc1-c1ccc(CC(=O)NN2CCCC2=O)cc1,0.0
CNNc1ccccc1-c1ccc(CCNCCC(=O)NC=O)cc1,0.0
N#CNCC(=O)c1ccccc1-c1ccc(N2C(=O)C(=O)N(C=O)C2=O)cc1,0.0
CNC(=O)NNCC(=O)c1ccccc1-c1ccc(CNNN2CCCC2=O)cc1,0.0
O=CN1C(=O)C(=O)N(C(=O)CCNCNCc2ccccc2-c2ccc(CN3CCCC3=O)cc2)C1=O,1.9514600875835584e-16
CNNc1ccccc1-c1ccc(CN2C(=O)N[C@](C)(c3ccccc3CNC(=O)[C@H](C)NC=O)C2=O)cc1,1.3857022123334113e-21
O=CNC(=O)CCNCC(=O)c1ccccc1-c1ccc(-c2ccccc2C(=O)CC(=O)NC=O)cc1,0.0
CNC(=O)NNCC(=O)Cc1ccc(-c2ccccc2C(=O)CC(=O)NC=O)cc1,0.0
CN(Cc1ccc(-c2ccccc2)cc1)C(=O)C(=O)NNNN1CCCC1=O,0.005223359354747609
O=C(CNCN1CCCC1=O)c1ccccc1-c1ccc(-c2ccccc2CNNN2CCCC2=O)cc1,0.0
O=C(NCc1ccccc1-c1ccc(CCN2CCCC2=O)cc1)NN1CCCC1=O,0.0
N#CNNNCc1ccccc1CNNC(=O)NC=O,0.0
O=CNc1ccc(CN2C(=O)C(=O)N(C=O)C2=O)cc1,0.0
CNC(=O)NNCC(=O)c1ccccc1-c1ccc(CN2C(=O)C(=O)N(C=O)C2=O)cc1,1.1152383862245784e-16
CNC(=O)C(=O)c1ccc(-c2ccccc2C(=O)CNCN2CCCC2=O)cc1,0.0
C[C@]1(C=O)NC(=O)N(C(=O)c2ccccc2C(=O)CNCCC(=O)NC=O)C1=O,0.0
CNC(=O)NNCC(=O)CNCC(=O)c1ccccc1-c1ccc(CN2CCCC2=O)cc1,3.443155389323958e-06
CNNc1ccccc1-c1ccc(CCNCN2CCCC2=O)cc1,0.0
CNC(=O)NNCC(=O)c1ccccc1CNC(=O)[C@H](C)NC=O,0.0
CNC(=O)NNNc1ccccc1-c1ccc(CN2C(=O)N[C@](C)(C=O)C2=O)cc1,1.0965247687461545e-08
O=CNC(=O)CC(=O)C(=O)C(=O)c1ccccc1-c1ccc(CN2CCCC2=O)cc1,2.6031178808532465e-06
CNC(=O)NNCC(=O)c1ccccc1-c1ccc(Cc2ccccc2C#N)cc1,0.0
C[C@]1(C=O)NC(=O)N(Cc2ccc(-c3ccccc3NNCC(=O)NC=O)cc2)C1=O,2.45376934484354e-12
O=CNC(=O)c1ccccc1-c1ccc(-c2ccccc2C(=O)CNCN2CCCC2=O)cc1,0.0
O=CNC(=O)CCNCC(=O)c1ccccc1N1C(=O)C(=O)N(C=O)C1=O,0.0
C[C@]1(C#N)NC(=O)N(CNNNCc2ccccc2-c2ccc(CN3CCCC3=O)cc2)C1=O,1.5414974405243657e-10
C[C@H](NNC=O)C(=O)NCc1ccccc1-c1ccc(CN2CCCC2=O)cc1,0.27568969075161415
O=C1CCCN1Cc1ccc(-c2ccccc2CNCNNN2CCCC2=O)cc1,0.9198269696489341
O=CNC(=O)CC(=O)c1ccccc1C(=O)CC(=O)NC=O,0.0
C[C@H](NC=O)C(=O)NCc1ccccc1-c1ccc(CCNNNC#N)cc1,0.0
O=CN1C(=O)C(=O)N(CCNCNCc2ccccc2-c2ccc(CN3CCCC3=O)cc2)C1=O,3.3480011818432846e-09
CNC(=O)C(=O)Cc1ccc(-c2ccccc2CNC(=O)NN2CCCC2=O)cc1,0.0
CNNc1ccccc1-c1ccc(CN2C(=O)N[C@](C)(C(C)=O)C2=O)cc1,0.3128844840832609
CN(CNCN1CCCC1=O)C(=O)N1C(=O)N[C@](C)(C=O)C1=O,0.0
CNC(=O)NNCC(=O)NNNCc1ccccc1-c1ccc(CN2CCCC2=O)cc1,3.968722215304944e-09
C[C@H](NC=O)C(=O)NCc1ccccc1-c1ccc(CN2C(=O)N[C@](C)(C#N)C2=O)cc1,6.518194875489049e-10
CC(=O)[C@@]1(C)NC(=O)N(C(=O)NC(=O)NCc2ccccc2-c2ccc(CN3CCCC3=O)cc2)C1=O,3.118462925792406e-20
CN(Cc1ccc(-c2ccccc2)cc1)N1C(=O)N[C@](C)(C#N)C1=O,0.0
N#CNCc1ccc(-c2ccccc2C(=O)NCC(=O)NC=O)cc1,0.0
O=C(CNCCN1CCCC1=O)c1ccccc1-c1ccc(CN2CCCC2=O)cc1,0.04874676274283935
C[C@]1(C=O)NC(=O)N(Cc2ccccc2C(=O)CNCCC(=O)NC=O)C1=O,0.0
O=CNC(=O)CCNCC(=O)c1ccccc1-c1ccc(CNCCC(=O)NC=O)cc1,0.0
C[C@@H](Cc1ccc(-c2ccccc2C(=O)CNC#N)cc1)NNC=O,0.0
CC(=O)[C@@]1(C)NC(=O)N(C(=O)C(=O)NCC(=O)NC=O)C1=O,0.0
N#CNNNNCNCc1ccccc1-c1ccc(CN2CCCC2=O)cc1,0.0007617721280093675
CNC(=O)C(=O)c1ccccc1-c1ccc(C(=O)c2ccccc2-c2ccc(CN3CCCC3=O)cc2)cc1,1.0835482262632215e-41
N#CNNNCc1ccccc1CNNC(=O)NC=O,0.0
N#CNNNCc1ccccc1-c1ccc(-c2ccccc2C(=O)CNNN2CCCC2=O)cc1,0.0
Cc1ccc(CN(C)C(=O)C(=O)NC(=O)NN2CCCC2=O)cc1,0.0
O=CNC(=O)CCNCC(=O)c1ccccc1-c1ccccc1CNNC(=O)NC=O,0.0
CC(=O)[C@@]1([C@H](C)NNC=O)NC(=O)N(C(=O)N(C)Cc2ccc(-c3ccccc3)cc2)C1=O,1.0794878325724554e-08
O=CN1C(=O)C(=O)N(c2ccccc2C(=O)CNCN2CCCC2=O)C1=O,0.0
CNC(=O)NNCC(=O)c1ccccc1-c1ccc(CNCCC(=O)NC=O)cc1,0.0
N#CNCC(=O)CCNCNCc1ccccc1-c1ccc(CN2CCCC2=O)cc1,0.11378302205127014
N#CNCC(=O)c1ccccc1-c1ccc([C@]2(C#N)NC(=O)N(Cc3ccc(-c4ccccc4)cc3)C2=O)cc1,4.495953589248557e-52
O=C(CNC(=O)c1ccccc1-c1ccc(CN2CCCC2=O)cc1)NN1CCCC1=O,0.006093959141003804
O=CNC(=O)NNCC(=O)CCNCNCc1ccccc1-c1ccc(CN2CCCC2=O)cc1,2.558684441879817e-09
O=CNC(=O)CNC(=O)NC(=O)NCc1ccccc1-c1ccc(CN2CCCC2=O)cc1,1.9063028856193347e-10
C[C@H](NC=O)C(=O)NCc1ccccc1-c1ccccc1C(=O)CNNNC#N,0.0
CNC(=O)NNCC(=O)c1ccccc1-c1ccc(CC(=O)C(=O)NC(=O)NN2CCCC2=O)cc1,0.0
CNC(=O)NCNCc1ccccc1-c1ccc(CN2CCCC2=O)cc1,0.10461685355491519
O=CNC(=O)CCNCc1ccc(-c2ccccc2C(=O)CNCN2CCCC2=O)cc1,0.0
CNNc1ccccc1-c1ccc(CN2C(=O)N[C@](C)(NN3CCCC3=O)C2=O)cc1,0.0023818976187110984
N#CNC(=O)c1ccccc1-c1ccc(CNC(=O)c2ccccc2-c2ccc(CN3CCCC3=O)cc2)cc1,2.0507145543689106e-45
O=C(CNCN1CCCC1=O)c1ccccc1NCNCc1ccccc1-c1ccc(CN2CCCC2=O)cc1,1.691550413802086e-18
C[C@H](NNC=O)C(=O)NC(=O)N1C(=O)N[C@](C)(C=O)C1=O,0.0
CNC(=O)C(=O)c1ccccc1-c1ccc(NCCC(=O)NC=O)cc1,0.0
O=CNC(=O)CCNCC(=O)c1ccccc1-c1ccc(CNCCC(=O)NC=O)cc1,0.0
C[C@H](NC=O)C(=O)NCc1ccccc1-c1ccc(CCNNNC#N)cc1,0.0
N#CNCC(=O)CCNCNc1ccc(CN2CCCC2=O)cc1,0.0
C[C@]1(C=O)NC(=O)N(Cc2ccc(-c3ccccc3Nc3ccccc3CNNNN3CCCC3=O)cc2)C1=O,9.371320267263924e-26
N#Cc1ccccc1NNCC(=O)c1ccccc1-c1ccc(CN2CCCC2=O)cc1,2.2032587845074437e-11
CNC(=O)NNCC(=O)c1ccccc1C(=O)C(=O)NC,0.0
CNC(=O)NNCCc1ccccc1-c1ccc(CN2CCCC2=O)cc1,0.10461685355491519
N#CNNNCc1ccccc1C(=O)CNCN1CCCC1=O,0.0
O=C(NCc1ccccc1-c1ccc(Cc2ccccc2CNNN2CCCC2=O)cc1)NN1CCCC1=O,0.0
C[C@H](NC=O)C(=O)NCc1ccccc1NCNCCC(=O)CNC#N,0.0
O=CNCc1ccc(-c2ccccc2CNC(=O)NN2CCCC2=O)cc1,0.0
O=CNC(=O)NNCc1ccccc1CNCN1CCCC1=O,0.0
O=C(CNCN1CCCC1=O)c1ccccc1-c1ccc(N2CCCC2=O)cc1,0.0
CNC(=O)NNCC(=O)c1ccccc1-c1ccc(CCN2C(=O)N[C@](C)(C=O)C2=O)cc1,0.0
O=CNC(=O)NNC[C@H](NC=O)C(=O)NCc1ccccc1-c1ccc(CN2CCCC2=O)cc1,4.041156998487972e-18
C[C@]1(C=O)NC(=O)N(Cc2ccc(-c3ccccc3NNNC(=O)NN3CCCC3=O)cc2)C1=O,1.001724181883824e-18
N#CNCc1ccccc1-c1ccc(CN2CCCC2=O)cc1,9.140888096427884e-05
CNNc1ccccc1-c1ccc(CN2C(=O)N[C@](C)(c3ccccc3CNNC(=O)NC=O)C2=O)cc1,1.163918418534524e-22
CNC(=O)NCNCc1ccccc1-c1ccc(CN(C)Cc2ccc(-c3ccccc3)cc2)cc1,0.0
CN(C(=O)N1C(=O)N[C@](C)(C=O)C1=O)c1ccccc1C(=O)CC(=O)NC=O,0.0
O=C(CCNCNCc1ccccc1-c1ccc(CN2CCCC2=O)cc1)C(=O)NN1CCCC1=O,7.287173857586502e-06
CN(C(=O)N1C(=O)N[C@](C)(C=O)C1=O)c1ccc(-c2ccccc2C(=O)NC#N)cc1,0.0
O=CNC(=O)CC(=O)C(=O)C(=O)NC(=O)NN1CCCC1=O,0.0
N#Cc1ccccc1-c1ccc(CN2CCCC2=O)cc1,7.290462183438563e-08
CCNC(=O)c1ccccc1-c1ccc(CN2CCCC2=O)cc1,6.8605761759328176e-06
CC(=O)[C@@]1(C)NC(=O)N(C(=O)NCc2ccccc2-c2ccc(CN3CCCC3=O)cc2)C1=O,3.671231982838085e-09
CN(CNC(=O)c1ccccc1-c1ccc(CN2CCCC2=O)cc1)C(=O)C(=O)NC(=O)NN1CCCC1=O,1.0414917959544288e-22
O=C(CCNCNCc1ccccc1-c1ccc(CN2CCCC2=O)cc1)CNNN1CCCC1=O,0.0006159978153750743
C[C@]1(C=O)NC(=O)N(Cc2ccc(-c3ccccc3NNc3ccc(CN4CCCC4=O)cc3)cc2)C1=O,8.041043788838544e-22
O=CNC(=O)CCNCC(=O)c1ccccc1-c1ccc(CNCN2CCCC2=O)cc1,0.0
O=C(Cc1ccccc1-c1ccc(CN2CCCC2=O)cc1)NN1CCCC1=O,0.18066258293955387
N#CNNNCC(=O)NNNCc1ccccc1-c1ccc(CN2CCCC2=O)cc1,3.102677114039555e-12
O=C(NC(=O)C(=O)NN1CCCC1=O)NN1CCCC1=O,0.0
CNC(=O)C(=O)C(=O)CCNCC(=O)c1ccccc1-c1ccc(CN2CCCC2=O)cc1,1.825915720747895e-05
O=CNc1ccc(-c2ccccc2C(=O)CNNN2CCCC2=O)cc1,0.0
CNC(=O)C(=O)c1ccccc1C(=O)NCC(=O)NC=O,0.0
O=C(CNNNCNCN1CCCC1=O)c1ccccc1-c1ccc(CN2CCCC2=O)cc1,0.0007626988598821081
CC(=O)[C@@]1(C)NC(=O)N(C(=O)N[C@@H](C)C(=O)NCc2ccccc2-c2ccc(CN3CCCC3=O)cc2)C1=O,1.2155877462223826e-22
CNC(=O)NNCC(=O)c1ccccc1CNC(=O)[C@H](C)NC=O,0.0
CNC(=O)C(=O)c1ccccc1CNNNN1CCCC1=O,0.0
C[C@H](NC=O)C(=O)NCc1ccccc1CNNNC#N,0.0
CNC(=O)C(=O)c1ccccc1-c1ccc(C(=O)CC(=O)NC=O)cc1,0.0
C[C@H](NNC=O)c1ccc(-c2ccccc2NC2CC2)cc1,0.0
CNC(=O)C(=O)c1ccc(-c2ccccc2C(=O)C(=O)NC)cc1,0.0
CNC(=O)NNCCc1ccccc1C(=O)N1C(=O)N[C@](C)(C(C)=O)C1=O,0.0
O=C1CCCN1CCc1ccccc1-c1ccc(CN2CCCC2=O)cc1,1.8233837433073903e-07
N#CNCC(=O)c1ccccc1-c1ccc(CC(=O)CC(=O)NC=O)cc1,0.0
C[C@H](NC=O)C(=O)NCc1ccccc1-c1ccc(Cc2ccccc2C(=O)CNNNC#N)cc1,0.0
CNNc1ccccc1-c1ccc(CCNC(=O)NC)cc1,0.0
O=CNC(=O)CNC(=O)c1ccccc1-c1ccc(NN2CCCC2=O)cc1,0.0
C[C@H](NC=O)C(=O)NCc1ccccc1N1CCCC1=O,0.0
N#CNNNCc1ccccc1C(=O)C(=O)NC(=O)NN1CCCC1=O,0.0
CN(CN1CCCC1=O)C(=O)C(=O)NC(=O)NN1CCCC1=O,0.0
CN(Cc1ccc(-c2ccccc2)cc1)NC(=O)NCc1ccccc1-c1ccc(CN2CCCC2=O)cc1,6.651348523847565e-38
O=C(CNNN1CCCC1=O)c1ccccc1-c1ccc(-c2ccc(CN3CCCC3=O)cc2)cc1,1.299645394886362e-13
CC(=O)[C@@]1(C)NC(=O)N(Cc2ccc(-c3ccccc3CCNNC(=O)NC=O)cc2)C1=O,2.1842359824207778e-11
O=C(Cc1ccccc1-c1ccc(CN2CCCC2=O)cc1)NCN1CCCC1=O,0.12967105052946923
CNC(=O)NNCC(=O)CCNCNCc1ccccc1-c1ccc(CN2CCCC2=O)cc1,0.00020485623270101834
O=C(Cc1ccccc1-c1ccc(CN2CCCC2=O)cc1)NNNN1CCCC1=O,0.09893111682945087
O=CNNCc1ccccc1-c1ccc(CN2CCCC2=O)cc1,0.002393009713767977
O=CNNNCCc1ccccc1-c1ccc(CN2CCCC2=O)cc1,0.033371412736145946
CNC(=O)C(=O)c1ccccc1-c1ccc(N2C(=O)N[C@](C)(C(C)=O)C2=O)cc1,0.0
CNNC(=O)NCc1ccccc1-c1ccc(CN2CCCC2=O)cc1,0.07142076387561533
O=C1CCCN1CNNCCc1ccccc1-c1ccc(CN2CCCC2=O)cc1,0.1080620510808124
O=C(CCNCC(=O)c1ccccc1-c1ccc(CN2CCCC2=O)cc1)NNNN1CCCC1=O,1.399210572889788e-08
O=C(CNCN1CCCC1=O)c1ccccc1-c1ccc(CN2CCCC2=O)cc1,0.07587003897741922
O=CNC(=O)CCNCC(=O)c1ccccc1-c1ccccc1C(=O)CNCN1CCCC1=O,0.0
CNC(=O)NNCCc1ccccc1-c1ccc(-c2ccccc2C(=O)NC#N)cc1,0.0
CNC(=O)C(=O)c1ccccc1-c1ccc(Cc2ccccc2-c2ccc(CN3CCCC3=O)cc2)cc1,4.495827235698759e-39
N#CNNNCC(=O)c1ccccc1-c1ccccc1C(=O)CNCN1CCCC1=O,0.0
N#CNCC(=O)CCNCNC(=O)NCNCc1ccccc1-c1ccc(CN2CCCC2=O)cc1,3.7626036307909527e-11
CNNc1ccccc1-c1ccc(CN2C(=O)N[C@](CNNC(=O)NC=O)(C(C)=O)C2=O)cc1,7.322848989396715e-23
CNC(=O)NCc1ccc(-c2ccccc2NC2CC2)cc1,0.0
O=C1CCCN1Cc1ccc(-c2ccccc2NNNN2CCCC2=O)cc1,0.441082318621273
O=C1CCCN1Cc1ccc(CNNN2CCCC2=O)cc1,0.0
O=CNC(=O)CCNCC(=O)c1ccccc1NCN1CCCC1=O,0.0
N#CNCC(=O)c1ccccc1-c1ccc(CC(=O)NCC(=O)NC=O)cc1,0.0
CNC(=O)NCc1ccccc1CNNNN1CCCC1=O,0.0
O=CNC(=O)NNCc1ccccc1NNNCc1ccccc1-c1ccc(CN2CCCC2=O)cc1,1.1924547765803572e-12
C[C@]1(C=O)NC(=O)N(C(=O)CNNC(=O)NC=O)C1=O,0.0
N#CNCC(=O)CCNCNNCCc1ccccc1-c1ccc(CN2CCCC2=O)cc1,0.0024860826890953365
CNC(=O)C(=O)c1ccccc1-c1ccc(-c2ccc(-c3ccccc3C(=O)NCC(=O)NC=O)cc2)cc1,0.0
C[C@H](NC(=O)NCC(=O)NC=O)C(=O)NCc1ccccc1-c1ccc(CN2CCCC2=O)cc1,6.9263687288981134e-12
N#CNC(=O)c1ccccc1-c1ccc(C(=O)c2ccccc2-c2ccc(CN3CCCC3=O)cc2)cc1,3.457096437463472e-44
O=C(Cc1ccccc1-c1ccc(CN2CCCC2=O)cc1)Nc1ccccc1C(=O)CNCN1CCCC1=O,1.435801158786503e-22
N#CNCC(=O)CCNCNc1ccccc1-c1ccc(CN2CCCC2=O)cc1,0.06844077163114794
N#CNNNCC(=O)NCNCc1ccccc1-c1ccc(CN2CCCC2=O)cc1,2.5792600311777256e-07
CN(Cc1ccc(-c2ccccc2)cc1)C(=O)N1C(=O)N[C@](C)(CNCCC(=O)NC=O)C1=O,1.2320008572605722e-08
CNNc1ccccc1-c1ccc(CN2C(=O)N[C@](C)(N3CCCC3=O)C2=O)cc1,0.056906816891389954
O=C(CNCN1CCCC1=O)c1ccccc1C(=O)NN1CCCC1=O,0.0
O=C1CCCN1CNCc1ccccc1CNNNN1CCCC1=O,0.0
N#CNCC(=O)c1ccccc1-c1ccc(Cc2ccccc2CNNN2CCCC2=O)cc1,0.0
CN(C(=O)N1C(=O)N[C@](C)(C=O)C1=O)c1ccc(-c2ccccc2C(=O)CNC#N)cc1,0.0
C[C@@H](Cc1ccc(-c2ccccc2CC(=O)NCN2CCCC2=O)cc1)NNC=O,0.0
O=C(NCc1ccccc1-c1ccc(CN2CCCC2=O)cc1)NNCN1CCCC1=O,0.0709012153521627
CNC(=O)NCNCc1ccccc1-c1ccc(CCN2CCCC2=O)cc1,0.0
CNC(=O)N[C@@H](C)C(=O)NCc1ccccc1-c1ccc(CN2CCCC2=O)cc1,0.2408088320161033
O=CNC(=O)NNCc1ccccc1Cc1ccc(-c2ccccc2CNC(=O)NN2CCCC2=O)cc1,0.0
CNC(=O)N[C@@H](C)C(=O)NCC(=O)NN1CCCC1=O,0.0
N#CNCC(=O)c1ccccc1-c1ccc(CCc2ccccc2-c2ccc(CN3CCCC3=O)cc2)cc1,2.3777646933827436e-46
CNNc1ccccc1-c1ccc(CN2C(=O)N[C@](CN3CCCC3=O)(C(C)=O)C2=O)cc1,9.81693100617101e-06
N#CNC(=O)c1ccccc1-c1ccc(NCCC(=O)NC=O)cc1,0.0
CN(NNNC(=O)Cc1ccccc1-c1ccc(CN2CCCC2=O)cc1)C(=O)N1C(=O)N[C@](C)(C=O)C1=O,6.144105487367196e-29
CNC(=O)NCc1ccc(-c2ccccc2C(=O)CNCN2CCCC2=O)cc1,0.0
O=C(NN1CCCC1=O)c1ccc(-c2ccccc2C(=O)CNCN2CCCC2=O)cc1,0.0
O=C1CCCN1CNc1ccc(CN2CCCC2=O)cc1,0.0
CNC(=O)NNCC(=O)c1ccccc1-c1ccc(CNNN2CCCC2=O)cc1,0.0
O=CNC(=O)NNCCc1ccccc1-c1ccc(CC(=O)NN2CCCC2=O)cc1,0.0
CNNc1ccccc1-c1ccc(CN2C(=O)N[C@@](C(C)=O)(c3ccccc3CNNNC#N)C2=O)cc1,7.46077944975355e-27
N#CNCC(=O)CCNCNC(=O)NCNCc1ccccc1-c1ccc(CN2CCCC2=O)cc1,3.7626036307909527e-11
O=CNC(=O)CCNCC(=O)Cc1ccc(-c2ccccc2CCNNC(=O)NC=O)cc1,0.0
C[C@@H](CNCC(=O)c1ccccc1-c1ccc(CN2CCCC2=O)cc1)NNC=O,0.3712127312144278
CNC(=O)NCNNNc1ccccc1-c1ccc(CN2CCCC2=O)cc1,0.03547419597121813
CNC(=O)C(=O)c1ccccc1-c1ccc(NC=O)cc1,0.0
CC(=O)N[C@@H](NNN1CCCC1=O)C(=O)NCc1ccccc1-c1ccc(CN2CCCC2=O)cc1,3.1156250262396e-09
N#CNCNCc1ccccc1-c1ccc(CN2CCCC2=O)cc1,0.020873807520646152
C[C@]1(C=O)NC(=O)N(Cc2ccc(-c3ccccc3NNc3ccccc3C(=O)CNNNC#N)cc2)C1=O,4.512959068165326e-36
N#CNNNCNC(=O)Cc1ccccc1-c1ccc(CN2CCCC2=O)cc1,0.0005914578617298277
C[C@H](NC=O)C(=O)NCc1ccccc1-c1ccc(CN2CCCC2=O)cc1,0.6255354191723157
N#CNC(=O)NCc1ccccc1-c1ccc(CN2CCCC2=O)cc1,0.08267443570710105
N#CNCNNCC(=O)c1ccccc1-c1ccc(CN2CCCC2=O)cc1,0.10099855153037184
O=C1CCCN1Cc1ccc(-c2ccccc2CNCNc2ccccc2CNNN2CCCC2=O)cc1,1.5597958108714394e-12
CNNc1ccccc1-c1ccc(CNNN2CCCC2=O)cc1,0.0
CNC(=O)NCCc1ccc(-c2ccccc2CNC(=O)[C@H](C)NC=O)cc1,0.0
C[C@H](NC=O)C(=O)NNNNC(=O)Cc1ccccc1-c1ccc(CN2CCCC2=O)cc1,9.59742878159319e-12
O=CNC(=O)CC(=O)c1ccccc1-c1ccc(Cc2ccccc2C(=O)CNCN2CCCC2=O)cc1,0.0
O=C(NCNCc1ccccc1-c1ccc(CN2CCCC2=O)cc1)NC(=O)NN1CCCC1=O,1.6876858928579597e-07
N#CNCC(=O)CCNCN[C@@H](CNCC(=O)c1ccccc1-c1ccc(CN2CCCC2=O)cc1)NNC=O,5.804839052795591e-29
CN(C(=O)N1C(=O)N[C@](C)(C=O)C1=O)c1ccccc1NNNN1CCCC1=O,0.0
O=CNC(=O)CC(=O)Cc1ccc(-c2ccccc2C(=O)CC(=O)NC=O)cc1,0.0
CNC(=O)N[C@H](NC(C)=O)C(=O)NCc1ccccc1-c1ccc(CN2CCCC2=O)cc1,5.311792361628549e-06
N#CNc1ccc(-c2ccccc2C(=O)CNNN2CCCC2=O)cc1,0.0
C[C@H](NNC(=O)NN1CCCC1=O)C(=O)NCc1ccccc1-c1ccc(CN2CCCC2=O)cc1,2.389085354527677e-08
O=CNNCC(=O)c1ccccc1-c1ccc(CN2CCCC2=O)cc1,0.2784377313132781
CNC(=O)NC[C@@H](CNCC(=O)c1ccccc1-c1ccc(CN2CCCC2=O)cc1)NNC=O,2.966581412793704e-10
C[C@H](NCNC(=O)NC#N)C(=O)NCc1ccccc1-c1ccc(CN2CCCC2=O)cc1,3.6475072307029173e-07
N#CNC(=O)NCc1ccccc1-c1ccc(NC=O)cc1,0.0
N#CNC(=O)NCC(=O)NCNCc1ccccc1-c1ccc(CN2CCCC2=O)cc1,3.913239320060476e-07
N#CNNNNNCNCc1ccccc1-c1ccc(CN2CCCC2=O)cc1,5.476856738119661e-07
O=C1CCCN1Cc1ccc(-c2ccccc2CNNNNNN2CCCC2=O)cc1,0.0048664544839308035
CNNc1ccccc1-c1ccc(CN2C(=O)N[C@](C)(NCN3CCCC3=O)C2=O)cc1,0.001468026780214925
N#CNNNCc1ccccc1NNCC(=O)c1ccccc1-c1ccc(CN2CCCC2=O)cc1,5.943540891421936e-13
CN(Cc1ccc(-c2ccccc2)cc1)C(=O)N1C(=O)N[C@](C)(CNCCC(=O)NC=O)C1=O,1.2320008572605722e-08
CNNc1ccccc1-c1ccc(CN2C(=O)N[C@](C)(c3ccccc3CNNNC#N)C2=O)cc1,4.2770137312544255e-17
CNC(=O)Nc1ccccc1C(=O)CNCCC(=O)NC=O,0.0
O=C(NCc1ccc(-c2ccccc2CNC(=O)NN2CCCC2=O)cc1)NN1CCCC1=O,0.0
C[C@H](NC=O)C(=O)NCc1ccccc1-c1ccc(CC(=O)N2C(=O)N[C@](C)(C=O)C2=O)cc1,0.0
CNC(=O)C(=O)c1ccccc1-c1ccc(-c2ccc(-c3ccccc3C(=O)CNNC=O)cc2)cc1,0.0
C[C@H](NNNC=O)C(=O)NCc1ccccc1-c1ccc(CN2CCCC2=O)cc1,0.005614703529266858
C[C@H](NNC=O)C(=O)N[C@@]1(C)NC(=O)N(C(=O)N(C)Cc2ccc(-c3ccccc3)cc2)C1=O,3.3139661374270634e-13
CNC(=O)NCc1ccccc1C(=O)CC(=O)NC=O,0.0
O=CNC(=O)CC(=O)C(=O)Cc1ccccc1-c1ccc(CN2CCCC2=O)cc1,0.020159722816354666
O=CNC(=O)CCNCc1ccccc1-c1ccc(CN2CCCC2=O)cc1,0.4936977458903715
N#CNCCc1ccc(-c2ccccc2CC(=O)NCN2CCCC2=O)cc1,0.0
N#CNC(=O)NCNNNc1ccccc1-c1ccc(CN2CCCC2=O)cc1,3.4976097071916144e-05
O=CNC(=O)c1ccccc1-c1ccc(CN2CCCC2=O)cc1,0.04057498265704727
CNC(=O)NNCC(=O)c1ccccc1-c1ccc(C[C@H](C)NC=O)cc1,0.0
CNC(=O)C(=O)c1ccccc1-c1ccc(NNC=O)cc1,0.0
C[C@H](NC=O)C(=O)NCc1ccccc1NNc1ccccc1-c1ccc(CN2C(=O)N[C@](C)(C=O)C2=O)cc1,3.1647557177962816e-29
O=CNC(=O)CC(=O)c1ccccc1-c1ccc(Cc2ccccc2CNNN2CCCC2=O)cc1,0.0
N#CNNNCC(=O)c1ccccc1Cc1ccccc1-c1ccc(CN2CCCC2=O)cc1,1.6114752612822878e-09
N#CNCC(=O)c1ccccc1-c1ccc(C(=O)Cc2ccccc2-c2ccc(CN3CCCC3=O)cc2)cc1,2.664708667463544e-49
O=C1CCCN1Cc1ccc(-c2ccccc2CNNNNN2CCCC2=O)cc1,0.3011069463438079
O=C1CCCN1Cc1ccc(-c2ccccc2-c2ccccc2CNNN2CCCC2=O)cc1,1.1599512081754444e-12
C[C@H](NNC=O)N(C)C(=O)N1C(=O)N[C@](C)(C=O)C1=O,0.0
CN(NC(=O)Cc1ccccc1-c1ccc(CN2CCCC2=O)cc1)C(=O)N1C(=O)N[C@](C)(C=O)C1=O,2.900749058895425e-17
C[C@H](NC=O)C(=O)Nc1ccc(-c2ccccc2C(=O)CNNC=O)cc1,0.0
CNC(=O)C(=O)c1ccccc1-c1ccc(Cc2ccc(-c3ccccc3CNC(=O)[C@H](C)NC=O)cc2)cc1,0.0
O=CNC(=O)CCNCNCc1ccccc1-c1ccc(CN2CCCC2=O)cc1,0.2973818050072583
C[C@H](NC=O)C(=O)NCc1ccccc1-c1ccc(CC[C@H](C)NNC=O)cc1,0.0
CNC(=O)C(=O)c1ccccc1C(=O)N1C(=O)N[C@](C)(C=O)C1=O,0.0
CN(Cc1ccc(-c2ccccc2)cc1)C(=O)N1C(=O)N[C@](C)(CNCCC(=O)NC=O)C1=O,1.2320008572605722e-08
C[C@]1(C=O)NC(=O)N(C(=O)NC(=O)Cc2ccccc2-c2ccc(CN3CCCC3=O)cc2)C1=O,4.1741464071198044e-14
C[C@H](NC=O)C(=O)NNNNc1ccccc1-c1ccc(CN2CCCC2=O)cc1,4.970166595947705e-05
C[C@H](NC=O)C(=O)NCc1ccccc1-c1ccc(Cc2ccccc2C(=O)CNCCC(=O)NC=O)cc1,0.0
O=CNC(=O)CC(=O)c1ccccc1-c1ccc(CNNN2CCCC2=O)cc1,0.0
CNC(=O)C(=O)c1ccccc1NNNc1ccccc1-c1ccc(CN2CCCC2=O)cc1,7.390066922943334e-10
O=CNC(=O)CCNCC(=O)c1ccccc1-c1ccc(NCN2CCCC2=O)cc1,0.0
CNC(=O)NNCCc1ccccc1NCNCCC(=O)CNC#N,0.0
O=C(Cc1ccccc1CNNN1CCCC1=O)c1ccccc1-c1ccc(CN2CCCC2=O)cc1,1.5229023454652644e-15
CNNNc1ccccc1-c1ccc(CN2C(=O)N[C@](C)(C=O)C2=O)cc1,0.011039187515153825
CNC(=O)NNCCc1ccccc1NNCCc1ccccc1-c1ccc(CN2CCCC2=O)cc1,5.615351415090578e-10
O=C1CCCN1Cc1ccc(-c2ccccc2CCNNNN2CCCC2=O)cc1,0.9198269696489341
O=C1CCCN1Cc1ccc(-c2ccccc2CCc2ccccc2NNNN2CCCC2=O)cc1,2.9372977964796994e-13
CN(Cc1ccc(-c2ccccc2)cc1)C(=O)N1C(=O)N[C@](C)(NNC=O)C1=O,0.0009253147198815627
O=CNC(=O)NNCC(=O)NCNCc1ccccc1-c1ccc(CN2CCCC2=O)cc1,2.4037070483704935e-10
CNC(=O)N[C@H](C(=O)NCc1ccccc1-c1ccc(CN2CCCC2=O)cc1)[C@H](C)NNC=O,8.08473356394141e-10
CNC(=O)NNCCc1ccccc1Cc1ccc(-c2ccccc2C(=O)CNNC(=O)NC)cc1,0.0
CNC(=O)NNCC(=O)C(=O)CCNCNCc1ccccc1-c1ccc(CN2CCCC2=O)cc1,5.83271259449167e-10
CNC(=O)NCNCc1ccccc1-c1ccc(CNC(=O)NN2CCCC2=O)cc1,0.0
O=C(NCc1ccccc1-c1ccc(CN2CCCC2=O)cc1)c1ccccc1CNNN1CCCC1=O,1.1714148356829471e-14
O=C1CCCN1NNCc1ccccc1NNN1CCCC1=O,0.0
CNC(=O)NNCCc1ccccc1[C@@H](C)C(=O)NCc1ccccc1-c1ccc(CN2CCCC2=O)cc1,3.1647892951919886e-16
C[C@]1(C=O)NC(=O)N(C(=O)c2ccc(CN3CCCC3=O)cc2)C1=O,0.0
CNC(=O)Cc1ccc(-c2ccccc2C(=O)CC(=O)NC=O)cc1,0.0
CNC(=O)NCCc1ccc(-c2ccccc2C(=O)CC(=O)NC=O)cc1,0.0
C[C@H](NC=O)C(=O)NCc1ccccc1-c1ccc(Cc2ccccc2CNNC(=O)NC=O)cc1,0.0
CNNc1ccccc1-c1ccc(CN2C(=O)N[C@](NNNNN3CCCC3=O)(C(C)=O)C2=O)cc1,1.361473637476865e-25
O=C(NCNCc1ccccc1-c1ccc(CN2CCCC2=O)cc1)NC(=O)NN1CCCC1=O,1.6876858928579597e-07
O=CNC(=O)CCN[C@H](NC=O)C(=O)NCc1ccccc1-c1ccc(CN2CCCC2=O)cc1,1.772898962931958e-13
O=CNC(=O)c1ccccc1NNNN1CCCC1=O,0.0
CNNNC(=O)Cc1ccccc1-c1ccc(CN2CCCC2=O)cc1,0.0962802220206185
O=CNNCc1ccc(-c2ccccc2C(=O)CC(=O)NC=O)cc1,0.0
CNC(=O)[C@H](NC=O)C(=O)NCc1ccccc1-c1ccc(CN2CCCC2=O)cc1,0.00015989421160135758
O=CNC(=O)CCNCC(=O)c1ccccc1C(=O)CC(=O)NC=O,0.0
O=CNC(=O)C(=O)Cc1ccccc1-c1ccc(CN2CCCC2=O)cc1,0.6992282804620377
CNC(=O)C(=O)c1ccccc1-c1ccc(CN2CCCC2=O)cc1,0.1328320818826611
O=C(Cc1ccccc1-c1ccc(CN2CCCC2=O)cc1)NNc1ccccc1NNNN1CCCC1=O,2.9536105552518603e-17
O=CNCc1ccc(-c2ccccc2C(=O)CC(=O)NC=O)cc1,0.0
CC(=O)NCc1ccccc1-c1ccc(CN2CCCC2=O)cc1,1.554898602139097e-05
C[C@]1(C=O)NC(=O)N(Cc2ccc(-c3ccccc3NNCNNC(=O)NC=O)cc2)C1=O,4.840230186490223e-22
CNC(=O)NCc1ccccc1-c1ccc(CN2CCCC2=O)cc1,0.001614143677412021
C[C@H](NNC=O)C(=O)CCNCC(=O)c1ccccc1-c1ccc(CN2CCCC2=O)cc1,0.0025182076603411803
CNC(=O)NNCCc1ccccc1-c1ccccc1CNC(=O)[C@H](C)NC=O,0.0
O=CNC(=O)CCNCNCc1ccccc1-c1ccc(-c2ccccc2CNNN2CCCC2=O)cc1,0.0
C[C@]1(C=O)NC(=O)N(C(=O)NC(=O)Cc2ccccc2-c2ccc(CN3CCCC3=O)cc2)C1=O,4.1741464071198044e-14
O=C1CCCN1NNNCCc1ccccc1-c1ccc(Cc2ccccc2CNNNN2CCCC2=O)cc1,0.0
CNC(=O)NCc1ccccc1CCNNC(=O)NC,0.0
CNC(=O)C(=O)c1ccccc1NNC(=O)Cc1ccccc1-c1ccc(CN2CCCC2=O)cc1,1.6403318474955442e-13
CN(Cc1ccc(-c2ccccc2C(=O)CC(=O)NC=O)cc1)C(=O)N1C(=O)N[C@](C)(C=O)C1=O,1.431433936133567e-19
C[C@H](NC=O)C(=O)NCc1ccc(-c2ccccc2CC(=O)NCN2CCCC2=O)cc1,0.0
CNC(=O)C(=O)c1ccccc1NCCc1ccccc1-c1ccc(CN2CCCC2=O)cc1,1.6572201996107122e-11
C[C@]1(C=O)NC(=O)N(C(=O)Cc2ccc(-c3ccccc3CC(=O)NCN3CCCC3=O)cc2)C1=O,0.0
O=C1CCCN1Cc1ccc(-c2ccccc2NNNNN2CCCC2=O)cc1,0.4485132942941975
CNC(=O)C(=O)c1ccccc1NCc1ccccc1-c1ccc(CN2CCCC2=O)cc1,1.0188100082430767e-10
CNC(=O)C(=O)c1ccc(-c2ccccc2C(=O)CNNN2CCCC2=O)cc1,0.0
C[C@@H](C(=O)NCc1ccccc1-c1ccc(CN2CCCC2=O)cc1)c1ccccc1CC(=O)C(=O)NC=O,6.268283517534984e-20
CNC(=O)C(=O)NCC(=O)c1ccccc1-c1ccc(CN2CCCC2=O)cc1,0.06593413737514993
CNC(=O)NCNCc1ccccc1-c1ccc(Cc2ccccc2CNNNN2CCCC2=O)cc1,0.0
O=CNC(=O)CC(=O)c1ccccc1Cc1ccc(-c2ccccc2CC(=O)C(=O)NC=O)cc1,0.0
CNNNCc1ccccc1-c1ccc(CN2CCCC2=O)cc1,0.0002026518430301889
C[C@H](NNNNNN1CCCC1=O)C(=O)NCc1ccccc1-c1ccc(CN2CCCC2=O)cc1,4.6843974775497854e-11
C[C@]1(C=O)NC(=O)N(C(=O)Cc2ccc(-c3ccccc3CC(=O)NCN3CCCC3=O)cc2)C1=O,0.0
O=CNC(=O)CCNCCNCNCc1ccccc1-c1ccc(CN2CCCC2=O)cc1,0.009642124336405272
CNC(=O)NNCNCc1ccccc1-c1ccc(CN2CCCC2=O)cc1,0.22625219073519695
O=CN[C@@H](NC(=O)NN1CCCC1=O)C(=O)NCc1ccccc1-c1ccc(CN2CCCC2=O)cc1,3.5167539105292597e-15
CNC(=O)NCC(=O)CCNCC(=O)c1ccccc1-c1ccc(CN2CCCC2=O)cc1,0.0018037033958262364
CN(C(=O)N1C(=O)N[C@](C)(C=O)C1=O)c1ccccc1C(=O)CC(=O)NC=O,0.0
O=CNC(=O)NNCCc1ccccc1-c1ccc(Cc2ccccc2NNNNN2CCCC2=O)cc1,0.0
CNNNC(=O)Cc1ccccc1NN1CCCC1=O,0.0
C[C@]1(C=O)NC(=O)N(C(=O)C(=O)CCNCNCc2ccccc2-c2ccc(CN3CCCC3=O)cc2)C1=O,2.1676604981396727e-21
O=CNC(=O)CCNCC(=O)Cc1ccc(-c2ccccc2CCNNC(=O)NC=O)cc1,0.0
C[C@H](NC=O)C(=O)NCc1ccccc1-c1ccc(CCNNC(=O)NC=O)cc1,0.0
CNN[C@@H](C)C(=O)NCc1ccccc1-c1ccc(CN2CCCC2=O)cc1,0.3699291548102093
CNN[C@@H](C)C(=O)NCc1ccccc1-c1ccc(C[C@H](C)NC=O)cc1,0.0
CNC(=O)C(=O)C(=O)CCNCNCc1ccccc1-c1ccc(CN2CCCC2=O)cc1,0.0005468927649829561
C[C@H](NC=O)C(=O)NCc1ccccc1NNCC(=O)c1ccccc1-c1ccc(CN2CCCC2=O)cc1,3.9603793900008995e-17
O=CNC(=O)CC(=O)c1ccccc1NNNNN1CCCC1=O,0.0
O=C1CCCN1Cc1ccc(-c2ccccc2C(=O)N2CCCC2=O)cc1,0.001433534694693478
CNNc1ccccc1-c1ccc(CN2C(=O)N[C@](C)(NNNN3CCCC3=O)C2=O)cc1,4.232839037537619e-10
CNN[C@@H](C)C(=O)NCc1ccccc1NNNC(=O)Cc1ccccc1-c1ccc(CN2CCCC2=O)cc1,1.0296563531019879e-16
CNC(=O)C(=O)c1ccccc1NC(=O)[C@H](C)NNC=O,0.0
CNC(=O)NCc1ccccc1CNNC(=O)NC=O,0.0
C[C@H](NNC=O)C(=O)N[C@@H](CNCC(=O)c1ccccc1-c1ccc(CN2CCCC2=O)cc1)NNC=O,3.653011938010218e-27
C[C@H](NC=O)C(=O)NCc1ccccc1-c1ccc(CNCNCCC(=O)NC=O)cc1,0.0
O=CNC(=O)CCNCC(=O)CC(=O)c1ccccc1-c1ccc(CN2CCCC2=O)cc1,0.0001253796488836099
N#CNCC(=O)CCNCN[C@@H](CNCC(=O)c1ccccc1-c1ccc(CN2CCCC2=O)cc1)NNC=O,5.804839052795591e-29
C[C@H](NCNCCC(=O)CNC#N)C(=O)NCc1ccccc1-c1ccc(CN2CCCC2=O)cc1,3.2117008453148556e-08
O=C1CCCN1CNCc1ccc(-c2ccccc2CCNNNN2CCCC2=O)cc1,0.0
CNC(=O)NNCC(=O)c1ccccc1-c1ccc(Cc2ccccc2C(=O)C(=O)NC)cc1,0.0
CNC(=O)NNCCc1ccccc1CCNCc1ccccc1-c1ccc(CN2CCCC2=O)cc1,6.288792609493306e-10
C[C@H](NC=O)C(=O)NC(=O)c1ccccc1-c1ccc(CN2CCCC2=O)cc1,0.15049087074455184
C[C@H](NNCN1CCCC1=O)C(=O)NCc1ccccc1-c1ccc(CN2CCCC2=O)cc1,0.024723245612518187
CNNc1ccccc1-c1ccc(CN2C(=O)N[C@](NCCC(=O)NC=O)(C(C)=O)C2=O)cc1,1.2277747166409261e-17
CNC(=O)N[C@@H](C)C(=O)NCC(=O)Cc1ccccc1-c1ccc(CN2CCCC2=O)cc1,0.001145463799246375
O=C1CCCN1Cc1ccc(-c2ccccc2N2CCCC2=O)cc1,1.3134301779996054e-07
O=CNC(=O)CCNCNCc1ccccc1-c1ccc(C=O)cc1,0.0
CNN[C@@H](C)C(=O)NCc1ccccc1-c1ccc(C(=O)C(=O)NC)cc1,0.0
CNN[C@@H](C)C(=O)NCc1ccccc1-c1ccc(CC[C@H](C)NNC=O)cc1,0.0
O=CNC(=O)CC(=O)c1ccccc1NNCNCc1ccccc1-c1ccc(CN2CCCC2=O)cc1,2.180269416101527e-15
CNNc1ccccc1-c1ccc(CN2C(=O)N[C@](C)(C(=O)CNNC(=O)NC)C2=O)cc1,3.0892548627788866e-14
CN(CCC(=O)NC=O)C(=O)N1C(=O)N[C@](C)(C=O)C1=O,0.0
O=C(NNNNN1CCCC1=O)c1ccccc1-c1ccc(CN2CCCC2=O)cc1,0.001446291750118279
CNNc1ccccc1-c1ccc(CCNNC(=O)NC=O)cc1,0.0
CNNc1ccccc1-c1ccc(CN2C(=O)N[C@](C)(C(=O)CC(=O)NC=O)C2=O)cc1,8.172191946578483e-12
CNC(=O)[C@@H](C)C(=O)NCc1ccccc1-c1ccc(CN2CCCC2=O)cc1,0.5128148840934244
O=CNNCC(=O)c1ccccc1-c1ccc(NC=O)cc1,0.0
O=CNN[C@H](CNCC(=O)c1ccccc1-c1ccc(CN2CCCC2=O)cc1)NNN1CCCC1=O,5.1889321984417e-14
O=C1CCCN1Cc1ccc(-c2ccccc2CNNNc2ccccc2NNNN2CCCC2=O)cc1,1.7028109564412488e-12
CNC(=O)C(=O)c1ccccc1-c1ccc(NC=O)cc1,0.0
O=CNC(=O)CCNCNCc1ccccc1-c1ccc(CC(=O)CC(=O)NC=O)cc1,0.0
O=CNC(=O)CC(=O)C(=O)CCNCNCc1ccccc1-c1ccc(CN2CCCC2=O)cc1,4.0968217847744627e-08
O=CNC(=O)CCNCNCc1ccccc1-c1ccc(CC(=O)CC(=O)NC=O)cc1,0.0
CNC(=O)NNCNCc1ccccc1-c1ccc(CNCN2CCCC2=O)cc1,0.0
CNN[C@@H](C)C(=O)NCc1ccccc1-c1ccccc1CNC(=O)[C@H](C)NC=O,0.0
CNC(=O)NNCCc1ccccc1C(=O)CNCCC(=O)NC=O,0.0
CNNc1ccccc1-c1ccc(CN2C(=O)N[C@@](C(C)=O)(C(=O)NC=O)C2=O)cc1,7.764662017341283e-13
O=CNNCC(=O)c1ccccc1-c1ccc(CNNC(=O)NC=O)cc1,0.0
O=C(CCNCC(=O)c1ccccc1-c1ccc(CN2CCCC2=O)cc1)NN1CCCC1=O,0.0013080534358976975
O=CNC(=O)CCNCNCc1ccccc1-c1ccc(-c2ccccc2CNNC(=O)NC=O)cc1,0.0
O=CNC(=O)CCNCC(=O)c1ccccc1C(=O)NC=O,0.0
CNN[C@@H](C)C(=O)NCc1ccccc1-c1ccc(NNC=O)cc1,0.0
CNNc1ccccc1-c1ccc(CN2C(=O)N[C@](C)(C(=O)CNCCC(=O)NC=O)C2=O)cc1,6.892809706892405e-18
O=C1CCCN1Cc1ccc(-c2ccccc2CCNNNN2CCCC2=O)cc1,0.9198269696489341
O=CNC(=O)CC(=O)c1ccccc1C(=O)CC(=O)NC=O,0.0
CNN[C@@H](C)C(=O)NCc1ccccc1C(=O)CNCCC(=O)NC=O,0.0
CNC(=O)NCC1(c2ccccc2-c2ccc(CN3CCCC3=O)cc2)OCCCO1,0.043841577042073095
CNC(=O)C(=O)c1ccccc1-c1ccc(NC(=O)N2C(=O)NC(C)(C=O)C2=O)cc1,0.0
CNC(=O)C(=O)c1ccccc1-c1ccc(-c2ccccc2CNN)cc1,0.0
Cc1ccc(-c2ccccc2CCNNNN2CCCC2=O)cc1,0.0
CCNCNCNCc1ccccc1-c1ccc(CN2CCCC2=O)cc1,0.0006238943763011303
CNNC(=O)c1ccc(CN2C(=O)NC(C)(C3CCC3)C2=O)cc1,0.0
CC(C(=O)CCN1CCCC1=O)C(=O)Nc1ccc(-c2ccccc2N)cc1,0.0
O=C1CCCN1Cc1ccc(-c2ccccc2CNCc2ccc(F)nc2)cc1,2.500851147249358e-10
O=C(NNN1CCCC1=O)NC(=O)C(=O)c1ccccc1,0.0
NC(=O)c1ccccc1-c1ccc(CN2CCCC2=O)cc1,0.0010373597208525646
CNC(=O)NNCC(=O)C(=O)CNCCC(=O)NC=O,0.0
CNC(=O)C(=O)c1ccccc1-c1ccc(C(=O)CNCCC(=O)NC(=O)C=CCF)cc1,0.0
O=C1CCCN1Cc1ccc(-c2ccccc2CNCCNCO)cc1,0.004772738170092864
CCCCCCCCCCCC(=O)c1ccccc1NNC,0.0
Nc1ccccc1-c1ccc(C(=O)Nc2ccno2)cc1,0.0
O=CNCc1ccccc1-c1ccc(CC(=O)C(=O)C2CC2)cc1,0.0
NNNNCCC(C(=O)N1CCCC1=O)c1ccc(CN2CCCC2=O)cc1,0.0
O=CNC(=O)CC(=O)c1ccccc1-c1ccccc1,0.0
CCC(=O)NCc1ccccc1-c1ccc(CN2CCCC2=O)cc1,1.265178673606718e-06
O=CCC(=O)Nc1ccccc1C(NC=O)C(=O)NCc1ccccc1-c1ccc(-n2cccn2)cc1,0.0
CC1NC(=O)N(C(=O)N(C)Cc2ccc(-c3ccccc3CC(=O)NCN3CCCC3=O)cc2)C1=O,5.639169245502839e-10
CNNC(C)C(=O)NCc1ccccc1-c1ccc(NNNc2ccccc2-c2ccccc2)cc1,0.0
Cc1ccc(-c2ccccc2CNCNCCC(=O)c2ccccc2)cc1,0.0
CNNC(=O)OCC(=O)C(C)C(=O)Oc1ccccc1,0.0
C=CNC(=O)C(=O)Cc1ccccc1-c1ccc(CCNNNN2CCCC2=O)cc1,0.0
CN1Cc2ccc(cc2)-c2ccccc2C(=O)CNC1=O,1.619515060928172e-05
Cc1ccccc1C(=O)CNCCC(=O)OCc1ccccc1CCNNNN1CCCC1=O,0.0
Cc1ccc(NC(=O)Cc2ccccc2-c2ccc(C(=O)N3CCCC3=O)cc2)cc1,4.92098685667559e-13
CCNNC(=O)Oc1ccccc1-c1ccc(Cc2ccccc2C)cc1,0.0
CNNNC(=O)c1ccccc1-c1ccc(CN2CCCC2=O)cc1,0.060511442766106434
CC(NCc1ccc(CN2CCCC2=O)cc1)C(=O)NC=O,0.0
CC(NC=O)C(=O)NCc1ccccc1C1(C)NC(=O)N(Cc2ccc(-c3ccccc3NN)cc2)C1=O,4.8179109783239134e-24
CC(C)CCNCNCc1ccccc1-c1ccc(CN2CCCC2=O)cc1,1.749326228545717e-10
CC(NC=O)C(=O)NC(N)C(=O)NCc1ccccc1-c1ccc(CN2CCCC2=O)cc1,4.726814848524153e-11
CNNC(C)C(=O)NCc1ccccc1Nc1ccccc1,0.0
CC(NCC(=O)NCc1ccccc1-c1ccc(CN2CCCC2=O)cc1)NNC=O,0.0069880367908113665
O=C(NCc1ccccc1-c1ccc(CN2CCCC2=O)cc1)c1ccccc1-c1ccccc1,4.8236398943443e-36
CN(Cc1ccc(-c2ccccc2Cc2ccccc2)cc1)C(=O)N1C(=O)NC(C)(C=O)C1=O,1.9573381502197235e-13
CC(C(=O)NCC(=O)c1ccccc1-c1ccc(Cc2ccccc2NNNNN2CCCC2=O)cc1)N(C)N,0.0
Cc1ccc(-c2ccccc2CC(=O)C(=O)CCON2CCCC2=O)cc1,0.0
Cc1ccc(-c2ccccc2C(=O)CNNc2ccccc2C=O)cc1,0.0
CC(NC=O)C(=O)NCc1ccccc1-c1ccc(-c2ccccc2C(=O)CNCCC(N)=O)cc1,0.0
O=C1CNCCC(=O)N2CCN(CC2)c2ccc(cc2)-c2ccccc21,0.0
CNNc1ccccc1-c1ccc(CN2C(=O)NC3(C(=O)c4nc3n[nH]4)C2=O)cc1,2.1083621728270438e-13
O=C1CCCN1NNNCCc1ccccc1-c1ccc(-c2cccs2)cc1,0.0
Cc1ccc(-c2ccccc2CNC(=O)C(C)NCc2ccc(-c3ccccc3CCN)cc2)cc1,0.0
NNNCCc1ccccc1-c1ccc(CN2CCCC2=O)cc1,0.0015225794736750018
O=C(CNN1CCCC1=O)NCc1ccccc1NNNN1CCCC1=O,0.0
CNCC(=O)c1ccccc1-c1ccc(CN2CCCC2=O)cc1,6.505271419716579e-05
CCc1ccccc1-c1ccc(CN2CCCC2=O)cc1,1.5555231728825448e-17
O=C1CCCN1Cc1ccc(-c2ccccc2Cc2cccc(F)c2)cc1,1.1003941958364354e-21
O=C1CCC(=O)NC(=O)CC(=O)c2ccccc2-c2ccccc2CNN1,0.0
CC(N)Cc1ccc(-c2ccccc2CNCNCCC(=O)NC=O)cc1,0.0
CNNC(C)C(=O)NCc1ccccc1-c1ccc(-c2ccccc2C=O)cc1,0.0
O=C1CCCN1Cc1ccc(-c2ccccc2N2CCCC2)cc1,1.2183794314903343e-14
O=C1CCCN1CNCCNCc1ccccc1-c1ccccc1,0.0
O=C1CCCN1CNc1ccccc1Cc1ccncc1CNN1CCCC1=O,0.0
CC1(C=O)NC(=O)N(NC(=O)CCc2ccccc2-c2ccccc2)C1=O,0.0
O=C1CCCN1Cc1ccc(-c2ccccc2-c2ccccc2)cc1,4.97752333846741e-21
CNC(=O)C(=O)c1ccccc1-c1ccc(-c2ccccc2C(=O)CC=O)cc1,0.0
CNCC(=O)c1ccccc1-c1ccc(CN2CCCC2=O)cc1,6.505271419716579e-05
O=CNCc1ccccc1-c1ccc(OCCC(=O)CN2CCCC2=O)cc1,0.0
Nc1ccccc1-c1ccc(-c2ccccc2C(=O)CNNC=O)cc1,0.0
CN1C(=O)NC(C)(c2nc(-c3ccccc3)cs2)C1=O,0.0
CC1NC(=O)N(C(=O)N(C)NCN2CCCC2=O)C1=O,0.0
NCc1ccc(-c2ccccc2CC(=O)NCN2CCCC2=O)cc1,0.0
Cc1ccc(N2CCCC2=O)cc1-c1ccccc1CCNNN,0.0
CC1(C=O)NC(=O)N(Cc2ccc(-c3ccccc3NN)cc2)C1=O,0.008792790415476908
NCCC(=O)NNCC(=O)c1ccccc1-c1ccc(CN2CCCC2=O)cc1,0.013742726672327786
O=CNC(=O)CC(=O)Cc1ccc(-c2ccccc2CCNCc2ccc(C=O)cc2)cc1,0.0
O=CNC(=O)CCNCNCc1ccccc1-c1ccc(N(C=O)Cc2ccc(CN3CCCC3=O)cc2)cc1,0.0
CC(NC=O)C(=O)NCc1ccccc1-c1ccccc1,0.0
O=CNC(=O)Cc1ccc(NCC(=O)c2ccccc2-c2ccc(NC=O)cc2)cc1,0.0
NC(=O)CCNCNc1ccccc1-c1ccc(CC(=O)O)cc1,0.0
NNC(=O)C(NCN1CCCC1=O)C(=O)NCc1ccccc1-c1ccccc1,0.0
CNC(=O)N1CCCC(C(=O)c2ccccc2-c2ccccc2)CC1,0.0
Cc1ccc(-c2ccccc2C(=O)CNCCC(=O)CC(=O)c2ccccc2NCN2CCCC2=O)cc1,0.0
O=CNCc1ccccc1-c1ccc(CNNNN2CCCC2=O)cc1,0.0
O=Cc1ccc(Cc2ccccc2-c2ccccc2NNNN2CCCC2=O)cc1,0.0
O=CNC(=O)NCc1ccccc1-c1ccc(CN2CCCC2=O)cc1,0.1684508333776065
CC(C=O)C(=O)NC(=O)c1ccccc1-c1ccc(O)cc1,0.0
CCC(=O)NCC(=O)c1ccccc1-c1ccc(CN2CCCC2=O)cc1,0.005401588725906096
NNCNCc1ccccc1-c1ccc(CN2CCCC2=O)cc1,0.0015225794736750018
CNNc1ccccc1-c1ccc(CN2C(=O)NC(C(C)=O)(c3ccc(-c4ccccc4)cc3)C2=O)cc1,6.92496674553879e-35
O=C1CCCN1Cc1ccc(-c2ccccc2CNNNNNNNc2ccccc2-c2ccccc2)cc1,7.855816121545423e-19
CC(NC=O)C(=O)NC(=O)c1ccccc1NNc1ccccc1-c1ccc(C2CC2)cc1,0.0
